user_id,orders,products,unique_products,reorder_rate,mean_cart_position,cluster
13,1,5,5,0.6,3.0,0
23,1,9,9,0.0,5.0,0
27,1,13,13,0.46153846153846156,7.0,0
36,1,3,3,0.3333333333333333,2.0,0
42,1,6,6,0.16666666666666666,3.5,0
66,1,5,5,0.2,3.0,0
75,1,11,11,0.6363636363636364,6.0,0
90,1,12,12,0.8333333333333334,6.5,0
118,1,7,7,0.5714285714285714,4.0,0
137,1,12,12,1.0,6.5,0
150,2,25,22,0.56,7.0,1
155,1,12,12,0.9166666666666666,6.5,0
173,1,1,1,0.0,1.0,0
206,1,5,5,0.6,3.0,0
208,1,5,5,0.8,3.0,0
210,1,23,23,0.5652173913043478,12.0,1
214,1,24,24,0.75,12.5,1
218,1,1,1,0.0,1.0,0
222,1,5,5,0.8,3.0,0
226,1,12,12,0.6666666666666666,6.5,0
233,1,16,16,0.875,8.5,1
236,1,19,19,0.6842105263157895,10.0,1
248,1,5,5,0.6,3.0,0
323,1,10,10,1.0,5.5,0
334,1,6,6,0.8333333333333334,3.5,0
355,1,7,7,1.0,4.0,0
370,1,11,11,0.36363636363636365,6.0,0
378,1,3,3,0.0,2.0,0
381,1,13,13,0.3076923076923077,7.0,0
382,1,4,4,1.0,2.5,0
396,1,19,19,0.2631578947368421,10.0,1
417,1,4,4,0.75,2.5,0
422,1,15,15,0.8666666666666667,8.0,1
423,1,1,1,1.0,1.0,0
440,1,3,3,0.6666666666666666,2.0,0
451,1,7,7,1.0,4.0,0
453,1,8,8,0.625,4.5,0
481,1,16,16,1.0,8.5,1
496,1,5,5,0.2,3.0,0
503,1,9,9,0.3333333333333333,5.0,0
508,1,1,1,1.0,1.0,0
521,1,7,7,0.7142857142857143,4.0,0
529,1,14,14,0.0,7.5,0
568,1,15,15,0.4666666666666667,8.0,1
583,1,27,27,0.7407407407407407,14.0,1
585,1,5,5,0.0,3.0,0
593,1,2,2,1.0,1.5,0
635,1,5,5,0.6,3.0,0
649,1,16,16,0.9375,8.5,1
650,1,13,13,0.8461538461538461,7.0,0
652,1,4,4,0.5,2.5,0
653,1,6,6,1.0,3.5,0
655,1,13,13,0.6923076923076923,7.0,0
667,1,1,1,1.0,1.0,0
678,1,17,17,0.8823529411764706,9.0,1
688,1,6,6,1.0,3.5,0
756,2,18,14,0.7777777777777778,5.888888888888889,1
773,1,9,9,0.2222222222222222,5.0,0
787,2,10,7,0.9,3.0,0
800,1,3,3,0.6666666666666666,2.0,0
818,1,4,4,0.75,2.5,0
824,1,3,3,1.0,2.0,0
854,1,12,12,0.16666666666666666,6.5,0
857,1,15,15,1.0,8.0,1
868,1,5,5,0.4,3.0,0
892,1,13,13,0.3076923076923077,7.0,0
911,1,13,13,0.8461538461538461,7.0,0
917,1,18,18,0.9444444444444444,9.5,1
920,1,5,5,1.0,3.0,0
933,1,5,5,1.0,3.0,0
938,1,1,1,1.0,1.0,0
961,1,7,7,1.0,4.0,0
963,1,8,8,0.875,4.5,0
964,1,7,7,0.8571428571428571,4.0,0
967,1,12,12,0.08333333333333333,6.5,0
971,1,2,2,0.5,1.5,0
978,1,28,28,0.32142857142857145,14.5,1
999,1,25,25,0.64,13.0,1
1000,1,15,15,0.7333333333333333,8.0,1
1044,1,5,5,0.6,3.0,0
1050,1,2,2,1.0,1.5,0
1059,1,29,29,0.9310344827586207,15.0,1
1072,1,13,13,0.38461538461538464,7.0,0
1082,1,4,4,0.5,2.5,0
1095,1,15,15,0.4666666666666667,8.0,1
1103,1,3,3,0.6666666666666666,2.0,0
1105,1,13,13,0.3076923076923077,7.0,0
1120,1,13,13,0.8461538461538461,7.0,0
1122,1,17,17,0.5882352941176471,9.0,1
1139,1,20,20,0.45,10.5,1
1156,1,22,22,0.0,11.5,1
1164,2,15,15,0.7333333333333333,4.666666666666667,1
1177,1,6,6,0.6666666666666666,3.5,0
1191,1,5,5,0.6,3.0,0
1202,1,6,6,1.0,3.5,0
1203,1,7,7,0.7142857142857143,4.0,0
1223,1,13,13,0.7692307692307693,7.0,0
1225,1,16,16,0.375,8.5,1
1235,2,15,14,0.26666666666666666,4.266666666666667,1
1237,1,25,25,0.8,13.0,1
1240,1,12,12,0.9166666666666666,6.5,0
1241,1,8,8,0.5,4.5,0
1242,1,2,2,0.0,1.5,0
1246,1,8,8,0.625,4.5,0
1263,1,5,5,0.0,3.0,0
1264,1,11,11,0.9090909090909091,6.0,0
1271,1,21,21,0.38095238095238093,11.0,1
1274,1,7,7,0.8571428571428571,4.0,0
1302,1,20,20,0.05,10.5,1
1344,1,3,3,0.6666666666666666,2.0,0
1368,1,3,3,0.6666666666666666,2.0,0
1372,1,33,33,0.42424242424242425,17.0,1
1373,1,2,2,0.5,1.5,0
1378,1,28,28,0.5357142857142857,14.5,1
1381,1,24,24,0.5833333333333334,12.5,1
1387,1,3,3,0.6666666666666666,2.0,0
1402,1,2,2,0.5,1.5,0
1417,1,1,1,0.0,1.0,0
1423,1,32,32,0.875,16.5,1
1427,1,2,2,0.0,1.5,0
1440,1,16,16,0.375,8.5,1
1487,2,9,9,0.1111111111111111,2.7777777777777777,0
1498,1,15,15,0.6666666666666666,8.0,1
1503,1,6,6,0.8333333333333334,3.5,0
1519,1,3,3,1.0,2.0,0
1531,1,8,8,1.0,4.5,0
1548,1,19,19,0.5789473684210527,10.0,1
1579,1,10,10,0.7,5.5,0
1602,1,6,6,0.6666666666666666,3.5,0
1615,1,13,13,1.0,7.0,0
1617,1,7,7,1.0,4.0,0
1623,2,5,5,0.8,2.2,0
1627,1,17,17,0.0,9.0,1
1629,1,8,8,0.875,4.5,0
1632,1,8,8,0.75,4.5,0
1642,1,5,5,0.6,3.0,0
1657,1,2,2,0.0,1.5,0
1658,1,3,3,0.6666666666666666,2.0,0
1667,1,10,10,0.0,5.5,0
1676,1,15,15,0.8,8.0,1
1679,1,9,9,1.0,5.0,0
1683,1,12,12,0.5833333333333334,6.5,0
1696,1,6,6,0.16666666666666666,3.5,0
1697,1,4,4,0.75,2.5,0
1710,1,13,13,0.0,7.0,0
1712,1,16,16,0.0,8.5,1
1727,1,13,13,0.9230769230769231,7.0,0
1746,1,8,8,0.25,4.5,0
1750,2,25,22,0.72,9.0,1
1753,1,10,10,0.8,5.5,0
1767,1,3,3,0.6666666666666666,2.0,0
1778,1,4,4,0.25,2.5,0
1815,1,16,16,0.8125,8.5,1
1828,1,20,20,0.5,10.5,1
1850,2,40,31,0.95,10.5,1
1867,1,4,4,0.5,2.5,0
1868,1,11,11,1.0,6.0,0
1873,1,8,8,0.25,4.5,0
1874,1,6,6,1.0,3.5,0
1899,1,25,25,0.6,13.0,1
1901,1,14,14,0.8571428571428571,7.5,0
1920,2,41,34,0.3902439024390244,10.902439024390244,1
1922,1,7,7,0.0,4.0,0
1923,1,12,12,0.9166666666666666,6.5,0
1948,1,12,12,0.75,6.5,0
1955,1,7,7,0.5714285714285714,4.0,0
1958,1,6,6,1.0,3.5,0
1976,1,3,3,0.6666666666666666,2.0,0
2011,1,7,7,1.0,4.0,0
2013,1,7,7,0.14285714285714285,4.0,0
2022,1,13,13,0.3076923076923077,7.0,0
2033,1,10,10,1.0,5.5,0
2049,1,3,3,0.3333333333333333,2.0,0
2055,1,1,1,0.0,1.0,0
2059,1,8,8,0.0,4.5,0
2075,1,6,6,0.6666666666666666,3.5,0
2083,1,3,3,0.6666666666666666,2.0,0
2086,1,13,13,0.6923076923076923,7.0,0
2092,1,1,1,0.0,1.0,0
2103,1,1,1,1.0,1.0,0
2121,1,19,19,0.42105263157894735,10.0,1
2130,1,5,5,0.8,3.0,0
2173,1,4,4,0.25,2.5,0
2175,1,3,3,0.6666666666666666,2.0,0
2184,1,6,6,0.3333333333333333,3.5,0
2201,1,20,20,0.55,10.5,1
2211,1,17,17,0.9411764705882353,9.0,1
2215,1,1,1,1.0,1.0,0
2225,1,5,5,0.8,3.0,0
2229,1,6,6,0.8333333333333334,3.5,0
2237,1,4,4,0.5,2.5,0
2258,1,14,14,0.0,7.5,0
2262,1,11,11,0.2727272727272727,6.0,0
2282,1,1,1,1.0,1.0,0
2286,1,13,13,0.8461538461538461,7.0,0
2299,1,4,4,0.5,2.5,0
2312,1,11,11,0.2727272727272727,6.0,0
2313,1,7,7,0.2857142857142857,4.0,0
2334,1,5,5,1.0,3.0,0
2335,1,52,52,0.9615384615384616,26.5,1
2342,1,18,18,0.5,9.5,1
2344,1,10,10,0.8,5.5,0
2371,1,7,7,0.0,4.0,0
2375,1,6,6,0.3333333333333333,3.5,0
2383,2,9,9,0.7777777777777778,4.111111111111111,0
2408,1,6,6,0.0,3.5,0
2423,1,21,21,0.7142857142857143,11.0,1
2440,1,25,25,0.72,13.0,1
2462,1,32,32,0.875,16.5,1
2475,1,6,6,1.0,3.5,0
2496,1,12,12,1.0,6.5,0
2531,1,5,5,0.6,3.0,0
2535,1,18,18,0.5555555555555556,9.5,1
2539,1,4,4,1.0,2.5,0
2547,1,1,1,1.0,1.0,0
2555,1,2,2,1.0,1.5,0
2556,1,1,1,1.0,1.0,0
2565,1,22,22,0.7727272727272727,11.5,1
2590,1,3,3,0.3333333333333333,2.0,0
2593,1,28,28,0.32142857142857145,14.5,1
2599,1,18,18,0.5,9.5,1
2604,1,22,22,0.5,11.5,1
2609,1,6,6,0.5,3.5,0
2614,1,13,13,0.07692307692307693,7.0,0
2627,1,10,10,0.7,5.5,0
2638,1,13,13,0.9230769230769231,7.0,0
2642,1,2,2,0.0,1.5,0
2646,1,7,7,1.0,4.0,0
2650,1,7,7,1.0,4.0,0
2655,1,6,6,1.0,3.5,0
2658,1,5,5,0.2,3.0,0
2668,1,13,13,0.46153846153846156,7.0,0
2676,1,18,18,0.5555555555555556,9.5,1
2688,2,28,26,0.6785714285714286,8.392857142857142,1
2698,1,8,8,0.75,4.5,0
2700,1,1,1,1.0,1.0,0
2754,1,5,5,0.4,3.0,0
2777,1,6,6,1.0,3.5,0
2785,1,8,8,0.5,4.5,0
2797,1,5,5,0.2,3.0,0
2807,1,2,2,1.0,1.5,0
2822,2,14,13,0.2857142857142857,4.071428571428571,0
2823,1,13,13,0.0,7.0,0
2833,1,2,2,1.0,1.5,0
2838,1,6,6,0.16666666666666666,3.5,0
2839,1,13,13,0.0,7.0,0
2849,1,5,5,1.0,3.0,0
2868,1,19,19,0.3157894736842105,10.0,1
2880,1,2,2,0.5,1.5,0
2899,1,8,8,0.75,4.5,0
2917,1,10,10,1.0,5.5,0
2947,1,10,10,0.4,5.5,0
2985,1,9,9,0.7777777777777778,5.0,0
3001,1,6,6,1.0,3.5,0
3002,1,6,6,0.0,3.5,0
3004,1,13,13,0.9230769230769231,7.0,0
3007,1,5,5,0.2,3.0,0
3040,1,7,7,0.0,4.0,0
3051,1,17,17,0.0,9.0,1
3060,1,3,3,0.0,2.0,0
3106,1,3,3,1.0,2.0,0
3107,1,1,1,1.0,1.0,0
3148,1,16,16,1.0,8.5,1
3192,1,7,7,0.7142857142857143,4.0,0
3219,2,15,15,0.5333333333333333,4.666666666666667,1
3242,1,22,22,0.5,11.5,1
3243,1,14,14,0.8571428571428571,7.5,0
3252,1,2,2,0.5,1.5,0
3257,1,4,4,0.75,2.5,0
3269,1,4,4,1.0,2.5,0
3273,1,15,15,0.7333333333333333,8.0,1
3280,1,7,7,0.0,4.0,0
3319,1,23,23,0.30434782608695654,12.0,1
3321,1,11,11,1.0,6.0,0
3326,1,13,13,0.7692307692307693,7.0,0
3351,1,12,12,0.25,6.5,0
3357,1,6,6,0.3333333333333333,3.5,0
3358,1,8,8,0.625,4.5,0
3366,1,6,6,0.16666666666666666,3.5,0
3375,1,2,2,1.0,1.5,0
3387,1,3,3,0.6666666666666666,2.0,0
3393,1,1,1,1.0,1.0,0
3394,1,4,4,0.75,2.5,0
3412,2,14,13,0.7857142857142857,4.071428571428571,0
3417,1,11,11,0.18181818181818182,6.0,0
3422,1,10,10,0.9,5.5,0
3428,1,16,16,0.875,8.5,1
3434,1,4,4,0.0,2.5,0
3435,1,7,7,1.0,4.0,0
3453,1,1,1,1.0,1.0,0
3456,1,10,10,0.8,5.5,0
3459,1,16,16,0.0,8.5,1
3475,1,6,6,0.6666666666666666,3.5,0
3481,1,6,6,0.6666666666666666,3.5,0
3485,1,9,9,0.8888888888888888,5.0,0
3493,1,7,7,0.5714285714285714,4.0,0
3536,1,22,22,1.0,11.5,1
3550,1,5,5,1.0,3.0,0
3558,1,3,3,0.6666666666666666,2.0,0
3562,1,1,1,1.0,1.0,0
3579,1,14,14,0.9285714285714286,7.5,0
3583,1,2,2,0.5,1.5,0
3593,1,6,6,1.0,3.5,0
3597,1,15,15,0.8666666666666667,8.0,1
3599,1,3,3,0.0,2.0,0
3615,1,2,2,1.0,1.5,0
3616,1,10,10,0.0,5.5,0
3626,1,11,11,0.8181818181818182,6.0,0
3634,1,9,9,1.0,5.0,0
3646,1,13,13,0.0,7.0,0
3648,1,8,8,1.0,4.5,0
3651,1,11,11,0.7272727272727273,6.0,0
3657,1,4,4,0.0,2.5,0
3667,1,1,1,1.0,1.0,0
3671,2,17,14,0.35294117647058826,6.529411764705882,1
3680,1,4,4,0.25,2.5,0
3683,1,10,10,0.9,5.5,0
3688,1,3,3,0.6666666666666666,2.0,0
3708,1,10,10,0.0,5.5,0
3725,1,9,9,0.7777777777777778,5.0,0
3741,1,1,1,1.0,1.0,0
3758,1,4,4,0.5,2.5,0
3770,1,7,7,1.0,4.0,0
3782,3,27,22,0.7037037037037037,5.481481481481482,1
3787,1,5,5,0.8,3.0,0
3789,2,12,12,0.25,4.25,0
3804,1,1,1,1.0,1.0,0
3807,1,13,13,1.0,7.0,0
3818,1,13,13,0.15384615384615385,7.0,0
3823,1,14,14,1.0,7.5,0
3828,1,5,5,0.0,3.0,0
3830,1,19,19,0.7894736842105263,10.0,1
3905,1,4,4,1.0,2.5,0
3947,1,4,4,0.0,2.5,0
3962,2,13,12,0.6153846153846154,3.769230769230769,0
3963,1,17,17,0.4117647058823529,9.0,1
3964,1,23,23,0.6956521739130435,12.0,1
3974,1,13,13,0.8461538461538461,7.0,0
3985,1,8,8,0.625,4.5,0
3990,1,22,22,0.3181818181818182,11.5,1
3994,1,6,6,0.0,3.5,0
4041,1,9,9,0.3333333333333333,5.0,0
4048,1,17,17,0.11764705882352941,9.0,1
4057,1,14,14,0.0,7.5,0
4061,1,12,12,0.3333333333333333,6.5,0
4067,1,7,7,0.2857142857142857,4.0,0
4069,1,4,4,0.5,2.5,0
4076,1,15,15,0.7333333333333333,8.0,1
4087,1,12,12,0.9166666666666666,6.5,0
4090,1,14,14,0.5714285714285714,7.5,0
4099,1,7,7,0.14285714285714285,4.0,0
4111,1,9,9,0.5555555555555556,5.0,0
4121,1,12,12,0.4166666666666667,6.5,0
4122,1,2,2,0.5,1.5,0
4129,1,6,6,1.0,3.5,0
4130,1,12,12,0.25,6.5,0
4141,1,10,10,0.6,5.5,0
4166,1,15,15,0.9333333333333333,8.0,1
4171,1,3,3,0.0,2.0,0
4176,1,12,12,0.5,6.5,0
4178,1,27,27,0.37037037037037035,14.0,1
4189,1,7,7,0.2857142857142857,4.0,0
4199,1,12,12,0.5833333333333334,6.5,0
4200,1,10,10,0.1,5.5,0
4201,1,15,15,0.7333333333333333,8.0,1
4209,1,10,10,0.6,5.5,0
4216,1,13,13,0.0,7.0,0
4218,2,29,26,0.7931034482758621,8.448275862068966,1
4220,1,4,4,1.0,2.5,0
4252,1,4,4,0.75,2.5,0
4267,1,8,8,0.75,4.5,0
4280,1,1,1,1.0,1.0,0
4281,1,1,1,1.0,1.0,0
4282,1,14,14,0.9285714285714286,7.5,0
4297,1,26,26,0.6923076923076923,13.5,1
4312,1,4,4,0.75,2.5,0
4313,1,16,16,0.75,8.5,1
4315,1,6,6,0.6666666666666666,3.5,0
4325,1,4,4,1.0,2.5,0
4326,1,10,10,1.0,5.5,0
4336,2,42,37,0.30952380952380953,11.023809523809524,1
4344,1,9,9,0.6666666666666666,5.0,0
4356,1,28,28,0.9285714285714286,14.5,1
4363,1,22,22,0.7272727272727273,11.5,1
4368,1,7,7,1.0,4.0,0
4376,1,21,21,0.7619047619047619,11.0,1
4394,1,1,1,1.0,1.0,0
4416,1,17,17,0.11764705882352941,9.0,1
4433,1,1,1,1.0,1.0,0
4436,1,9,9,0.7777777777777778,5.0,0
4441,1,4,4,0.0,2.5,0
4443,1,8,8,0.0,4.5,0
4459,1,7,7,0.0,4.0,0
4477,1,14,14,0.5,7.5,0
4484,1,7,7,0.7142857142857143,4.0,0
4490,1,10,10,0.9,5.5,0
4499,1,10,10,0.9,5.5,0
4520,1,14,14,0.5,7.5,0
4531,1,5,5,0.6,3.0,0
4544,1,17,17,0.7058823529411765,9.0,1
4549,1,18,18,0.0,9.5,1
4558,1,2,2,1.0,1.5,0
4584,1,5,5,0.8,3.0,0
4588,1,9,9,0.6666666666666666,5.0,0
4597,1,5,5,0.2,3.0,0
4599,1,6,6,0.6666666666666666,3.5,0
4604,1,19,19,0.631578947368421,10.0,1
4612,1,3,3,0.6666666666666666,2.0,0
4623,1,25,25,0.0,13.0,1
4629,1,5,5,1.0,3.0,0
4631,1,17,17,0.9411764705882353,9.0,1
4645,1,4,4,0.75,2.5,0
4647,1,10,10,0.8,5.5,0
4652,1,7,7,0.8571428571428571,4.0,0
4661,1,7,7,0.5714285714285714,4.0,0
4693,1,10,10,0.9,5.5,0
4697,1,9,9,0.5555555555555556,5.0,0
4703,1,19,19,0.5263157894736842,10.0,1
4711,1,15,15,1.0,8.0,1
4724,1,35,35,0.7142857142857143,18.0,1
4730,1,4,4,0.5,2.5,0
4731,1,12,12,0.8333333333333334,6.5,0
4762,1,3,3,1.0,2.0,0
4764,1,4,4,0.25,2.5,0
4787,1,11,11,0.18181818181818182,6.0,0
4789,2,38,33,0.8157894736842105,10.026315789473685,1
4793,1,9,9,0.5555555555555556,5.0,0
4820,1,12,12,0.4166666666666667,6.5,0
4823,1,4,4,0.75,2.5,0
4851,1,12,12,0.6666666666666666,6.5,0
4865,1,6,6,0.8333333333333334,3.5,0
4869,1,5,5,1.0,3.0,0
4881,1,9,9,0.7777777777777778,5.0,0
4900,1,17,17,0.8235294117647058,9.0,1
4931,1,15,15,0.26666666666666666,8.0,1
4937,1,7,7,0.42857142857142855,4.0,0
4948,1,18,18,0.6666666666666666,9.5,1
4949,1,19,19,0.8947368421052632,10.0,1
4966,1,7,7,1.0,4.0,0
4971,1,15,15,0.13333333333333333,8.0,1
4974,1,21,21,0.9523809523809523,11.0,1
4988,1,10,10,0.3,5.5,0
4993,1,6,6,0.6666666666666666,3.5,0
5006,1,7,7,0.0,4.0,0
5010,1,5,5,0.2,3.0,0
5030,1,10,10,0.8,5.5,0
5036,1,16,16,0.3125,8.5,1
5045,1,9,9,0.3333333333333333,5.0,0
5057,1,15,15,0.4666666666666667,8.0,1
5070,1,8,8,0.0,4.5,0
5085,1,4,4,0.25,2.5,0
5098,1,2,2,0.0,1.5,0
5101,2,10,10,0.9,3.1,0
5103,1,6,6,0.8333333333333334,3.5,0
5110,1,14,14,0.07142857142857142,7.5,0
5149,1,2,2,0.5,1.5,0
5152,1,7,7,0.7142857142857143,4.0,0
5189,1,6,6,1.0,3.5,0
5206,1,12,12,0.0,6.5,0
5211,1,8,8,0.375,4.5,0
5217,1,7,7,0.5714285714285714,4.0,0
5236,1,1,1,1.0,1.0,0
5241,1,13,13,1.0,7.0,0
5255,1,3,3,0.3333333333333333,2.0,0
5266,1,6,6,0.5,3.5,0
5285,1,16,16,0.4375,8.5,1
5286,1,13,13,0.46153846153846156,7.0,0
5296,1,15,15,1.0,8.0,1
5303,1,15,15,0.8,8.0,1
5307,1,17,17,0.8823529411764706,9.0,1
5314,1,8,8,1.0,4.5,0
5315,1,11,11,0.09090909090909091,6.0,0
5321,1,15,15,0.6666666666666666,8.0,1
5326,1,8,8,0.25,4.5,0
5330,1,19,19,0.0,10.0,1
5346,1,14,14,0.35714285714285715,7.5,0
5360,2,73,65,0.8493150684931506,19.164383561643834,1
5361,1,18,18,0.7222222222222222,9.5,1
5365,1,6,6,0.8333333333333334,3.5,0
5374,1,8,8,0.375,4.5,0
5387,1,1,1,1.0,1.0,0
5392,1,3,3,1.0,2.0,0
5394,1,3,3,0.0,2.0,0
5408,1,3,3,0.0,2.0,0
5409,1,6,6,0.0,3.5,0
5412,1,6,6,0.8333333333333334,3.5,0
5430,1,5,5,1.0,3.0,0
5436,1,19,19,0.0,10.0,1
5439,1,11,11,0.45454545454545453,6.0,0
5441,2,26,25,0.2692307692307692,12.538461538461538,1
5449,1,6,6,0.5,3.5,0
5453,1,17,17,0.7647058823529411,9.0,1
5473,1,8,8,0.125,4.5,0
5474,1,12,12,0.0,6.5,0
5493,2,31,30,0.5161290322580645,8.64516129032258,1
5502,1,8,8,1.0,4.5,0
5536,1,3,3,1.0,2.0,0
5543,2,51,38,0.35294117647058826,13.647058823529411,1
5552,1,6,6,0.3333333333333333,3.5,0
5575,1,10,10,0.0,5.5,0
5587,1,14,14,0.5714285714285714,7.5,0
5588,1,26,26,0.9615384615384616,13.5,1
5591,1,6,6,0.0,3.5,0
5610,1,27,27,0.4074074074074074,14.0,1
5613,1,23,23,0.782608695652174,12.0,1
5629,1,6,6,0.8333333333333334,3.5,0
5642,1,20,20,0.8,10.5,1
5647,1,10,10,0.2,5.5,0
5674,1,2,2,0.5,1.5,0
5692,2,15,14,0.6666666666666666,4.4,1
5718,1,2,2,1.0,1.5,0
5721,1,3,3,0.3333333333333333,2.0,0
5729,1,7,7,0.14285714285714285,4.0,0
5738,1,8,8,0.75,4.5,0
5745,1,11,11,1.0,6.0,0
5758,1,9,9,0.1111111111111111,5.0,0
5777,1,1,1,1.0,1.0,0
5779,2,20,17,0.55,5.7,1
5782,1,2,2,1.0,1.5,0
5785,1,5,5,0.4,3.0,0
5788,1,11,11,0.0,6.0,0
5789,1,9,9,0.5555555555555556,5.0,0
5801,1,15,15,0.6666666666666666,8.0,1
5802,1,2,2,1.0,1.5,0
5808,1,10,10,0.3,5.5,0
5818,1,5,5,0.6,3.0,0
5824,1,10,10,0.0,5.5,0
5848,1,18,18,0.9444444444444444,9.5,1
5860,1,7,7,1.0,4.0,0
5897,2,29,29,0.5517241379310345,10.241379310344827,1
5902,1,2,2,1.0,1.5,0
5910,1,6,6,0.0,3.5,0
5927,1,19,19,0.7368421052631579,10.0,1
5937,1,7,7,0.5714285714285714,4.0,0
5938,1,7,7,0.0,4.0,0
5942,1,3,3,1.0,2.0,0
5946,1,2,2,1.0,1.5,0
5963,1,14,14,0.9285714285714286,7.5,0
5970,1,13,13,0.07692307692307693,7.0,0
5978,1,10,10,1.0,5.5,0
5992,1,2,2,1.0,1.5,0
6003,1,7,7,0.42857142857142855,4.0,0
6020,1,7,7,0.8571428571428571,4.0,0
6031,1,3,3,1.0,2.0,0
6035,1,6,6,1.0,3.5,0
6045,1,2,2,0.5,1.5,0
6060,1,10,10,0.9,5.5,0
6069,1,1,1,1.0,1.0,0
6077,1,13,13,0.38461538461538464,7.0,0
6085,1,10,10,0.5,5.5,0
6092,1,11,11,0.5454545454545454,6.0,0
6094,2,11,11,0.8181818181818182,4.363636363636363,0
6099,1,31,31,0.7096774193548387,16.0,1
6101,1,1,1,1.0,1.0,0
6103,1,3,3,1.0,2.0,0
6118,2,21,21,0.8571428571428571,9.19047619047619,1
6126,1,20,20,0.6,10.5,1
6131,2,15,13,0.6,4.4,0
6136,1,17,17,0.47058823529411764,9.0,1
6139,1,26,26,0.5,13.5,1
6141,2,30,30,0.1,8.033333333333333,1
6163,1,15,15,0.6666666666666666,8.0,1
6175,1,11,11,0.7272727272727273,6.0,0
6216,1,14,14,0.9285714285714286,7.5,0
6228,1,1,1,0.0,1.0,0
6241,1,35,35,0.5142857142857142,18.0,1
6246,1,5,5,0.2,3.0,0
6320,1,2,2,1.0,1.5,0
6329,1,6,6,0.0,3.5,0
6344,1,10,10,0.9,5.5,0
6362,1,18,18,0.2777777777777778,9.5,1
6371,1,1,1,1.0,1.0,0
6390,1,1,1,1.0,1.0,0
6392,1,3,3,0.0,2.0,0
6401,1,5,5,0.6,3.0,0
6405,1,15,15,0.6,8.0,1
6409,4,125,56,0.944,16.312,1
6413,1,4,4,0.0,2.5,0
6417,1,9,9,0.7777777777777778,5.0,0
6418,1,13,13,0.0,7.0,0
6419,1,2,2,0.5,1.5,0
6441,1,6,6,0.0,3.5,0
6448,1,8,8,1.0,4.5,0
6462,1,6,6,0.6666666666666666,3.5,0
6463,1,1,1,1.0,1.0,0
6467,1,14,14,0.2857142857142857,7.5,0
6468,1,15,15,0.5333333333333333,8.0,1
6482,1,2,2,1.0,1.5,0
6492,1,8,8,0.875,4.5,0
6501,2,17,14,0.8235294117647058,4.882352941176471,1
6517,1,27,27,0.2962962962962963,14.0,1
6532,1,6,6,0.8333333333333334,3.5,0
6537,1,5,5,0.6,3.0,0
6560,1,2,2,0.0,1.5,0
6567,1,10,10,0.6,5.5,0
6573,1,6,6,1.0,3.5,0
6577,1,22,22,0.5454545454545454,11.5,1
6613,1,5,5,1.0,3.0,0
6634,1,4,4,1.0,2.5,0
6636,1,7,7,1.0,4.0,0
6654,1,16,16,0.1875,8.5,1
6688,1,3,3,1.0,2.0,0
6689,1,14,14,0.5714285714285714,7.5,0
6692,1,21,21,0.5238095238095238,11.0,1
6696,1,4,4,0.5,2.5,0
6697,1,20,20,0.65,10.5,1
6698,1,13,13,0.6923076923076923,7.0,0
6705,1,15,15,0.13333333333333333,8.0,1
6709,1,6,6,0.3333333333333333,3.5,0
6721,1,11,11,0.8181818181818182,6.0,0
6735,1,14,14,0.8571428571428571,7.5,0
6739,1,7,7,0.8571428571428571,4.0,0
6754,2,21,16,0.6190476190476191,5.761904761904762,1
6756,1,5,5,1.0,3.0,0
6766,1,10,10,0.0,5.5,0
6778,1,18,18,0.8888888888888888,9.5,1
6801,2,17,14,0.8823529411764706,4.764705882352941,1
6803,1,4,4,0.75,2.5,0
6808,1,11,11,1.0,6.0,0
6810,1,9,9,0.7777777777777778,5.0,0
6812,1,2,2,1.0,1.5,0
6820,1,5,5,0.4,3.0,0
6821,1,4,4,1.0,2.5,0
6822,1,5,5,0.6,3.0,0
6832,1,14,14,0.7142857142857143,7.5,0
6841,1,8,8,0.875,4.5,0
6851,2,20,19,0.65,6.3,1
6856,1,10,10,0.5,5.5,0
6877,1,9,9,0.2222222222222222,5.0,0
6895,1,9,9,0.8888888888888888,5.0,0
6915,2,4,4,0.0,1.75,0
6933,1,8,8,0.125,4.5,0
6956,1,4,4,1.0,2.5,0
6990,1,7,7,0.5714285714285714,4.0,0
7004,1,4,4,0.75,2.5,0
7020,1,9,9,0.2222222222222222,5.0,0
7044,1,27,27,0.7407407407407407,14.0,1
7105,1,3,3,0.0,2.0,0
7114,1,7,7,1.0,4.0,0
7116,1,2,2,0.5,1.5,0
7144,1,4,4,0.75,2.5,0
7149,1,15,15,0.6,8.0,1
7151,1,7,7,1.0,4.0,0
7156,1,11,11,0.8181818181818182,6.0,0
7166,1,2,2,0.0,1.5,0
7175,1,5,5,1.0,3.0,0
7185,1,3,3,1.0,2.0,0
7203,1,15,15,0.0,8.0,1
7205,1,2,2,1.0,1.5,0
7206,1,5,5,0.8,3.0,0
7228,1,6,6,0.3333333333333333,3.5,0
7229,1,2,2,0.0,1.5,0
7233,1,11,11,0.8181818181818182,6.0,0
7236,1,6,6,0.6666666666666666,3.5,0
7245,2,16,16,0.9375,4.5,1
7278,1,20,20,0.5,10.5,1
7287,1,8,8,0.5,4.5,0
7293,1,24,24,0.8333333333333334,12.5,1
7301,1,1,1,1.0,1.0,0
7309,1,10,10,0.4,5.5,0
7331,1,4,4,0.0,2.5,0
7333,1,3,3,1.0,2.0,0
7334,1,19,19,0.5789473684210527,10.0,1
7351,1,1,1,0.0,1.0,0
7358,1,13,13,0.23076923076923078,7.0,0
7359,1,17,17,0.7647058823529411,9.0,1
7372,1,8,8,0.5,4.5,0
7374,1,1,1,1.0,1.0,0
7402,1,1,1,0.0,1.0,0
7404,1,7,7,0.8571428571428571,4.0,0
7415,1,5,5,0.2,3.0,0
7427,1,4,4,0.75,2.5,0
7439,1,12,12,0.4166666666666667,6.5,0
7440,1,10,10,0.9,5.5,0
7448,1,9,9,0.4444444444444444,5.0,0
7449,1,8,8,0.875,4.5,0
7465,1,1,1,0.0,1.0,0
7492,1,23,23,0.8260869565217391,12.0,1
7497,2,30,27,0.5,8.3,1
7503,1,21,21,1.0,11.0,1
7520,1,12,12,0.8333333333333334,6.5,0
7524,1,1,1,1.0,1.0,0
7543,3,16,15,0.375,3.8125,1
7562,2,8,8,1.0,3.0,0
7565,1,4,4,1.0,2.5,0
7569,1,13,13,0.23076923076923078,7.0,0
7580,1,3,3,0.3333333333333333,2.0,0
7593,1,6,6,0.0,3.5,0
7608,1,9,9,0.1111111111111111,5.0,0
7610,1,15,15,0.4666666666666667,8.0,1
7618,1,9,9,0.3333333333333333,5.0,0
7622,1,3,3,0.6666666666666666,2.0,0
7625,1,6,6,0.0,3.5,0
7636,1,13,13,1.0,7.0,0
7653,1,21,21,0.47619047619047616,11.0,1
7658,1,2,2,1.0,1.5,0
7663,1,4,4,0.0,2.5,0
7677,1,10,10,0.5,5.5,0
7682,1,4,4,0.5,2.5,0
7695,1,18,18,0.5555555555555556,9.5,1
7701,2,35,26,0.9428571428571428,9.314285714285715,1
7706,1,12,12,0.9166666666666666,6.5,0
7717,1,8,8,0.0,4.5,0
7743,1,6,6,0.5,3.5,0
7744,1,15,15,1.0,8.0,1
7746,1,32,32,0.28125,16.5,1
7755,1,9,9,0.5555555555555556,5.0,0
7775,1,4,4,1.0,2.5,0
7792,2,40,39,0.525,16.9,1
7806,1,6,6,0.8333333333333334,3.5,0
7809,1,4,4,0.75,2.5,0
7810,1,17,17,0.47058823529411764,9.0,1
7818,1,17,17,0.7058823529411765,9.0,1
7831,1,6,6,0.5,3.5,0
7832,1,11,11,0.9090909090909091,6.0,0
7848,1,5,5,0.8,3.0,0
7864,1,11,11,0.36363636363636365,6.0,0
7870,1,11,11,0.18181818181818182,6.0,0
7886,1,3,3,0.6666666666666666,2.0,0
7892,1,4,4,0.25,2.5,0
7903,1,17,17,0.6470588235294118,9.0,1
7911,1,7,7,0.8571428571428571,4.0,0
7913,1,7,7,0.42857142857142855,4.0,0
7917,1,9,9,0.4444444444444444,5.0,0
7927,2,11,10,0.36363636363636365,3.272727272727273,0
7934,1,10,10,0.0,5.5,0
7952,1,2,2,0.5,1.5,0
7962,1,8,8,0.5,4.5,0
7966,1,5,5,0.8,3.0,0
7981,1,3,3,0.0,2.0,0
7982,2,3,3,1.0,1.3333333333333333,0
7983,1,9,9,0.3333333333333333,5.0,0
7988,1,19,19,0.0,10.0,1
7991,1,14,14,0.7142857142857143,7.5,0
8018,1,2,2,0.0,1.5,0
8022,1,6,6,0.8333333333333334,3.5,0
8037,1,13,13,0.23076923076923078,7.0,0
8046,1,12,12,1.0,6.5,0
8047,1,32,32,0.5,16.5,1
8054,1,2,2,1.0,1.5,0
8059,1,14,14,0.7857142857142857,7.5,0
8061,2,35,30,0.7714285714285715,10.114285714285714,1
8068,1,5,5,0.2,3.0,0
8075,1,4,4,1.0,2.5,0
8076,1,4,4,0.0,2.5,0
8084,1,7,7,0.42857142857142855,4.0,0
8088,1,7,7,0.42857142857142855,4.0,0
8089,2,6,4,0.8333333333333334,2.1666666666666665,0
8092,1,1,1,0.0,1.0,0
8100,1,3,3,0.3333333333333333,2.0,0
8129,1,8,8,1.0,4.5,0
8154,1,3,3,0.0,2.0,0
8170,1,10,10,1.0,5.5,0
8175,1,5,5,0.6,3.0,0
8189,1,3,3,1.0,2.0,0
8198,1,12,12,1.0,6.5,0
8216,1,13,13,0.6923076923076923,7.0,0
8236,1,8,8,0.75,4.5,0
8241,1,9,9,0.7777777777777778,5.0,0
8245,1,9,9,0.8888888888888888,5.0,0
8260,1,17,17,0.4117647058823529,9.0,1
8265,1,4,4,1.0,2.5,0
8273,1,18,18,0.9444444444444444,9.5,1
8309,1,3,3,0.6666666666666666,2.0,0
8323,1,2,2,1.0,1.5,0
8337,1,1,1,0.0,1.0,0
8340,1,20,20,0.85,10.5,1
8356,1,2,2,1.0,1.5,0
8359,1,19,19,1.0,10.0,1
8378,1,11,11,0.18181818181818182,6.0,0
8379,1,9,9,0.0,5.0,0
8384,1,1,1,1.0,1.0,0
8405,1,14,14,0.5714285714285714,7.5,0
8406,1,9,9,1.0,5.0,0
8411,1,14,14,0.0,7.5,0
8417,1,9,9,0.6666666666666666,5.0,0
8420,1,7,7,1.0,4.0,0
8421,2,10,10,0.7,4.6,0
8422,1,8,8,0.75,4.5,0
8432,1,21,21,0.9047619047619048,11.0,1
8456,1,4,4,0.5,2.5,0
8470,1,5,5,0.4,3.0,0
8485,1,13,13,0.46153846153846156,7.0,0
8492,1,28,28,0.5,14.5,1
8502,1,17,17,0.8235294117647058,9.0,1
8506,1,29,29,0.6896551724137931,15.0,1
8509,1,11,11,0.36363636363636365,6.0,0
8516,1,11,11,0.0,6.0,0
8535,2,15,14,1.0,7.066666666666666,1
8544,1,20,20,0.6,10.5,1
8547,1,7,7,0.5714285714285714,4.0,0
8574,1,15,15,0.8,8.0,1
8627,1,16,16,0.6875,8.5,1
8634,1,3,3,0.6666666666666666,2.0,0
8637,1,10,10,0.8,5.5,0
8656,1,14,14,1.0,7.5,0
8657,1,3,3,0.6666666666666666,2.0,0
8661,1,12,12,0.5833333333333334,6.5,0
8664,2,16,15,0.8125,5.5,1
8672,1,4,4,1.0,2.5,0
8677,1,5,5,0.8,3.0,0
8687,1,10,10,0.2,5.5,0
8691,1,6,6,0.16666666666666666,3.5,0
8703,1,5,5,1.0,3.0,0
8716,1,10,10,0.5,5.5,0
8719,1,22,22,0.0,11.5,1
8747,1,5,5,0.2,3.0,0
8748,1,3,3,0.6666666666666666,2.0,0
8759,1,2,2,0.5,1.5,0
8770,2,8,6,0.75,2.625,0
8777,1,6,6,1.0,3.5,0
8794,1,4,4,0.25,2.5,0
8806,1,11,11,0.9090909090909091,6.0,0
8839,1,11,11,0.45454545454545453,6.0,0
8841,1,7,7,1.0,4.0,0
8849,1,23,23,0.17391304347826086,12.0,1
8859,1,2,2,0.0,1.5,0
8875,1,3,3,0.0,2.0,0
8910,1,2,2,1.0,1.5,0
8911,1,1,1,1.0,1.0,0
8926,1,6,6,1.0,3.5,0
8931,1,9,9,0.6666666666666666,5.0,0
8941,1,13,13,0.6923076923076923,7.0,0
8962,1,11,11,0.6363636363636364,6.0,0
8967,1,25,25,0.0,13.0,1
8975,1,11,11,0.9090909090909091,6.0,0
8999,1,14,14,0.7142857142857143,7.5,0
9006,1,10,10,0.7,5.5,0
9007,1,15,15,0.8,8.0,1
9026,1,7,7,0.2857142857142857,4.0,0
9036,1,50,50,0.9,25.5,1
9063,1,17,17,0.0,9.0,1
9070,1,10,10,1.0,5.5,0
9077,1,4,4,0.0,2.5,0
9083,1,4,4,1.0,2.5,0
9094,1,8,8,0.0,4.5,0
9095,1,10,10,0.2,5.5,0
9097,1,7,7,1.0,4.0,0
9109,1,1,1,1.0,1.0,0
9119,1,4,4,0.75,2.5,0
9124,1,11,11,0.7272727272727273,6.0,0
9159,1,26,26,0.07692307692307693,13.5,1
9160,1,11,11,0.45454545454545453,6.0,0
9161,1,13,13,0.7692307692307693,7.0,0
9170,1,21,21,0.0,11.0,1
9180,1,1,1,0.0,1.0,0
9182,1,8,8,0.875,4.5,0
9185,1,5,5,0.0,3.0,0
9220,1,2,2,1.0,1.5,0
9221,1,5,5,0.6,3.0,0
9227,1,34,34,0.47058823529411764,17.5,1
9239,1,11,11,0.9090909090909091,6.0,0
9266,1,15,15,0.4,8.0,1
9271,1,2,2,1.0,1.5,0
9278,1,12,12,0.6666666666666666,6.5,0
9291,1,13,13,1.0,7.0,0
9321,2,38,38,0.42105263157894735,15.157894736842104,1
9330,1,5,5,1.0,3.0,0
9339,1,2,2,1.0,1.5,0
9347,2,13,13,0.15384615384615385,3.769230769230769,0
9364,1,14,14,0.7857142857142857,7.5,0
9365,1,20,20,0.6,10.5,1
9380,1,11,11,0.45454545454545453,6.0,0
9382,1,11,11,0.36363636363636365,6.0,0
9390,1,8,8,0.875,4.5,0
9401,1,15,15,0.8666666666666667,8.0,1
9432,1,6,6,1.0,3.5,0
9452,1,19,19,0.5789473684210527,10.0,1
9479,2,19,15,0.42105263157894735,5.368421052631579,1
9486,2,34,32,0.6176470588235294,9.0,1
9492,1,20,20,0.0,10.5,1
9493,1,3,3,1.0,2.0,0
9501,1,8,8,0.75,4.5,0
9509,1,3,3,0.6666666666666666,2.0,0
9526,1,9,9,0.0,5.0,0
9579,1,5,5,0.0,3.0,0
9608,1,10,10,0.4,5.5,0
9615,1,9,9,1.0,5.0,0
9637,1,5,5,0.6,3.0,0
9650,1,10,10,0.5,5.5,0
9675,1,22,22,0.9545454545454546,11.5,1
9682,1,10,10,1.0,5.5,0
9719,1,40,40,0.0,20.5,1
9734,1,6,6,1.0,3.5,0
9757,1,23,23,0.8695652173913043,12.0,1
9790,1,10,10,0.2,5.5,0
9793,1,13,13,0.8461538461538461,7.0,0
9829,1,4,4,1.0,2.5,0
9841,1,9,9,1.0,5.0,0
9850,1,8,8,0.0,4.5,0
9852,1,9,9,0.6666666666666666,5.0,0
9868,1,12,12,0.5833333333333334,6.5,0
9902,1,9,9,0.8888888888888888,5.0,0
9929,1,11,11,1.0,6.0,0
9945,1,3,3,1.0,2.0,0
9950,1,1,1,1.0,1.0,0
10000,1,13,13,0.23076923076923078,7.0,0
10020,1,10,10,0.4,5.5,0
10031,1,3,3,0.3333333333333333,2.0,0
10068,1,2,2,0.5,1.5,0
10105,1,19,19,0.7368421052631579,10.0,1
10114,1,6,6,1.0,3.5,0
10124,1,3,3,0.6666666666666666,2.0,0
10126,1,10,10,0.7,5.5,0
10130,1,5,5,0.0,3.0,0
10156,1,18,18,0.16666666666666666,9.5,1
10159,1,6,6,0.5,3.5,0
10170,1,13,13,0.9230769230769231,7.0,0
10171,1,2,2,0.5,1.5,0
10193,1,8,8,0.375,4.5,0
10221,1,4,4,0.75,2.5,0
10228,1,13,13,0.23076923076923078,7.0,0
10236,1,8,8,0.5,4.5,0
10241,1,25,25,0.8,13.0,1
10291,1,19,19,0.8947368421052632,10.0,1
10293,1,5,5,0.8,3.0,0
10339,1,5,5,0.4,3.0,0
10343,1,12,12,0.3333333333333333,6.5,0
10344,1,2,2,0.5,1.5,0
10351,1,5,5,1.0,3.0,0
10358,1,14,14,0.5714285714285714,7.5,0
10397,1,23,23,0.7391304347826086,12.0,1
10412,2,5,5,0.2,2.2,0
10419,1,4,4,1.0,2.5,0
10429,1,14,14,0.7142857142857143,7.5,0
10434,1,8,8,0.25,4.5,0
10441,1,4,4,0.5,2.5,0
10446,1,40,40,0.45,20.5,1
10461,1,10,10,0.6,5.5,0
10493,1,12,12,0.6666666666666666,6.5,0
10518,1,17,17,0.47058823529411764,9.0,1
10527,1,3,3,1.0,2.0,0
10535,1,4,4,0.5,2.5,0
10541,1,5,5,1.0,3.0,0
10542,1,15,15,0.4666666666666667,8.0,1
10546,1,7,7,0.5714285714285714,4.0,0
10548,1,16,16,0.6875,8.5,1
10570,1,8,8,0.0,4.5,0
10580,1,9,9,0.7777777777777778,5.0,0
10585,2,63,49,0.5396825396825397,16.285714285714285,1
10592,1,7,7,1.0,4.0,0
10597,1,18,18,0.6111111111111112,9.5,1
10600,3,15,14,0.6,3.2666666666666666,1
10627,1,4,4,0.75,2.5,0
10632,1,7,7,0.2857142857142857,4.0,0
10640,1,19,19,0.5263157894736842,10.0,1
10649,1,20,20,0.8,10.5,1
10660,1,10,10,0.8,5.5,0
10669,1,4,4,0.0,2.5,0
10671,1,15,15,0.2,8.0,1
10696,1,12,12,0.08333333333333333,6.5,0
10699,1,4,4,0.75,2.5,0
10704,1,13,13,0.5384615384615384,7.0,0
10712,1,7,7,1.0,4.0,0
10718,1,3,3,0.0,2.0,0
10722,1,11,11,0.09090909090909091,6.0,0
10747,1,8,8,1.0,4.5,0
10779,1,14,14,0.35714285714285715,7.5,0
10782,1,5,5,0.0,3.0,0
10783,1,1,1,0.0,1.0,0
10790,1,5,5,0.0,3.0,0
10799,1,2,2,0.5,1.5,0
10830,1,32,32,0.8125,16.5,1
10868,1,7,7,0.14285714285714285,4.0,0
10875,1,1,1,1.0,1.0,0
10877,1,7,7,0.0,4.0,0
10882,1,10,10,0.2,5.5,0
10888,1,10,10,0.9,5.5,0
10919,1,17,17,0.8235294117647058,9.0,1
10934,1,13,13,0.8461538461538461,7.0,0
10951,1,20,20,0.5,10.5,1
10988,1,5,5,0.0,3.0,0
11001,1,3,3,0.6666666666666666,2.0,0
11010,1,15,15,0.4666666666666667,8.0,1
11018,1,7,7,0.0,4.0,0
11026,1,4,4,1.0,2.5,0
11027,1,4,4,0.5,2.5,0
11036,1,8,8,0.625,4.5,0
11039,1,6,6,0.6666666666666666,3.5,0
11047,1,9,9,0.8888888888888888,5.0,0
11060,1,10,10,0.8,5.5,0
11062,1,7,7,1.0,4.0,0
11068,1,10,10,0.5,5.5,0
11082,1,11,11,0.6363636363636364,6.0,0
11111,1,8,8,0.625,4.5,0
11116,1,16,16,0.75,8.5,1
11121,1,11,11,0.2727272727272727,6.0,0
11122,1,28,28,0.6785714285714286,14.5,1
11141,1,2,2,0.0,1.5,0
11146,1,8,8,0.5,4.5,0
11152,1,8,8,0.75,4.5,0
11171,1,9,9,0.0,5.0,0
11176,2,12,11,0.75,3.5,0
11196,1,9,9,0.3333333333333333,5.0,0
11208,1,4,4,0.5,2.5,0
11210,1,12,12,1.0,6.5,0
11216,2,8,8,0.5,3.0,0
11222,1,4,4,0.5,2.5,0
11223,1,13,13,0.6923076923076923,7.0,0
11225,1,6,6,0.8333333333333334,3.5,0
11231,2,49,40,0.6938775510204082,13.36734693877551,1
11236,3,22,18,0.7272727272727273,6.181818181818182,1
11241,1,35,35,0.17142857142857143,18.0,1
11286,1,3,3,0.6666666666666666,2.0,0
11288,1,14,14,0.8571428571428571,7.5,0
11319,1,3,3,0.3333333333333333,2.0,0
11323,1,10,10,0.1,5.5,0
11334,1,4,4,0.5,2.5,0
11335,1,44,44,0.8863636363636364,22.5,1
11337,1,10,10,0.8,5.5,0
11344,1,11,11,0.09090909090909091,6.0,0
11365,1,9,9,0.0,5.0,0
11374,1,14,14,0.35714285714285715,7.5,0
11378,1,17,17,0.5882352941176471,9.0,1
11387,1,8,8,0.25,4.5,0
11418,1,4,4,0.75,2.5,0
11419,1,5,5,0.4,3.0,0
11450,1,33,33,0.48484848484848486,17.0,1
11455,1,9,9,0.4444444444444444,5.0,0
11457,1,16,16,0.875,8.5,1
11485,1,11,11,0.36363636363636365,6.0,0
11496,1,1,1,1.0,1.0,0
11499,1,8,8,0.5,4.5,0
11511,1,16,16,0.8125,8.5,1
11523,1,16,16,0.8125,8.5,1
11529,1,8,8,0.625,4.5,0
11547,2,5,5,0.8,1.8,0
11562,1,9,9,0.4444444444444444,5.0,0
11566,1,2,2,0.0,1.5,0
11574,1,6,6,0.8333333333333334,3.5,0
11588,2,27,22,0.8888888888888888,8.814814814814815,1
11592,1,10,10,0.6,5.5,0
11603,1,7,7,0.8571428571428571,4.0,0
11604,1,8,8,0.0,4.5,0
11635,1,14,14,0.5,7.5,0
11650,1,9,9,1.0,5.0,0
11661,1,9,9,0.6666666666666666,5.0,0
11665,1,17,17,0.0,9.0,1
11685,1,8,8,1.0,4.5,0
11689,1,7,7,0.0,4.0,0
11698,1,9,9,0.4444444444444444,5.0,0
11712,1,3,3,1.0,2.0,0
11716,1,11,11,0.9090909090909091,6.0,0
11724,1,3,3,0.6666666666666666,2.0,0
11729,1,49,49,0.7959183673469388,25.0,1
11742,1,4,4,1.0,2.5,0
11752,1,7,7,0.42857142857142855,4.0,0
11755,1,7,7,0.8571428571428571,4.0,0
11785,2,19,16,0.5263157894736842,5.2631578947368425,1
11789,1,21,21,0.047619047619047616,11.0,1
11808,1,25,25,0.84,13.0,1
11828,1,7,7,0.14285714285714285,4.0,0
11845,2,22,22,0.9090909090909091,9.681818181818182,1
11852,2,31,28,0.12903225806451613,13.290322580645162,1
11866,1,8,8,0.5,4.5,0
11907,2,30,26,0.7,8.033333333333333,1
11912,1,41,41,0.9024390243902439,21.0,1
11914,1,16,16,0.75,8.5,1
11924,1,4,4,1.0,2.5,0
11931,1,6,6,0.16666666666666666,3.5,0
11953,1,10,10,1.0,5.5,0
11961,1,14,14,0.2857142857142857,7.5,0
11998,1,10,10,0.4,5.5,0
12007,1,26,26,0.6153846153846154,13.5,1
12010,2,20,20,0.3,8.7,1
12016,2,29,28,0.3103448275862069,7.827586206896552,1
12025,1,1,1,1.0,1.0,0
12026,1,19,19,0.8421052631578947,10.0,1
12042,1,5,5,1.0,3.0,0
12043,1,11,11,0.45454545454545453,6.0,0
12044,1,13,13,0.9230769230769231,7.0,0
12046,1,19,19,0.0,10.0,1
12050,1,3,3,0.3333333333333333,2.0,0
12081,1,7,7,0.0,4.0,0
12084,1,9,9,0.2222222222222222,5.0,0
12090,1,20,20,0.45,10.5,1
12091,1,9,9,0.6666666666666666,5.0,0
12094,1,15,15,0.6,8.0,1
12102,2,51,41,0.9803921568627451,14.666666666666666,1
12114,1,17,17,0.5882352941176471,9.0,1
12123,1,13,13,0.23076923076923078,7.0,0
12126,1,6,6,0.6666666666666666,3.5,0
12132,1,34,34,0.0,17.5,1
12190,1,10,10,0.7,5.5,0
12191,1,12,12,0.8333333333333334,6.5,0
12205,2,8,7,1.0,3.0,0
12208,1,7,7,0.2857142857142857,4.0,0
12239,1,2,2,1.0,1.5,0
12249,1,18,18,0.8888888888888888,9.5,1
12269,1,12,12,0.9166666666666666,6.5,0
12295,1,12,12,0.9166666666666666,6.5,0
12300,1,60,60,0.85,30.5,1
12324,1,4,4,0.0,2.5,0
12325,1,30,30,0.7666666666666667,15.5,1
12326,1,9,9,0.5555555555555556,5.0,0
12329,1,7,7,0.42857142857142855,4.0,0
12374,1,28,28,0.39285714285714285,14.5,1
12394,1,19,19,0.7368421052631579,10.0,1
12407,2,5,5,1.0,1.8,0
12424,1,9,9,1.0,5.0,0
12433,2,31,31,0.06451612903225806,13.290322580645162,1
12445,1,1,1,1.0,1.0,0
12446,2,18,17,0.7222222222222222,5.0,1
12469,1,10,10,0.8,5.5,0
12477,1,18,18,0.0,9.5,1
12479,1,12,12,0.5,6.5,0
12486,1,1,1,1.0,1.0,0
12496,1,27,27,0.2962962962962963,14.0,1
12514,3,39,30,0.8974358974358975,7.17948717948718,1
12520,1,10,10,0.6,5.5,0
12523,1,17,17,0.47058823529411764,9.0,1
12533,1,13,13,0.3076923076923077,7.0,0
12590,1,8,8,0.0,4.5,0
12629,1,9,9,0.5555555555555556,5.0,0
12640,1,3,3,0.0,2.0,0
12657,1,4,4,0.75,2.5,0
12662,2,6,6,1.0,2.1666666666666665,0
12664,1,5,5,0.4,3.0,0
12666,1,30,30,0.7666666666666667,15.5,1
12670,1,8,8,0.875,4.5,0
12672,1,4,4,1.0,2.5,0
12691,1,13,13,0.6153846153846154,7.0,0
12702,1,11,11,0.9090909090909091,6.0,0
12710,1,16,16,0.5,8.5,1
12711,2,48,41,0.9166666666666666,13.833333333333334,1
12726,2,41,34,0.8780487804878049,12.121951219512194,1
12735,1,12,12,0.3333333333333333,6.5,0
12739,1,17,17,0.5294117647058824,9.0,1
12759,1,2,2,1.0,1.5,0
12775,1,9,9,0.7777777777777778,5.0,0
12782,1,4,4,0.25,2.5,0
12784,1,1,1,1.0,1.0,0
12788,1,13,13,0.38461538461538464,7.0,0
12807,1,5,5,0.0,3.0,0
12824,2,11,10,0.7272727272727273,3.272727272727273,0
12840,1,3,3,0.0,2.0,0
12856,1,13,13,0.9230769230769231,7.0,0
12863,1,2,2,1.0,1.5,0
12884,1,9,9,0.6666666666666666,5.0,0
12886,2,16,13,0.5625,4.75,1
12889,1,10,10,0.6,5.5,0
12899,2,25,24,1.0,9.64,1
12904,1,3,3,0.6666666666666666,2.0,0
12906,2,29,27,0.7931034482758621,7.758620689655173,1
12913,1,7,7,0.5714285714285714,4.0,0
12918,1,4,4,0.5,2.5,0
12924,1,12,12,0.8333333333333334,6.5,0
12951,1,5,5,1.0,3.0,0
12960,1,20,20,0.85,10.5,1
12978,1,3,3,0.6666666666666666,2.0,0
13009,1,6,6,1.0,3.5,0
13010,1,6,6,1.0,3.5,0
13018,1,5,5,0.6,3.0,0
13019,1,13,13,0.23076923076923078,7.0,0
13038,1,8,8,0.0,4.5,0
13053,2,2,2,1.0,1.0,0
13055,1,7,7,0.8571428571428571,4.0,0
13073,1,1,1,1.0,1.0,0
13107,1,8,8,1.0,4.5,0
13112,1,6,6,1.0,3.5,0
13120,1,14,14,0.7857142857142857,7.5,0
13127,3,15,14,0.4,3.466666666666667,1
13131,1,25,25,0.92,13.0,1
13141,2,21,17,0.42857142857142855,5.857142857142857,1
13149,1,6,6,1.0,3.5,0
13152,1,3,3,0.6666666666666666,2.0,0
13161,1,24,24,0.4583333333333333,12.5,1
13181,1,2,2,0.0,1.5,0
13212,1,7,7,0.2857142857142857,4.0,0
13275,1,5,5,0.4,3.0,0
13276,1,13,13,0.5384615384615384,7.0,0
13285,1,5,5,0.6,3.0,0
13288,1,13,13,0.0,7.0,0
13289,1,4,4,0.5,2.5,0
13315,1,15,15,1.0,8.0,1
13326,1,5,5,1.0,3.0,0
13334,1,4,4,0.5,2.5,0
13337,1,4,4,0.75,2.5,0
13346,1,9,9,0.2222222222222222,5.0,0
13347,1,5,5,1.0,3.0,0
13349,2,26,21,0.8461538461538461,8.384615384615385,1
13350,1,31,31,0.7096774193548387,16.0,1
13354,1,5,5,0.8,3.0,0
13375,1,20,20,0.55,10.5,1
13385,1,14,14,0.14285714285714285,7.5,0
13406,2,18,18,0.8333333333333334,5.5,1
13421,1,3,3,0.3333333333333333,2.0,0
13440,1,15,15,0.5333333333333333,8.0,1
13442,1,6,6,0.8333333333333334,3.5,0
13443,1,17,17,0.29411764705882354,9.0,1
13444,1,5,5,0.6,3.0,0
13445,1,12,12,0.9166666666666666,6.5,0
13446,1,13,13,0.8461538461538461,7.0,0
13451,1,12,12,0.4166666666666667,6.5,0
13476,1,3,3,0.0,2.0,0
13485,1,15,15,0.26666666666666666,8.0,1
13509,2,13,12,0.6923076923076923,3.769230769230769,0
13513,1,8,8,0.125,4.5,0
13516,1,8,8,0.25,4.5,0
13517,1,6,6,0.3333333333333333,3.5,0
13523,1,13,13,0.9230769230769231,7.0,0
13531,2,20,19,0.65,6.3,1
13536,1,1,1,0.0,1.0,0
13554,2,16,14,0.9375,4.5,1
13559,1,6,6,0.6666666666666666,3.5,0
13570,1,12,12,0.0,6.5,0
13596,1,6,6,0.5,3.5,0
13598,1,6,6,0.6666666666666666,3.5,0
13607,1,20,20,0.85,10.5,1
13616,1,14,14,0.0,7.5,0
13623,1,2,2,0.0,1.5,0
13649,1,6,6,0.16666666666666666,3.5,0
13656,1,24,24,0.625,12.5,1
13657,1,8,8,0.0,4.5,0
13665,1,2,2,0.0,1.5,0
13681,1,19,19,0.3684210526315789,10.0,1
13701,3,79,66,0.8734177215189873,13.721518987341772,1
13721,1,2,2,1.0,1.5,0
13731,1,7,7,0.7142857142857143,4.0,0
13739,1,7,7,0.2857142857142857,4.0,0
13748,1,1,1,0.0,1.0,0
13749,2,14,12,0.6428571428571429,4.071428571428571,0
13776,1,5,5,0.6,3.0,0
13782,1,9,9,0.1111111111111111,5.0,0
13796,1,1,1,1.0,1.0,0
13807,1,1,1,0.0,1.0,0
13841,1,4,4,0.75,2.5,0
13870,1,17,17,0.4117647058823529,9.0,1
13927,1,11,11,1.0,6.0,0
13943,1,5,5,1.0,3.0,0
13998,1,6,6,1.0,3.5,0
13999,1,11,11,0.7272727272727273,6.0,0
14003,1,23,23,0.8260869565217391,12.0,1
14012,1,8,8,0.875,4.5,0
14021,1,25,25,0.72,13.0,1
14027,1,13,13,0.46153846153846156,7.0,0
14043,2,18,14,0.3888888888888889,5.222222222222222,1
14052,1,5,5,0.6,3.0,0
14075,1,8,8,0.625,4.5,0
14078,1,20,20,0.45,10.5,1
14082,1,6,6,0.6666666666666666,3.5,0
14091,1,25,25,0.6,13.0,1
14092,1,5,5,0.8,3.0,0
14111,1,4,4,0.25,2.5,0
14139,1,1,1,0.0,1.0,0
14151,1,19,19,0.9473684210526315,10.0,1
14160,1,5,5,0.6,3.0,0
14172,1,9,9,1.0,5.0,0
14212,1,4,4,0.0,2.5,0
14218,1,3,3,1.0,2.0,0
14221,1,2,2,1.0,1.5,0
14226,1,1,1,1.0,1.0,0
14249,2,34,33,0.6176470588235294,9.735294117647058,1
14260,1,6,6,0.5,3.5,0
14264,1,25,25,0.76,13.0,1
14275,1,2,2,1.0,1.5,0
14288,1,20,20,0.0,10.5,1
14289,1,10,10,0.2,5.5,0
14293,1,12,12,0.6666666666666666,6.5,0
14303,1,13,13,0.8461538461538461,7.0,0
14321,1,13,13,1.0,7.0,0
14332,1,1,1,0.0,1.0,0
14348,1,4,4,0.0,2.5,0
14357,1,3,3,0.3333333333333333,2.0,0
14358,1,7,7,0.8571428571428571,4.0,0
14367,4,66,49,0.7121212121212122,9.909090909090908,1
14373,1,3,3,1.0,2.0,0
14386,1,7,7,0.2857142857142857,4.0,0
14410,1,12,12,0.9166666666666666,6.5,0
14413,1,12,12,1.0,6.5,0
14416,1,13,13,0.9230769230769231,7.0,0
14421,1,5,5,0.2,3.0,0
14423,1,14,14,0.35714285714285715,7.5,0
14437,1,6,6,1.0,3.5,0
14448,1,13,13,0.8461538461538461,7.0,0
14453,1,3,3,0.6666666666666666,2.0,0
14459,1,4,4,1.0,2.5,0
14473,1,9,9,0.0,5.0,0
14477,1,5,5,0.6,3.0,0
14489,2,34,30,0.8235294117647058,9.735294117647058,1
14490,1,3,3,0.3333333333333333,2.0,0
14494,1,14,14,0.42857142857142855,7.5,0
14502,1,7,7,0.7142857142857143,4.0,0
14509,1,14,14,0.6428571428571429,7.5,0
14530,1,2,2,0.5,1.5,0
14537,1,2,2,0.0,1.5,0
14540,1,3,3,1.0,2.0,0
14572,1,2,2,0.5,1.5,0
14579,1,7,7,0.5714285714285714,4.0,0
14584,1,12,12,0.8333333333333334,6.5,0
14588,1,4,4,0.5,2.5,0
14594,1,1,1,0.0,1.0,0
14598,1,25,25,0.88,13.0,1
14600,1,10,10,0.3,5.5,0
14630,1,8,8,0.875,4.5,0
14631,1,35,35,0.8,18.0,1
14634,1,10,10,0.3,5.5,0
14663,1,3,3,0.3333333333333333,2.0,0
14664,1,9,9,0.0,5.0,0
14668,1,8,8,0.625,4.5,0
14684,1,8,8,0.75,4.5,0
14689,1,1,1,1.0,1.0,0
14695,1,10,10,0.8,5.5,0
14700,1,2,2,0.0,1.5,0
14702,2,9,9,0.5555555555555556,3.4444444444444446,0
14709,1,9,9,0.6666666666666666,5.0,0
14714,1,1,1,1.0,1.0,0
14723,1,1,1,1.0,1.0,0
14725,1,1,1,1.0,1.0,0
14734,1,13,13,0.9230769230769231,7.0,0
14737,1,14,14,0.5714285714285714,7.5,0
14746,1,6,6,0.6666666666666666,3.5,0
14748,2,2,2,1.0,1.0,0
14766,1,12,12,0.4166666666666667,6.5,0
14773,1,3,3,0.6666666666666666,2.0,0
14776,1,3,3,1.0,2.0,0
14777,1,6,6,0.16666666666666666,3.5,0
14781,1,13,13,0.6923076923076923,7.0,0
14787,1,7,7,0.0,4.0,0
14809,1,2,2,0.0,1.5,0
14817,1,22,22,0.0,11.5,1
14821,1,16,16,0.0,8.5,1
14825,1,6,6,0.5,3.5,0
14857,2,50,42,0.88,14.28,1
14867,1,4,4,0.5,2.5,0
14868,3,43,33,0.8837209302325582,9.162790697674419,1
14872,1,13,13,0.7692307692307693,7.0,0
14873,2,51,46,0.7254901960784313,13.294117647058824,1
14882,1,9,9,0.7777777777777778,5.0,0
14892,1,7,7,0.0,4.0,0
14895,1,3,3,0.0,2.0,0
14900,1,1,1,1.0,1.0,0
14920,1,9,9,1.0,5.0,0
14934,1,3,3,1.0,2.0,0
14936,1,4,4,0.25,2.5,0
14941,1,7,7,0.8571428571428571,4.0,0
14955,1,5,5,1.0,3.0,0
14981,1,1,1,1.0,1.0,0
14987,1,4,4,0.5,2.5,0
14990,1,21,21,0.0,11.0,1
14996,1,8,8,0.5,4.5,0
15003,1,14,14,0.8571428571428571,7.5,0
15030,1,4,4,1.0,2.5,0
15032,1,5,5,0.8,3.0,0
15036,1,11,11,0.45454545454545453,6.0,0
15038,1,13,13,0.0,7.0,0
15059,1,11,11,0.0,6.0,0
15060,1,6,6,0.8333333333333334,3.5,0
15068,1,7,7,0.42857142857142855,4.0,0
15083,1,19,19,0.0,10.0,1
15112,1,17,17,0.4117647058823529,9.0,1
15124,1,4,4,1.0,2.5,0
15147,1,10,10,0.9,5.5,0
15154,1,9,9,0.0,5.0,0
15160,1,9,9,0.7777777777777778,5.0,0
15161,1,1,1,1.0,1.0,0
15165,1,5,5,0.4,3.0,0
15169,1,9,9,0.5555555555555556,5.0,0
15170,1,12,12,0.08333333333333333,6.5,0
15177,1,9,9,0.0,5.0,0
15182,1,3,3,1.0,2.0,0
15194,1,12,12,0.3333333333333333,6.5,0
15196,1,9,9,0.4444444444444444,5.0,0
15197,1,11,11,0.2727272727272727,6.0,0
15202,1,3,3,0.0,2.0,0
15234,1,2,2,0.5,1.5,0
15273,1,3,3,0.3333333333333333,2.0,0
15297,1,1,1,1.0,1.0,0
15302,1,9,9,0.0,5.0,0
15314,1,6,6,0.8333333333333334,3.5,0
15322,1,34,34,0.4411764705882353,17.5,1
15332,1,8,8,0.5,4.5,0
15356,1,11,11,0.7272727272727273,6.0,0
15380,1,11,11,0.0,6.0,0
15392,1,11,11,0.0,6.0,0
15411,1,11,11,1.0,6.0,0
15428,1,6,6,0.5,3.5,0
15445,1,8,8,0.375,4.5,0
15447,3,10,8,1.0,2.3,0
15460,1,7,7,1.0,4.0,0
15461,1,9,9,0.3333333333333333,5.0,0
15463,1,10,10,0.2,5.5,0
15466,1,15,15,0.8666666666666667,8.0,1
15474,1,8,8,1.0,4.5,0
15479,1,10,10,0.5,5.5,0
15501,1,18,18,1.0,9.5,1
15505,1,6,6,0.6666666666666666,3.5,0
15514,1,5,5,0.4,3.0,0
15521,1,10,10,0.6,5.5,0
15527,1,18,18,0.6666666666666666,9.5,1
15528,1,20,20,0.5,10.5,1
15539,1,10,10,0.8,5.5,0
15540,2,14,14,0.7857142857142857,4.285714285714286,0
15556,1,15,15,0.2,8.0,1
15572,1,6,6,0.5,3.5,0
15579,1,10,10,1.0,5.5,0
15589,1,1,1,0.0,1.0,0
15592,1,2,2,1.0,1.5,0
15608,1,17,17,0.9411764705882353,9.0,1
15621,1,12,12,0.9166666666666666,6.5,0
15626,1,4,4,0.75,2.5,0
15634,1,10,10,0.9,5.5,0
15652,1,30,30,0.6,15.5,1
15673,1,3,3,0.3333333333333333,2.0,0
15682,2,16,13,0.8125,4.5,1
15700,1,6,6,0.16666666666666666,3.5,0
15733,1,13,13,0.15384615384615385,7.0,0
15741,1,19,19,0.8421052631578947,10.0,1
15744,2,12,12,0.08333333333333333,3.5,0
15754,1,17,17,0.7647058823529411,9.0,1
15755,1,5,5,0.8,3.0,0
15765,1,5,5,1.0,3.0,0
15785,1,17,17,1.0,9.0,1
15791,1,15,15,0.4,8.0,1
15803,1,6,6,1.0,3.5,0
15811,2,32,28,0.84375,8.5,1
15819,1,13,13,0.3076923076923077,7.0,0
15835,1,15,15,0.6,8.0,1
15857,1,17,17,0.6470588235294118,9.0,1
15864,2,18,17,0.3888888888888889,5.0,1
15885,1,15,15,0.5333333333333333,8.0,1
15896,1,20,20,0.95,10.5,1
15899,1,18,18,0.6111111111111112,9.5,1
15906,1,18,18,0.8333333333333334,9.5,1
15943,1,9,9,1.0,5.0,0
15946,1,12,12,0.6666666666666666,6.5,0
15956,1,7,7,0.42857142857142855,4.0,0
15957,1,2,2,1.0,1.5,0
15959,1,18,18,0.4444444444444444,9.5,1
15962,1,25,25,0.72,13.0,1
15968,1,33,33,0.7878787878787878,17.0,1
15977,1,9,9,0.0,5.0,0
15979,1,10,10,0.2,5.5,0
15981,1,18,18,1.0,9.5,1
15999,1,11,11,0.6363636363636364,6.0,0
16000,1,6,6,0.0,3.5,0
16001,1,7,7,1.0,4.0,0
16011,1,10,10,0.9,5.5,0
16013,1,11,11,0.2727272727272727,6.0,0
16017,1,6,6,0.5,3.5,0
16022,1,12,12,0.0,6.5,0
16024,1,3,3,0.6666666666666666,2.0,0
16030,1,22,22,0.5454545454545454,11.5,1
16032,1,37,37,0.4594594594594595,19.0,1
16066,1,16,16,0.5625,8.5,1
16072,1,10,10,0.5,5.5,0
16103,1,10,10,0.4,5.5,0
16108,1,3,3,0.3333333333333333,2.0,0
16111,1,11,11,0.7272727272727273,6.0,0
16136,1,12,12,0.8333333333333334,6.5,0
16137,1,3,3,0.6666666666666666,2.0,0
16152,1,17,17,0.11764705882352941,9.0,1
16165,1,6,6,0.3333333333333333,3.5,0
16166,1,12,12,0.8333333333333334,6.5,0
16181,1,23,23,0.6956521739130435,12.0,1
16184,1,3,3,1.0,2.0,0
16196,1,1,1,1.0,1.0,0
16204,1,14,14,0.2857142857142857,7.5,0
16225,1,11,11,0.0,6.0,0
16226,2,14,14,0.7857142857142857,4.071428571428571,0
16227,1,8,8,0.0,4.5,0
16247,1,7,7,0.7142857142857143,4.0,0
16256,1,12,12,0.6666666666666666,6.5,0
16261,1,5,5,0.2,3.0,0
16272,1,17,17,0.47058823529411764,9.0,1
16278,1,8,8,0.75,4.5,0
16286,1,4,4,0.75,2.5,0
16288,1,14,14,0.0,7.5,0
16298,2,17,16,0.8823529411764706,5.117647058823529,1
16307,1,3,3,1.0,2.0,0
16315,1,3,3,1.0,2.0,0
16345,1,17,17,0.9411764705882353,9.0,1
16356,1,20,20,0.55,10.5,1
16357,2,19,19,0.631578947368421,5.578947368421052,1
16364,1,8,8,0.625,4.5,0
16370,1,5,5,1.0,3.0,0
16390,1,19,19,0.631578947368421,10.0,1
16397,1,1,1,1.0,1.0,0
16400,1,2,2,1.0,1.5,0
16401,1,19,19,0.8947368421052632,10.0,1
16408,2,37,36,0.13513513513513514,11.702702702702704,1
16428,1,9,9,0.7777777777777778,5.0,0
16429,1,5,5,1.0,3.0,0
16456,1,1,1,0.0,1.0,0
16482,1,25,25,0.68,13.0,1
16492,1,9,9,0.4444444444444444,5.0,0
16502,1,3,3,0.6666666666666666,2.0,0
16504,1,17,17,1.0,9.0,1
16554,1,6,6,0.6666666666666666,3.5,0
16567,1,6,6,0.0,3.5,0
16570,1,13,13,0.6923076923076923,7.0,0
16573,1,2,2,1.0,1.5,0
16578,1,12,12,0.0,6.5,0
16581,1,2,2,1.0,1.5,0
16583,2,22,17,0.7727272727272727,6.0,1
16592,1,2,2,1.0,1.5,0
16600,1,13,13,1.0,7.0,0
16612,1,19,19,0.3684210526315789,10.0,1
16615,1,12,12,0.75,6.5,0
16624,1,14,14,0.0,7.5,0
16656,1,20,20,0.8,10.5,1
16669,1,8,8,0.875,4.5,0
16674,1,6,6,0.0,3.5,0
16680,1,6,6,1.0,3.5,0
16686,1,4,4,0.0,2.5,0
16694,1,4,4,0.0,2.5,0
16708,2,28,27,0.2857142857142857,7.821428571428571,1
16712,1,1,1,1.0,1.0,0
16716,1,15,15,0.7333333333333333,8.0,1
16722,1,14,14,0.5,7.5,0
16734,1,10,10,0.8,5.5,0
16754,2,9,8,0.4444444444444444,2.7777777777777777,0
16803,1,3,3,1.0,2.0,0
16810,1,7,7,0.42857142857142855,4.0,0
16826,1,13,13,0.3076923076923077,7.0,0
16837,1,27,27,0.6666666666666666,14.0,1
16848,2,10,10,0.7,3.1,0
16850,1,21,21,0.42857142857142855,11.0,1
16860,1,4,4,0.25,2.5,0
16864,1,8,8,0.0,4.5,0
16866,2,23,21,0.6521739130434783,6.782608695652174,1
16869,1,16,16,0.5,8.5,1
16874,1,7,7,0.42857142857142855,4.0,0
16879,1,17,17,0.8235294117647058,9.0,1
16883,1,5,5,1.0,3.0,0
16884,1,7,7,0.2857142857142857,4.0,0
16916,1,4,4,0.0,2.5,0
16928,1,11,11,0.45454545454545453,6.0,0
16933,1,2,2,0.0,1.5,0
16948,1,6,6,0.6666666666666666,3.5,0
16954,1,8,8,0.625,4.5,0
16976,1,9,9,0.4444444444444444,5.0,0
16986,1,23,23,0.8695652173913043,12.0,1
16989,1,6,6,1.0,3.5,0
16992,1,4,4,0.5,2.5,0
17000,1,7,7,0.5714285714285714,4.0,0
17001,1,4,4,1.0,2.5,0
17005,1,6,6,0.6666666666666666,3.5,0
17006,1,26,26,0.5,13.5,1
17029,1,19,19,0.8947368421052632,10.0,1
17031,1,26,26,0.23076923076923078,13.5,1
17056,1,3,3,0.3333333333333333,2.0,0
17076,1,9,9,0.0,5.0,0
17086,1,9,9,1.0,5.0,0
17096,1,12,12,0.75,6.5,0
17108,1,46,46,0.6304347826086957,23.5,1
17152,1,5,5,1.0,3.0,0
17155,2,37,35,0.8108108108108109,10.297297297297296,1
17163,1,10,10,0.5,5.5,0
17166,1,10,10,0.7,5.5,0
17168,1,24,24,0.4583333333333333,12.5,1
17170,1,6,6,0.8333333333333334,3.5,0
17173,1,17,17,0.9411764705882353,9.0,1
17202,2,5,5,0.8,1.8,0
17207,1,5,5,0.4,3.0,0
17221,1,12,12,0.8333333333333334,6.5,0
17224,1,21,21,0.5238095238095238,11.0,1
17238,1,11,11,0.45454545454545453,6.0,0
17242,1,4,4,0.5,2.5,0
17253,1,10,10,0.5,5.5,0
17282,1,19,19,0.8421052631578947,10.0,1
17317,1,12,12,0.75,6.5,0
17323,1,11,11,0.5454545454545454,6.0,0
17338,2,23,22,0.7391304347826086,7.565217391304348,1
17356,2,15,14,0.5333333333333333,4.266666666666667,1
17370,1,6,6,0.0,3.5,0
17383,1,13,13,0.9230769230769231,7.0,0
17391,2,5,4,0.4,2.2,0
17403,1,3,3,1.0,2.0,0
17406,1,27,27,0.6296296296296297,14.0,1
17420,1,14,14,1.0,7.5,0
17450,1,8,8,1.0,4.5,0
17454,1,8,8,0.75,4.5,0
17461,1,10,10,0.9,5.5,0
17472,2,16,15,0.25,4.75,1
17485,1,10,10,0.4,5.5,0
17493,1,13,13,0.6153846153846154,7.0,0
17501,1,3,3,0.3333333333333333,2.0,0
17507,2,17,16,0.5882352941176471,6.529411764705882,1
17521,1,9,9,0.2222222222222222,5.0,0
17538,1,11,11,0.09090909090909091,6.0,0
17544,1,23,23,0.6956521739130435,12.0,1
17547,1,4,4,0.75,2.5,0
17551,1,9,9,0.7777777777777778,5.0,0
17575,1,12,12,0.5,6.5,0
17579,1,8,8,1.0,4.5,0
17582,1,13,13,0.3076923076923077,7.0,0
17609,1,15,15,0.4666666666666667,8.0,1
17610,2,17,16,0.5882352941176471,4.882352941176471,1
17617,1,6,6,0.8333333333333334,3.5,0
17669,1,6,6,0.0,3.5,0
17684,1,5,5,0.8,3.0,0
17694,1,5,5,1.0,3.0,0
17740,2,12,12,0.5,3.8333333333333335,0
17742,1,21,21,1.0,11.0,1
17752,1,6,6,0.8333333333333334,3.5,0
17776,1,14,14,0.42857142857142855,7.5,0
17778,1,20,20,0.7,10.5,1
17783,1,9,9,1.0,5.0,0
17806,1,17,17,0.5294117647058824,9.0,1
17839,1,15,15,0.3333333333333333,8.0,1
17841,1,24,24,0.4583333333333333,12.5,1
17856,1,1,1,1.0,1.0,0
17861,1,2,2,0.5,1.5,0
17870,2,9,9,0.6666666666666666,3.0,0
17884,2,20,17,0.75,5.95,1
17886,2,17,14,0.7058823529411765,5.9411764705882355,1
17892,1,1,1,0.0,1.0,0
17896,2,18,17,0.9444444444444444,8.555555555555555,1
17900,1,18,18,0.8888888888888888,9.5,1
17901,1,26,26,0.7307692307692307,13.5,1
17911,1,6,6,0.3333333333333333,3.5,0
17926,1,10,10,0.4,5.5,0
17930,2,22,15,0.9090909090909091,6.045454545454546,1
17962,2,21,20,0.47619047619047616,5.857142857142857,1
17964,2,25,22,0.76,7.96,1
17965,1,2,2,0.0,1.5,0
17967,2,22,22,0.5909090909090909,6.045454545454546,1
17968,1,3,3,1.0,2.0,0
17974,1,3,3,1.0,2.0,0
17985,1,11,11,0.2727272727272727,6.0,0
17994,1,7,7,0.42857142857142855,4.0,0
18000,1,2,2,1.0,1.5,0
18011,1,4,4,1.0,2.5,0
18018,1,3,3,0.6666666666666666,2.0,0
18044,1,18,18,0.7777777777777778,9.5,1
18055,1,9,9,0.6666666666666666,5.0,0
18067,1,15,15,0.4,8.0,1
18075,1,9,9,0.5555555555555556,5.0,0
18085,1,9,9,0.8888888888888888,5.0,0
18089,1,1,1,0.0,1.0,0
18093,1,2,2,0.0,1.5,0
18094,1,7,7,0.8571428571428571,4.0,0
18097,1,11,11,0.09090909090909091,6.0,0
18098,1,5,5,0.4,3.0,0
18107,1,18,18,0.3333333333333333,9.5,1
18116,1,7,7,0.7142857142857143,4.0,0
18124,1,12,12,0.16666666666666666,6.5,0
18128,1,1,1,0.0,1.0,0
18130,1,9,9,1.0,5.0,0
18177,1,8,8,0.75,4.5,0
18192,1,17,17,0.7058823529411765,9.0,1
18194,1,11,11,0.8181818181818182,6.0,0
18201,2,16,14,0.625,5.5,1
18215,1,15,15,0.26666666666666666,8.0,1
18219,1,8,8,0.625,4.5,0
18237,1,11,11,0.36363636363636365,6.0,0
18239,1,7,7,0.2857142857142857,4.0,0
18244,1,17,17,0.0,9.0,1
18261,1,17,17,0.17647058823529413,9.0,1
18270,1,2,2,1.0,1.5,0
18275,2,6,6,1.0,2.1666666666666665,0
18283,1,7,7,0.2857142857142857,4.0,0
18287,1,4,4,0.25,2.5,0
18291,1,7,7,0.42857142857142855,4.0,0
18311,1,9,9,0.7777777777777778,5.0,0
18312,1,9,9,0.6666666666666666,5.0,0
18327,1,1,1,1.0,1.0,0
18332,1,23,23,1.0,12.0,1
18342,1,1,1,0.0,1.0,0
18355,1,2,2,0.5,1.5,0
18374,2,15,15,0.4,5.066666666666666,1
18393,1,8,8,0.375,4.5,0
18409,1,8,8,0.375,4.5,0
18432,1,11,11,0.36363636363636365,6.0,0
18433,1,14,14,0.8571428571428571,7.5,0
18435,1,13,13,0.0,7.0,0
18440,1,9,9,0.8888888888888888,5.0,0
18457,1,3,3,0.6666666666666666,2.0,0
18462,1,21,21,0.3333333333333333,11.0,1
18464,2,10,10,0.3,3.4,0
18471,1,6,6,0.8333333333333334,3.5,0
18473,1,8,8,0.375,4.5,0
18474,1,8,8,0.75,4.5,0
18488,1,7,7,0.7142857142857143,4.0,0
18491,3,21,19,0.8095238095238095,4.142857142857143,1
18499,1,12,12,0.25,6.5,0
18532,1,9,9,1.0,5.0,0
18536,1,20,20,0.75,10.5,1
18550,1,24,24,0.4166666666666667,12.5,1
18606,1,5,5,0.4,3.0,0
18607,1,5,5,0.0,3.0,0
18631,1,8,8,1.0,4.5,0
18632,1,7,7,1.0,4.0,0
18633,1,19,19,0.6842105263157895,10.0,1
18640,1,9,9,0.1111111111111111,5.0,0
18650,1,22,22,0.0,11.5,1
18658,1,23,23,0.43478260869565216,12.0,1
18664,1,3,3,0.6666666666666666,2.0,0
18669,1,18,18,0.3888888888888889,9.5,1
18679,1,6,6,1.0,3.5,0
18683,2,29,27,0.8620689655172413,8.172413793103448,1
18685,1,10,10,0.8,5.5,0
18688,1,3,3,1.0,2.0,0
18692,1,3,3,0.6666666666666666,2.0,0
18698,1,12,12,0.0,6.5,0
18700,1,6,6,0.0,3.5,0
18702,1,4,4,0.5,2.5,0
18745,1,24,24,0.4166666666666667,12.5,1
18751,1,11,11,0.0,6.0,0
18775,2,9,9,0.5555555555555556,2.7777777777777777,0
18781,1,10,10,0.9,5.5,0
18782,1,6,6,0.16666666666666666,3.5,0
18783,2,22,21,0.7272727272727273,6.045454545454546,1
18795,1,4,4,1.0,2.5,0
18816,1,1,1,1.0,1.0,0
18817,1,4,4,0.25,2.5,0
18831,1,18,18,1.0,9.5,1
18859,1,3,3,1.0,2.0,0
18866,2,7,7,0.5714285714285714,2.2857142857142856,0
18926,1,4,4,0.75,2.5,0
18948,1,11,11,0.7272727272727273,6.0,0
18978,1,14,14,1.0,7.5,0
18981,1,3,3,1.0,2.0,0
18984,1,1,1,0.0,1.0,0
19006,1,8,8,1.0,4.5,0
19010,1,10,10,1.0,5.5,0
19019,1,3,3,1.0,2.0,0
19020,1,5,5,0.4,3.0,0
19028,1,22,22,0.0,11.5,1
19029,1,10,10,0.2,5.5,0
19038,1,9,9,0.8888888888888888,5.0,0
19043,1,8,8,0.25,4.5,0
19074,1,12,12,0.0,6.5,0
19102,1,34,34,0.9705882352941176,17.5,1
19119,1,29,29,0.896551724137931,15.0,1
19129,1,11,11,0.0,6.0,0
19143,1,9,9,0.8888888888888888,5.0,0
19183,1,11,11,0.7272727272727273,6.0,0
19186,1,11,11,0.9090909090909091,6.0,0
19192,1,10,10,0.5,5.5,0
19227,1,13,13,0.7692307692307693,7.0,0
19229,1,17,17,0.0,9.0,1
19251,1,8,8,0.75,4.5,0
19259,1,9,9,0.8888888888888888,5.0,0
19323,1,12,12,0.6666666666666666,6.5,0
19348,2,13,12,0.46153846153846156,3.769230769230769,0
19351,1,11,11,0.0,6.0,0
19364,1,8,8,0.75,4.5,0
19389,1,1,1,1.0,1.0,0
19415,1,7,7,0.8571428571428571,4.0,0
19432,1,17,17,0.9411764705882353,9.0,1
19439,1,8,8,0.75,4.5,0
19464,1,11,11,0.2727272727272727,6.0,0
19468,2,12,12,0.16666666666666666,4.833333333333333,0
19478,1,11,11,0.7272727272727273,6.0,0
19481,1,14,14,0.35714285714285715,7.5,0
19482,1,7,7,0.14285714285714285,4.0,0
19492,1,4,4,1.0,2.5,0
19500,1,10,10,0.8,5.5,0
19501,1,1,1,1.0,1.0,0
19512,1,18,18,0.7777777777777778,9.5,1
19522,1,9,9,0.5555555555555556,5.0,0
19528,1,10,10,1.0,5.5,0
19556,1,6,6,0.6666666666666666,3.5,0
19569,1,1,1,0.0,1.0,0
19601,1,13,13,0.7692307692307693,7.0,0
19625,1,6,6,0.8333333333333334,3.5,0
19626,1,15,15,0.26666666666666666,8.0,1
19668,1,15,15,1.0,8.0,1
19686,2,11,9,0.7272727272727273,3.272727272727273,0
19693,1,11,11,0.7272727272727273,6.0,0
19731,2,38,37,0.39473684210526316,10.421052631578947,1
19741,1,8,8,1.0,4.5,0
19775,1,6,6,0.0,3.5,0
19781,1,3,3,0.3333333333333333,2.0,0
19785,1,10,10,0.3,5.5,0
19823,1,6,6,0.0,3.5,0
19832,1,1,1,1.0,1.0,0
19849,1,4,4,0.5,2.5,0
19867,1,15,15,0.0,8.0,1
19868,1,2,2,0.0,1.5,0
19875,1,7,7,0.42857142857142855,4.0,0
19879,1,9,9,0.7777777777777778,5.0,0
19896,1,1,1,0.0,1.0,0
19918,2,22,15,0.9545454545454546,6.045454545454546,1
19933,1,2,2,0.5,1.5,0
19963,2,16,16,0.3125,5.0625,1
20008,2,15,14,0.7333333333333333,5.066666666666666,1
20013,1,18,18,0.0,9.5,1
20014,1,4,4,0.5,2.5,0
20017,1,11,11,0.45454545454545453,6.0,0
20018,1,7,7,0.7142857142857143,4.0,0
20029,1,4,4,0.0,2.5,0
20038,2,14,10,0.8571428571428571,4.071428571428571,0
20044,1,7,7,0.5714285714285714,4.0,0
20047,1,12,12,0.6666666666666666,6.5,0
20053,1,12,12,0.16666666666666666,6.5,0
20096,1,5,5,1.0,3.0,0
20126,1,5,5,1.0,3.0,0
20130,2,12,12,0.25,5.583333333333333,0
20149,1,14,14,0.8571428571428571,7.5,0
20150,1,2,2,0.5,1.5,0
20152,1,1,1,1.0,1.0,0
20189,1,12,12,0.8333333333333334,6.5,0
20197,1,2,2,0.5,1.5,0
20215,1,10,10,0.9,5.5,0
20216,1,1,1,1.0,1.0,0
20225,1,13,13,0.38461538461538464,7.0,0
20275,1,19,19,0.8421052631578947,10.0,1
20278,1,8,8,1.0,4.5,0
20280,1,6,6,0.5,3.5,0
20283,3,54,42,0.8333333333333334,9.851851851851851,1
20300,2,8,7,0.875,2.5,0
20306,1,11,11,0.7272727272727273,6.0,0
20342,1,8,8,1.0,4.5,0
20361,1,5,5,1.0,3.0,0
20374,1,3,3,0.3333333333333333,2.0,0
20383,2,19,19,0.8421052631578947,6.315789473684211,1
20388,1,1,1,1.0,1.0,0
20396,1,7,7,1.0,4.0,0
20414,1,8,8,0.25,4.5,0
20424,1,3,3,0.3333333333333333,2.0,0
20429,1,21,21,0.9523809523809523,11.0,1
20442,1,2,2,1.0,1.5,0
20454,1,29,29,0.7586206896551724,15.0,1
20456,1,4,4,0.0,2.5,0
20463,1,10,10,0.4,5.5,0
20468,2,8,8,0.625,3.0,0
20487,1,3,3,0.6666666666666666,2.0,0
20498,3,54,41,0.8148148148148148,10.407407407407407,1
20509,1,4,4,0.5,2.5,0
20513,1,8,8,0.0,4.5,0
20537,1,3,3,0.6666666666666666,2.0,0
20548,1,8,8,1.0,4.5,0
20555,1,20,20,0.9,10.5,1
20558,1,5,5,1.0,3.0,0
20561,1,8,8,0.375,4.5,0
20563,1,23,23,0.6086956521739131,12.0,1
20571,1,23,23,0.9130434782608695,12.0,1
20610,1,5,5,0.8,3.0,0
20645,1,5,5,0.6,3.0,0
20663,1,8,8,0.75,4.5,0
20687,1,4,4,1.0,2.5,0
20689,1,17,17,0.5882352941176471,9.0,1
20690,1,8,8,0.75,4.5,0
20712,1,9,9,0.7777777777777778,5.0,0
20719,1,12,12,0.25,6.5,0
20726,1,4,4,0.75,2.5,0
20730,3,44,37,0.7954545454545454,8.045454545454545,1
20731,1,10,10,0.8,5.5,0
20733,1,18,18,0.6666666666666666,9.5,1
20744,1,16,16,0.9375,8.5,1
20773,1,26,26,0.7307692307692307,13.5,1
20796,1,12,12,0.3333333333333333,6.5,0
20813,1,28,28,0.21428571428571427,14.5,1
20818,1,4,4,0.75,2.5,0
20822,1,14,14,0.7857142857142857,7.5,0
20825,1,11,11,0.6363636363636364,6.0,0
20829,1,19,19,0.5789473684210527,10.0,1
20831,1,3,3,1.0,2.0,0
20835,1,10,10,0.7,5.5,0
20879,1,2,2,0.5,1.5,0
20885,1,6,6,1.0,3.5,0
20907,1,5,5,0.4,3.0,0
20908,1,7,7,1.0,4.0,0
20924,3,18,18,0.3888888888888889,4.555555555555555,1
20930,1,2,2,1.0,1.5,0
20944,1,10,10,0.9,5.5,0
20965,1,4,4,1.0,2.5,0
20966,1,12,12,0.5833333333333334,6.5,0
20972,1,3,3,1.0,2.0,0
20993,1,14,14,0.9285714285714286,7.5,0
21000,2,48,43,0.7083333333333334,13.020833333333334,1
21002,1,8,8,0.375,4.5,0
21021,2,44,38,0.7045454545454546,12.318181818181818,1
21024,1,14,14,0.6428571428571429,7.5,0
21026,1,7,7,0.7142857142857143,4.0,0
21030,1,5,5,0.8,3.0,0
21061,1,10,10,0.2,5.5,0
21089,1,21,21,0.42857142857142855,11.0,1
21110,1,7,7,0.2857142857142857,4.0,0
21116,1,7,7,0.0,4.0,0
21117,1,2,2,1.0,1.5,0
21119,1,22,22,0.8181818181818182,11.5,1
21126,1,3,3,1.0,2.0,0
21134,1,7,7,0.42857142857142855,4.0,0
21143,1,24,24,0.4166666666666667,12.5,1
21151,1,5,5,1.0,3.0,0
21157,1,10,10,0.0,5.5,0
21163,1,4,4,0.5,2.5,0
21166,2,18,18,0.6111111111111112,5.055555555555555,1
21167,2,14,13,0.5,4.285714285714286,0
21169,1,9,9,0.4444444444444444,5.0,0
21170,1,1,1,1.0,1.0,0
21174,1,1,1,0.0,1.0,0
21191,1,23,23,0.8260869565217391,12.0,1
21192,1,4,4,0.5,2.5,0
21195,1,3,3,0.6666666666666666,2.0,0
21211,1,7,7,0.5714285714285714,4.0,0
21221,1,26,26,0.6153846153846154,13.5,1
21237,1,12,12,1.0,6.5,0
21240,1,7,7,1.0,4.0,0
21269,1,9,9,0.6666666666666666,5.0,0
21280,1,18,18,0.16666666666666666,9.5,1
21284,1,8,8,1.0,4.5,0
21289,1,10,10,0.3,5.5,0
21310,1,8,8,0.0,4.5,0
21314,1,15,15,0.06666666666666667,8.0,1
21318,1,4,4,1.0,2.5,0
21332,1,5,5,0.8,3.0,0
21334,1,15,15,0.06666666666666667,8.0,1
21335,1,21,21,0.42857142857142855,11.0,1
21336,1,10,10,0.5,5.5,0
21343,1,13,13,0.9230769230769231,7.0,0
21347,1,4,4,0.0,2.5,0
21356,1,9,9,1.0,5.0,0
21358,1,20,20,0.55,10.5,1
21361,1,13,13,0.7692307692307693,7.0,0
21366,1,16,16,0.0,8.5,1
21389,1,10,10,0.9,5.5,0
21425,1,3,3,0.3333333333333333,2.0,0
21456,2,40,36,0.325,13.0,1
21463,1,10,10,0.3,5.5,0
21469,1,3,3,0.6666666666666666,2.0,0
21470,2,5,5,0.6,1.8,0
21471,1,7,7,0.5714285714285714,4.0,0
21489,1,10,10,0.0,5.5,0
21516,2,23,21,0.8260869565217391,6.260869565217392,1
21519,1,8,8,0.75,4.5,0
21535,1,4,4,0.75,2.5,0
21551,2,44,39,0.8636363636363636,15.340909090909092,1
21560,1,17,17,0.47058823529411764,9.0,1
21574,1,3,3,0.6666666666666666,2.0,0
21582,2,9,9,0.8888888888888888,3.0,0
21587,1,9,9,0.5555555555555556,5.0,0
21616,1,9,9,0.6666666666666666,5.0,0
21626,1,14,14,0.6428571428571429,7.5,0
21630,1,16,16,0.8125,8.5,1
21632,1,19,19,0.9473684210526315,10.0,1
21633,1,2,2,1.0,1.5,0
21637,2,18,14,0.8888888888888888,5.0,1
21641,1,5,5,1.0,3.0,0
21642,1,9,9,0.4444444444444444,5.0,0
21643,2,6,5,1.0,2.0,0
21653,1,9,9,1.0,5.0,0
21666,1,32,32,0.5625,16.5,1
21677,1,9,9,0.0,5.0,0
21729,1,11,11,0.45454545454545453,6.0,0
21782,1,8,8,1.0,4.5,0
21789,1,9,9,0.6666666666666666,5.0,0
21803,1,10,10,0.5,5.5,0
21807,1,8,8,1.0,4.5,0
21819,3,25,21,0.92,5.64,1
21823,1,8,8,0.25,4.5,0
21828,1,10,10,0.9,5.5,0
21835,1,8,8,0.625,4.5,0
21854,1,25,25,0.68,13.0,1
21879,1,12,12,0.5,6.5,0
21887,1,2,2,1.0,1.5,0
21929,1,26,26,0.6153846153846154,13.5,1
21931,1,43,43,0.7209302325581395,22.0,1
21936,1,5,5,0.6,3.0,0
21946,1,25,25,0.32,13.0,1
21959,1,47,47,0.6595744680851063,24.0,1
21986,1,10,10,0.6,5.5,0
22005,1,14,14,0.8571428571428571,7.5,0
22028,1,1,1,1.0,1.0,0
22031,2,8,8,1.0,2.625,0
22035,1,17,17,0.8235294117647058,9.0,1
22037,1,5,5,0.8,3.0,0
22055,1,3,3,0.0,2.0,0
22068,1,5,5,0.8,3.0,0
22093,1,8,8,0.375,4.5,0
22104,3,12,10,0.9166666666666666,2.75,0
22108,1,2,2,1.0,1.5,0
22122,1,1,1,0.0,1.0,0
22129,1,13,13,0.3076923076923077,7.0,0
22133,1,7,7,1.0,4.0,0
22168,1,4,4,1.0,2.5,0
22180,1,3,3,1.0,2.0,0
22187,1,1,1,1.0,1.0,0
22198,1,1,1,1.0,1.0,0
22205,2,15,14,0.3333333333333333,4.666666666666667,1
22211,1,4,4,0.75,2.5,0
22240,1,9,9,0.2222222222222222,5.0,0
22243,2,28,25,0.6071428571428571,8.785714285714286,1
22246,1,9,9,0.8888888888888888,5.0,0
22263,1,5,5,0.4,3.0,0
22270,1,10,10,0.7,5.5,0
22274,4,20,17,0.6,3.1,1
22285,2,16,16,0.25,6.75,1
22317,1,11,11,0.18181818181818182,6.0,0
22318,1,10,10,0.6,5.5,0
22322,1,12,12,0.8333333333333334,6.5,0
22337,2,3,2,1.0,1.3333333333333333,0
22344,1,1,1,1.0,1.0,0
22350,1,5,5,0.0,3.0,0
22351,1,2,2,0.5,1.5,0
22352,1,3,3,0.0,2.0,0
22357,1,7,7,0.42857142857142855,4.0,0
22364,1,16,16,0.3125,8.5,1
22373,1,14,14,1.0,7.5,0
22375,1,17,17,0.47058823529411764,9.0,1
22385,1,10,10,0.3,5.5,0
22395,1,8,8,0.625,4.5,0
22401,1,14,14,0.5,7.5,0
22418,1,2,2,1.0,1.5,0
22421,1,7,7,0.14285714285714285,4.0,0
22433,1,5,5,0.0,3.0,0
22440,1,8,8,1.0,4.5,0
22447,1,17,17,0.7058823529411765,9.0,1
22459,1,9,9,0.4444444444444444,5.0,0
22466,1,9,9,0.5555555555555556,5.0,0
22488,1,10,10,0.8,5.5,0
22505,1,27,27,0.2962962962962963,14.0,1
22506,1,14,14,0.7142857142857143,7.5,0
22507,1,7,7,0.42857142857142855,4.0,0
22517,1,9,9,0.3333333333333333,5.0,0
22519,2,46,36,0.45652173913043476,12.347826086956522,1
22520,1,15,15,0.7333333333333333,8.0,1
22524,1,11,11,0.45454545454545453,6.0,0
22530,1,15,15,0.9333333333333333,8.0,1
22562,1,9,9,0.5555555555555556,5.0,0
22570,1,5,5,0.8,3.0,0
22606,1,22,22,0.9545454545454546,11.5,1
22616,1,10,10,0.2,5.5,0
22619,1,20,20,0.9,10.5,1
22621,1,25,25,0.64,13.0,1
22624,1,1,1,1.0,1.0,0
22652,1,2,2,1.0,1.5,0
22664,1,10,10,0.9,5.5,0
22674,1,17,17,0.0,9.0,1
22684,1,4,4,0.0,2.5,0
22686,1,14,14,0.42857142857142855,7.5,0
22698,1,16,16,0.625,8.5,1
22728,1,4,4,0.0,2.5,0
22756,1,12,12,0.16666666666666666,6.5,0
22757,1,7,7,0.8571428571428571,4.0,0
22758,1,3,3,0.3333333333333333,2.0,0
22773,2,22,21,0.6363636363636364,7.636363636363637,1
22778,1,14,14,0.7142857142857143,7.5,0
22824,1,6,6,0.8333333333333334,3.5,0
22835,3,31,24,0.4838709677419355,6.387096774193548,1
22836,1,11,11,0.6363636363636364,6.0,0
22842,1,3,3,1.0,2.0,0
22845,1,4,4,0.75,2.5,0
22852,1,14,14,0.42857142857142855,7.5,0
22865,1,5,5,1.0,3.0,0
22869,1,3,3,1.0,2.0,0
22904,2,21,15,0.8095238095238095,5.761904761904762,1
22909,2,27,26,0.7037037037037037,8.0,1
22914,2,22,21,0.8181818181818182,7.136363636363637,1
22926,1,25,25,0.56,13.0,1
22927,1,9,9,0.3333333333333333,5.0,0
22937,1,6,6,1.0,3.5,0
22948,1,6,6,0.6666666666666666,3.5,0
22961,1,15,15,0.7333333333333333,8.0,1
22962,1,1,1,0.0,1.0,0
22963,2,23,18,0.6956521739130435,7.130434782608695,1
22967,1,12,12,0.5,6.5,0
22983,1,7,7,0.7142857142857143,4.0,0
22986,1,10,10,0.9,5.5,0
22995,1,9,9,0.3333333333333333,5.0,0
23001,1,14,14,0.0,7.5,0
23011,1,18,18,0.3333333333333333,9.5,1
23023,1,19,19,0.631578947368421,10.0,1
23033,1,8,8,1.0,4.5,0
23040,1,11,11,0.45454545454545453,6.0,0
23047,1,9,9,0.1111111111111111,5.0,0
23053,1,12,12,0.9166666666666666,6.5,0
23057,1,13,13,0.6153846153846154,7.0,0
23061,1,3,3,1.0,2.0,0
23096,1,1,1,0.0,1.0,0
23106,1,13,13,0.0,7.0,0
23107,1,16,16,1.0,8.5,1
23122,1,6,6,0.16666666666666666,3.5,0
23140,1,12,12,0.75,6.5,0
23150,1,17,17,0.0,9.0,1
23162,1,14,14,0.14285714285714285,7.5,0
23170,1,15,15,1.0,8.0,1
23172,1,5,5,1.0,3.0,0
23198,1,9,9,0.3333333333333333,5.0,0
23208,1,2,2,1.0,1.5,0
23224,1,6,6,1.0,3.5,0
23244,1,41,41,0.7804878048780488,21.0,1
23264,1,13,13,0.7692307692307693,7.0,0
23266,1,3,3,0.6666666666666666,2.0,0
23275,1,14,14,0.7857142857142857,7.5,0
23278,1,29,29,0.41379310344827586,15.0,1
23297,1,20,20,0.8,10.5,1
23332,1,6,6,0.5,3.5,0
23341,1,21,21,0.9047619047619048,11.0,1
23346,1,4,4,0.25,2.5,0
23351,1,10,10,0.7,5.5,0
23370,1,7,7,0.8571428571428571,4.0,0
23371,1,14,14,1.0,7.5,0
23372,1,30,30,0.0,15.5,1
23378,2,23,19,0.7391304347826086,6.260869565217392,1
23379,1,1,1,1.0,1.0,0
23391,1,6,6,1.0,3.5,0
23397,1,7,7,0.2857142857142857,4.0,0
23405,1,32,32,0.125,16.5,1
23415,1,14,14,0.8571428571428571,7.5,0
23425,1,15,15,0.5333333333333333,8.0,1
23470,1,2,2,1.0,1.5,0
23475,1,20,20,0.35,10.5,1
23492,1,2,2,1.0,1.5,0
23498,1,7,7,0.8571428571428571,4.0,0
23524,1,11,11,0.6363636363636364,6.0,0
23535,1,6,6,0.5,3.5,0
23548,1,8,8,1.0,4.5,0
23563,1,10,10,0.6,5.5,0
23566,1,14,14,0.7857142857142857,7.5,0
23568,1,16,16,0.875,8.5,1
23584,1,25,25,0.68,13.0,1
23601,1,21,21,0.19047619047619047,11.0,1
23618,1,13,13,0.0,7.0,0
23627,1,20,20,0.5,10.5,1
23630,1,10,10,0.6,5.5,0
23642,1,1,1,1.0,1.0,0
23644,2,6,5,0.8333333333333334,2.6666666666666665,0
23663,1,22,22,0.0,11.5,1
23664,1,5,5,1.0,3.0,0
23695,1,2,2,1.0,1.5,0
23711,1,19,19,0.9473684210526315,10.0,1
23750,1,16,16,0.0,8.5,1
23753,1,1,1,1.0,1.0,0
23783,1,7,7,0.8571428571428571,4.0,0
23832,2,33,30,0.9090909090909091,9.666666666666666,1
23841,1,7,7,1.0,4.0,0
23845,1,4,4,0.25,2.5,0
23851,1,5,5,0.4,3.0,0
23875,2,19,17,0.7368421052631579,5.368421052631579,1
23878,1,12,12,0.8333333333333334,6.5,0
23897,1,5,5,0.4,3.0,0
23931,1,4,4,0.25,2.5,0
23933,1,11,11,0.6363636363636364,6.0,0
23974,1,3,3,0.6666666666666666,2.0,0
24014,1,14,14,0.5714285714285714,7.5,0
24019,1,14,14,0.5714285714285714,7.5,0
24034,1,35,35,0.6285714285714286,18.0,1
24065,1,68,68,0.7352941176470589,34.5,1
24079,1,7,7,0.7142857142857143,4.0,0
24081,1,14,14,0.0,7.5,0
24085,1,8,8,0.5,4.5,0
24106,1,9,9,0.3333333333333333,5.0,0
24113,1,10,10,0.8,5.5,0
24124,1,3,3,0.6666666666666666,2.0,0
24135,1,47,47,0.8936170212765957,24.0,1
24146,1,7,7,0.8571428571428571,4.0,0
24147,1,5,5,0.8,3.0,0
24157,1,12,12,0.0,6.5,0
24166,1,3,3,1.0,2.0,0
24167,1,14,14,0.5714285714285714,7.5,0
24170,1,8,8,1.0,4.5,0
24173,1,9,9,0.4444444444444444,5.0,0
24195,1,9,9,0.5555555555555556,5.0,0
24205,1,15,15,0.5333333333333333,8.0,1
24206,2,15,13,0.4666666666666667,4.666666666666667,1
24213,1,24,24,0.5416666666666666,12.5,1
24226,1,8,8,0.0,4.5,0
24258,1,1,1,0.0,1.0,0
24261,1,1,1,1.0,1.0,0
24272,1,13,13,0.0,7.0,0
24299,1,3,3,0.0,2.0,0
24301,1,13,13,0.6153846153846154,7.0,0
24305,1,10,10,0.5,5.5,0
24312,1,4,4,1.0,2.5,0
24319,1,14,14,0.0,7.5,0
24366,1,4,4,0.5,2.5,0
24406,2,13,12,0.6923076923076923,3.923076923076923,0
24415,1,7,7,0.42857142857142855,4.0,0
24434,1,5,5,0.4,3.0,0
24447,1,23,23,0.5652173913043478,12.0,1
24448,1,10,10,0.4,5.5,0
24466,1,2,2,0.5,1.5,0
24486,1,11,11,0.2727272727272727,6.0,0
24504,1,12,12,0.0,6.5,0
24508,1,3,3,0.6666666666666666,2.0,0
24511,1,25,25,0.92,13.0,1
24530,1,23,23,0.782608695652174,12.0,1
24548,1,2,2,0.5,1.5,0
24565,3,32,24,0.96875,6.15625,1
24575,1,33,33,0.5151515151515151,17.0,1
24576,1,5,5,0.8,3.0,0
24609,1,12,12,0.9166666666666666,6.5,0
24621,1,27,27,0.8148148148148148,14.0,1
24622,1,5,5,0.0,3.0,0
24631,1,13,13,0.5384615384615384,7.0,0
24634,1,6,6,0.3333333333333333,3.5,0
24657,1,17,17,0.5294117647058824,9.0,1
24659,1,7,7,1.0,4.0,0
24667,2,15,14,0.4,4.266666666666667,1
24681,1,7,7,1.0,4.0,0
24693,1,6,6,1.0,3.5,0
24704,1,4,4,0.75,2.5,0
24706,2,21,21,0.42857142857142855,6.0476190476190474,1
24719,1,5,5,0.4,3.0,0
24721,1,8,8,0.75,4.5,0
24738,1,3,3,0.3333333333333333,2.0,0
24742,1,1,1,1.0,1.0,0
24768,1,5,5,0.0,3.0,0
24789,1,5,5,0.4,3.0,0
24792,1,7,7,0.42857142857142855,4.0,0
24823,1,35,35,0.6285714285714286,18.0,1
24847,1,6,6,0.0,3.5,0
24848,1,2,2,0.0,1.5,0
24860,1,3,3,0.3333333333333333,2.0,0
24882,1,7,7,0.8571428571428571,4.0,0
24913,1,6,6,1.0,3.5,0
24914,1,6,6,0.8333333333333334,3.5,0
24930,1,4,4,0.75,2.5,0
25013,1,1,1,0.0,1.0,0
25023,1,5,5,0.4,3.0,0
25033,1,22,22,0.5909090909090909,11.5,1
25041,1,13,13,0.6153846153846154,7.0,0
25063,1,3,3,0.6666666666666666,2.0,0
25085,2,11,8,0.9090909090909091,3.272727272727273,0
25090,1,13,13,0.8461538461538461,7.0,0
25099,1,4,4,0.0,2.5,0
25116,1,7,7,0.7142857142857143,4.0,0
25121,1,5,5,0.6,3.0,0
25122,1,5,5,0.2,3.0,0
25136,1,12,12,0.6666666666666666,6.5,0
25141,1,1,1,1.0,1.0,0
25149,1,28,28,0.75,14.5,1
25167,1,24,24,0.9166666666666666,12.5,1
25193,1,3,3,1.0,2.0,0
25242,2,12,12,0.5,3.8333333333333335,0
25254,1,2,2,0.0,1.5,0
25261,1,16,16,0.0,8.5,1
25287,1,1,1,0.0,1.0,0
25295,1,13,13,0.8461538461538461,7.0,0
25306,1,6,6,1.0,3.5,0
25321,1,19,19,1.0,10.0,1
25322,2,26,26,0.7307692307692307,7.346153846153846,1
25347,2,17,14,1.0,5.470588235294118,1
25351,1,5,5,0.0,3.0,0
25358,1,12,12,0.3333333333333333,6.5,0
25368,1,12,12,0.4166666666666667,6.5,0
25388,1,3,3,0.0,2.0,0
25396,1,22,22,0.45454545454545453,11.5,1
25397,1,9,9,0.3333333333333333,5.0,0
25401,1,13,13,0.46153846153846156,7.0,0
25409,1,1,1,1.0,1.0,0
25412,1,30,30,0.6666666666666666,15.5,1
25414,2,16,15,0.5625,4.5625,1
25416,1,6,6,1.0,3.5,0
25433,1,5,5,0.8,3.0,0
25440,1,21,21,0.8571428571428571,11.0,1
25466,1,22,22,1.0,11.5,1
25472,1,16,16,0.8125,8.5,1
25482,1,1,1,1.0,1.0,0
25503,1,3,3,1.0,2.0,0
25508,1,5,5,0.4,3.0,0
25517,2,19,15,0.47368421052631576,5.2631578947368425,1
25532,1,12,12,0.5833333333333334,6.5,0
25538,1,25,25,0.4,13.0,1
25539,1,3,3,0.3333333333333333,2.0,0
25540,2,26,22,0.5769230769230769,7.153846153846154,1
25544,1,13,13,0.5384615384615384,7.0,0
25545,1,4,4,0.5,2.5,0
25557,1,4,4,1.0,2.5,0
25559,1,4,4,0.75,2.5,0
25576,1,3,3,1.0,2.0,0
25579,1,18,18,0.7777777777777778,9.5,1
25582,1,18,18,0.6666666666666666,9.5,1
25596,1,9,9,0.4444444444444444,5.0,0
25600,1,5,5,0.6,3.0,0
25615,1,11,11,0.9090909090909091,6.0,0
25633,1,1,1,1.0,1.0,0
25636,2,8,8,0.5,3.0,0
25645,1,3,3,1.0,2.0,0
25666,1,3,3,0.6666666666666666,2.0,0
25685,1,28,28,0.9285714285714286,14.5,1
25715,2,6,6,0.8333333333333334,2.6666666666666665,0
25721,1,13,13,0.38461538461538464,7.0,0
25732,1,10,10,0.4,5.5,0
25744,1,3,3,1.0,2.0,0
25747,1,6,6,1.0,3.5,0
25768,1,18,18,0.2777777777777778,9.5,1
25775,1,12,12,0.9166666666666666,6.5,0
25781,1,11,11,0.9090909090909091,6.0,0
25783,1,9,9,0.4444444444444444,5.0,0
25793,1,11,11,0.18181818181818182,6.0,0
25816,1,23,23,0.0,12.0,1
25834,1,22,22,0.7272727272727273,11.5,1
25838,1,6,6,1.0,3.5,0
25862,1,9,9,0.5555555555555556,5.0,0
25867,1,13,13,0.7692307692307693,7.0,0
25870,2,7,7,0.5714285714285714,2.5714285714285716,0
25873,2,16,15,0.75,4.75,1
25876,1,3,3,0.3333333333333333,2.0,0
25877,1,1,1,1.0,1.0,0
25882,1,14,14,0.35714285714285715,7.5,0
25883,1,7,7,0.14285714285714285,4.0,0
25897,1,26,26,0.34615384615384615,13.5,1
25902,1,19,19,0.42105263157894735,10.0,1
25920,1,8,8,0.0,4.5,0
25923,1,4,4,0.25,2.5,0
25925,1,5,5,0.6,3.0,0
25966,1,4,4,0.75,2.5,0
25967,1,9,9,0.0,5.0,0
25981,1,7,7,1.0,4.0,0
25987,1,15,15,0.9333333333333333,8.0,1
25993,1,5,5,0.6,3.0,0
26022,1,7,7,0.8571428571428571,4.0,0
26029,1,6,6,1.0,3.5,0
26030,2,19,18,0.8421052631578947,5.894736842105263,1
26033,1,8,8,0.25,4.5,0
26064,1,10,10,1.0,5.5,0
26072,1,6,6,0.3333333333333333,3.5,0
26074,1,9,9,0.7777777777777778,5.0,0
26086,1,16,16,0.875,8.5,1
26092,1,7,7,1.0,4.0,0
26101,1,1,1,1.0,1.0,0
26111,1,18,18,0.4444444444444444,9.5,1
26113,1,11,11,0.8181818181818182,6.0,0
26117,1,7,7,0.5714285714285714,4.0,0
26120,1,12,12,1.0,6.5,0
26123,1,18,18,0.9444444444444444,9.5,1
26130,1,18,18,0.6666666666666666,9.5,1
26145,1,16,16,0.9375,8.5,1
26150,1,4,4,0.0,2.5,0
26183,1,9,9,0.4444444444444444,5.0,0
26189,1,11,11,0.2727272727272727,6.0,0
26199,1,16,16,0.8125,8.5,1
26225,1,16,16,0.5625,8.5,1
26226,1,3,3,1.0,2.0,0
26235,1,22,22,0.45454545454545453,11.5,1
26271,1,37,37,0.5945945945945946,19.0,1
26274,1,3,3,0.0,2.0,0
26277,1,1,1,0.0,1.0,0
26279,1,11,11,0.2727272727272727,6.0,0
26299,1,29,29,0.6896551724137931,15.0,1
26308,1,34,34,0.5882352941176471,17.5,1
26312,1,36,36,0.8611111111111112,18.5,1
26325,1,8,8,0.375,4.5,0
26337,1,4,4,1.0,2.5,0
26355,1,6,6,0.6666666666666666,3.5,0
26363,1,17,17,0.4117647058823529,9.0,1
26387,1,5,5,0.6,3.0,0
26392,1,3,3,0.3333333333333333,2.0,0
26395,1,2,2,1.0,1.5,0
26412,1,7,7,1.0,4.0,0
26416,1,1,1,1.0,1.0,0
26422,1,5,5,0.6,3.0,0
26428,2,13,11,0.6923076923076923,3.923076923076923,0
26441,1,2,2,0.5,1.5,0
26454,1,5,5,1.0,3.0,0
26471,1,7,7,0.7142857142857143,4.0,0
26481,1,3,3,0.6666666666666666,2.0,0
26489,1,1,1,1.0,1.0,0
26536,1,6,6,1.0,3.5,0
26546,2,12,12,0.75,3.5,0
26553,1,3,3,0.3333333333333333,2.0,0
26559,1,16,16,0.8125,8.5,1
26564,1,11,11,0.6363636363636364,6.0,0
26591,1,8,8,0.0,4.5,0
26599,1,3,3,0.6666666666666666,2.0,0
26602,1,15,15,0.8666666666666667,8.0,1
26615,1,13,13,0.7692307692307693,7.0,0
26620,1,5,5,0.4,3.0,0
26628,1,7,7,0.8571428571428571,4.0,0
26635,1,4,4,1.0,2.5,0
26652,1,14,14,0.9285714285714286,7.5,0
26665,1,14,14,0.7142857142857143,7.5,0
26669,1,5,5,0.8,3.0,0
26693,1,4,4,1.0,2.5,0
26708,1,14,14,0.9285714285714286,7.5,0
26712,1,13,13,0.6153846153846154,7.0,0
26714,1,17,17,0.8235294117647058,9.0,1
26718,1,4,4,0.75,2.5,0
26727,1,13,13,0.7692307692307693,7.0,0
26735,1,5,5,1.0,3.0,0
26745,1,1,1,1.0,1.0,0
26763,1,7,7,0.42857142857142855,4.0,0
26770,1,2,2,1.0,1.5,0
26783,1,5,5,0.4,3.0,0
26802,1,11,11,0.18181818181818182,6.0,0
26810,1,2,2,0.5,1.5,0
26819,1,3,3,1.0,2.0,0
26832,1,7,7,0.5714285714285714,4.0,0
26846,1,2,2,1.0,1.5,0
26861,1,1,1,0.0,1.0,0
26871,1,10,10,0.1,5.5,0
26878,1,3,3,1.0,2.0,0
26884,1,3,3,0.3333333333333333,2.0,0
26885,1,17,17,0.6470588235294118,9.0,1
26890,1,12,12,0.0,6.5,0
26897,2,53,41,0.9433962264150944,13.867924528301886,1
26899,1,2,2,1.0,1.5,0
26915,1,2,2,1.0,1.5,0
26938,2,43,34,0.8372093023255814,11.30232558139535,1
26948,1,7,7,0.7142857142857143,4.0,0
26978,1,10,10,0.9,5.5,0
26984,2,11,9,0.7272727272727273,3.4545454545454546,0
26993,1,17,17,0.6470588235294118,9.0,1
26999,1,11,11,0.36363636363636365,6.0,0
27022,2,30,26,0.4666666666666667,8.3,1
27027,1,5,5,0.2,3.0,0
27036,1,4,4,1.0,2.5,0
27042,1,11,11,0.6363636363636364,6.0,0
27077,1,26,26,0.4230769230769231,13.5,1
27081,1,2,2,0.5,1.5,0
27108,1,22,22,0.8181818181818182,11.5,1
27170,1,11,11,0.5454545454545454,6.0,0
27186,1,4,4,0.5,2.5,0
27212,1,13,13,0.9230769230769231,7.0,0
27245,1,16,16,0.5625,8.5,1
27250,1,11,11,0.5454545454545454,6.0,0
27263,1,9,9,0.6666666666666666,5.0,0
27268,1,1,1,0.0,1.0,0
27281,1,1,1,1.0,1.0,0
27292,1,5,5,0.8,3.0,0
27295,2,38,28,0.7105263157894737,10.421052631578947,1
27306,1,8,8,0.375,4.5,0
27312,1,8,8,1.0,4.5,0
27344,1,6,6,0.5,3.5,0
27353,2,24,21,0.9166666666666666,6.5,1
27360,1,10,10,1.0,5.5,0
27386,1,5,5,0.4,3.0,0
27392,1,2,2,1.0,1.5,0
27404,1,6,6,0.3333333333333333,3.5,0
27414,1,11,11,1.0,6.0,0
27435,1,13,13,0.5384615384615384,7.0,0
27448,1,3,3,0.3333333333333333,2.0,0
27450,2,6,6,0.8333333333333334,2.1666666666666665,0
27466,1,12,12,0.8333333333333334,6.5,0
27498,1,5,5,0.6,3.0,0
27526,1,4,4,0.0,2.5,0
27539,1,5,5,0.6,3.0,0
27546,1,16,16,0.0,8.5,1
27549,1,9,9,0.3333333333333333,5.0,0
27550,1,13,13,0.7692307692307693,7.0,0
27557,1,15,15,0.9333333333333333,8.0,1
27561,1,12,12,0.08333333333333333,6.5,0
27565,1,8,8,0.75,4.5,0
27568,1,5,5,0.2,3.0,0
27575,1,9,9,0.0,5.0,0
27577,2,18,15,0.7222222222222222,5.222222222222222,1
27580,1,6,6,0.6666666666666666,3.5,0
27582,1,23,23,0.30434782608695654,12.0,1
27584,1,5,5,0.6,3.0,0
27594,1,19,19,0.42105263157894735,10.0,1
27606,1,2,2,0.5,1.5,0
27608,1,7,7,0.5714285714285714,4.0,0
27623,1,3,3,0.6666666666666666,2.0,0
27625,1,7,7,1.0,4.0,0
27641,1,9,9,0.5555555555555556,5.0,0
27642,1,5,5,1.0,3.0,0
27661,1,15,15,0.4,8.0,1
27664,1,6,6,0.0,3.5,0
27670,1,7,7,0.7142857142857143,4.0,0
27671,1,7,7,0.5714285714285714,4.0,0
27672,1,18,18,1.0,9.5,1
27679,1,5,5,0.8,3.0,0
27682,1,3,3,0.3333333333333333,2.0,0
27726,1,9,9,0.7777777777777778,5.0,0
27730,1,16,16,0.9375,8.5,1
27733,1,15,15,0.5333333333333333,8.0,1
27750,1,12,12,0.0,6.5,0
27754,3,51,42,0.5294117647058824,9.843137254901961,1
27770,2,13,9,0.8461538461538461,3.923076923076923,0
27772,1,21,21,0.14285714285714285,11.0,1
27784,1,14,14,0.5714285714285714,7.5,0
27785,1,3,3,0.3333333333333333,2.0,0
27791,1,3,3,0.3333333333333333,2.0,0
27801,1,27,27,0.5925925925925926,14.0,1
27836,1,13,13,0.46153846153846156,7.0,0
27838,1,10,10,0.5,5.5,0
27896,2,32,31,0.625,8.625,1
27900,1,34,34,0.9705882352941176,17.5,1
27907,1,9,9,0.3333333333333333,5.0,0
27919,1,9,9,0.2222222222222222,5.0,0
27921,1,10,10,0.3,5.5,0
27944,1,8,8,0.875,4.5,0
27952,1,19,19,0.5263157894736842,10.0,1
28010,1,3,3,0.3333333333333333,2.0,0
28044,2,6,6,0.6666666666666666,2.6666666666666665,0
28054,1,19,19,0.8421052631578947,10.0,1
28056,1,23,23,0.34782608695652173,12.0,1
28088,1,12,12,0.16666666666666666,6.5,0
28102,2,13,13,0.46153846153846156,5.3076923076923075,1
28117,1,9,9,0.8888888888888888,5.0,0
28120,1,7,7,0.5714285714285714,4.0,0
28134,1,13,13,0.7692307692307693,7.0,0
28150,1,1,1,1.0,1.0,0
28173,1,11,11,0.36363636363636365,6.0,0
28186,1,2,2,1.0,1.5,0
28191,1,5,5,0.2,3.0,0
28201,1,10,10,0.6,5.5,0
28218,1,2,2,0.5,1.5,0
28223,1,3,3,1.0,2.0,0
28238,2,9,8,0.8888888888888888,3.0,0
28250,1,14,14,0.42857142857142855,7.5,0
28266,1,17,17,1.0,9.0,1
28275,1,8,8,0.25,4.5,0
28281,1,8,8,0.875,4.5,0
28287,1,3,3,0.0,2.0,0
28311,1,13,13,0.46153846153846156,7.0,0
28320,1,10,10,1.0,5.5,0
28329,1,2,2,1.0,1.5,0
28332,1,5,5,0.4,3.0,0
28345,1,5,5,0.0,3.0,0
28378,1,8,8,0.75,4.5,0
28394,1,15,15,0.4,8.0,1
28401,1,34,34,0.14705882352941177,17.5,1
28415,1,8,8,1.0,4.5,0
28427,1,25,25,0.64,13.0,1
28439,1,1,1,0.0,1.0,0
28445,1,16,16,0.6875,8.5,1
28446,1,15,15,1.0,8.0,1
28455,1,29,29,0.3448275862068966,15.0,1
28460,1,24,24,0.5,12.5,1
28466,1,8,8,0.125,4.5,0
28467,1,4,4,0.0,2.5,0
28473,1,4,4,0.0,2.5,0
28476,1,9,9,1.0,5.0,0
28479,1,8,8,1.0,4.5,0
28483,1,5,5,0.2,3.0,0
28486,2,19,19,0.631578947368421,5.578947368421052,1
28492,1,38,38,0.34210526315789475,19.5,1
28522,1,18,18,0.0,9.5,1
28535,1,15,15,0.4666666666666667,8.0,1
28537,1,28,28,0.03571428571428571,14.5,1
28542,1,4,4,0.25,2.5,0
28543,1,12,12,0.8333333333333334,6.5,0
28547,1,12,12,0.9166666666666666,6.5,0
28567,1,18,18,0.7222222222222222,9.5,1
28571,1,2,2,1.0,1.5,0
28582,1,4,4,0.75,2.5,0
28584,1,14,14,0.8571428571428571,7.5,0
28585,1,10,10,0.2,5.5,0
28586,1,5,5,0.0,3.0,0
28600,1,6,6,0.8333333333333334,3.5,0
28640,1,1,1,1.0,1.0,0
28641,1,11,11,0.5454545454545454,6.0,0
28659,1,4,4,0.0,2.5,0
28662,1,11,11,0.36363636363636365,6.0,0
28679,2,31,28,0.3225806451612903,8.451612903225806,1
28680,1,8,8,0.625,4.5,0
28685,1,15,15,0.9333333333333333,8.0,1
28710,1,30,30,0.6333333333333333,15.5,1
28723,1,13,13,0.0,7.0,0
28725,1,23,23,0.0,12.0,1
28730,1,10,10,0.7,5.5,0
28733,1,18,18,0.7777777777777778,9.5,1
28743,1,11,11,0.18181818181818182,6.0,0
28756,1,22,22,0.36363636363636365,11.5,1
28759,1,10,10,0.0,5.5,0
28773,1,5,5,1.0,3.0,0
28775,1,1,1,1.0,1.0,0
28778,1,9,9,0.6666666666666666,5.0,0
28798,1,9,9,0.8888888888888888,5.0,0
28820,1,9,9,0.2222222222222222,5.0,0
28826,1,12,12,1.0,6.5,0
28827,1,2,2,0.0,1.5,0
28830,1,14,14,0.8571428571428571,7.5,0
28847,1,11,11,0.6363636363636364,6.0,0
28866,1,5,5,0.6,3.0,0
28869,1,11,11,0.0,6.0,0
28881,1,3,3,1.0,2.0,0
28885,1,15,15,0.4,8.0,1
28907,1,3,3,0.6666666666666666,2.0,0
28910,1,14,14,0.42857142857142855,7.5,0
28917,1,14,14,0.9285714285714286,7.5,0
28921,1,14,14,0.42857142857142855,7.5,0
28945,1,16,16,0.4375,8.5,1
28950,1,29,29,1.0,15.0,1
28951,1,5,5,0.6,3.0,0
28957,1,17,17,0.47058823529411764,9.0,1
28963,1,10,10,0.4,5.5,0
28976,1,11,11,0.5454545454545454,6.0,0
28980,2,30,29,0.43333333333333335,8.033333333333333,1
28999,1,19,19,0.8947368421052632,10.0,1
29024,1,7,7,0.42857142857142855,4.0,0
29046,1,4,4,0.5,2.5,0
29067,1,3,3,1.0,2.0,0
29096,1,16,16,0.0,8.5,1
29098,1,8,8,0.25,4.5,0
29099,1,10,10,1.0,5.5,0
29136,1,4,4,0.5,2.5,0
29138,1,17,17,0.5294117647058824,9.0,1
29147,1,16,16,0.9375,8.5,1
29148,2,7,7,0.5714285714285714,2.2857142857142856,0
29149,1,18,18,0.5,9.5,1
29151,2,14,14,0.7142857142857143,4.071428571428571,0
29163,1,8,8,0.25,4.5,0
29167,1,18,18,0.9444444444444444,9.5,1
29176,1,10,10,0.4,5.5,0
29207,1,1,1,0.0,1.0,0
29216,1,22,22,0.5909090909090909,11.5,1
29218,1,18,18,0.4444444444444444,9.5,1
29227,1,15,15,0.8,8.0,1
29231,1,22,22,0.8181818181818182,11.5,1
29233,1,13,13,0.38461538461538464,7.0,0
29236,1,7,7,0.7142857142857143,4.0,0
29244,1,13,13,0.46153846153846156,7.0,0
29269,1,3,3,0.6666666666666666,2.0,0
29274,3,50,42,0.7,10.44,1
29283,1,20,20,0.0,10.5,1
29288,1,19,19,0.0,10.0,1
29291,1,16,16,0.0,8.5,1
29298,1,4,4,0.75,2.5,0
29308,1,9,9,0.7777777777777778,5.0,0
29370,3,36,27,0.6388888888888888,6.611111111111111,1
29412,1,18,18,0.2777777777777778,9.5,1
29413,1,14,14,0.8571428571428571,7.5,0
29424,1,9,9,0.2222222222222222,5.0,0
29430,1,6,6,0.8333333333333334,3.5,0
29436,1,11,11,0.5454545454545454,6.0,0
29448,1,2,2,0.0,1.5,0
29451,1,2,2,1.0,1.5,0
29453,1,5,5,0.8,3.0,0
29456,1,10,10,0.9,5.5,0
29459,1,12,12,0.6666666666666666,6.5,0
29471,1,6,6,0.0,3.5,0
29479,2,23,23,0.5652173913043478,6.3478260869565215,1
29482,1,19,19,1.0,10.0,1
29494,1,11,11,0.9090909090909091,6.0,0
29498,1,19,19,0.5789473684210527,10.0,1
29530,1,14,14,0.5714285714285714,7.5,0
29552,1,14,14,0.6428571428571429,7.5,0
29561,2,18,18,0.3333333333333333,5.222222222222222,1
29570,1,6,6,0.8333333333333334,3.5,0
29596,1,8,8,0.375,4.5,0
29611,1,6,6,1.0,3.5,0
29621,1,10,10,1.0,5.5,0
29623,2,6,4,1.0,2.0,0
29639,1,1,1,1.0,1.0,0
29659,1,4,4,1.0,2.5,0
29665,1,14,14,0.7142857142857143,7.5,0
29675,1,10,10,0.4,5.5,0
29697,1,3,3,0.3333333333333333,2.0,0
29699,1,4,4,0.0,2.5,0
29713,1,11,11,0.9090909090909091,6.0,0
29723,1,4,4,0.5,2.5,0
29724,1,3,3,1.0,2.0,0
29727,1,1,1,1.0,1.0,0
29781,1,2,2,1.0,1.5,0
29790,1,4,4,0.75,2.5,0
29797,1,3,3,0.3333333333333333,2.0,0
29805,1,5,5,0.6,3.0,0
29846,1,19,19,0.42105263157894735,10.0,1
29869,1,7,7,0.8571428571428571,4.0,0
29896,1,6,6,0.5,3.5,0
29916,1,14,14,0.6428571428571429,7.5,0
29928,2,9,8,0.6666666666666666,4.111111111111111,0
29932,1,15,15,0.6666666666666666,8.0,1
29959,1,6,6,0.3333333333333333,3.5,0
29970,1,8,8,0.625,4.5,0
29974,1,4,4,0.0,2.5,0
29979,1,14,14,0.6428571428571429,7.5,0
29984,1,9,9,0.1111111111111111,5.0,0
29987,1,20,20,0.75,10.5,1
29995,1,7,7,0.5714285714285714,4.0,0
30007,1,16,16,0.5625,8.5,1
30009,1,3,3,0.0,2.0,0
30024,1,11,11,1.0,6.0,0
30035,2,12,12,0.25,3.8333333333333335,0
30070,1,5,5,1.0,3.0,0
30079,2,43,41,0.27906976744186046,11.30232558139535,1
30096,1,5,5,0.8,3.0,0
30098,1,21,21,0.9047619047619048,11.0,1
30154,1,12,12,0.5,6.5,0
30165,1,7,7,0.42857142857142855,4.0,0
30182,1,10,10,0.0,5.5,0
30213,1,16,16,0.3125,8.5,1
30222,1,12,12,0.8333333333333334,6.5,0
30227,1,6,6,0.5,3.5,0
30252,1,1,1,1.0,1.0,0
30260,1,24,24,0.9166666666666666,12.5,1
30275,1,6,6,1.0,3.5,0
30287,1,3,3,0.6666666666666666,2.0,0
30293,1,14,14,0.7142857142857143,7.5,0
30307,1,12,12,0.5,6.5,0
30320,1,8,8,0.375,4.5,0
30323,1,6,6,0.5,3.5,0
30367,1,10,10,0.4,5.5,0
30379,1,7,7,0.42857142857142855,4.0,0
30380,1,18,18,0.4444444444444444,9.5,1
30382,1,7,7,0.5714285714285714,4.0,0
30388,1,21,21,0.09523809523809523,11.0,1
30418,1,37,37,0.8918918918918919,19.0,1
30429,1,14,14,0.5714285714285714,7.5,0
30439,1,14,14,0.7857142857142857,7.5,0
30448,1,19,19,0.0,10.0,1
30502,1,17,17,0.8823529411764706,9.0,1
30520,1,5,5,1.0,3.0,0
30526,1,7,7,0.5714285714285714,4.0,0
30542,1,7,7,0.7142857142857143,4.0,0
30548,1,21,21,0.19047619047619047,11.0,1
30564,2,28,28,0.7857142857142857,7.821428571428571,1
30572,1,13,13,0.38461538461538464,7.0,0
30576,1,14,14,0.5714285714285714,7.5,0
30603,1,3,3,0.3333333333333333,2.0,0
30616,1,3,3,1.0,2.0,0
30617,1,14,14,0.5714285714285714,7.5,0
30618,1,4,4,1.0,2.5,0
30625,1,3,3,0.3333333333333333,2.0,0
30634,1,10,10,0.3,5.5,0
30647,1,7,7,0.8571428571428571,4.0,0
30650,2,11,11,0.2727272727272727,3.272727272727273,0
30675,1,22,22,0.8181818181818182,11.5,1
30686,2,4,3,1.0,1.5,0
30695,1,3,3,1.0,2.0,0
30698,1,12,12,0.9166666666666666,6.5,0
30716,1,28,28,0.25,14.5,1
30737,1,5,5,0.8,3.0,0
30752,1,19,19,0.8421052631578947,10.0,1
30763,1,5,5,0.0,3.0,0
30780,1,10,10,0.9,5.5,0
30785,1,16,16,0.6875,8.5,1
30787,1,9,9,1.0,5.0,0
30816,1,3,3,0.0,2.0,0
30822,1,14,14,0.7142857142857143,7.5,0
30845,1,1,1,1.0,1.0,0
30849,1,6,6,0.0,3.5,0
30856,1,3,3,0.3333333333333333,2.0,0
30883,1,9,9,1.0,5.0,0
30904,1,22,22,0.2727272727272727,11.5,1
30930,1,15,15,0.6,8.0,1
30952,1,4,4,0.25,2.5,0
30959,1,11,11,0.45454545454545453,6.0,0
30981,1,2,2,1.0,1.5,0
30997,1,7,7,0.8571428571428571,4.0,0
31001,1,3,3,0.3333333333333333,2.0,0
31003,1,14,14,0.0,7.5,0
31007,1,5,5,0.8,3.0,0
31010,1,24,24,0.875,12.5,1
31012,1,3,3,1.0,2.0,0
31019,1,10,10,0.9,5.5,0
31021,1,4,4,0.25,2.5,0
31030,1,10,10,0.8,5.5,0
31034,1,9,9,0.2222222222222222,5.0,0
31035,1,6,6,1.0,3.5,0
31038,1,7,7,0.8571428571428571,4.0,0
31057,1,19,19,0.7368421052631579,10.0,1
31067,1,3,3,0.6666666666666666,2.0,0
31096,1,16,16,1.0,8.5,1
31111,1,12,12,0.16666666666666666,6.5,0
31118,1,20,20,0.95,10.5,1
31120,1,15,15,0.6,8.0,1
31121,1,7,7,1.0,4.0,0
31127,1,9,9,0.7777777777777778,5.0,0
31145,1,22,22,0.45454545454545453,11.5,1
31156,2,10,10,0.7,3.4,0
31161,1,9,9,0.6666666666666666,5.0,0
31182,1,27,27,0.25925925925925924,14.0,1
31189,1,20,20,0.8,10.5,1
31204,1,6,6,1.0,3.5,0
31219,1,7,7,0.8571428571428571,4.0,0
31224,1,7,7,0.42857142857142855,4.0,0
31235,1,11,11,0.8181818181818182,6.0,0
31241,1,4,4,0.75,2.5,0
31253,1,9,9,0.2222222222222222,5.0,0
31259,1,1,1,1.0,1.0,0
31292,1,5,5,0.4,3.0,0
31302,1,7,7,0.5714285714285714,4.0,0
31308,1,26,26,0.0,13.5,1
31324,1,17,17,0.058823529411764705,9.0,1
31344,2,24,24,0.20833333333333334,7.541666666666667,1
31375,1,5,5,0.2,3.0,0
31384,1,8,8,0.625,4.5,0
31389,1,11,11,0.36363636363636365,6.0,0
31396,1,20,20,0.7,10.5,1
31399,1,8,8,0.875,4.5,0
31416,1,12,12,0.6666666666666666,6.5,0
31417,1,2,2,0.0,1.5,0
31419,1,13,13,0.46153846153846156,7.0,0
31427,1,7,7,0.0,4.0,0
31430,2,6,5,0.5,2.0,0
31445,1,5,5,0.2,3.0,0
31452,1,20,20,0.65,10.5,1
31465,1,4,4,1.0,2.5,0
31468,1,22,22,0.6363636363636364,11.5,1
31471,1,4,4,0.25,2.5,0
31486,1,2,2,1.0,1.5,0
31513,1,12,12,1.0,6.5,0
31516,1,9,9,0.0,5.0,0
31528,1,2,2,1.0,1.5,0
31534,1,10,10,0.7,5.5,0
31535,1,13,13,1.0,7.0,0
31562,1,16,16,0.3125,8.5,1
31582,1,16,16,0.75,8.5,1
31583,1,22,22,0.7727272727272727,11.5,1
31606,2,21,17,1.0,5.857142857142857,1
31613,1,31,31,0.5161290322580645,16.0,1
31615,1,10,10,0.6,5.5,0
31637,1,15,15,0.3333333333333333,8.0,1
31639,1,1,1,1.0,1.0,0
31642,1,14,14,0.9285714285714286,7.5,0
31658,2,32,25,0.84375,8.5,1
31663,1,13,13,0.9230769230769231,7.0,0
31669,1,4,4,0.5,2.5,0
31674,1,12,12,1.0,6.5,0
31677,1,8,8,0.75,4.5,0
31690,1,6,6,1.0,3.5,0
31716,1,21,21,0.38095238095238093,11.0,1
31719,1,4,4,0.25,2.5,0
31754,1,6,6,0.0,3.5,0
31760,1,8,8,0.75,4.5,0
31761,1,8,8,0.375,4.5,0
31763,1,5,5,1.0,3.0,0
31770,1,11,11,1.0,6.0,0
31773,1,25,25,0.72,13.0,1
31787,1,2,2,0.5,1.5,0
31802,1,2,2,1.0,1.5,0
31807,1,11,11,0.0,6.0,0
31812,1,12,12,0.08333333333333333,6.5,0
31816,1,2,2,1.0,1.5,0
31829,1,7,7,0.42857142857142855,4.0,0
31847,1,10,10,0.0,5.5,0
31849,1,5,5,1.0,3.0,0
31884,1,7,7,0.7142857142857143,4.0,0
31885,1,23,23,0.6956521739130435,12.0,1
31895,1,25,25,0.0,13.0,1
31898,1,18,18,0.6111111111111112,9.5,1
31900,1,21,21,0.8571428571428571,11.0,1
31914,1,10,10,0.0,5.5,0
31935,1,6,6,0.5,3.5,0
31957,1,20,20,0.6,10.5,1
31972,1,25,25,0.64,13.0,1
31977,1,14,14,0.9285714285714286,7.5,0
31982,1,12,12,0.75,6.5,0
31988,1,6,6,0.6666666666666666,3.5,0
31989,1,23,23,0.8260869565217391,12.0,1
31990,1,5,5,0.2,3.0,0
31998,1,5,5,0.4,3.0,0
32001,2,22,20,0.9090909090909091,7.636363636363637,1
32004,1,12,12,0.6666666666666666,6.5,0
32016,1,1,1,1.0,1.0,0
32024,1,10,10,0.2,5.5,0
32036,1,11,11,0.09090909090909091,6.0,0
32043,1,1,1,1.0,1.0,0
32082,1,2,2,0.0,1.5,0
32084,1,4,4,0.75,2.5,0
32099,1,22,22,0.36363636363636365,11.5,1
32107,1,7,7,0.42857142857142855,4.0,0
32121,1,1,1,1.0,1.0,0
32126,2,18,17,0.5555555555555556,5.222222222222222,1
32127,1,1,1,1.0,1.0,0
32134,1,8,8,0.5,4.5,0
32165,2,5,5,0.6,1.8,0
32186,1,27,27,0.37037037037037035,14.0,1
32208,2,12,10,1.0,3.5833333333333335,0
32210,1,3,3,0.6666666666666666,2.0,0
32221,1,12,12,0.75,6.5,0
32227,2,24,21,0.5416666666666666,6.875,1
32240,1,10,10,0.9,5.5,0
32248,1,7,7,0.7142857142857143,4.0,0
32252,2,9,9,0.6666666666666666,2.7777777777777777,0
32257,1,21,21,0.7142857142857143,11.0,1
32268,1,6,6,0.8333333333333334,3.5,0
32270,1,19,19,0.8947368421052632,10.0,1
32283,1,8,8,0.25,4.5,0
32288,1,1,1,0.0,1.0,0
32307,1,5,5,0.0,3.0,0
32314,1,2,2,1.0,1.5,0
32317,1,14,14,0.0,7.5,0
32321,1,21,21,0.0,11.0,1
32324,1,7,7,0.2857142857142857,4.0,0
32339,1,10,10,0.8,5.5,0
32340,1,1,1,0.0,1.0,0
32380,1,9,9,1.0,5.0,0
32385,1,4,4,0.75,2.5,0
32427,1,9,9,0.8888888888888888,5.0,0
32429,1,8,8,0.25,4.5,0
32442,1,8,8,0.75,4.5,0
32459,1,14,14,0.14285714285714285,7.5,0
32490,1,3,3,0.3333333333333333,2.0,0
32497,1,13,13,0.7692307692307693,7.0,0
32508,1,16,16,1.0,8.5,1
32512,1,11,11,0.5454545454545454,6.0,0
32528,1,6,6,1.0,3.5,0
32537,1,8,8,0.875,4.5,0
32557,1,8,8,0.5,4.5,0
32567,1,4,4,0.0,2.5,0
32574,1,14,14,0.2857142857142857,7.5,0
32575,1,10,10,0.1,5.5,0
32581,1,13,13,0.3076923076923077,7.0,0
32591,1,6,6,0.3333333333333333,3.5,0
32597,1,10,10,0.9,5.5,0
32618,1,11,11,0.36363636363636365,6.0,0
32620,1,8,8,0.0,4.5,0
32634,1,1,1,1.0,1.0,0
32644,1,3,3,0.6666666666666666,2.0,0
32652,1,5,5,1.0,3.0,0
32667,3,36,35,0.4444444444444444,7.861111111111111,1
32684,1,15,15,0.8,8.0,1
32686,1,6,6,1.0,3.5,0
32702,1,5,5,0.0,3.0,0
32717,2,8,8,0.625,2.5,0
32724,1,9,9,0.2222222222222222,5.0,0
32766,1,24,24,0.8333333333333334,12.5,1
32772,1,2,2,1.0,1.5,0
32775,2,13,12,0.6923076923076923,4.6923076923076925,0
32802,3,13,10,0.9230769230769231,3.076923076923077,1
32803,1,11,11,0.18181818181818182,6.0,0
32820,2,11,11,0.7272727272727273,5.090909090909091,0
32835,1,15,15,0.3333333333333333,8.0,1
32860,1,3,3,0.0,2.0,0
32875,1,13,13,0.6923076923076923,7.0,0
32910,1,6,6,0.8333333333333334,3.5,0
32912,1,3,3,0.0,2.0,0
32931,1,10,10,0.5,5.5,0
32937,1,9,9,0.3333333333333333,5.0,0
32939,1,7,7,1.0,4.0,0
32950,1,2,2,1.0,1.5,0
32953,1,22,22,0.8181818181818182,11.5,1
32969,1,7,7,0.0,4.0,0
32975,1,9,9,0.4444444444444444,5.0,0
32985,1,2,2,1.0,1.5,0
32999,1,1,1,0.0,1.0,0
33009,1,12,12,0.0,6.5,0
33039,1,18,18,0.7222222222222222,9.5,1
33045,1,11,11,0.2727272727272727,6.0,0
33055,1,12,12,0.8333333333333334,6.5,0
33056,1,5,5,0.8,3.0,0
33079,1,3,3,1.0,2.0,0
33083,1,7,7,0.0,4.0,0
33094,1,12,12,0.9166666666666666,6.5,0
33110,1,16,16,0.625,8.5,1
33133,1,7,7,0.0,4.0,0
33186,1,13,13,0.15384615384615385,7.0,0
33195,2,27,26,0.7777777777777778,10.592592592592593,1
33197,1,24,24,0.7916666666666666,12.5,1
33200,1,8,8,0.875,4.5,0
33222,1,6,6,0.0,3.5,0
33240,1,25,25,0.0,13.0,1
33242,1,1,1,1.0,1.0,0
33253,1,19,19,0.47368421052631576,10.0,1
33255,1,8,8,0.75,4.5,0
33263,1,22,22,0.7272727272727273,11.5,1
33268,1,7,7,0.7142857142857143,4.0,0
33308,1,5,5,0.2,3.0,0
33334,1,43,43,0.7209302325581395,22.0,1
33343,1,19,19,0.0,10.0,1
33386,1,1,1,0.0,1.0,0
33391,1,11,11,0.0,6.0,0
33397,1,3,3,0.6666666666666666,2.0,0
33436,1,9,9,0.5555555555555556,5.0,0
33437,1,12,12,0.25,6.5,0
33447,1,12,12,0.6666666666666666,6.5,0
33448,1,8,8,0.25,4.5,0
33452,1,20,20,0.8,10.5,1
33463,1,8,8,0.75,4.5,0
33466,1,1,1,1.0,1.0,0
33467,1,23,23,0.4782608695652174,12.0,1
33475,2,9,8,0.5555555555555556,2.7777777777777777,0
33481,2,32,30,0.78125,8.5,1
33488,1,5,5,0.4,3.0,0
33489,1,6,6,0.0,3.5,0
33495,1,8,8,1.0,4.5,0
33501,1,9,9,0.4444444444444444,5.0,0
33525,1,23,23,1.0,12.0,1
33526,1,7,7,0.42857142857142855,4.0,0
33549,1,10,10,0.6,5.5,0
33555,1,8,8,0.875,4.5,0
33581,1,3,3,0.0,2.0,0
33596,1,17,17,0.6470588235294118,9.0,1
33606,1,4,4,0.25,2.5,0
33611,1,11,11,0.2727272727272727,6.0,0
33618,1,10,10,0.8,5.5,0
33626,1,17,17,0.0,9.0,1
33627,1,14,14,0.5,7.5,0
33650,1,4,4,1.0,2.5,0
33704,1,17,17,0.47058823529411764,9.0,1
33713,1,3,3,0.3333333333333333,2.0,0
33716,1,16,16,0.75,8.5,1
33719,1,5,5,0.6,3.0,0
33731,1,3,3,1.0,2.0,0
33746,1,2,2,0.5,1.5,0
33747,1,15,15,1.0,8.0,1
33766,1,11,11,0.8181818181818182,6.0,0
33769,1,3,3,1.0,2.0,0
33780,1,7,7,0.0,4.0,0
33785,1,26,26,0.5384615384615384,13.5,1
33799,1,1,1,1.0,1.0,0
33807,1,6,6,1.0,3.5,0
33824,1,9,9,0.6666666666666666,5.0,0
33826,1,12,12,1.0,6.5,0
33829,1,4,4,1.0,2.5,0
33831,1,1,1,1.0,1.0,0
33845,1,17,17,0.47058823529411764,9.0,1
33863,1,17,17,0.9411764705882353,9.0,1
33867,1,2,2,0.5,1.5,0
33871,1,8,8,0.125,4.5,0
33886,1,10,10,1.0,5.5,0
33904,1,9,9,0.1111111111111111,5.0,0
33907,1,4,4,0.5,2.5,0
33914,1,13,13,0.46153846153846156,7.0,0
33915,1,20,20,0.9,10.5,1
33918,1,8,8,0.25,4.5,0
33935,1,8,8,0.25,4.5,0
33938,1,14,14,0.35714285714285715,7.5,0
33940,1,6,6,1.0,3.5,0
33967,1,22,22,0.9545454545454546,11.5,1
34000,1,7,7,0.5714285714285714,4.0,0
34005,1,13,13,0.6153846153846154,7.0,0
34011,1,2,2,0.0,1.5,0
34012,1,4,4,0.25,2.5,0
34016,2,15,15,0.06666666666666667,4.266666666666667,1
34021,1,9,9,0.4444444444444444,5.0,0
34037,1,25,25,0.28,13.0,1
34038,1,2,2,1.0,1.5,0
34040,1,14,14,0.6428571428571429,7.5,0
34065,1,18,18,0.8888888888888888,9.5,1
34076,1,4,4,0.75,2.5,0
34094,1,6,6,0.0,3.5,0
34104,1,16,16,0.375,8.5,1
34108,1,11,11,0.8181818181818182,6.0,0
34117,1,12,12,0.8333333333333334,6.5,0
34124,1,9,9,0.0,5.0,0
34143,1,5,5,0.8,3.0,0
34174,1,19,19,0.5789473684210527,10.0,1
34179,1,12,12,0.9166666666666666,6.5,0
34180,1,14,14,0.21428571428571427,7.5,0
34200,2,35,26,0.6285714285714286,10.114285714285714,1
34215,1,11,11,0.0,6.0,0
34219,1,5,5,0.4,3.0,0
34229,1,13,13,0.8461538461538461,7.0,0
34239,1,1,1,1.0,1.0,0
34256,1,6,6,1.0,3.5,0
34303,1,15,15,0.0,8.0,1
34310,1,7,7,0.8571428571428571,4.0,0
34315,1,6,6,0.3333333333333333,3.5,0
34333,1,17,17,0.058823529411764705,9.0,1
34334,1,6,6,0.3333333333333333,3.5,0
34340,3,6,4,1.0,1.6666666666666667,0
34349,1,1,1,0.0,1.0,0
34350,1,10,10,0.9,5.5,0
34362,1,5,5,1.0,3.0,0
34383,1,12,12,0.5833333333333334,6.5,0
34386,1,4,4,0.25,2.5,0
34389,1,24,24,0.0,12.5,1
34393,1,12,12,0.6666666666666666,6.5,0
34396,3,6,4,1.0,1.6666666666666667,0
34404,1,18,18,0.6666666666666666,9.5,1
34416,1,7,7,0.8571428571428571,4.0,0
34466,1,28,28,0.5714285714285714,14.5,1
34478,1,7,7,1.0,4.0,0
34483,1,6,6,0.16666666666666666,3.5,0
34514,1,21,21,0.47619047619047616,11.0,1
34522,1,2,2,1.0,1.5,0
34525,1,37,37,0.32432432432432434,19.0,1
34535,1,3,3,0.0,2.0,0
34546,1,11,11,0.36363636363636365,6.0,0
34558,1,7,7,0.14285714285714285,4.0,0
34565,1,20,20,1.0,10.5,1
34567,1,1,1,1.0,1.0,0
34571,1,14,14,0.7857142857142857,7.5,0
34587,1,12,12,0.9166666666666666,6.5,0
34602,1,4,4,1.0,2.5,0
34608,2,20,18,0.55,7.95,1
34620,1,5,5,0.8,3.0,0
34629,1,15,15,0.8666666666666667,8.0,1
34637,1,19,19,0.42105263157894735,10.0,1
34652,1,6,6,0.3333333333333333,3.5,0
34654,1,19,19,0.9473684210526315,10.0,1
34667,1,16,16,0.125,8.5,1
34678,1,18,18,0.5,9.5,1
34680,1,24,24,0.25,12.5,1
34691,1,15,15,0.8666666666666667,8.0,1
34701,2,9,8,0.5555555555555556,2.7777777777777777,0
34715,1,14,14,0.6428571428571429,7.5,0
34721,1,4,4,0.5,2.5,0
34727,1,1,1,0.0,1.0,0
34737,1,17,17,0.8823529411764706,9.0,1
34740,1,12,12,0.9166666666666666,6.5,0
34764,1,9,9,0.8888888888888888,5.0,0
34772,1,5,5,0.4,3.0,0
34777,1,5,5,0.4,3.0,0
34791,1,6,6,0.5,3.5,0
34792,1,5,5,0.0,3.0,0
34794,2,49,39,0.7755102040816326,13.0,1
34840,1,2,2,1.0,1.5,0
34857,1,23,23,0.5217391304347826,12.0,1
34858,2,31,30,0.8064516129032258,8.451612903225806,1
34859,1,4,4,0.25,2.5,0
34870,1,2,2,0.0,1.5,0
34873,1,13,13,0.9230769230769231,7.0,0
34875,1,15,15,0.8,8.0,1
34881,1,11,11,0.18181818181818182,6.0,0
34882,1,4,4,0.5,2.5,0
34893,1,37,37,0.43243243243243246,19.0,1
34905,1,5,5,0.4,3.0,0
34933,1,21,21,0.47619047619047616,11.0,1
34990,1,11,11,0.45454545454545453,6.0,0
34994,1,39,39,0.8974358974358975,20.0,1
35005,1,9,9,0.8888888888888888,5.0,0
35017,1,20,20,1.0,10.5,1
35044,1,14,14,0.9285714285714286,7.5,0
35048,1,26,26,0.9230769230769231,13.5,1
35050,1,35,35,0.7714285714285715,18.0,1
35058,1,7,7,0.42857142857142855,4.0,0
35063,1,8,8,0.375,4.5,0
35073,1,26,26,0.46153846153846156,13.5,1
35079,1,4,4,0.5,2.5,0
35082,1,12,12,1.0,6.5,0
35085,1,1,1,0.0,1.0,0
35086,1,12,12,0.08333333333333333,6.5,0
35107,1,17,17,0.9411764705882353,9.0,1
35150,1,40,40,0.8,20.5,1
35153,1,9,9,0.7777777777777778,5.0,0
35158,1,10,10,0.0,5.5,0
35169,1,12,12,0.75,6.5,0
35176,1,3,3,0.0,2.0,0
35180,1,1,1,0.0,1.0,0
35181,1,20,20,0.8,10.5,1
35198,1,12,12,0.25,6.5,0
35219,1,4,4,0.0,2.5,0
35220,1,5,5,0.2,3.0,0
35250,1,20,20,0.5,10.5,1
35261,1,16,16,0.1875,8.5,1
35274,1,1,1,0.0,1.0,0
35286,1,3,3,0.6666666666666666,2.0,0
35293,1,7,7,0.8571428571428571,4.0,0
35314,1,11,11,0.8181818181818182,6.0,0
35340,1,13,13,1.0,7.0,0
35360,1,10,10,0.8,5.5,0
35372,1,7,7,0.14285714285714285,4.0,0
35373,1,13,13,0.6153846153846154,7.0,0
35375,1,8,8,0.0,4.5,0
35381,1,6,6,0.0,3.5,0
35395,1,6,6,0.5,3.5,0
35396,2,11,11,0.5454545454545454,3.272727272727273,0
35404,1,19,19,0.9473684210526315,10.0,1
35409,1,7,7,0.42857142857142855,4.0,0
35412,2,7,6,1.0,3.142857142857143,0
35416,1,20,20,0.5,10.5,1
35443,1,2,2,0.0,1.5,0
35444,1,44,44,0.38636363636363635,22.5,1
35449,1,10,10,1.0,5.5,0
35476,1,4,4,0.75,2.5,0
35487,1,10,10,0.4,5.5,0
35490,1,14,14,0.9285714285714286,7.5,0
35508,1,5,5,0.2,3.0,0
35519,1,2,2,0.0,1.5,0
35529,1,10,10,0.8,5.5,0
35556,1,19,19,0.42105263157894735,10.0,1
35560,2,4,4,1.0,1.75,0
35569,1,6,6,0.6666666666666666,3.5,0
35582,1,23,23,0.782608695652174,12.0,1
35583,1,16,16,0.375,8.5,1
35611,1,7,7,0.42857142857142855,4.0,0
35629,1,17,17,0.9411764705882353,9.0,1
35632,1,13,13,0.0,7.0,0
35646,1,4,4,1.0,2.5,0
35651,1,1,1,1.0,1.0,0
35654,1,10,10,0.7,5.5,0
35662,1,9,9,0.5555555555555556,5.0,0
35678,1,7,7,0.42857142857142855,4.0,0
35687,1,5,5,0.2,3.0,0
35689,1,11,11,1.0,6.0,0
35692,1,5,5,0.6,3.0,0
35704,1,6,6,0.6666666666666666,3.5,0
35718,1,23,23,0.5652173913043478,12.0,1
35719,1,16,16,0.9375,8.5,1
35763,1,14,14,0.35714285714285715,7.5,0
35774,1,5,5,0.8,3.0,0
35779,1,6,6,0.6666666666666666,3.5,0
35798,1,11,11,0.5454545454545454,6.0,0
35832,1,3,3,0.0,2.0,0
35849,1,1,1,0.0,1.0,0
35851,1,7,7,0.8571428571428571,4.0,0
35864,1,10,10,0.9,5.5,0
35868,1,1,1,1.0,1.0,0
35871,1,21,21,0.5238095238095238,11.0,1
35876,1,5,5,0.8,3.0,0
35914,1,7,7,0.14285714285714285,4.0,0
35968,1,6,6,0.0,3.5,0
36010,1,3,3,1.0,2.0,0
36042,1,14,14,0.7142857142857143,7.5,0
36047,1,4,4,0.5,2.5,0
36052,1,18,18,0.6666666666666666,9.5,1
36069,1,6,6,1.0,3.5,0
36110,1,13,13,1.0,7.0,0
36113,1,6,6,1.0,3.5,0
36137,1,18,18,0.8888888888888888,9.5,1
36138,1,17,17,0.7058823529411765,9.0,1
36149,1,9,9,1.0,5.0,0
36150,1,6,6,0.5,3.5,0
36159,1,9,9,0.4444444444444444,5.0,0
36163,1,11,11,0.9090909090909091,6.0,0
36166,1,4,4,0.5,2.5,0
36167,1,15,15,0.9333333333333333,8.0,1
36176,2,11,11,0.2727272727272727,3.4545454545454546,0
36181,1,6,6,0.8333333333333334,3.5,0
36196,1,7,7,0.2857142857142857,4.0,0
36205,1,1,1,0.0,1.0,0
36217,1,10,10,0.4,5.5,0
36271,1,3,3,1.0,2.0,0
36272,1,6,6,1.0,3.5,0
36278,1,9,9,0.4444444444444444,5.0,0
36299,1,5,5,1.0,3.0,0
36304,1,10,10,0.4,5.5,0
36310,1,14,14,0.42857142857142855,7.5,0
36314,1,6,6,0.6666666666666666,3.5,0
36325,1,20,20,0.3,10.5,1
36343,1,24,24,0.20833333333333334,12.5,1
36346,1,5,5,1.0,3.0,0
36369,1,4,4,0.5,2.5,0
36376,2,18,15,0.8333333333333334,6.388888888888889,1
36415,1,24,24,0.9166666666666666,12.5,1
36427,1,1,1,1.0,1.0,0
36431,1,2,2,1.0,1.5,0
36436,1,6,6,0.0,3.5,0
36445,1,37,37,0.7297297297297297,19.0,1
36459,1,2,2,1.0,1.5,0
36481,1,3,3,1.0,2.0,0
36484,1,2,2,0.5,1.5,0
36497,1,5,5,0.6,3.0,0
36502,1,12,12,0.5,6.5,0
36504,1,2,2,1.0,1.5,0
36506,1,11,11,0.0,6.0,0
36538,1,10,10,0.0,5.5,0
36546,1,10,10,0.4,5.5,0
36585,1,18,18,0.8333333333333334,9.5,1
36593,1,14,14,0.21428571428571427,7.5,0
36602,1,6,6,1.0,3.5,0
36603,1,1,1,0.0,1.0,0
36614,1,4,4,0.75,2.5,0
36621,1,2,2,0.0,1.5,0
36627,2,58,54,0.8275862068965517,15.017241379310345,1
36630,1,8,8,0.875,4.5,0
36650,1,15,15,0.4,8.0,1
36659,1,5,5,0.8,3.0,0
36663,1,10,10,0.7,5.5,0
36664,1,18,18,0.7222222222222222,9.5,1
36666,1,3,3,1.0,2.0,0
36667,1,9,9,0.0,5.0,0
36682,1,14,14,0.5,7.5,0
36686,1,1,1,1.0,1.0,0
36694,1,19,19,0.8421052631578947,10.0,1
36705,1,12,12,0.0,6.5,0
36716,1,6,6,0.8333333333333334,3.5,0
36733,1,12,12,0.5833333333333334,6.5,0
36740,1,10,10,0.5,5.5,0
36774,1,1,1,1.0,1.0,0
36783,1,9,9,0.8888888888888888,5.0,0
36811,1,11,11,1.0,6.0,0
36824,1,11,11,1.0,6.0,0
36848,2,32,30,0.59375,8.625,1
36861,1,12,12,0.0,6.5,0
36875,2,5,5,1.0,1.8,0
36882,1,1,1,1.0,1.0,0
36916,2,2,2,1.0,1.0,0
36928,2,21,19,0.5714285714285714,6.333333333333333,1
36939,1,1,1,1.0,1.0,0
36943,1,1,1,1.0,1.0,0
36972,1,5,5,1.0,3.0,0
36975,1,9,9,0.4444444444444444,5.0,0
36992,1,3,3,0.6666666666666666,2.0,0
37002,1,5,5,1.0,3.0,0
37007,2,19,19,0.8421052631578947,5.894736842105263,1
37019,1,19,19,1.0,10.0,1
37030,1,6,6,0.3333333333333333,3.5,0
37032,1,6,6,1.0,3.5,0
37042,1,3,3,0.0,2.0,0
37057,1,26,26,0.6923076923076923,13.5,1
37074,1,7,7,0.5714285714285714,4.0,0
37086,1,9,9,1.0,5.0,0
37096,1,23,23,0.0,12.0,1
37108,1,4,4,1.0,2.5,0
37126,1,15,15,0.0,8.0,1
37142,4,42,33,0.7380952380952381,5.976190476190476,1
37149,1,15,15,0.06666666666666667,8.0,1
37171,1,3,3,1.0,2.0,0
37175,1,15,15,0.26666666666666666,8.0,1
37186,1,8,8,0.75,4.5,0
37187,1,4,4,0.5,2.5,0
37204,1,1,1,1.0,1.0,0
37210,1,6,6,0.16666666666666666,3.5,0
37223,1,28,28,0.7857142857142857,14.5,1
37224,1,12,12,0.0,6.5,0
37227,1,3,3,0.3333333333333333,2.0,0
37236,1,4,4,0.0,2.5,0
37240,1,6,6,0.0,3.5,0
37261,1,4,4,0.25,2.5,0
37277,1,3,3,0.0,2.0,0
37307,1,18,18,0.0,9.5,1
37314,1,8,8,1.0,4.5,0
37322,1,8,8,1.0,4.5,0
37358,1,6,6,0.0,3.5,0
37359,1,3,3,1.0,2.0,0
37362,1,26,26,0.6153846153846154,13.5,1
37376,2,18,14,0.5555555555555556,5.0,1
37384,1,14,14,0.7142857142857143,7.5,0
37388,1,9,9,0.7777777777777778,5.0,0
37393,1,1,1,1.0,1.0,0
37396,1,1,1,0.0,1.0,0
37424,1,9,9,0.4444444444444444,5.0,0
37427,1,1,1,0.0,1.0,0
37442,1,1,1,0.0,1.0,0
37452,1,10,10,0.8,5.5,0
37460,1,3,3,0.6666666666666666,2.0,0
37467,1,8,8,0.625,4.5,0
37473,1,17,17,0.9411764705882353,9.0,1
37481,2,8,6,0.875,2.625,0
37493,1,4,4,0.75,2.5,0
37495,1,10,10,0.0,5.5,0
37506,1,6,6,0.3333333333333333,3.5,0
37507,1,8,8,0.625,4.5,0
37533,1,7,7,0.5714285714285714,4.0,0
37557,1,1,1,1.0,1.0,0
37560,1,9,9,0.3333333333333333,5.0,0
37562,1,2,2,1.0,1.5,0
37578,1,24,24,0.16666666666666666,12.5,1
37595,1,7,7,1.0,4.0,0
37597,1,11,11,0.45454545454545453,6.0,0
37603,1,4,4,1.0,2.5,0
37606,1,7,7,0.7142857142857143,4.0,0
37609,1,1,1,1.0,1.0,0
37613,2,5,5,0.6,2.2,0
37618,1,3,3,0.6666666666666666,2.0,0
37628,1,9,9,0.7777777777777778,5.0,0
37654,1,1,1,1.0,1.0,0
37662,1,4,4,0.5,2.5,0
37668,1,2,2,1.0,1.5,0
37700,1,6,6,0.5,3.5,0
37701,1,9,9,0.7777777777777778,5.0,0
37708,1,5,5,0.4,3.0,0
37732,1,8,8,0.75,4.5,0
37738,1,1,1,1.0,1.0,0
37750,1,19,19,0.8421052631578947,10.0,1
37751,1,4,4,0.5,2.5,0
37753,1,38,38,0.8421052631578947,19.5,1
37762,2,17,15,0.7058823529411765,4.764705882352941,1
37763,1,8,8,0.0,4.5,0
37785,1,4,4,1.0,2.5,0
37794,1,27,27,0.7777777777777778,14.0,1
37804,3,26,18,0.9230769230769231,5.076923076923077,1
37809,1,11,11,0.36363636363636365,6.0,0
37818,1,10,10,0.8,5.5,0
37835,1,14,14,0.6428571428571429,7.5,0
37853,1,23,23,0.34782608695652173,12.0,1
37866,1,2,2,1.0,1.5,0
37879,1,7,7,0.8571428571428571,4.0,0
37883,1,2,2,0.5,1.5,0
37890,1,14,14,0.0,7.5,0
37903,1,6,6,1.0,3.5,0
37913,1,1,1,1.0,1.0,0
37928,1,6,6,1.0,3.5,0
37949,2,22,22,0.7272727272727273,9.681818181818182,1
37982,1,5,5,0.0,3.0,0
37983,1,21,21,0.7619047619047619,11.0,1
37995,1,1,1,0.0,1.0,0
38035,1,12,12,0.5833333333333334,6.5,0
38077,1,1,1,1.0,1.0,0
38088,1,6,6,0.8333333333333334,3.5,0
38095,2,9,6,1.0,2.7777777777777777,0
38099,1,19,19,0.9473684210526315,10.0,1
38134,1,29,29,0.4482758620689655,15.0,1
38148,1,5,5,0.6,3.0,0
38171,2,11,11,0.36363636363636365,3.4545454545454546,0
38179,1,5,5,0.0,3.0,0
38184,1,5,5,0.2,3.0,0
38187,1,11,11,0.45454545454545453,6.0,0
38188,1,5,5,0.4,3.0,0
38194,1,11,11,0.7272727272727273,6.0,0
38210,1,7,7,1.0,4.0,0
38242,1,3,3,0.0,2.0,0
38259,1,17,17,0.35294117647058826,9.0,1
38261,1,11,11,0.7272727272727273,6.0,0
38282,1,3,3,0.6666666666666666,2.0,0
38291,1,16,16,0.4375,8.5,1
38304,1,2,2,0.0,1.5,0
38307,1,8,8,0.375,4.5,0
38320,1,2,2,1.0,1.5,0
38323,1,10,10,0.7,5.5,0
38327,1,10,10,0.6,5.5,0
38344,1,6,6,0.5,3.5,0
38353,1,9,9,1.0,5.0,0
38366,1,7,7,0.7142857142857143,4.0,0
38371,1,2,2,0.5,1.5,0
38380,1,3,3,1.0,2.0,0
38394,1,4,4,0.75,2.5,0
38402,1,6,6,0.5,3.5,0
38409,1,15,15,0.4,8.0,1
38411,1,1,1,0.0,1.0,0
38445,2,14,13,0.6428571428571429,4.071428571428571,0
38453,1,25,25,0.24,13.0,1
38458,1,10,10,0.4,5.5,0
38460,1,5,5,0.8,3.0,0
38464,1,50,50,0.28,25.5,1
38469,1,12,12,0.25,6.5,0
38495,2,15,13,1.0,4.4,0
38506,1,7,7,0.7142857142857143,4.0,0
38525,1,2,2,0.0,1.5,0
38559,1,18,18,0.7222222222222222,9.5,1
38569,1,4,4,0.25,2.5,0
38574,2,22,16,0.9090909090909091,6.0,1
38593,1,9,9,0.0,5.0,0
38610,1,6,6,0.3333333333333333,3.5,0
38617,1,9,9,0.5555555555555556,5.0,0
38630,1,13,13,0.38461538461538464,7.0,0
38643,1,18,18,0.7222222222222222,9.5,1
38648,1,8,8,0.75,4.5,0
38653,1,7,7,0.0,4.0,0
38664,1,3,3,1.0,2.0,0
38668,1,7,7,0.0,4.0,0
38683,2,27,26,0.8888888888888888,9.333333333333334,1
38711,1,13,13,0.8461538461538461,7.0,0
38720,1,9,9,0.5555555555555556,5.0,0
38722,2,16,15,0.6875,4.5625,1
38724,1,22,22,0.22727272727272727,11.5,1
38732,1,24,24,0.75,12.5,1
38733,1,17,17,0.9411764705882353,9.0,1
38748,1,10,10,0.4,5.5,0
38752,1,1,1,1.0,1.0,0
38756,1,12,12,0.6666666666666666,6.5,0
38764,1,1,1,1.0,1.0,0
38765,2,21,16,0.8571428571428571,6.333333333333333,1
38767,2,22,20,1.0,8.909090909090908,1
38834,2,39,35,0.6666666666666666,10.564102564102564,1
38858,1,10,10,0.0,5.5,0
38863,1,7,7,0.0,4.0,0
38874,1,5,5,0.0,3.0,0
38879,1,5,5,0.4,3.0,0
38886,1,4,4,1.0,2.5,0
38890,1,6,6,0.5,3.5,0
38902,1,12,12,0.25,6.5,0
38930,1,7,7,0.42857142857142855,4.0,0
38936,2,5,5,1.0,1.8,0
38940,1,12,12,0.5,6.5,0
38948,1,17,17,1.0,9.0,1
38958,1,2,2,0.5,1.5,0
38983,1,6,6,0.16666666666666666,3.5,0
39017,1,5,5,0.6,3.0,0
39021,1,4,4,0.75,2.5,0
39023,1,18,18,1.0,9.5,1
39033,1,3,3,1.0,2.0,0
39039,1,12,12,0.9166666666666666,6.5,0
39056,1,1,1,1.0,1.0,0
39059,2,5,4,1.0,2.2,0
39064,1,6,6,0.3333333333333333,3.5,0
39068,1,24,24,0.4583333333333333,12.5,1
39088,1,17,17,0.0,9.0,1
39098,1,5,5,0.8,3.0,0
39112,1,5,5,0.0,3.0,0
39114,1,18,18,0.7777777777777778,9.5,1
39115,1,4,4,0.75,2.5,0
39117,1,14,14,0.7857142857142857,7.5,0
39133,1,5,5,0.8,3.0,0
39141,1,15,15,0.9333333333333333,8.0,1
39142,1,6,6,0.8333333333333334,3.5,0
39143,1,10,10,0.9,5.5,0
39144,1,15,15,1.0,8.0,1
39147,1,4,4,0.25,2.5,0
39161,1,10,10,0.1,5.5,0
39165,2,22,19,0.4090909090909091,6.7272727272727275,1
39176,2,2,1,1.0,1.0,0
39180,1,4,4,0.25,2.5,0
39187,1,16,16,0.8125,8.5,1
39202,1,7,7,1.0,4.0,0
39216,1,9,9,0.6666666666666666,5.0,0
39218,1,1,1,0.0,1.0,0
39219,1,4,4,0.75,2.5,0
39264,1,14,14,1.0,7.5,0
39278,1,3,3,1.0,2.0,0
39287,1,9,9,0.4444444444444444,5.0,0
39295,1,2,2,0.5,1.5,0
39308,1,22,22,0.3181818181818182,11.5,1
39316,1,10,10,0.9,5.5,0
39324,1,1,1,0.0,1.0,0
39327,1,6,6,0.8333333333333334,3.5,0
39328,1,4,4,1.0,2.5,0
39332,1,13,13,0.3076923076923077,7.0,0
39341,1,3,3,0.6666666666666666,2.0,0
39357,1,8,8,0.5,4.5,0
39361,1,7,7,0.8571428571428571,4.0,0
39371,2,12,12,0.25,3.5,0
39428,1,2,2,1.0,1.5,0
39449,1,3,3,0.6666666666666666,2.0,0
39455,1,7,7,1.0,4.0,0
39460,2,23,20,0.782608695652174,6.3478260869565215,1
39469,1,3,3,0.3333333333333333,2.0,0
39475,1,7,7,0.7142857142857143,4.0,0
39484,1,9,9,0.3333333333333333,5.0,0
39488,1,9,9,0.3333333333333333,5.0,0
39495,1,1,1,1.0,1.0,0
39509,1,3,3,0.6666666666666666,2.0,0
39545,1,19,19,0.05263157894736842,10.0,1
39551,1,12,12,0.08333333333333333,6.5,0
39563,1,13,13,0.3076923076923077,7.0,0
39566,1,11,11,0.09090909090909091,6.0,0
39586,1,22,22,0.5909090909090909,11.5,1
39594,1,1,1,1.0,1.0,0
39596,1,15,15,0.0,8.0,1
39630,2,15,15,0.13333333333333333,4.266666666666667,1
39643,1,8,8,0.0,4.5,0
39648,1,28,28,0.6428571428571429,14.5,1
39663,1,2,2,1.0,1.5,0
39688,1,10,10,0.5,5.5,0
39703,1,7,7,0.7142857142857143,4.0,0
39706,1,29,29,0.5862068965517241,15.0,1
39713,1,10,10,0.3,5.5,0
39720,1,1,1,1.0,1.0,0
39727,1,4,4,0.25,2.5,0
39728,1,30,30,0.4,15.5,1
39733,1,1,1,1.0,1.0,0
39738,1,13,13,0.9230769230769231,7.0,0
39762,1,12,12,0.75,6.5,0
39779,1,16,16,0.8125,8.5,1
39786,1,26,26,0.8846153846153846,13.5,1
39821,1,13,13,0.5384615384615384,7.0,0
39824,1,22,22,1.0,11.5,1
39825,1,7,7,1.0,4.0,0
39831,1,8,8,0.625,4.5,0
39836,1,31,31,0.8064516129032258,16.0,1
39837,1,6,6,0.3333333333333333,3.5,0
39840,1,20,20,0.9,10.5,1
39853,1,4,4,1.0,2.5,0
39858,1,7,7,0.7142857142857143,4.0,0
39869,1,6,6,0.0,3.5,0
39873,1,23,23,0.4782608695652174,12.0,1
39878,1,24,24,0.875,12.5,1
39911,1,8,8,0.875,4.5,0
39922,1,16,16,1.0,8.5,1
39929,1,12,12,0.6666666666666666,6.5,0
39947,1,5,5,0.2,3.0,0
39982,1,7,7,0.42857142857142855,4.0,0
39993,1,1,1,1.0,1.0,0
39998,1,11,11,0.9090909090909091,6.0,0
40018,1,38,38,0.7368421052631579,19.5,1
40083,2,36,33,0.7222222222222222,9.944444444444445,1
40092,1,9,9,0.8888888888888888,5.0,0
40107,1,8,8,0.0,4.5,0
40124,1,24,24,0.7083333333333334,12.5,1
40125,1,1,1,1.0,1.0,0
40139,1,10,10,0.1,5.5,0
40177,2,10,9,0.9,3.0,0
40184,1,11,11,0.09090909090909091,6.0,0
40188,1,3,3,1.0,2.0,0
40192,1,7,7,0.5714285714285714,4.0,0
40211,1,29,29,0.7586206896551724,15.0,1
40226,1,9,9,1.0,5.0,0
40270,1,10,10,0.0,5.5,0
40286,1,5,5,0.6,3.0,0
40296,1,12,12,0.0,6.5,0
40325,1,4,4,0.0,2.5,0
40332,1,4,4,1.0,2.5,0
40371,1,4,4,0.25,2.5,0
40375,1,4,4,0.5,2.5,0
40390,2,43,39,0.3953488372093023,11.720930232558139,1
40405,1,24,24,0.625,12.5,1
40437,1,14,14,0.7857142857142857,7.5,0
40438,1,3,3,1.0,2.0,0
40444,1,16,16,0.0,8.5,1
40486,1,6,6,0.0,3.5,0
40493,1,18,18,0.4444444444444444,9.5,1
40496,1,29,29,0.4827586206896552,15.0,1
40548,1,1,1,0.0,1.0,0
40556,2,28,28,0.4642857142857143,7.821428571428571,1
40574,1,8,8,0.625,4.5,0
40583,1,1,1,1.0,1.0,0
40585,1,5,5,0.4,3.0,0
40590,2,30,28,0.8333333333333334,8.833333333333334,1
40623,1,10,10,0.6,5.5,0
40627,1,17,17,0.9411764705882353,9.0,1
40703,1,23,23,0.4782608695652174,12.0,1
40723,1,8,8,0.5,4.5,0
40738,1,17,17,0.7647058823529411,9.0,1
40744,1,4,4,0.0,2.5,0
40746,1,8,8,0.75,4.5,0
40751,1,5,5,0.8,3.0,0
40754,1,6,6,1.0,3.5,0
40772,1,7,7,0.5714285714285714,4.0,0
40783,1,12,12,0.8333333333333334,6.5,0
40806,1,19,19,0.6842105263157895,10.0,1
40809,1,8,8,0.0,4.5,0
40828,1,8,8,1.0,4.5,0
40846,1,8,8,1.0,4.5,0
40853,1,9,9,0.8888888888888888,5.0,0
40864,1,11,11,0.5454545454545454,6.0,0
40874,1,13,13,0.7692307692307693,7.0,0
40898,1,9,9,0.8888888888888888,5.0,0
40913,1,3,3,0.6666666666666666,2.0,0
40925,1,5,5,0.8,3.0,0
40929,1,7,7,0.8571428571428571,4.0,0
40966,1,8,8,0.625,4.5,0
40975,1,7,7,0.42857142857142855,4.0,0
41002,1,13,13,0.9230769230769231,7.0,0
41008,1,9,9,0.5555555555555556,5.0,0
41019,1,11,11,0.6363636363636364,6.0,0
41023,1,3,3,0.0,2.0,0
41026,2,19,19,0.6842105263157895,5.578947368421052,1
41030,1,6,6,1.0,3.5,0
41031,1,30,30,0.9,15.5,1
41033,1,7,7,0.5714285714285714,4.0,0
41043,2,24,19,0.9166666666666666,6.875,1
41051,1,25,25,0.32,13.0,1
41052,1,7,7,0.2857142857142857,4.0,0
41059,1,13,13,0.0,7.0,0
41061,1,11,11,0.7272727272727273,6.0,0
41074,1,26,26,0.9230769230769231,13.5,1
41086,1,3,3,0.6666666666666666,2.0,0
41097,1,6,6,0.0,3.5,0
41099,1,2,2,1.0,1.5,0
41106,1,6,6,0.16666666666666666,3.5,0
41107,1,9,9,0.2222222222222222,5.0,0
41116,1,8,8,0.875,4.5,0
41117,1,25,25,0.64,13.0,1
41125,1,8,8,0.5,4.5,0
41126,1,10,10,0.7,5.5,0
41151,1,7,7,1.0,4.0,0
41155,1,14,14,0.35714285714285715,7.5,0
41163,1,3,3,0.0,2.0,0
41172,1,12,12,0.9166666666666666,6.5,0
41185,1,21,21,0.5238095238095238,11.0,1
41211,1,4,4,1.0,2.5,0
41214,1,5,5,1.0,3.0,0
41218,1,8,8,0.75,4.5,0
41233,1,1,1,0.0,1.0,0
41242,1,33,33,0.5757575757575758,17.0,1
41253,1,6,6,0.0,3.5,0
41333,1,16,16,0.9375,8.5,1
41335,1,3,3,1.0,2.0,0
41341,1,6,6,1.0,3.5,0
41347,1,2,2,1.0,1.5,0
41351,2,47,44,0.8085106382978723,12.680851063829786,1
41356,1,9,9,1.0,5.0,0
41380,1,1,1,0.0,1.0,0
41388,1,9,9,0.5555555555555556,5.0,0
41392,1,6,6,0.8333333333333334,3.5,0
41400,1,6,6,1.0,3.5,0
41439,1,10,10,0.7,5.5,0
41457,2,36,33,0.9444444444444444,9.75,1
41468,1,2,2,0.0,1.5,0
41469,1,9,9,1.0,5.0,0
41477,1,7,7,0.0,4.0,0
41479,1,8,8,1.0,4.5,0
41489,1,5,5,0.6,3.0,0
41498,1,20,20,0.45,10.5,1
41502,1,9,9,0.6666666666666666,5.0,0
41518,1,1,1,0.0,1.0,0
41521,1,3,3,1.0,2.0,0
41523,1,14,14,0.7142857142857143,7.5,0
41546,1,9,9,0.6666666666666666,5.0,0
41580,1,7,7,0.8571428571428571,4.0,0
41586,1,10,10,0.3,5.5,0
41587,1,16,16,1.0,8.5,1
41588,1,5,5,0.8,3.0,0
41591,2,15,15,0.6,4.666666666666667,1
41594,1,9,9,0.8888888888888888,5.0,0
41611,1,6,6,0.3333333333333333,3.5,0
41617,1,6,6,0.5,3.5,0
41634,1,6,6,0.6666666666666666,3.5,0
41640,1,4,4,1.0,2.5,0
41644,1,1,1,1.0,1.0,0
41662,2,8,7,0.25,2.625,0
41697,1,15,15,0.3333333333333333,8.0,1
41702,1,14,14,0.5714285714285714,7.5,0
41703,1,16,16,0.75,8.5,1
41722,1,6,6,0.6666666666666666,3.5,0
41725,1,13,13,0.0,7.0,0
41729,1,15,15,0.3333333333333333,8.0,1
41731,1,14,14,0.21428571428571427,7.5,0
41739,2,12,12,0.6666666666666666,3.5833333333333335,0
41752,1,16,16,1.0,8.5,1
41756,1,17,17,0.29411764705882354,9.0,1
41761,1,12,12,0.0,6.5,0
41767,1,7,7,1.0,4.0,0
41771,1,11,11,0.8181818181818182,6.0,0
41783,1,5,5,1.0,3.0,0
41789,1,21,21,0.8095238095238095,11.0,1
41802,1,21,21,0.3333333333333333,11.0,1
41807,1,13,13,0.5384615384615384,7.0,0
41817,1,2,2,0.5,1.5,0
41853,2,18,17,0.3333333333333333,5.055555555555555,1
41862,1,15,15,0.6666666666666666,8.0,1
41877,1,2,2,1.0,1.5,0
41896,1,8,8,1.0,4.5,0
41909,1,11,11,1.0,6.0,0
41934,1,9,9,0.0,5.0,0
41973,1,6,6,0.8333333333333334,3.5,0
41976,1,11,11,0.5454545454545454,6.0,0
41996,1,7,7,1.0,4.0,0
42009,1,5,5,0.8,3.0,0
42015,1,9,9,0.7777777777777778,5.0,0
42037,2,8,8,0.875,3.0,0
42044,1,11,11,1.0,6.0,0
42064,1,8,8,0.875,4.5,0
42066,1,9,9,0.6666666666666666,5.0,0
42077,1,3,3,0.6666666666666666,2.0,0
42080,1,5,5,0.2,3.0,0
42081,1,10,10,0.8,5.5,0
42085,1,24,24,0.4166666666666667,12.5,1
42101,1,7,7,0.8571428571428571,4.0,0
42107,1,26,26,0.46153846153846156,13.5,1
42116,1,15,15,0.6666666666666666,8.0,1
42117,1,18,18,1.0,9.5,1
42130,1,7,7,0.0,4.0,0
42147,1,11,11,0.5454545454545454,6.0,0
42181,1,4,4,1.0,2.5,0
42199,1,2,2,0.0,1.5,0
42206,2,14,13,0.35714285714285715,4.642857142857143,0
42208,1,10,10,0.0,5.5,0
42210,1,11,11,0.8181818181818182,6.0,0
42236,1,4,4,0.5,2.5,0
42249,1,11,11,1.0,6.0,0
42254,1,5,5,0.0,3.0,0
42257,1,39,39,0.5641025641025641,20.0,1
42276,1,10,10,0.0,5.5,0
42278,1,3,3,0.0,2.0,0
42307,1,18,18,0.7777777777777778,9.5,1
42322,2,17,17,0.6470588235294118,5.117647058823529,1
42344,1,14,14,0.0,7.5,0
42377,1,2,2,0.5,1.5,0
42378,1,3,3,0.6666666666666666,2.0,0
42416,1,10,10,0.8,5.5,0
42417,1,19,19,1.0,10.0,1
42423,1,12,12,0.16666666666666666,6.5,0
42431,1,18,18,0.1111111111111111,9.5,1
42438,1,7,7,0.14285714285714285,4.0,0
42467,1,12,12,0.3333333333333333,6.5,0
42471,1,5,5,0.6,3.0,0
42474,1,6,6,0.6666666666666666,3.5,0
42480,1,14,14,0.5,7.5,0
42481,2,26,24,0.5384615384615384,7.615384615384615,1
42489,1,6,6,0.0,3.5,0
42497,1,11,11,0.9090909090909091,6.0,0
42507,2,14,14,0.7142857142857143,4.285714285714286,0
42520,1,13,13,0.6153846153846154,7.0,0
42526,1,14,14,0.5714285714285714,7.5,0
42550,2,42,41,0.5,11.857142857142858,1
42555,1,3,3,0.3333333333333333,2.0,0
42560,1,3,3,0.3333333333333333,2.0,0
42582,1,13,13,0.38461538461538464,7.0,0
42583,1,7,7,0.2857142857142857,4.0,0
42591,1,12,12,0.5,6.5,0
42610,1,10,10,0.9,5.5,0
42622,1,4,4,0.75,2.5,0
42640,1,7,7,0.7142857142857143,4.0,0
42650,1,18,18,0.8333333333333334,9.5,1
42664,1,10,10,0.0,5.5,0
42671,1,11,11,0.7272727272727273,6.0,0
42681,1,3,3,0.0,2.0,0
42685,1,35,35,0.7714285714285715,18.0,1
42699,1,14,14,0.7857142857142857,7.5,0
42701,1,9,9,0.3333333333333333,5.0,0
42706,1,2,2,0.0,1.5,0
42711,1,5,5,1.0,3.0,0
42736,1,21,21,0.6666666666666666,11.0,1
42737,1,9,9,0.5555555555555556,5.0,0
42762,1,18,18,0.8333333333333334,9.5,1
42764,1,5,5,0.6,3.0,0
42789,2,10,9,0.6,3.1,0
42792,2,43,42,0.5348837209302325,12.930232558139535,1
42806,1,7,7,0.5714285714285714,4.0,0
42814,1,12,12,0.25,6.5,0
42818,1,3,3,0.0,2.0,0
42825,1,4,4,1.0,2.5,0
42826,1,19,19,0.8947368421052632,10.0,1
42827,1,10,10,0.3,5.5,0
42831,1,11,11,0.6363636363636364,6.0,0
42834,1,13,13,0.07692307692307693,7.0,0
42874,1,1,1,1.0,1.0,0
42897,1,15,15,0.9333333333333333,8.0,1
42902,1,3,3,0.6666666666666666,2.0,0
42910,1,9,9,0.7777777777777778,5.0,0
42914,2,26,22,0.2692307692307692,7.038461538461538,1
42930,1,13,13,0.6153846153846154,7.0,0
42935,1,22,22,0.7272727272727273,11.5,1
42945,1,18,18,0.6666666666666666,9.5,1
42953,1,2,2,1.0,1.5,0
42955,1,13,13,0.9230769230769231,7.0,0
42957,2,15,12,1.0,4.666666666666667,0
42959,1,11,11,0.0,6.0,0
42962,1,8,8,0.0,4.5,0
42964,1,7,7,0.42857142857142855,4.0,0
42986,1,1,1,1.0,1.0,0
42991,1,13,13,0.9230769230769231,7.0,0
42996,1,17,17,1.0,9.0,1
43015,1,9,9,0.3333333333333333,5.0,0
43020,1,22,22,0.6818181818181818,11.5,1
43022,1,5,5,0.4,3.0,0
43023,1,18,18,0.2222222222222222,9.5,1
43026,1,8,8,0.625,4.5,0
43038,2,15,13,0.3333333333333333,5.6,1
43039,1,1,1,0.0,1.0,0
43052,1,1,1,0.0,1.0,0
43062,1,7,7,1.0,4.0,0
43082,1,10,10,0.7,5.5,0
43089,1,5,5,1.0,3.0,0
43107,1,13,13,0.9230769230769231,7.0,0
43123,1,3,3,1.0,2.0,0
43147,1,8,8,0.375,4.5,0
43190,2,4,4,0.75,1.5,0
43192,1,6,6,1.0,3.5,0
43203,1,4,4,0.5,2.5,0
43220,1,19,19,0.47368421052631576,10.0,1
43236,1,9,9,0.8888888888888888,5.0,0
43252,1,13,13,0.7692307692307693,7.0,0
43281,1,8,8,1.0,4.5,0
43295,1,26,26,0.5384615384615384,13.5,1
43303,1,6,6,0.8333333333333334,3.5,0
43305,1,2,2,0.0,1.5,0
43318,1,17,17,1.0,9.0,1
43322,1,28,28,0.0,14.5,1
43323,1,7,7,0.7142857142857143,4.0,0
43329,2,9,6,1.0,2.7777777777777777,0
43334,1,19,19,0.3684210526315789,10.0,1
43341,1,14,14,1.0,7.5,0
43342,2,3,3,0.3333333333333333,1.3333333333333333,0
43344,1,5,5,1.0,3.0,0
43349,1,6,6,0.5,3.5,0
43365,2,26,23,0.9230769230769231,7.615384615384615,1
43371,1,10,10,0.6,5.5,0
43373,1,2,2,0.5,1.5,0
43385,1,5,5,1.0,3.0,0
43408,1,4,4,1.0,2.5,0
43421,1,14,14,1.0,7.5,0
43491,2,4,3,1.0,1.75,0
43502,1,8,8,0.75,4.5,0
43517,1,9,9,1.0,5.0,0
43518,1,21,21,0.5714285714285714,11.0,1
43527,1,17,17,0.7647058823529411,9.0,1
43544,1,11,11,0.2727272727272727,6.0,0
43551,1,5,5,1.0,3.0,0
43562,1,2,2,1.0,1.5,0
43565,2,29,29,0.7241379310344828,7.758620689655173,1
43576,1,5,5,0.6,3.0,0
43584,1,7,7,1.0,4.0,0
43599,1,5,5,1.0,3.0,0
43607,2,38,34,0.3157894736842105,10.236842105263158,1
43617,1,6,6,0.8333333333333334,3.5,0
43621,1,24,24,0.7916666666666666,12.5,1
43629,1,12,12,0.6666666666666666,6.5,0
43633,1,21,21,0.47619047619047616,11.0,1
43641,1,9,9,0.4444444444444444,5.0,0
43643,1,12,12,0.25,6.5,0
43644,1,22,22,0.5454545454545454,11.5,1
43675,1,5,5,1.0,3.0,0
43694,1,15,15,0.6666666666666666,8.0,1
43723,1,2,2,0.5,1.5,0
43724,1,19,19,1.0,10.0,1
43756,1,17,17,0.5882352941176471,9.0,1
43758,2,30,29,0.9,8.3,1
43767,1,6,6,0.0,3.5,0
43783,1,9,9,0.6666666666666666,5.0,0
43798,1,5,5,0.4,3.0,0
43813,1,11,11,0.0,6.0,0
43818,2,13,11,0.15384615384615385,4.230769230769231,0
43823,1,3,3,1.0,2.0,0
43825,1,39,39,0.6923076923076923,20.0,1
43826,1,1,1,1.0,1.0,0
43844,1,5,5,1.0,3.0,0
43851,1,9,9,1.0,5.0,0
43860,1,2,2,0.0,1.5,0
43867,1,4,4,0.75,2.5,0
43872,1,23,23,0.43478260869565216,12.0,1
43897,1,3,3,0.0,2.0,0
43904,1,20,20,0.5,10.5,1
43905,1,13,13,0.15384615384615385,7.0,0
43906,1,1,1,0.0,1.0,0
43910,1,2,2,0.5,1.5,0
43914,1,3,3,0.0,2.0,0
43931,1,15,15,0.4,8.0,1
43934,1,39,39,0.0,20.0,1
43946,1,9,9,0.4444444444444444,5.0,0
43968,1,15,15,0.4,8.0,1
43978,1,8,8,1.0,4.5,0
43987,2,12,11,0.8333333333333334,3.8333333333333335,0
43989,1,5,5,0.6,3.0,0
44005,1,6,6,1.0,3.5,0
44006,1,13,13,0.6923076923076923,7.0,0
44016,1,13,13,0.3076923076923077,7.0,0
44018,1,6,6,0.5,3.5,0
44035,1,6,6,0.3333333333333333,3.5,0
44053,1,1,1,0.0,1.0,0
44062,1,11,11,0.8181818181818182,6.0,0
44070,1,5,5,1.0,3.0,0
44075,1,6,6,0.0,3.5,0
44089,1,9,9,1.0,5.0,0
44101,1,10,10,1.0,5.5,0
44103,2,3,3,1.0,1.3333333333333333,0
44120,1,1,1,1.0,1.0,0
44124,1,8,8,0.625,4.5,0
44133,1,20,20,0.35,10.5,1
44136,1,1,1,0.0,1.0,0
44141,1,7,7,0.8571428571428571,4.0,0
44157,2,18,14,0.8333333333333334,5.888888888888889,1
44196,1,9,9,0.4444444444444444,5.0,0
44217,1,8,8,0.875,4.5,0
44220,1,2,2,1.0,1.5,0
44227,1,14,14,0.8571428571428571,7.5,0
44229,1,6,6,0.5,3.5,0
44238,1,5,5,0.8,3.0,0
44246,1,4,4,0.5,2.5,0
44249,1,4,4,1.0,2.5,0
44250,2,44,34,0.7954545454545454,11.590909090909092,1
44251,1,11,11,0.9090909090909091,6.0,0
44262,1,14,14,0.6428571428571429,7.5,0
44285,2,18,16,0.9444444444444444,5.5,1
44301,1,11,11,0.8181818181818182,6.0,0
44313,1,31,31,0.41935483870967744,16.0,1
44319,1,11,11,0.45454545454545453,6.0,0
44320,1,15,15,0.9333333333333333,8.0,1
44326,1,6,6,0.0,3.5,0
44327,2,4,3,0.5,1.5,0
44345,1,16,16,0.25,8.5,1
44366,1,10,10,0.1,5.5,0
44383,1,2,2,1.0,1.5,0
44395,1,5,5,0.0,3.0,0
44396,1,7,7,0.2857142857142857,4.0,0
44402,1,5,5,0.2,3.0,0
44431,1,8,8,0.875,4.5,0
44450,1,14,14,0.6428571428571429,7.5,0
44451,1,9,9,1.0,5.0,0
44463,1,19,19,0.15789473684210525,10.0,1
44474,1,7,7,0.7142857142857143,4.0,0
44475,1,5,5,0.8,3.0,0
44477,1,6,6,0.16666666666666666,3.5,0
44489,1,37,37,0.0,19.0,1
44503,1,7,7,0.0,4.0,0
44519,1,24,24,0.0,12.5,1
44543,1,12,12,0.0,6.5,0
44563,1,18,18,0.7777777777777778,9.5,1
44593,1,8,8,0.25,4.5,0
44594,2,18,17,0.7222222222222222,5.222222222222222,1
44598,1,22,22,0.9545454545454546,11.5,1
44624,1,4,4,0.5,2.5,0
44629,1,13,13,0.5384615384615384,7.0,0
44633,1,26,26,0.6153846153846154,13.5,1
44638,1,6,6,0.8333333333333334,3.5,0
44639,1,12,12,0.25,6.5,0
44663,1,2,2,0.0,1.5,0
44671,1,6,6,1.0,3.5,0
44676,1,15,15,0.3333333333333333,8.0,1
44686,1,13,13,0.8461538461538461,7.0,0
44687,1,5,5,0.4,3.0,0
44705,1,10,10,0.7,5.5,0
44713,2,19,18,0.5789473684210527,5.2631578947368425,1
44734,1,8,8,0.375,4.5,0
44749,2,14,13,0.9285714285714286,4.071428571428571,0
44785,1,18,18,1.0,9.5,1
44786,1,5,5,0.8,3.0,0
44802,1,3,3,0.3333333333333333,2.0,0
44803,1,11,11,0.45454545454545453,6.0,0
44835,1,21,21,0.5714285714285714,11.0,1
44859,1,7,7,1.0,4.0,0
44867,1,5,5,1.0,3.0,0
44870,1,3,3,1.0,2.0,0
44884,1,4,4,1.0,2.5,0
44888,1,10,10,0.7,5.5,0
44893,1,13,13,0.6923076923076923,7.0,0
44903,1,6,6,0.8333333333333334,3.5,0
44922,1,15,15,0.6,8.0,1
44961,1,4,4,0.5,2.5,0
44970,1,7,7,0.8571428571428571,4.0,0
44983,1,29,29,0.6206896551724138,15.0,1
44992,3,43,36,0.7674418604651163,8.279069767441861,1
44995,1,3,3,0.3333333333333333,2.0,0
45004,1,14,14,0.0,7.5,0
45006,1,15,15,0.4,8.0,1
45013,1,7,7,0.5714285714285714,4.0,0
45018,1,16,16,0.5,8.5,1
45027,1,8,8,0.75,4.5,0
45035,1,10,10,0.2,5.5,0
45040,1,14,14,0.14285714285714285,7.5,0
45059,1,42,42,0.9047619047619048,21.5,1
45075,3,37,32,0.4864864864864865,9.756756756756756,1
45076,1,8,8,0.0,4.5,0
45077,1,25,25,0.0,13.0,1
45082,1,13,13,0.0,7.0,0
45090,2,64,59,0.890625,20.015625,1
45129,1,9,9,0.7777777777777778,5.0,0
45139,2,22,19,0.8636363636363636,7.136363636363637,1
45160,1,2,2,0.5,1.5,0
45167,1,16,16,0.6875,8.5,1
45175,1,21,21,0.8095238095238095,11.0,1
45198,1,14,14,0.6428571428571429,7.5,0
45211,1,19,19,1.0,10.0,1
45219,1,5,5,1.0,3.0,0
45228,2,42,34,0.9047619047619048,11.095238095238095,1
45236,1,6,6,0.6666666666666666,3.5,0
45255,1,4,4,1.0,2.5,0
45258,1,6,6,0.8333333333333334,3.5,0
45293,1,7,7,0.42857142857142855,4.0,0
45297,1,10,10,0.1,5.5,0
45311,1,1,1,1.0,1.0,0
45319,1,25,25,0.8,13.0,1
45331,1,13,13,0.8461538461538461,7.0,0
45333,1,5,5,0.6,3.0,0
45335,1,18,18,0.5,9.5,1
45345,1,7,7,0.5714285714285714,4.0,0
45357,1,5,5,0.6,3.0,0
45405,1,1,1,1.0,1.0,0
45407,1,32,32,0.0,16.5,1
45417,1,5,5,0.6,3.0,0
45422,1,17,17,0.4117647058823529,9.0,1
45426,2,34,33,0.38235294117647056,9.117647058823529,1
45441,1,9,9,0.3333333333333333,5.0,0
45445,1,5,5,0.8,3.0,0
45461,1,14,14,0.6428571428571429,7.5,0
45472,1,1,1,0.0,1.0,0
45476,1,1,1,1.0,1.0,0
45492,1,7,7,0.2857142857142857,4.0,0
45495,1,5,5,0.0,3.0,0
45501,1,3,3,0.6666666666666666,2.0,0
45504,1,17,17,0.0,9.0,1
45515,1,5,5,0.2,3.0,0
45517,1,1,1,0.0,1.0,0
45527,1,16,16,0.875,8.5,1
45538,2,15,13,0.6666666666666666,4.4,0
45564,1,9,9,0.8888888888888888,5.0,0
45569,1,2,2,0.0,1.5,0
45576,1,5,5,0.6,3.0,0
45580,1,27,27,0.6666666666666666,14.0,1
45582,1,8,8,0.375,4.5,0
45587,2,27,23,0.7777777777777778,7.2592592592592595,1
45588,1,29,29,0.3793103448275862,15.0,1
45591,1,32,32,0.5,16.5,1
45595,2,7,4,0.8571428571428571,2.2857142857142856,0
45609,1,4,4,0.5,2.5,0
45628,1,8,8,1.0,4.5,0
45631,1,15,15,0.4666666666666667,8.0,1
45640,1,1,1,1.0,1.0,0
45648,1,8,8,0.375,4.5,0
45661,1,2,2,1.0,1.5,0
45671,1,2,2,1.0,1.5,0
45674,1,5,5,0.4,3.0,0
45686,1,15,15,0.8666666666666667,8.0,1
45699,1,4,4,0.5,2.5,0
45746,1,14,14,0.8571428571428571,7.5,0
45758,1,2,2,0.5,1.5,0
45765,1,4,4,0.25,2.5,0
45766,1,5,5,0.4,3.0,0
45779,1,12,12,0.9166666666666666,6.5,0
45781,1,9,9,0.3333333333333333,5.0,0
45782,1,2,2,1.0,1.5,0
45787,1,16,16,0.5,8.5,1
45788,1,9,9,0.7777777777777778,5.0,0
45790,1,5,5,1.0,3.0,0
45802,1,8,8,0.625,4.5,0
45803,1,22,22,0.7727272727272727,11.5,1
45813,1,34,34,0.3235294117647059,17.5,1
45827,1,6,6,1.0,3.5,0
45830,1,8,8,0.625,4.5,0
45892,1,14,14,0.8571428571428571,7.5,0
45911,1,10,10,1.0,5.5,0
45929,1,10,10,0.4,5.5,0
45933,1,10,10,0.8,5.5,0
45934,1,2,2,1.0,1.5,0
45936,1,6,6,1.0,3.5,0
45961,1,11,11,0.9090909090909091,6.0,0
45981,1,2,2,1.0,1.5,0
45990,1,2,2,1.0,1.5,0
46000,1,20,20,0.75,10.5,1
46019,1,2,2,1.0,1.5,0
46050,1,8,8,0.25,4.5,0
46054,1,12,12,0.16666666666666666,6.5,0
46059,2,18,15,0.8333333333333334,5.055555555555555,1
46063,1,1,1,0.0,1.0,0
46070,1,12,12,1.0,6.5,0
46071,1,3,3,0.6666666666666666,2.0,0
46079,1,22,22,0.45454545454545453,11.5,1
46087,1,34,34,0.14705882352941177,17.5,1
46097,1,21,21,0.5714285714285714,11.0,1
46103,1,20,20,0.55,10.5,1
46109,1,4,4,0.5,2.5,0
46111,1,8,8,0.875,4.5,0
46127,1,6,6,0.8333333333333334,3.5,0
46152,1,5,5,0.0,3.0,0
46163,2,16,16,0.6875,4.5,1
46170,1,16,16,0.625,8.5,1
46177,1,6,6,0.0,3.5,0
46184,1,1,1,0.0,1.0,0
46186,1,17,17,1.0,9.0,1
46192,1,11,11,0.5454545454545454,6.0,0
46215,1,15,15,0.4666666666666667,8.0,1
46237,1,8,8,0.625,4.5,0
46241,1,21,21,0.047619047619047616,11.0,1
46244,1,12,12,0.5,6.5,0
46245,1,3,3,0.3333333333333333,2.0,0
46248,1,4,4,0.75,2.5,0
46255,3,38,32,0.9210526315789473,7.684210526315789,1
46257,2,32,30,0.65625,8.78125,1
46259,1,5,5,0.8,3.0,0
46268,1,7,7,0.2857142857142857,4.0,0
46269,1,7,7,0.14285714285714285,4.0,0
46272,1,4,4,1.0,2.5,0
46275,1,13,13,0.23076923076923078,7.0,0
46277,1,1,1,1.0,1.0,0
46303,1,6,6,0.6666666666666666,3.5,0
46305,1,9,9,0.3333333333333333,5.0,0
46320,2,8,8,0.5,3.625,0
46330,1,1,1,1.0,1.0,0
46338,1,8,8,0.25,4.5,0
46345,1,26,26,0.8846153846153846,13.5,1
46351,1,28,28,0.0,14.5,1
46356,1,19,19,0.631578947368421,10.0,1
46374,1,11,11,0.45454545454545453,6.0,0
46379,1,8,8,0.75,4.5,0
46382,1,17,17,0.29411764705882354,9.0,1
46402,1,7,7,0.2857142857142857,4.0,0
46404,1,13,13,0.46153846153846156,7.0,0
46408,1,7,7,0.2857142857142857,4.0,0
46411,1,6,6,1.0,3.5,0
46454,1,4,4,0.75,2.5,0
46476,1,13,13,0.5384615384615384,7.0,0
46491,1,6,6,0.3333333333333333,3.5,0
46496,1,8,8,0.625,4.5,0
46510,1,27,27,0.2962962962962963,14.0,1
46511,1,8,8,0.625,4.5,0
46516,1,6,6,0.6666666666666666,3.5,0
46521,1,8,8,0.375,4.5,0
46527,1,8,8,1.0,4.5,0
46529,1,17,17,0.8823529411764706,9.0,1
46534,1,2,2,0.0,1.5,0
46546,1,12,12,0.5,6.5,0
46566,1,9,9,1.0,5.0,0
46593,1,3,3,1.0,2.0,0
46621,1,6,6,0.6666666666666666,3.5,0
46654,1,14,14,1.0,7.5,0
46701,1,11,11,0.36363636363636365,6.0,0
46705,1,7,7,0.7142857142857143,4.0,0
46712,1,25,25,0.2,13.0,1
46717,1,3,3,1.0,2.0,0
46735,1,2,2,0.0,1.5,0
46748,1,21,21,0.42857142857142855,11.0,1
46749,1,23,23,0.8695652173913043,12.0,1
46753,1,12,12,0.5833333333333334,6.5,0
46765,1,14,14,0.35714285714285715,7.5,0
46800,1,11,11,0.36363636363636365,6.0,0
46838,2,25,21,0.8,7.24,1
46839,1,9,9,0.1111111111111111,5.0,0
46854,1,7,7,0.42857142857142855,4.0,0
46855,1,2,2,0.5,1.5,0
46866,1,15,15,0.5333333333333333,8.0,1
46880,1,3,3,0.6666666666666666,2.0,0
46931,1,11,11,0.6363636363636364,6.0,0
46935,2,12,12,0.5833333333333334,3.5,0
46940,1,3,3,0.6666666666666666,2.0,0
47006,1,27,27,0.14814814814814814,14.0,1
47014,1,1,1,0.0,1.0,0
47015,1,12,12,0.5833333333333334,6.5,0
47019,1,5,5,0.8,3.0,0
47029,1,9,9,0.6666666666666666,5.0,0
47035,1,16,16,0.9375,8.5,1
47036,1,10,10,0.0,5.5,0
47038,1,11,11,0.8181818181818182,6.0,0
47062,1,13,13,0.46153846153846156,7.0,0
47066,1,9,9,0.7777777777777778,5.0,0
47077,1,6,6,0.8333333333333334,3.5,0
47084,1,16,16,0.4375,8.5,1
47094,1,8,8,0.0,4.5,0
47142,1,6,6,0.5,3.5,0
47166,1,18,18,0.4444444444444444,9.5,1
47171,1,7,7,1.0,4.0,0
47172,1,7,7,0.0,4.0,0
47184,1,8,8,0.875,4.5,0
47194,1,11,11,0.5454545454545454,6.0,0
47202,1,8,8,0.75,4.5,0
47233,1,9,9,1.0,5.0,0
47270,1,2,2,1.0,1.5,0
47277,1,17,17,0.5294117647058824,9.0,1
47280,1,12,12,0.9166666666666666,6.5,0
47294,1,7,7,0.2857142857142857,4.0,0
47296,1,5,5,0.2,3.0,0
47336,1,2,2,0.5,1.5,0
47340,2,13,13,0.46153846153846156,3.769230769230769,0
47358,1,11,11,0.2727272727272727,6.0,0
47359,1,5,5,0.6,3.0,0
47368,1,3,3,1.0,2.0,0
47375,1,13,13,0.8461538461538461,7.0,0
47390,1,11,11,0.0,6.0,0
47395,1,5,5,0.4,3.0,0
47396,1,3,3,0.3333333333333333,2.0,0
47448,1,12,12,0.3333333333333333,6.5,0
47468,1,6,6,0.16666666666666666,3.5,0
47474,1,5,5,0.0,3.0,0
47484,1,8,8,1.0,4.5,0
47488,1,5,5,0.8,3.0,0
47494,1,5,5,1.0,3.0,0
47496,1,18,18,0.3333333333333333,9.5,1
47522,1,9,9,1.0,5.0,0
47543,1,20,20,0.65,10.5,1
47586,2,22,22,0.45454545454545453,8.227272727272727,1
47606,1,20,20,0.4,10.5,1
47608,1,4,4,1.0,2.5,0
47610,1,2,2,1.0,1.5,0
47617,1,9,9,0.4444444444444444,5.0,0
47622,1,6,6,1.0,3.5,0
47624,1,1,1,1.0,1.0,0
47631,1,47,47,0.7872340425531915,24.0,1
47637,1,6,6,0.8333333333333334,3.5,0
47640,1,21,21,0.5238095238095238,11.0,1
47642,1,9,9,0.7777777777777778,5.0,0
47644,1,5,5,0.0,3.0,0
47647,1,7,7,1.0,4.0,0
47667,1,13,13,0.0,7.0,0
47669,1,4,4,1.0,2.5,0
47676,1,6,6,0.8333333333333334,3.5,0
47686,1,11,11,0.6363636363636364,6.0,0
47698,1,2,2,0.5,1.5,0
47707,1,4,4,0.0,2.5,0
47717,1,5,5,1.0,3.0,0
47721,1,6,6,0.8333333333333334,3.5,0
47729,1,21,21,0.9047619047619048,11.0,1
47755,1,8,8,0.125,4.5,0
47763,1,8,8,0.875,4.5,0
47784,2,3,2,1.0,1.3333333333333333,0
47811,1,11,11,0.7272727272727273,6.0,0
47814,1,7,7,0.7142857142857143,4.0,0
47819,1,16,16,0.0,8.5,1
47828,1,14,14,0.2857142857142857,7.5,0
47844,1,8,8,1.0,4.5,0
47873,1,13,13,0.7692307692307693,7.0,0
47879,1,20,20,0.4,10.5,1
47883,1,4,4,0.5,2.5,0
47890,2,4,2,0.5,1.5,0
47902,1,3,3,0.3333333333333333,2.0,0
47932,1,17,17,0.0,9.0,1
47936,1,13,13,0.8461538461538461,7.0,0
47954,1,14,14,0.8571428571428571,7.5,0
47971,1,5,5,0.4,3.0,0
47985,1,5,5,1.0,3.0,0
48005,1,12,12,0.0,6.5,0
48012,1,10,10,0.5,5.5,0
48019,1,4,4,0.75,2.5,0
48023,1,26,26,0.9230769230769231,13.5,1
48024,1,5,5,0.6,3.0,0
48042,1,2,2,1.0,1.5,0
48049,2,27,27,0.37037037037037035,9.925925925925926,1
48052,1,8,8,0.25,4.5,0
48094,1,7,7,1.0,4.0,0
48096,1,17,17,0.7058823529411765,9.0,1
48123,1,12,12,0.75,6.5,0
48127,1,13,13,0.7692307692307693,7.0,0
48128,1,4,4,0.0,2.5,0
48143,1,4,4,1.0,2.5,0
48160,1,5,5,1.0,3.0,0
48176,1,20,20,0.55,10.5,1
48178,1,11,11,1.0,6.0,0
48203,1,21,21,0.3333333333333333,11.0,1
48206,1,23,23,1.0,12.0,1
48215,1,4,4,0.0,2.5,0
48224,1,9,9,0.2222222222222222,5.0,0
48233,1,3,3,0.0,2.0,0
48235,1,14,14,0.7857142857142857,7.5,0
48249,1,11,11,0.5454545454545454,6.0,0
48256,1,12,12,0.16666666666666666,6.5,0
48267,1,8,8,0.5,4.5,0
48279,1,6,6,0.6666666666666666,3.5,0
48308,2,31,28,0.7096774193548387,8.32258064516129,1
48321,2,22,16,0.8181818181818182,6.409090909090909,1
48335,1,7,7,1.0,4.0,0
48340,1,4,4,0.0,2.5,0
48361,1,15,15,0.6,8.0,1
48369,1,15,15,0.8666666666666667,8.0,1
48384,1,26,26,0.46153846153846156,13.5,1
48399,1,7,7,0.7142857142857143,4.0,0
48401,1,1,1,1.0,1.0,0
48406,1,7,7,0.0,4.0,0
48412,1,19,19,0.0,10.0,1
48417,1,40,40,0.775,20.5,1
48424,1,11,11,0.8181818181818182,6.0,0
48436,1,11,11,0.0,6.0,0
48465,1,36,36,1.0,18.5,1
48466,1,11,11,0.6363636363636364,6.0,0
48476,1,9,9,0.7777777777777778,5.0,0
48477,1,17,17,0.7058823529411765,9.0,1
48480,1,13,13,1.0,7.0,0
48502,1,9,9,0.4444444444444444,5.0,0
48512,1,1,1,1.0,1.0,0
48519,1,17,17,0.5882352941176471,9.0,1
48527,1,4,4,1.0,2.5,0
48536,1,16,16,0.6875,8.5,1
48547,1,9,9,1.0,5.0,0
48571,1,16,16,0.5625,8.5,1
48580,1,6,6,0.5,3.5,0
48588,1,10,10,0.3,5.5,0
48590,1,24,24,0.4583333333333333,12.5,1
48592,1,11,11,0.18181818181818182,6.0,0
48610,1,10,10,0.5,5.5,0
48666,1,6,6,0.8333333333333334,3.5,0
48689,1,14,14,0.7142857142857143,7.5,0
48723,1,3,3,0.6666666666666666,2.0,0
48730,1,19,19,0.5263157894736842,10.0,1
48737,1,6,6,0.0,3.5,0
48744,1,12,12,0.6666666666666666,6.5,0
48760,1,2,2,1.0,1.5,0
48764,1,4,4,0.5,2.5,0
48767,2,23,23,0.6086956521739131,6.3478260869565215,1
48801,1,11,11,0.7272727272727273,6.0,0
48813,1,17,17,0.5294117647058824,9.0,1
48830,1,13,13,1.0,7.0,0
48862,2,45,40,0.5555555555555556,12.688888888888888,1
48867,1,2,2,1.0,1.5,0
48882,1,10,10,0.0,5.5,0
48889,1,12,12,0.0,6.5,0
48890,3,39,34,0.7692307692307693,7.487179487179487,1
48897,1,10,10,0.2,5.5,0
48900,1,9,9,0.7777777777777778,5.0,0
48924,1,5,5,0.6,3.0,0
48936,1,14,14,0.6428571428571429,7.5,0
48958,1,7,7,0.7142857142857143,4.0,0
48968,1,16,16,0.3125,8.5,1
48970,1,6,6,0.16666666666666666,3.5,0
48992,1,17,17,0.8823529411764706,9.0,1
48998,1,17,17,0.4117647058823529,9.0,1
49001,1,12,12,0.6666666666666666,6.5,0
49006,1,5,5,0.4,3.0,0
49017,1,7,7,0.8571428571428571,4.0,0
49030,2,19,19,0.47368421052631576,5.368421052631579,1
49064,1,4,4,1.0,2.5,0
49066,1,2,2,0.0,1.5,0
49088,1,8,8,0.5,4.5,0
49107,1,5,5,0.0,3.0,0
49116,1,4,4,1.0,2.5,0
49131,1,13,13,0.3076923076923077,7.0,0
49144,1,21,21,0.7619047619047619,11.0,1
49159,1,1,1,1.0,1.0,0
49168,1,3,3,1.0,2.0,0
49182,1,4,4,0.5,2.5,0
49186,1,1,1,1.0,1.0,0
49187,1,11,11,0.0,6.0,0
49210,3,38,35,0.9210526315789473,8.131578947368421,1
49211,1,14,14,0.35714285714285715,7.5,0
49216,1,8,8,0.375,4.5,0
49219,1,16,16,0.5,8.5,1
49225,1,5,5,1.0,3.0,0
49230,1,12,12,0.9166666666666666,6.5,0
49233,1,4,4,1.0,2.5,0
49237,1,13,13,0.5384615384615384,7.0,0
49240,1,7,7,1.0,4.0,0
49249,1,9,9,0.8888888888888888,5.0,0
49251,1,23,23,0.6086956521739131,12.0,1
49271,1,8,8,0.875,4.5,0
49275,1,10,10,0.5,5.5,0
49284,1,10,10,0.8,5.5,0
49287,1,4,4,1.0,2.5,0
49293,1,18,18,0.3333333333333333,9.5,1
49299,1,17,17,0.8823529411764706,9.0,1
49312,1,24,24,0.8333333333333334,12.5,1
49332,1,1,1,1.0,1.0,0
49342,1,2,2,0.5,1.5,0
49353,1,4,4,0.75,2.5,0
49355,1,16,16,0.6875,8.5,1
49368,1,3,3,1.0,2.0,0
49372,1,8,8,0.625,4.5,0
49373,1,21,21,0.5714285714285714,11.0,1
49405,1,16,16,0.875,8.5,1
49413,1,22,22,1.0,11.5,1
49417,1,3,3,0.0,2.0,0
49420,1,1,1,1.0,1.0,0
49445,2,53,51,0.5849056603773585,14.320754716981131,1
49468,1,11,11,0.36363636363636365,6.0,0
49478,1,16,16,0.875,8.5,1
49486,1,2,2,0.5,1.5,0
49495,1,18,18,0.5,9.5,1
49497,1,36,36,0.19444444444444445,18.5,1
49522,2,18,18,0.7777777777777778,5.888888888888889,1
49531,1,17,17,0.7647058823529411,9.0,1
49537,1,18,18,0.7222222222222222,9.5,1
49545,1,15,15,0.9333333333333333,8.0,1
49563,1,9,9,0.7777777777777778,5.0,0
49597,1,1,1,0.0,1.0,0
49605,1,6,6,0.8333333333333334,3.5,0
49608,1,10,10,0.8,5.5,0
49610,1,3,3,0.0,2.0,0
49611,1,13,13,0.9230769230769231,7.0,0
49616,1,4,4,1.0,2.5,0
49618,1,8,8,0.5,4.5,0
49664,1,4,4,1.0,2.5,0
49679,1,30,30,0.5,15.5,1
49683,1,12,12,0.5833333333333334,6.5,0
49701,2,32,31,0.875,9.625,1
49732,1,25,25,0.32,13.0,1
49754,1,1,1,1.0,1.0,0
49755,1,4,4,0.5,2.5,0
49770,1,16,16,0.5,8.5,1
49802,1,7,7,1.0,4.0,0
49808,1,7,7,0.7142857142857143,4.0,0
49824,1,3,3,0.3333333333333333,2.0,0
49838,1,10,10,0.5,5.5,0
49841,2,18,17,0.8888888888888888,5.222222222222222,1
49855,1,10,10,0.8,5.5,0
49896,1,16,16,0.125,8.5,1
49898,1,8,8,0.0,4.5,0
49902,1,29,29,0.9310344827586207,15.0,1
49918,1,6,6,0.5,3.5,0
49934,1,18,18,1.0,9.5,1
49957,2,15,15,0.8666666666666667,6.266666666666667,1
49977,1,15,15,0.7333333333333333,8.0,1
49988,1,3,3,0.3333333333333333,2.0,0
49999,1,36,36,0.8888888888888888,18.5,1
50000,1,6,6,1.0,3.5,0
50005,1,33,33,0.0,17.0,1
50008,1,8,8,0.875,4.5,0
50024,1,5,5,0.2,3.0,0
50037,1,25,25,0.32,13.0,1
50038,1,7,7,1.0,4.0,0
50041,1,1,1,1.0,1.0,0
50074,2,17,14,0.9411764705882353,5.117647058823529,1
50082,1,7,7,0.8571428571428571,4.0,0
50084,1,9,9,0.2222222222222222,5.0,0
50096,1,26,26,0.46153846153846156,13.5,1
50109,1,7,7,0.0,4.0,0
50111,1,7,7,0.5714285714285714,4.0,0
50123,1,8,8,0.75,4.5,0
50148,1,8,8,0.875,4.5,0
50174,1,10,10,0.9,5.5,0
50193,1,2,2,0.5,1.5,0
50196,1,11,11,0.45454545454545453,6.0,0
50198,1,24,24,0.375,12.5,1
50199,1,19,19,0.7894736842105263,10.0,1
50200,1,1,1,0.0,1.0,0
50201,1,8,8,0.375,4.5,0
50227,1,6,6,1.0,3.5,0
50237,2,8,7,0.75,3.0,0
50246,1,27,27,0.8888888888888888,14.0,1
50250,1,5,5,0.6,3.0,0
50276,1,14,14,0.8571428571428571,7.5,0
50277,1,14,14,0.5714285714285714,7.5,0
50299,1,19,19,0.8421052631578947,10.0,1
50338,1,1,1,1.0,1.0,0
50341,1,27,27,1.0,14.0,1
50362,1,16,16,1.0,8.5,1
50400,1,12,12,0.75,6.5,0
50403,1,12,12,0.25,6.5,0
50435,1,11,11,0.9090909090909091,6.0,0
50436,1,3,3,1.0,2.0,0
50442,1,5,5,1.0,3.0,0
50449,2,8,6,0.5,2.5,0
50451,1,11,11,0.6363636363636364,6.0,0
50471,1,7,7,0.5714285714285714,4.0,0
50491,1,15,15,0.6,8.0,1
50516,1,1,1,0.0,1.0,0
50525,1,18,18,0.3333333333333333,9.5,1
50558,2,4,4,0.5,1.75,0
50562,1,10,10,0.6,5.5,0
50564,1,14,14,1.0,7.5,0
50583,2,32,27,0.84375,8.78125,1
50591,1,6,6,1.0,3.5,0
50592,1,22,22,0.5909090909090909,11.5,1
50607,1,8,8,1.0,4.5,0
50616,1,1,1,0.0,1.0,0
50620,1,7,7,0.42857142857142855,4.0,0
50628,1,12,12,1.0,6.5,0
50630,1,20,20,0.3,10.5,1
50631,1,6,6,1.0,3.5,0
50645,1,17,17,0.11764705882352941,9.0,1
50649,1,11,11,0.45454545454545453,6.0,0
50652,1,7,7,0.8571428571428571,4.0,0
50679,1,10,10,0.8,5.5,0
50683,1,12,12,0.4166666666666667,6.5,0
50697,1,11,11,0.2727272727272727,6.0,0
50710,1,15,15,0.0,8.0,1
50716,1,14,14,0.35714285714285715,7.5,0
50730,1,6,6,0.8333333333333334,3.5,0
50733,1,11,11,0.5454545454545454,6.0,0
50761,3,49,37,0.6530612244897959,9.16326530612245,1
50790,1,7,7,0.5714285714285714,4.0,0
50791,1,14,14,0.7857142857142857,7.5,0
50805,1,13,13,1.0,7.0,0
50811,1,5,5,0.8,3.0,0
50836,1,9,9,0.5555555555555556,5.0,0
50848,1,11,11,0.6363636363636364,6.0,0
50889,1,7,7,0.5714285714285714,4.0,0
50905,1,2,2,1.0,1.5,0
50909,1,10,10,0.1,5.5,0
50916,1,7,7,1.0,4.0,0
50921,1,11,11,0.6363636363636364,6.0,0
50929,1,23,23,0.8695652173913043,12.0,1
50943,1,5,5,1.0,3.0,0
51003,1,9,9,0.8888888888888888,5.0,0
51016,1,4,4,1.0,2.5,0
51039,1,3,3,0.0,2.0,0
51061,1,14,14,0.6428571428571429,7.5,0
51064,1,20,20,0.75,10.5,1
51074,1,19,19,0.7894736842105263,10.0,1
51104,1,6,6,0.6666666666666666,3.5,0
51122,1,6,6,1.0,3.5,0
51123,1,6,6,0.8333333333333334,3.5,0
51126,1,5,5,1.0,3.0,0
51129,1,6,6,1.0,3.5,0
51141,1,3,3,1.0,2.0,0
51162,1,8,8,1.0,4.5,0
51163,1,3,3,1.0,2.0,0
51172,1,9,9,1.0,5.0,0
51176,1,3,3,0.0,2.0,0
51177,1,19,19,0.9473684210526315,10.0,1
51178,2,41,34,0.8536585365853658,10.902439024390244,1
51180,1,9,9,0.5555555555555556,5.0,0
51197,1,11,11,0.2727272727272727,6.0,0
51198,1,8,8,0.875,4.5,0
51199,1,7,7,0.42857142857142855,4.0,0
51227,2,54,44,0.9259259259259259,14.166666666666666,1
51228,1,10,10,0.7,5.5,0
51239,1,7,7,0.5714285714285714,4.0,0
51244,1,15,15,1.0,8.0,1
51250,1,12,12,0.75,6.5,0
51263,1,8,8,1.0,4.5,0
51269,1,5,5,0.8,3.0,0
51272,1,5,5,0.8,3.0,0
51278,1,5,5,0.8,3.0,0
51302,1,8,8,0.875,4.5,0
51307,1,15,15,0.06666666666666667,8.0,1
51308,1,15,15,0.13333333333333333,8.0,1
51309,1,6,6,1.0,3.5,0
51338,1,10,10,0.8,5.5,0
51359,1,1,1,1.0,1.0,0
51366,1,12,12,0.5833333333333334,6.5,0
51388,1,3,3,0.0,2.0,0
51424,1,3,3,0.3333333333333333,2.0,0
51425,1,8,8,0.375,4.5,0
51432,1,2,2,0.5,1.5,0
51439,1,9,9,0.4444444444444444,5.0,0
51443,1,7,7,0.42857142857142855,4.0,0
51470,1,12,12,1.0,6.5,0
51476,1,13,13,0.46153846153846156,7.0,0
51479,1,15,15,0.0,8.0,1
51495,1,8,8,1.0,4.5,0
51507,1,5,5,0.8,3.0,0
51508,1,15,15,0.0,8.0,1
51524,1,16,16,1.0,8.5,1
51526,1,16,16,0.125,8.5,1
51556,1,1,1,1.0,1.0,0
51563,1,2,2,0.5,1.5,0
51566,1,6,6,0.8333333333333334,3.5,0
51571,1,13,13,0.6923076923076923,7.0,0
51572,1,4,4,1.0,2.5,0
51585,1,1,1,0.0,1.0,0
51603,1,10,10,0.5,5.5,0
51605,3,5,3,0.8,1.6,0
51625,1,21,21,1.0,11.0,1
51635,1,5,5,0.2,3.0,0
51645,1,12,12,0.5833333333333334,6.5,0
51649,1,12,12,0.25,6.5,0
51656,1,4,4,0.25,2.5,0
51658,1,3,3,1.0,2.0,0
51680,1,4,4,0.75,2.5,0
51694,1,10,10,0.5,5.5,0
51704,2,27,27,0.9259259259259259,7.481481481481482,1
51742,1,7,7,0.14285714285714285,4.0,0
51753,1,14,14,0.5,7.5,0
51760,2,15,14,0.6666666666666666,4.266666666666667,1
51763,1,5,5,0.2,3.0,0
51775,1,13,13,0.6153846153846154,7.0,0
51780,1,1,1,0.0,1.0,0
51784,1,18,18,0.5,9.5,1
51811,2,9,7,0.7777777777777778,3.0,0
51817,1,5,5,1.0,3.0,0
51834,1,9,9,0.3333333333333333,5.0,0
51844,1,9,9,0.8888888888888888,5.0,0
51849,1,22,22,0.7272727272727273,11.5,1
51860,1,10,10,0.3,5.5,0
51862,1,13,13,1.0,7.0,0
51867,3,39,36,0.8461538461538461,8.461538461538462,1
51872,1,14,14,0.5714285714285714,7.5,0
51880,1,8,8,0.125,4.5,0
51892,1,10,10,0.5,5.5,0
51894,1,16,16,1.0,8.5,1
51911,1,15,15,0.0,8.0,1
51915,1,9,9,0.8888888888888888,5.0,0
51928,1,4,4,0.5,2.5,0
51931,1,11,11,0.2727272727272727,6.0,0
51955,1,9,9,0.0,5.0,0
51967,1,6,6,0.8333333333333334,3.5,0
51978,1,21,21,0.5714285714285714,11.0,1
51979,1,6,6,1.0,3.5,0
51994,1,8,8,0.375,4.5,0
52006,1,5,5,0.6,3.0,0
52016,1,7,7,0.0,4.0,0
52028,1,16,16,0.375,8.5,1
52048,1,10,10,0.5,5.5,0
52063,2,17,17,0.29411764705882354,6.529411764705882,1
52084,1,6,6,1.0,3.5,0
52101,1,15,15,0.0,8.0,1
52131,1,19,19,0.47368421052631576,10.0,1
52141,1,1,1,1.0,1.0,0
52150,1,17,17,0.0,9.0,1
52153,2,30,28,0.4666666666666667,9.2,1
52180,1,9,9,0.7777777777777778,5.0,0
52205,1,13,13,0.38461538461538464,7.0,0
52222,1,22,22,0.0,11.5,1
52230,1,1,1,0.0,1.0,0
52231,1,3,3,0.0,2.0,0
52233,1,1,1,1.0,1.0,0
52293,1,3,3,0.0,2.0,0
52335,1,10,10,0.8,5.5,0
52339,1,2,2,0.0,1.5,0
52352,2,12,12,0.75,3.8333333333333335,0
52370,1,11,11,0.7272727272727273,6.0,0
52372,1,7,7,0.14285714285714285,4.0,0
52385,1,9,9,0.7777777777777778,5.0,0
52409,1,33,33,0.21212121212121213,17.0,1
52412,1,7,7,0.8571428571428571,4.0,0
52459,1,12,12,1.0,6.5,0
52465,1,8,8,0.125,4.5,0
52473,1,18,18,0.16666666666666666,9.5,1
52478,1,5,5,0.6,3.0,0
52483,1,11,11,0.45454545454545453,6.0,0
52493,1,13,13,0.46153846153846156,7.0,0
52496,1,2,2,0.5,1.5,0
52498,1,10,10,0.9,5.5,0
52511,1,4,4,0.75,2.5,0
52527,1,15,15,0.6666666666666666,8.0,1
52540,1,4,4,0.5,2.5,0
52548,1,4,4,1.0,2.5,0
52561,1,3,3,0.0,2.0,0
52564,1,3,3,0.0,2.0,0
52572,1,33,33,0.8181818181818182,17.0,1
52605,1,5,5,0.4,3.0,0
52638,1,32,32,0.0,16.5,1
52640,1,6,6,0.0,3.5,0
52649,1,16,16,0.3125,8.5,1
52652,1,4,4,0.5,2.5,0
52662,1,8,8,0.625,4.5,0
52678,1,2,2,0.5,1.5,0
52683,1,3,3,1.0,2.0,0
52691,2,4,4,0.0,1.5,0
52740,1,7,7,0.42857142857142855,4.0,0
52745,1,8,8,0.125,4.5,0
52751,1,13,13,0.0,7.0,0
52765,1,13,13,0.23076923076923078,7.0,0
52767,1,1,1,0.0,1.0,0
52778,1,22,22,0.6363636363636364,11.5,1
52783,1,9,9,0.7777777777777778,5.0,0
52788,1,5,5,0.2,3.0,0
52798,1,1,1,0.0,1.0,0
52805,1,7,7,0.7142857142857143,4.0,0
52814,2,37,33,0.8918918918918919,10.08108108108108,1
52824,2,40,36,0.85,10.6,1
52843,1,18,18,1.0,9.5,1
52844,1,6,6,0.6666666666666666,3.5,0
52853,1,9,9,0.8888888888888888,5.0,0
52860,1,22,22,0.36363636363636365,11.5,1
52886,1,3,3,1.0,2.0,0
52888,1,5,5,0.2,3.0,0
52889,1,20,20,0.9,10.5,1
52891,1,6,6,0.0,3.5,0
52892,1,6,6,0.3333333333333333,3.5,0
52906,1,3,3,0.6666666666666666,2.0,0
52919,1,20,20,0.95,10.5,1
52923,1,7,7,0.0,4.0,0
52949,1,4,4,1.0,2.5,0
52960,1,6,6,1.0,3.5,0
52961,1,3,3,1.0,2.0,0
52962,1,12,12,1.0,6.5,0
52981,1,1,1,1.0,1.0,0
53020,1,2,2,0.0,1.5,0
53026,1,14,14,0.5,7.5,0
53052,1,29,29,0.3103448275862069,15.0,1
53065,1,3,3,1.0,2.0,0
53078,1,10,10,0.0,5.5,0
53096,1,16,16,0.1875,8.5,1
53103,1,2,2,0.5,1.5,0
53130,2,10,10,0.7,3.1,0
53147,1,13,13,0.46153846153846156,7.0,0
53160,2,31,29,0.6129032258064516,9.225806451612904,1
53179,2,16,14,1.0,5.0625,1
53186,1,29,29,0.7241379310344828,15.0,1
53187,1,1,1,0.0,1.0,0
53212,1,13,13,0.15384615384615385,7.0,0
53228,1,13,13,0.0,7.0,0
53240,1,17,17,0.0,9.0,1
53243,1,33,33,0.7272727272727273,17.0,1
53250,2,21,19,0.6666666666666666,6.714285714285714,1
53272,1,11,11,0.18181818181818182,6.0,0
53292,1,4,4,0.0,2.5,0
53301,1,3,3,0.6666666666666666,2.0,0
53303,1,10,10,0.5,5.5,0
53339,1,13,13,0.7692307692307693,7.0,0
53355,1,8,8,1.0,4.5,0
53360,1,10,10,0.8,5.5,0
53449,1,1,1,1.0,1.0,0
53450,1,3,3,0.3333333333333333,2.0,0
53457,1,6,6,0.3333333333333333,3.5,0
53482,1,9,9,0.0,5.0,0
53488,1,8,8,1.0,4.5,0
53491,1,8,8,0.0,4.5,0
53504,1,3,3,1.0,2.0,0
53511,1,5,5,0.0,3.0,0
53515,1,6,6,0.0,3.5,0
53533,1,2,2,0.0,1.5,0
53539,1,10,10,0.3,5.5,0
53545,1,19,19,0.2631578947368421,10.0,1
53551,1,26,26,0.5,13.5,1
53553,1,9,9,1.0,5.0,0
53555,1,11,11,0.36363636363636365,6.0,0
53572,1,1,1,0.0,1.0,0
53574,1,16,16,0.5,8.5,1
53579,1,8,8,0.125,4.5,0
53587,1,13,13,0.0,7.0,0
53596,1,13,13,1.0,7.0,0
53600,1,8,8,0.25,4.5,0
53621,1,13,13,0.7692307692307693,7.0,0
53630,2,18,18,0.5555555555555556,6.388888888888889,1
53645,1,6,6,0.6666666666666666,3.5,0
53673,1,13,13,0.8461538461538461,7.0,0
53682,1,13,13,0.5384615384615384,7.0,0
53694,1,10,10,0.7,5.5,0
53701,1,7,7,0.2857142857142857,4.0,0
53737,1,12,12,0.75,6.5,0
53741,1,19,19,0.7894736842105263,10.0,1
53748,1,5,5,0.8,3.0,0
53792,1,4,4,0.25,2.5,0
53794,1,5,5,0.2,3.0,0
53805,1,4,4,1.0,2.5,0
53809,1,3,3,0.0,2.0,0
53819,1,11,11,0.8181818181818182,6.0,0
53820,1,3,3,0.6666666666666666,2.0,0
53825,1,15,15,1.0,8.0,1
53835,1,7,7,0.8571428571428571,4.0,0
53836,1,18,18,0.7222222222222222,9.5,1
53837,2,33,29,0.8181818181818182,9.121212121212121,1
53840,1,17,17,0.23529411764705882,9.0,1
53852,1,4,4,0.5,2.5,0
53854,1,4,4,0.75,2.5,0
53855,1,9,9,0.3333333333333333,5.0,0
53897,1,23,23,1.0,12.0,1
53907,1,2,2,1.0,1.5,0
53914,1,5,5,0.8,3.0,0
53921,1,14,14,0.07142857142857142,7.5,0
53932,1,6,6,0.8333333333333334,3.5,0
53936,1,13,13,0.23076923076923078,7.0,0
53965,1,14,14,0.5,7.5,0
53967,1,11,11,0.8181818181818182,6.0,0
53973,1,6,6,0.8333333333333334,3.5,0
53976,1,6,6,0.8333333333333334,3.5,0
53981,1,9,9,1.0,5.0,0
53982,1,25,25,0.48,13.0,1
54000,1,6,6,0.6666666666666666,3.5,0
54001,2,31,30,0.8709677419354839,11.161290322580646,1
54014,1,4,4,0.5,2.5,0
54067,1,4,4,0.25,2.5,0
54077,1,5,5,0.4,3.0,0
54141,1,22,22,0.0,11.5,1
54151,1,8,8,0.375,4.5,0
54171,1,1,1,1.0,1.0,0
54217,1,2,2,0.5,1.5,0
54222,1,1,1,1.0,1.0,0
54232,1,12,12,0.0,6.5,0
54235,2,19,19,0.8421052631578947,7.473684210526316,1
54238,1,1,1,1.0,1.0,0
54247,1,6,6,1.0,3.5,0
54254,1,26,26,0.8846153846153846,13.5,1
54255,1,12,12,0.6666666666666666,6.5,0
54263,1,1,1,0.0,1.0,0
54275,1,9,9,0.2222222222222222,5.0,0
54292,1,17,17,0.8235294117647058,9.0,1
54307,1,9,9,0.8888888888888888,5.0,0
54308,1,9,9,1.0,5.0,0
54312,1,8,8,0.375,4.5,0
54314,1,5,5,1.0,3.0,0
54315,1,14,14,0.5,7.5,0
54323,1,10,10,0.4,5.5,0
54330,1,18,18,1.0,9.5,1
54336,1,7,7,0.5714285714285714,4.0,0
54351,1,7,7,0.14285714285714285,4.0,0
54352,1,11,11,0.45454545454545453,6.0,0
54365,1,3,3,0.6666666666666666,2.0,0
54369,1,5,5,1.0,3.0,0
54374,1,16,16,0.6875,8.5,1
54379,1,24,24,0.5833333333333334,12.5,1
54380,1,9,9,0.7777777777777778,5.0,0
54397,1,6,6,0.8333333333333334,3.5,0
54437,1,15,15,0.26666666666666666,8.0,1
54440,1,2,2,1.0,1.5,0
54452,1,3,3,1.0,2.0,0
54463,2,17,17,0.8823529411764706,6.529411764705882,1
54482,1,9,9,0.3333333333333333,5.0,0
54490,1,9,9,0.8888888888888888,5.0,0
54500,1,3,3,1.0,2.0,0
54521,1,35,35,0.0,18.0,1
54528,1,7,7,0.8571428571428571,4.0,0
54538,1,3,3,1.0,2.0,0
54543,1,4,4,0.5,2.5,0
54562,1,18,18,0.5,9.5,1
54574,1,11,11,0.09090909090909091,6.0,0
54587,1,5,5,0.6,3.0,0
54591,1,18,18,0.3333333333333333,9.5,1
54592,1,10,10,0.7,5.5,0
54594,2,14,14,0.8571428571428571,6.571428571428571,1
54607,2,24,22,0.125,8.541666666666666,1
54616,1,2,2,1.0,1.5,0
54624,1,5,5,1.0,3.0,0
54625,1,4,4,0.75,2.5,0
54632,1,4,4,0.0,2.5,0
54671,1,20,20,0.45,10.5,1
54681,1,4,4,0.0,2.5,0
54691,1,7,7,0.8571428571428571,4.0,0
54708,1,11,11,1.0,6.0,0
54724,1,18,18,0.7222222222222222,9.5,1
54729,1,11,11,0.9090909090909091,6.0,0
54743,1,3,3,0.0,2.0,0
54747,1,6,6,0.8333333333333334,3.5,0
54768,2,17,17,0.47058823529411764,5.470588235294118,1
54769,2,3,3,0.0,1.3333333333333333,0
54772,1,20,20,0.3,10.5,1
54781,1,5,5,1.0,3.0,0
54797,1,12,12,0.6666666666666666,6.5,0
54798,1,1,1,0.0,1.0,0
54803,1,3,3,1.0,2.0,0
54817,1,20,20,0.35,10.5,1
54831,1,6,6,1.0,3.5,0
54834,1,5,5,0.8,3.0,0
54844,2,18,18,0.5555555555555556,5.222222222222222,1
54847,1,11,11,0.45454545454545453,6.0,0
54861,1,8,8,0.375,4.5,0
54869,1,7,7,0.7142857142857143,4.0,0
54876,1,27,27,0.5925925925925926,14.0,1
54878,1,13,13,0.15384615384615385,7.0,0
54886,1,20,20,0.9,10.5,1
54888,1,9,9,0.0,5.0,0
54895,1,22,22,0.8181818181818182,11.5,1
54900,1,14,14,0.5,7.5,0
54901,1,5,5,1.0,3.0,0
54902,2,20,20,0.55,5.55,1
54907,1,13,13,0.38461538461538464,7.0,0
54915,1,7,7,0.14285714285714285,4.0,0
54921,2,21,21,0.38095238095238093,6.0476190476190474,1
54927,1,9,9,0.2222222222222222,5.0,0
54938,1,1,1,1.0,1.0,0
54953,1,3,3,0.6666666666666666,2.0,0
54957,1,9,9,0.6666666666666666,5.0,0
54967,1,10,10,0.5,5.5,0
54977,1,24,24,0.375,12.5,1
55007,1,2,2,1.0,1.5,0
55035,1,26,26,0.19230769230769232,13.5,1
55044,1,5,5,0.8,3.0,0
55049,1,29,29,0.9655172413793104,15.0,1
55056,1,7,7,0.14285714285714285,4.0,0
55059,1,15,15,0.06666666666666667,8.0,1
55066,1,6,6,0.6666666666666666,3.5,0
55074,1,4,4,1.0,2.5,0
55076,1,9,9,0.3333333333333333,5.0,0
55099,1,6,6,0.3333333333333333,3.5,0
55102,1,14,14,0.2857142857142857,7.5,0
55104,2,47,42,0.8297872340425532,13.446808510638299,1
55131,1,13,13,0.5384615384615384,7.0,0
55133,1,1,1,0.0,1.0,0
55149,1,5,5,0.0,3.0,0
55154,1,18,18,0.1111111111111111,9.5,1
55168,1,7,7,0.2857142857142857,4.0,0
55169,1,7,7,0.14285714285714285,4.0,0
55177,1,6,6,0.8333333333333334,3.5,0
55179,1,10,10,0.9,5.5,0
55198,1,9,9,0.1111111111111111,5.0,0
55209,1,8,8,0.75,4.5,0
55212,1,5,5,0.6,3.0,0
55222,1,9,9,0.2222222222222222,5.0,0
55237,1,4,4,1.0,2.5,0
55243,1,15,15,0.8,8.0,1
55270,1,8,8,0.375,4.5,0
55331,1,3,3,1.0,2.0,0
55336,1,5,5,0.8,3.0,0
55339,1,11,11,0.45454545454545453,6.0,0
55352,1,12,12,0.75,6.5,0
55355,2,32,20,0.8125,8.78125,1
55360,2,30,30,0.4666666666666667,11.333333333333334,1
55368,1,8,8,0.125,4.5,0
55370,2,20,20,0.75,6.3,1
55379,1,25,25,0.0,13.0,1
55402,2,19,18,0.5263157894736842,5.2631578947368425,1
55404,1,10,10,0.2,5.5,0
55418,1,7,7,0.0,4.0,0
55419,1,9,9,0.7777777777777778,5.0,0
55436,1,16,16,0.625,8.5,1
55441,2,8,8,0.875,3.0,0
55453,1,1,1,0.0,1.0,0
55474,1,17,17,0.7058823529411765,9.0,1
55489,1,7,7,0.7142857142857143,4.0,0
55509,1,6,6,0.6666666666666666,3.5,0
55520,1,6,6,0.0,3.5,0
55607,1,3,3,0.3333333333333333,2.0,0
55609,1,3,3,0.6666666666666666,2.0,0
55626,3,39,29,0.9230769230769231,7.717948717948718,1
55633,1,14,14,0.21428571428571427,7.5,0
55651,1,16,16,0.0,8.5,1
55657,1,3,3,1.0,2.0,0
55664,1,15,15,0.8,8.0,1
55666,1,9,9,1.0,5.0,0
55667,1,1,1,1.0,1.0,0
55668,1,13,13,0.9230769230769231,7.0,0
55670,1,15,15,0.7333333333333333,8.0,1
55687,2,14,12,0.7857142857142857,4.0,0
55695,1,5,5,0.8,3.0,0
55700,1,20,20,0.6,10.5,1
55713,1,6,6,1.0,3.5,0
55731,1,3,3,0.3333333333333333,2.0,0
55739,1,9,9,0.7777777777777778,5.0,0
55752,1,8,8,0.25,4.5,0
55754,1,28,28,0.0,14.5,1
55756,1,27,27,0.14814814814814814,14.0,1
55785,1,14,14,0.14285714285714285,7.5,0
55793,1,16,16,0.0,8.5,1
55802,1,27,27,0.8888888888888888,14.0,1
55821,1,20,20,0.7,10.5,1
55835,1,22,22,0.45454545454545453,11.5,1
55839,1,1,1,1.0,1.0,0
55864,1,3,3,0.6666666666666666,2.0,0
55893,1,13,13,0.3076923076923077,7.0,0
55911,1,18,18,0.0,9.5,1
55930,1,3,3,0.0,2.0,0
55962,1,5,5,1.0,3.0,0
55968,1,5,5,0.6,3.0,0
55978,1,12,12,0.4166666666666667,6.5,0
55979,1,24,24,0.9583333333333334,12.5,1
55983,1,6,6,1.0,3.5,0
55989,1,1,1,1.0,1.0,0
56005,1,12,12,0.25,6.5,0
56008,1,1,1,1.0,1.0,0
56014,1,2,2,1.0,1.5,0
56022,1,25,25,0.64,13.0,1
56041,1,15,15,0.6666666666666666,8.0,1
56048,1,11,11,0.7272727272727273,6.0,0
56056,1,14,14,0.21428571428571427,7.5,0
56081,1,8,8,0.75,4.5,0
56085,1,6,6,0.0,3.5,0
56103,1,7,7,0.0,4.0,0
56154,1,12,12,0.6666666666666666,6.5,0
56158,1,8,8,0.75,4.5,0
56166,1,13,13,0.38461538461538464,7.0,0
56187,1,9,9,0.5555555555555556,5.0,0
56193,1,5,5,0.6,3.0,0
56210,1,8,8,0.875,4.5,0
56223,1,1,1,1.0,1.0,0
56229,1,25,25,0.56,13.0,1
56236,1,20,20,0.0,10.5,1
56239,1,3,3,0.6666666666666666,2.0,0
56265,1,4,4,0.75,2.5,0
56274,1,6,6,0.6666666666666666,3.5,0
56285,1,16,16,0.4375,8.5,1
56294,1,5,5,1.0,3.0,0
56315,1,13,13,0.0,7.0,0
56316,2,12,12,0.16666666666666666,3.5833333333333335,0
56323,1,10,10,0.9,5.5,0
56325,1,13,13,0.8461538461538461,7.0,0
56330,1,13,13,0.3076923076923077,7.0,0
56337,1,9,9,0.8888888888888888,5.0,0
56345,1,8,8,0.0,4.5,0
56361,1,12,12,0.6666666666666666,6.5,0
56364,2,12,10,0.6666666666666666,3.5833333333333335,0
56367,1,6,6,0.6666666666666666,3.5,0
56377,1,10,10,0.1,5.5,0
56413,1,17,17,0.5294117647058824,9.0,1
56415,1,15,15,0.06666666666666667,8.0,1
56419,1,1,1,1.0,1.0,0
56472,1,11,11,0.5454545454545454,6.0,0
56477,1,12,12,0.3333333333333333,6.5,0
56509,1,13,13,0.0,7.0,0
56513,1,11,11,0.8181818181818182,6.0,0
56523,1,11,11,0.45454545454545453,6.0,0
56525,1,12,12,0.75,6.5,0
56542,1,5,5,0.6,3.0,0
56546,1,32,32,0.40625,16.5,1
56573,1,2,2,0.5,1.5,0
56574,1,7,7,0.42857142857142855,4.0,0
56586,2,7,6,0.8571428571428571,2.2857142857142856,0
56587,1,15,15,0.0,8.0,1
56604,2,8,7,0.875,2.625,0
56613,1,23,23,0.782608695652174,12.0,1
56620,1,12,12,0.6666666666666666,6.5,0
56639,1,12,12,0.6666666666666666,6.5,0
56653,1,1,1,0.0,1.0,0
56672,1,2,2,0.5,1.5,0
56677,1,5,5,0.0,3.0,0
56698,1,9,9,1.0,5.0,0
56719,1,3,3,0.6666666666666666,2.0,0
56734,1,8,8,0.125,4.5,0
56748,1,10,10,1.0,5.5,0
56755,2,45,37,0.7777777777777778,11.755555555555556,1
56768,1,4,4,1.0,2.5,0
56795,1,17,17,0.47058823529411764,9.0,1
56799,1,6,6,0.8333333333333334,3.5,0
56815,1,17,17,0.23529411764705882,9.0,1
56820,1,8,8,0.25,4.5,0
56835,1,14,14,0.5714285714285714,7.5,0
56840,1,14,14,0.21428571428571427,7.5,0
56843,1,9,9,0.7777777777777778,5.0,0
56854,1,16,16,0.375,8.5,1
56888,1,8,8,1.0,4.5,0
56892,1,8,8,0.875,4.5,0
56896,1,22,22,0.0,11.5,1
56903,1,10,10,1.0,5.5,0
56904,1,7,7,1.0,4.0,0
56909,1,2,2,1.0,1.5,0
56911,1,5,5,0.0,3.0,0
56916,1,3,3,0.3333333333333333,2.0,0
56927,1,2,2,0.5,1.5,0
56929,1,9,9,0.0,5.0,0
56944,1,1,1,1.0,1.0,0
56950,1,17,17,0.7647058823529411,9.0,1
56977,1,2,2,1.0,1.5,0
56979,1,1,1,1.0,1.0,0
56994,1,4,4,0.75,2.5,0
56995,2,8,8,0.25,2.5,0
56999,1,12,12,0.08333333333333333,6.5,0
57009,1,5,5,1.0,3.0,0
57043,1,46,46,0.0,23.5,1
57046,1,3,3,1.0,2.0,0
57071,2,23,21,0.43478260869565216,6.260869565217392,1
57123,1,8,8,0.875,4.5,0
57130,3,22,19,0.7272727272727273,5.545454545454546,1
57142,1,3,3,0.3333333333333333,2.0,0
57158,1,4,4,0.75,2.5,0
57178,1,1,1,0.0,1.0,0
57190,1,10,10,0.6,5.5,0
57199,1,11,11,0.9090909090909091,6.0,0
57205,1,17,17,0.29411764705882354,9.0,1
57209,1,8,8,0.0,4.5,0
57218,2,26,24,0.5769230769230769,7.346153846153846,1
57226,1,17,17,0.29411764705882354,9.0,1
57229,1,4,4,0.5,2.5,0
57249,1,11,11,0.6363636363636364,6.0,0
57252,1,5,5,1.0,3.0,0
57261,1,13,13,0.38461538461538464,7.0,0
57278,1,14,14,0.07142857142857142,7.5,0
57299,1,3,3,0.0,2.0,0
57344,1,1,1,1.0,1.0,0
57362,1,7,7,1.0,4.0,0
57367,1,11,11,0.7272727272727273,6.0,0
57380,2,16,16,0.875,6.0625,1
57384,1,13,13,0.3076923076923077,7.0,0
57399,1,13,13,0.0,7.0,0
57459,1,3,3,0.3333333333333333,2.0,0
57469,1,7,7,0.7142857142857143,4.0,0
57494,1,23,23,0.34782608695652173,12.0,1
57513,1,12,12,0.0,6.5,0
57518,1,15,15,0.8,8.0,1
57522,1,11,11,0.6363636363636364,6.0,0
57523,1,8,8,0.875,4.5,0
57524,1,4,4,0.25,2.5,0
57530,1,19,19,0.631578947368421,10.0,1
57561,1,6,6,1.0,3.5,0
57576,2,29,27,0.7586206896551724,8.793103448275861,1
57581,1,14,14,0.7142857142857143,7.5,0
57582,1,9,9,0.1111111111111111,5.0,0
57590,1,2,2,1.0,1.5,0
57601,1,1,1,1.0,1.0,0
57609,2,27,22,0.7777777777777778,8.0,1
57621,1,3,3,1.0,2.0,0
57628,1,2,2,0.0,1.5,0
57633,1,7,7,0.5714285714285714,4.0,0
57639,1,2,2,0.5,1.5,0
57640,1,5,5,0.6,3.0,0
57645,1,1,1,1.0,1.0,0
57654,1,12,12,0.0,6.5,0
57702,1,4,4,1.0,2.5,0
57704,1,7,7,1.0,4.0,0
57725,1,4,4,0.0,2.5,0
57757,1,7,7,0.2857142857142857,4.0,0
57771,1,10,10,0.9,5.5,0
57796,1,1,1,0.0,1.0,0
57825,1,4,4,0.5,2.5,0
57827,1,45,45,0.8888888888888888,23.0,1
57828,1,5,5,0.4,3.0,0
57829,1,5,5,0.6,3.0,0
57851,3,34,28,0.7058823529411765,6.294117647058823,1
57862,1,9,9,0.2222222222222222,5.0,0
57866,1,4,4,1.0,2.5,0
57877,1,1,1,0.0,1.0,0
57896,1,8,8,0.5,4.5,0
57907,1,2,2,1.0,1.5,0
57911,1,3,3,0.0,2.0,0
57920,1,7,7,0.8571428571428571,4.0,0
57923,1,5,5,0.0,3.0,0
57934,1,1,1,1.0,1.0,0
57954,1,20,20,0.3,10.5,1
57955,1,11,11,0.6363636363636364,6.0,0
57957,1,10,10,0.5,5.5,0
57965,1,6,6,0.0,3.5,0
57970,1,8,8,0.25,4.5,0
57986,1,4,4,0.0,2.5,0
57996,1,8,8,0.5,4.5,0
58005,1,17,17,0.9411764705882353,9.0,1
58009,1,3,3,1.0,2.0,0
58017,1,25,25,0.2,13.0,1
58043,3,14,11,0.6428571428571429,3.4285714285714284,1
58050,1,2,2,1.0,1.5,0
58065,1,9,9,0.7777777777777778,5.0,0
58075,1,15,15,0.2,8.0,1
58076,1,7,7,1.0,4.0,0
58077,1,18,18,0.5555555555555556,9.5,1
58087,1,24,24,0.0,12.5,1
58091,1,5,5,1.0,3.0,0
58096,1,6,6,0.5,3.5,0
58097,1,7,7,0.8571428571428571,4.0,0
58122,2,9,9,0.7777777777777778,3.0,0
58123,2,7,7,0.7142857142857143,2.2857142857142856,0
58141,1,9,9,0.7777777777777778,5.0,0
58144,1,3,3,0.6666666666666666,2.0,0
58150,1,18,18,0.2777777777777778,9.5,1
58170,1,1,1,1.0,1.0,0
58202,1,10,10,0.6,5.5,0
58208,1,11,11,0.2727272727272727,6.0,0
58250,1,7,7,0.7142857142857143,4.0,0
58259,1,3,3,0.0,2.0,0
58262,1,9,9,0.5555555555555556,5.0,0
58264,1,7,7,1.0,4.0,0
58278,2,16,16,0.6875,5.0625,1
58289,1,19,19,0.5789473684210527,10.0,1
58306,1,16,16,0.0,8.5,1
58324,1,11,11,0.9090909090909091,6.0,0
58337,1,20,20,0.45,10.5,1
58376,1,10,10,0.6,5.5,0
58384,1,12,12,0.4166666666666667,6.5,0
58409,1,23,23,0.9565217391304348,12.0,1
58441,1,11,11,0.5454545454545454,6.0,0
58460,1,14,14,0.42857142857142855,7.5,0
58490,1,5,5,0.4,3.0,0
58491,1,6,6,0.8333333333333334,3.5,0
58497,1,13,13,0.38461538461538464,7.0,0
58511,1,4,4,0.75,2.5,0
58532,1,4,4,0.75,2.5,0
58538,1,2,2,0.5,1.5,0
58541,1,3,3,0.3333333333333333,2.0,0
58550,1,20,20,0.05,10.5,1
58566,1,3,3,1.0,2.0,0
58589,1,3,3,1.0,2.0,0
58596,1,7,7,1.0,4.0,0
58599,1,6,6,0.0,3.5,0
58602,1,5,5,1.0,3.0,0
58605,1,15,15,1.0,8.0,1
58615,1,17,17,0.7647058823529411,9.0,1
58618,1,7,7,0.8571428571428571,4.0,0
58619,1,7,7,0.0,4.0,0
58621,1,12,12,0.0,6.5,0
58645,1,12,12,0.4166666666666667,6.5,0
58647,1,22,22,0.36363636363636365,11.5,1
58648,1,2,2,0.0,1.5,0
58662,1,1,1,1.0,1.0,0
58666,1,34,34,0.7647058823529411,17.5,1
58697,1,7,7,1.0,4.0,0
58701,1,12,12,0.9166666666666666,6.5,0
58707,1,8,8,0.75,4.5,0
58718,1,1,1,1.0,1.0,0
58729,1,6,6,1.0,3.5,0
58738,1,5,5,0.6,3.0,0
58803,1,1,1,0.0,1.0,0
58806,1,18,18,0.5,9.5,1
58853,1,12,12,0.9166666666666666,6.5,0
58862,1,15,15,0.4,8.0,1
58871,1,2,2,1.0,1.5,0
58883,1,18,18,0.1111111111111111,9.5,1
58930,1,6,6,0.3333333333333333,3.5,0
58935,1,6,6,1.0,3.5,0
58965,1,29,29,0.8620689655172413,15.0,1
58966,1,1,1,0.0,1.0,0
58971,1,3,3,1.0,2.0,0
58975,1,2,2,0.5,1.5,0
58992,1,14,14,0.8571428571428571,7.5,0
58994,2,18,14,0.3888888888888889,5.222222222222222,1
58996,1,5,5,1.0,3.0,0
59036,1,2,2,0.5,1.5,0
59037,1,5,5,0.8,3.0,0
59054,1,5,5,0.0,3.0,0
59055,1,3,3,0.0,2.0,0
59062,1,4,4,1.0,2.5,0
59066,1,3,3,1.0,2.0,0
59095,1,12,12,0.5833333333333334,6.5,0
59100,1,13,13,0.6153846153846154,7.0,0
59106,2,15,11,0.9333333333333333,4.666666666666667,0
59109,1,16,16,0.0625,8.5,1
59134,1,6,6,0.6666666666666666,3.5,0
59138,1,1,1,0.0,1.0,0
59161,1,9,9,1.0,5.0,0
59180,2,17,16,0.9411764705882353,4.764705882352941,1
59186,1,4,4,1.0,2.5,0
59190,1,9,9,0.1111111111111111,5.0,0
59191,2,3,3,1.0,1.3333333333333333,0
59199,1,10,10,0.2,5.5,0
59211,1,6,6,0.6666666666666666,3.5,0
59215,1,15,15,0.13333333333333333,8.0,1
59216,1,5,5,1.0,3.0,0
59284,1,5,5,0.6,3.0,0
59317,1,7,7,0.7142857142857143,4.0,0
59327,1,19,19,0.5789473684210527,10.0,1
59333,1,4,4,0.75,2.5,0
59361,1,9,9,0.8888888888888888,5.0,0
59364,1,22,22,0.8636363636363636,11.5,1
59367,1,17,17,0.23529411764705882,9.0,1
59384,1,13,13,0.0,7.0,0
59395,1,12,12,0.8333333333333334,6.5,0
59399,1,9,9,0.7777777777777778,5.0,0
59400,1,7,7,0.5714285714285714,4.0,0
59403,1,3,3,1.0,2.0,0
59411,1,21,21,0.5238095238095238,11.0,1
59443,2,23,23,0.5217391304347826,6.782608695652174,1
59458,1,6,6,1.0,3.5,0
59460,1,7,7,0.14285714285714285,4.0,0
59465,1,11,11,1.0,6.0,0
59476,1,10,10,0.6,5.5,0
59478,1,12,12,0.3333333333333333,6.5,0
59532,1,6,6,0.5,3.5,0
59542,1,11,11,0.6363636363636364,6.0,0
59562,1,15,15,0.9333333333333333,8.0,1
59569,1,6,6,0.8333333333333334,3.5,0
59577,1,1,1,1.0,1.0,0
59585,1,22,22,0.8636363636363636,11.5,1
59604,1,11,11,0.9090909090909091,6.0,0
59609,1,10,10,1.0,5.5,0
59613,1,21,21,0.9047619047619048,11.0,1
59614,1,1,1,0.0,1.0,0
59616,1,10,10,0.7,5.5,0
59625,1,4,4,0.75,2.5,0
59632,1,9,9,0.7777777777777778,5.0,0
59640,1,4,4,0.5,2.5,0
59648,1,3,3,0.0,2.0,0
59663,1,1,1,1.0,1.0,0
59708,1,1,1,1.0,1.0,0
59709,1,7,7,0.42857142857142855,4.0,0
59746,1,21,21,0.7619047619047619,11.0,1
59755,2,4,4,0.75,1.75,0
59768,1,13,13,0.15384615384615385,7.0,0
59773,1,14,14,0.5,7.5,0
59784,1,10,10,0.7,5.5,0
59785,1,11,11,0.36363636363636365,6.0,0
59786,1,17,17,0.5882352941176471,9.0,1
59789,2,7,6,0.7142857142857143,2.2857142857142856,0
59796,2,5,4,0.6,1.8,0
59830,1,5,5,0.2,3.0,0
59890,1,7,7,0.7142857142857143,4.0,0
59894,1,2,2,0.0,1.5,0
59897,1,14,14,0.5714285714285714,7.5,0
59898,1,12,12,0.8333333333333334,6.5,0
59905,1,9,9,0.5555555555555556,5.0,0
59913,1,11,11,0.18181818181818182,6.0,0
59959,2,11,9,0.6363636363636364,3.272727272727273,0
59963,1,1,1,0.0,1.0,0
59965,1,4,4,1.0,2.5,0
59967,1,5,5,0.6,3.0,0
59974,1,5,5,0.8,3.0,0
59975,3,37,33,0.8108108108108109,7.216216216216216,1
60019,2,4,4,0.75,1.75,0
60046,1,22,22,0.9545454545454546,11.5,1
60051,1,8,8,0.375,4.5,0
60057,1,11,11,0.0,6.0,0
60067,3,25,22,0.72,5.16,1
60086,1,8,8,0.75,4.5,0
60090,1,9,9,0.1111111111111111,5.0,0
60096,1,3,3,0.3333333333333333,2.0,0
60115,1,7,7,0.42857142857142855,4.0,0
60122,1,13,13,0.6153846153846154,7.0,0
60126,1,15,15,0.26666666666666666,8.0,1
60132,1,7,7,1.0,4.0,0
60149,1,9,9,0.7777777777777778,5.0,0
60156,1,5,5,0.8,3.0,0
60174,1,15,15,0.8,8.0,1
60181,1,20,20,0.7,10.5,1
60182,2,8,7,0.5,2.5,0
60183,1,15,15,0.8666666666666667,8.0,1
60219,1,11,11,0.8181818181818182,6.0,0
60256,1,5,5,0.8,3.0,0
60315,1,4,4,0.75,2.5,0
60349,2,15,12,0.6,4.266666666666667,0
60351,1,12,12,0.75,6.5,0
60361,1,5,5,0.0,3.0,0
60363,1,6,6,1.0,3.5,0
60377,1,7,7,0.42857142857142855,4.0,0
60394,1,5,5,0.8,3.0,0
60401,1,10,10,0.9,5.5,0
60407,1,2,2,1.0,1.5,0
60434,1,17,17,0.7647058823529411,9.0,1
60443,1,2,2,0.5,1.5,0
60483,1,13,13,0.8461538461538461,7.0,0
60504,1,6,6,0.6666666666666666,3.5,0
60514,1,12,12,0.6666666666666666,6.5,0
60524,1,15,15,0.6666666666666666,8.0,1
60527,1,2,2,1.0,1.5,0
60528,1,9,9,0.7777777777777778,5.0,0
60562,1,6,6,0.6666666666666666,3.5,0
60568,1,9,9,0.4444444444444444,5.0,0
60584,1,5,5,1.0,3.0,0
60595,2,42,41,0.6666666666666666,11.380952380952381,1
60630,1,17,17,0.7647058823529411,9.0,1
60632,1,28,28,0.2857142857142857,14.5,1
60671,1,23,23,0.0,12.0,1
60687,1,13,13,0.9230769230769231,7.0,0
60694,2,80,72,0.9375,22.95,1
60698,1,9,9,0.5555555555555556,5.0,0
60703,1,13,13,0.5384615384615384,7.0,0
60707,1,7,7,0.7142857142857143,4.0,0
60710,1,11,11,0.45454545454545453,6.0,0
60711,2,3,3,1.0,1.3333333333333333,0
60716,1,13,13,0.6153846153846154,7.0,0
60721,1,3,3,0.0,2.0,0
60744,1,6,6,0.5,3.5,0
60749,2,35,31,0.7714285714285715,9.6,1
60750,1,4,4,0.75,2.5,0
60751,1,12,12,0.8333333333333334,6.5,0
60766,1,12,12,0.75,6.5,0
60778,1,8,8,0.75,4.5,0
60800,1,10,10,0.7,5.5,0
60813,1,15,15,0.8,8.0,1
60820,1,21,21,0.42857142857142855,11.0,1
60835,1,10,10,0.0,5.5,0
60837,1,12,12,0.4166666666666667,6.5,0
60839,1,1,1,0.0,1.0,0
60858,1,15,15,0.8,8.0,1
60859,1,6,6,0.6666666666666666,3.5,0
60865,1,42,42,0.5238095238095238,21.5,1
60874,1,17,17,0.35294117647058826,9.0,1
60932,3,16,14,0.8125,3.5625,1
60939,1,16,16,0.875,8.5,1
60944,1,2,2,1.0,1.5,0
60948,1,8,8,0.875,4.5,0
60951,1,5,5,0.8,3.0,0
60952,1,1,1,1.0,1.0,0
60956,1,9,9,0.3333333333333333,5.0,0
60959,1,13,13,0.07692307692307693,7.0,0
60966,1,11,11,1.0,6.0,0
60976,1,13,13,0.7692307692307693,7.0,0
60979,1,14,14,0.2857142857142857,7.5,0
60989,1,2,2,1.0,1.5,0
60995,1,21,21,0.8095238095238095,11.0,1
61000,1,4,4,1.0,2.5,0
61010,1,8,8,0.625,4.5,0
61011,1,20,20,0.75,10.5,1
61012,1,16,16,0.375,8.5,1
61049,1,33,33,0.9393939393939394,17.0,1
61052,1,2,2,0.0,1.5,0
61100,1,6,6,0.0,3.5,0
61101,1,4,4,1.0,2.5,0
61105,1,27,27,0.8888888888888888,14.0,1
61115,1,18,18,0.2222222222222222,9.5,1
61134,1,5,5,1.0,3.0,0
61148,2,43,32,0.9302325581395349,11.30232558139535,1
61154,1,4,4,0.75,2.5,0
61175,1,8,8,1.0,4.5,0
61176,1,13,13,0.15384615384615385,7.0,0
61178,1,4,4,1.0,2.5,0
61190,1,1,1,1.0,1.0,0
61191,1,8,8,0.0,4.5,0
61197,2,27,26,0.5925925925925926,9.925925925925926,1
61198,1,11,11,0.9090909090909091,6.0,0
61231,1,10,10,0.8,5.5,0
61236,1,9,9,0.8888888888888888,5.0,0
61264,1,5,5,1.0,3.0,0
61270,1,1,1,0.0,1.0,0
61288,1,19,19,0.8947368421052632,10.0,1
61293,1,2,2,1.0,1.5,0
61311,1,26,26,0.6153846153846154,13.5,1
61312,1,18,18,0.16666666666666666,9.5,1
61321,1,16,16,0.75,8.5,1
61331,1,11,11,0.18181818181818182,6.0,0
61354,1,2,2,1.0,1.5,0
61387,1,16,16,0.1875,8.5,1
61396,1,32,32,0.75,16.5,1
61399,1,11,11,1.0,6.0,0
61422,1,9,9,0.5555555555555556,5.0,0
61425,1,11,11,1.0,6.0,0
61437,2,7,6,0.5714285714285714,2.2857142857142856,0
61453,1,4,4,0.0,2.5,0
61454,2,34,34,0.5882352941176471,11.382352941176471,1
61476,2,8,5,1.0,2.5,0
61494,1,5,5,0.2,3.0,0
61495,2,20,20,0.4,5.7,1
61498,1,17,17,0.8235294117647058,9.0,1
61500,2,10,10,0.6,3.4,0
61508,1,4,4,1.0,2.5,0
61516,2,26,22,0.8846153846153846,7.346153846153846,1
61520,1,25,25,0.72,13.0,1
61566,1,1,1,1.0,1.0,0
61573,1,8,8,1.0,4.5,0
61590,1,4,4,0.0,2.5,0
61592,1,11,11,0.36363636363636365,6.0,0
61607,1,18,18,0.9444444444444444,9.5,1
61610,1,4,4,0.25,2.5,0
61613,1,1,1,1.0,1.0,0
61615,1,5,5,0.4,3.0,0
61616,1,3,3,0.6666666666666666,2.0,0
61624,1,2,2,1.0,1.5,0
61638,2,33,31,0.42424242424242425,9.666666666666666,1
61640,1,3,3,0.6666666666666666,2.0,0
61648,1,9,9,0.7777777777777778,5.0,0
61655,1,4,4,0.0,2.5,0
61660,1,10,10,0.3,5.5,0
61675,1,12,12,0.3333333333333333,6.5,0
61685,1,1,1,0.0,1.0,0
61687,1,2,2,0.5,1.5,0
61695,1,5,5,0.2,3.0,0
61719,1,7,7,0.7142857142857143,4.0,0
61721,1,8,8,0.75,4.5,0
61731,1,6,6,0.6666666666666666,3.5,0
61740,1,7,7,0.42857142857142855,4.0,0
61747,1,6,6,0.0,3.5,0
61756,1,16,16,0.6875,8.5,1
61760,1,23,23,0.043478260869565216,12.0,1
61777,1,6,6,1.0,3.5,0
61813,1,13,13,0.9230769230769231,7.0,0
61833,1,8,8,0.0,4.5,0
61834,1,6,6,0.3333333333333333,3.5,0
61839,1,1,1,1.0,1.0,0
61840,1,19,19,0.15789473684210525,10.0,1
61864,1,15,15,0.6,8.0,1
61880,1,9,9,0.4444444444444444,5.0,0
61884,1,6,6,0.6666666666666666,3.5,0
61895,1,9,9,0.8888888888888888,5.0,0
61896,1,8,8,0.125,4.5,0
61902,1,15,15,0.7333333333333333,8.0,1
61910,1,1,1,0.0,1.0,0
61928,1,23,23,0.5652173913043478,12.0,1
61939,1,5,5,0.8,3.0,0
61942,1,5,5,0.8,3.0,0
61971,1,2,2,1.0,1.5,0
61974,1,15,15,0.5333333333333333,8.0,1
61976,1,37,37,0.7297297297297297,19.0,1
61985,1,7,7,0.7142857142857143,4.0,0
61992,1,3,3,0.6666666666666666,2.0,0
62006,1,12,12,0.75,6.5,0
62007,1,25,25,0.64,13.0,1
62011,1,7,7,0.7142857142857143,4.0,0
62013,1,8,8,0.25,4.5,0
62017,1,15,15,0.9333333333333333,8.0,1
62033,1,1,1,1.0,1.0,0
62040,1,7,7,0.2857142857142857,4.0,0
62056,1,20,20,0.3,10.5,1
62069,1,7,7,1.0,4.0,0
62108,1,29,29,0.3103448275862069,15.0,1
62129,1,14,14,0.0,7.5,0
62148,2,3,3,0.3333333333333333,1.3333333333333333,0
62190,1,11,11,0.8181818181818182,6.0,0
62191,2,65,56,0.8769230769230769,18.138461538461538,1
62205,2,11,10,0.8181818181818182,3.272727272727273,0
62211,1,15,15,0.8666666666666667,8.0,1
62213,1,22,22,0.0,11.5,1
62224,1,6,6,0.16666666666666666,3.5,0
62239,1,13,13,0.9230769230769231,7.0,0
62242,1,20,20,0.75,10.5,1
62249,1,15,15,0.2,8.0,1
62253,1,4,4,0.25,2.5,0
62260,1,6,6,0.6666666666666666,3.5,0
62287,1,4,4,1.0,2.5,0
62304,1,3,3,0.0,2.0,0
62305,1,12,12,0.75,6.5,0
62313,1,7,7,0.7142857142857143,4.0,0
62324,1,2,2,0.5,1.5,0
62325,1,4,4,1.0,2.5,0
62340,1,4,4,0.0,2.5,0
62354,4,21,17,0.7142857142857143,5.095238095238095,1
62373,2,14,13,0.7857142857142857,4.285714285714286,0
62383,1,22,22,0.5454545454545454,11.5,1
62408,1,8,8,0.625,4.5,0
62416,1,4,4,1.0,2.5,0
62443,1,13,13,0.6923076923076923,7.0,0
62453,1,3,3,0.0,2.0,0
62481,1,6,6,0.16666666666666666,3.5,0
62482,1,10,10,0.8,5.5,0
62506,1,9,9,0.5555555555555556,5.0,0
62508,1,10,10,0.8,5.5,0
62541,1,22,22,0.7727272727272727,11.5,1
62545,1,5,5,0.2,3.0,0
62586,1,10,10,0.5,5.5,0
62610,1,13,13,0.9230769230769231,7.0,0
62619,1,10,10,0.6,5.5,0
62645,1,6,6,1.0,3.5,0
62647,1,9,9,0.6666666666666666,5.0,0
62654,1,9,9,1.0,5.0,0
62690,1,13,13,0.3076923076923077,7.0,0
62710,1,17,17,0.0,9.0,1
62725,1,27,27,0.8148148148148148,14.0,1
62735,1,9,9,0.0,5.0,0
62750,1,17,17,0.0,9.0,1
62751,1,19,19,0.5263157894736842,10.0,1
62760,1,4,4,0.75,2.5,0
62772,1,7,7,0.0,4.0,0
62775,2,5,5,0.4,1.8,0
62780,1,8,8,0.25,4.5,0
62781,1,2,2,0.0,1.5,0
62795,1,12,12,0.75,6.5,0
62799,1,16,16,0.625,8.5,1
62802,1,8,8,0.375,4.5,0
62813,1,24,24,0.0,12.5,1
62830,1,2,2,0.0,1.5,0
62835,1,6,6,1.0,3.5,0
62846,1,1,1,1.0,1.0,0
62851,1,26,26,0.7307692307692307,13.5,1
62871,1,17,17,0.8823529411764706,9.0,1
62875,2,8,8,0.375,2.5,0
62876,1,1,1,1.0,1.0,0
62890,1,13,13,0.46153846153846156,7.0,0
62903,1,7,7,0.8571428571428571,4.0,0
62906,1,25,25,0.4,13.0,1
62914,1,9,9,1.0,5.0,0
62955,1,10,10,0.8,5.5,0
62961,1,1,1,0.0,1.0,0
62985,1,8,8,1.0,4.5,0
62987,1,3,3,0.3333333333333333,2.0,0
62988,1,10,10,1.0,5.5,0
63001,1,1,1,1.0,1.0,0
63004,1,11,11,0.09090909090909091,6.0,0
63012,1,16,16,0.125,8.5,1
63028,2,28,24,0.7857142857142857,7.535714285714286,1
63029,1,17,17,0.8823529411764706,9.0,1
63056,1,4,4,0.75,2.5,0
63066,1,5,5,0.4,3.0,0
63075,2,17,15,1.0,4.882352941176471,1
63118,1,7,7,0.2857142857142857,4.0,0
63162,1,7,7,0.7142857142857143,4.0,0
63169,1,5,5,0.4,3.0,0
63177,1,17,17,0.11764705882352941,9.0,1
63193,1,21,21,0.7142857142857143,11.0,1
63198,1,25,25,0.84,13.0,1
63206,1,15,15,0.5333333333333333,8.0,1
63220,1,6,6,1.0,3.5,0
63225,1,3,3,0.6666666666666666,2.0,0
63226,2,12,12,0.6666666666666666,3.5833333333333335,0
63236,1,9,9,0.4444444444444444,5.0,0
63246,1,1,1,1.0,1.0,0
63259,1,1,1,0.0,1.0,0
63271,2,14,13,0.9285714285714286,4.071428571428571,0
63276,1,10,10,0.8,5.5,0
63287,1,1,1,1.0,1.0,0
63288,1,2,2,0.0,1.5,0
63293,1,10,10,1.0,5.5,0
63294,1,3,3,1.0,2.0,0
63298,1,11,11,1.0,6.0,0
63308,1,3,3,1.0,2.0,0
63309,1,5,5,0.8,3.0,0
63353,2,27,25,0.25925925925925924,8.37037037037037,1
63355,1,17,17,0.8235294117647058,9.0,1
63356,1,13,13,0.8461538461538461,7.0,0
63384,1,12,12,0.8333333333333334,6.5,0
63409,1,18,18,0.7777777777777778,9.5,1
63418,1,4,4,0.25,2.5,0
63420,1,2,2,1.0,1.5,0
63426,2,65,47,0.9692307692307692,16.784615384615385,1
63428,1,8,8,0.5,4.5,0
63432,2,3,2,0.6666666666666666,1.3333333333333333,0
63449,1,31,31,0.8387096774193549,16.0,1
63452,1,15,15,0.0,8.0,1
63498,1,25,25,0.6,13.0,1
63503,1,15,15,0.6,8.0,1
63507,1,2,2,0.0,1.5,0
63510,1,14,14,0.0,7.5,0
63516,1,6,6,0.5,3.5,0
63554,1,8,8,0.625,4.5,0
63567,1,2,2,0.0,1.5,0
63582,1,4,4,0.0,2.5,0
63585,1,28,28,0.10714285714285714,14.5,1
63586,1,12,12,1.0,6.5,0
63609,1,3,3,0.6666666666666666,2.0,0
63633,1,28,28,0.5,14.5,1
63643,1,6,6,0.5,3.5,0
63652,1,15,15,0.7333333333333333,8.0,1
63653,1,28,28,0.5714285714285714,14.5,1
63687,1,7,7,0.8571428571428571,4.0,0
63700,1,25,25,0.84,13.0,1
63718,3,18,15,0.8333333333333334,3.6666666666666665,1
63726,1,9,9,0.4444444444444444,5.0,0
63772,1,14,14,1.0,7.5,0
63776,3,25,23,0.76,4.84,1
63782,1,3,3,0.6666666666666666,2.0,0
63793,1,9,9,0.7777777777777778,5.0,0
63833,2,11,10,0.5454545454545454,3.4545454545454546,0
63857,1,6,6,0.8333333333333334,3.5,0
63864,1,19,19,0.6842105263157895,10.0,1
63868,1,14,14,0.07142857142857142,7.5,0
63869,1,15,15,1.0,8.0,1
63900,1,11,11,0.6363636363636364,6.0,0
63903,1,7,7,0.8571428571428571,4.0,0
63914,1,15,15,0.8666666666666667,8.0,1
63917,1,17,17,0.5294117647058824,9.0,1
63920,1,7,7,0.14285714285714285,4.0,0
63935,1,7,7,1.0,4.0,0
63940,1,2,2,0.0,1.5,0
63942,1,32,32,0.28125,16.5,1
63946,1,20,20,1.0,10.5,1
63948,1,2,2,1.0,1.5,0
63952,2,19,19,0.631578947368421,7.473684210526316,1
63955,1,9,9,1.0,5.0,0
63960,1,7,7,0.8571428571428571,4.0,0
63979,1,6,6,0.8333333333333334,3.5,0
63989,1,11,11,1.0,6.0,0
63995,1,1,1,1.0,1.0,0
64006,1,5,5,0.4,3.0,0
64013,1,16,16,0.75,8.5,1
64024,1,1,1,0.0,1.0,0
64068,1,13,13,0.6923076923076923,7.0,0
64069,1,11,11,0.36363636363636365,6.0,0
64071,1,2,2,0.0,1.5,0
64089,1,28,28,0.6428571428571429,14.5,1
64112,1,3,3,1.0,2.0,0
64116,1,2,2,0.5,1.5,0
64128,1,20,20,0.75,10.5,1
64194,1,15,15,0.2,8.0,1
64202,1,2,2,0.5,1.5,0
64203,1,14,14,0.42857142857142855,7.5,0
64205,1,5,5,0.2,3.0,0
64223,1,16,16,0.8125,8.5,1
64225,1,5,5,1.0,3.0,0
64227,1,5,5,0.4,3.0,0
64228,1,14,14,0.07142857142857142,7.5,0
64231,1,3,3,0.6666666666666666,2.0,0
64247,1,14,14,0.14285714285714285,7.5,0
64259,1,1,1,1.0,1.0,0
64261,1,7,7,0.14285714285714285,4.0,0
64271,1,16,16,0.5625,8.5,1
64287,1,6,6,0.0,3.5,0
64295,1,10,10,1.0,5.5,0
64304,2,3,3,0.6666666666666666,1.3333333333333333,0
64307,1,3,3,0.0,2.0,0
64319,1,13,13,1.0,7.0,0
64322,1,22,22,0.18181818181818182,11.5,1
64349,1,4,4,1.0,2.5,0
64355,1,5,5,0.6,3.0,0
64358,1,17,17,0.47058823529411764,9.0,1
64380,1,3,3,0.0,2.0,0
64392,1,13,13,0.8461538461538461,7.0,0
64421,1,7,7,0.14285714285714285,4.0,0
64434,1,21,21,0.6666666666666666,11.0,1
64437,1,9,9,0.1111111111111111,5.0,0
64451,1,13,13,0.0,7.0,0
64461,2,27,26,0.9259259259259259,9.333333333333334,1
64463,1,2,2,0.0,1.5,0
64474,1,28,28,0.9642857142857143,14.5,1
64475,1,21,21,0.5714285714285714,11.0,1
64509,1,5,5,0.2,3.0,0
64528,1,9,9,0.3333333333333333,5.0,0
64574,1,6,6,0.16666666666666666,3.5,0
64576,1,9,9,0.2222222222222222,5.0,0
64589,1,10,10,0.8,5.5,0
64590,1,9,9,0.4444444444444444,5.0,0
64602,1,36,36,0.75,18.5,1
64606,1,19,19,0.6842105263157895,10.0,1
64617,1,4,4,0.5,2.5,0
64624,1,1,1,1.0,1.0,0
64629,1,3,3,0.0,2.0,0
64637,1,18,18,0.8333333333333334,9.5,1
64638,1,17,17,1.0,9.0,1
64648,1,14,14,1.0,7.5,0
64658,1,24,24,0.7916666666666666,12.5,1
64675,1,1,1,0.0,1.0,0
64680,2,58,54,0.7586206896551724,16.103448275862068,1
64681,1,2,2,1.0,1.5,0
64718,1,3,3,1.0,2.0,0
64719,1,29,29,0.9655172413793104,15.0,1
64749,1,7,7,1.0,4.0,0
64751,1,3,3,0.6666666666666666,2.0,0
64754,1,1,1,1.0,1.0,0
64767,1,8,8,1.0,4.5,0
64771,1,2,2,0.5,1.5,0
64773,1,14,14,0.5714285714285714,7.5,0
64776,1,12,12,0.3333333333333333,6.5,0
64801,1,13,13,1.0,7.0,0
64802,1,7,7,0.0,4.0,0
64806,1,1,1,1.0,1.0,0
64821,1,6,6,0.0,3.5,0
64832,1,16,16,0.1875,8.5,1
64852,2,11,10,0.8181818181818182,3.272727272727273,0
64865,1,15,15,0.7333333333333333,8.0,1
64868,1,7,7,0.5714285714285714,4.0,0
64895,1,5,5,1.0,3.0,0
64906,2,17,15,0.6470588235294118,5.470588235294118,1
64920,1,16,16,0.0625,8.5,1
64937,1,13,13,0.8461538461538461,7.0,0
64941,1,8,8,0.75,4.5,0
64969,1,6,6,0.16666666666666666,3.5,0
64981,1,5,5,0.4,3.0,0
65027,1,4,4,1.0,2.5,0
65044,1,5,5,0.4,3.0,0
65072,1,4,4,0.0,2.5,0
65083,1,1,1,1.0,1.0,0
65098,1,9,9,0.0,5.0,0
65104,1,1,1,0.0,1.0,0
65121,1,5,5,0.6,3.0,0
65146,1,3,3,1.0,2.0,0
65149,1,6,6,0.6666666666666666,3.5,0
65153,1,4,4,1.0,2.5,0
65154,1,6,6,0.8333333333333334,3.5,0
65159,1,13,13,0.3076923076923077,7.0,0
65161,2,21,15,1.0,5.761904761904762,1
65166,1,8,8,1.0,4.5,0
65213,1,6,6,0.5,3.5,0
65240,2,23,20,0.9565217391304348,6.3478260869565215,1
65243,1,12,12,1.0,6.5,0
65247,1,19,19,0.0,10.0,1
65267,2,22,18,0.9545454545454546,6.0,1
65279,1,6,6,0.8333333333333334,3.5,0
65280,1,4,4,0.25,2.5,0
65289,2,7,6,1.0,2.2857142857142856,0
65293,1,11,11,0.8181818181818182,6.0,0
65296,1,1,1,0.0,1.0,0
65310,1,10,10,0.9,5.5,0
65317,1,4,4,1.0,2.5,0
65320,1,7,7,0.8571428571428571,4.0,0
65321,1,25,25,0.92,13.0,1
65341,1,9,9,0.6666666666666666,5.0,0
65350,1,40,40,0.875,20.5,1
65360,1,11,11,0.9090909090909091,6.0,0
65363,1,8,8,0.25,4.5,0
65368,1,1,1,1.0,1.0,0
65385,1,8,8,0.875,4.5,0
65399,1,5,5,0.2,3.0,0
65400,1,2,2,1.0,1.5,0
65401,1,32,32,0.0,16.5,1
65418,1,17,17,0.4117647058823529,9.0,1
65420,1,2,2,1.0,1.5,0
65423,1,41,41,0.34146341463414637,21.0,1
65460,1,3,3,0.6666666666666666,2.0,0
65467,1,11,11,0.2727272727272727,6.0,0
65481,1,19,19,0.7368421052631579,10.0,1
65489,1,9,9,0.6666666666666666,5.0,0
65494,1,4,4,0.75,2.5,0
65495,1,38,38,0.9736842105263158,19.5,1
65517,1,7,7,1.0,4.0,0
65519,1,3,3,1.0,2.0,0
65520,1,4,4,0.5,2.5,0
65532,2,15,15,1.0,4.266666666666667,1
65540,1,5,5,0.0,3.0,0
65549,1,9,9,0.5555555555555556,5.0,0
65556,1,3,3,1.0,2.0,0
65561,1,7,7,0.0,4.0,0
65597,1,18,18,0.0,9.5,1
65626,1,6,6,0.0,3.5,0
65654,1,30,30,0.26666666666666666,15.5,1
65661,1,2,2,1.0,1.5,0
65664,1,3,3,0.0,2.0,0
65671,1,4,4,0.25,2.5,0
65678,1,25,25,1.0,13.0,1
65685,2,31,28,0.6129032258064516,8.32258064516129,1
65687,1,38,38,0.7631578947368421,19.5,1
65700,1,5,5,0.8,3.0,0
65708,1,10,10,0.9,5.5,0
65725,1,11,11,0.45454545454545453,6.0,0
65728,1,8,8,0.5,4.5,0
65730,1,19,19,0.5789473684210527,10.0,1
65744,1,2,2,0.0,1.5,0
65748,1,8,8,0.25,4.5,0
65749,1,5,5,0.2,3.0,0
65777,1,2,2,1.0,1.5,0
65798,1,22,22,0.7727272727272727,11.5,1
65807,3,26,22,0.8461538461538461,6.230769230769231,1
65839,1,18,18,0.3888888888888889,9.5,1
65843,1,5,5,0.8,3.0,0
65844,1,11,11,0.0,6.0,0
65871,2,2,2,1.0,1.0,0
65881,1,4,4,0.0,2.5,0
65890,1,39,39,0.5897435897435898,20.0,1
65897,2,29,28,0.7931034482758621,7.9655172413793105,1
65920,1,2,2,1.0,1.5,0
65922,1,7,7,1.0,4.0,0
65923,1,6,6,0.6666666666666666,3.5,0
65927,1,13,13,0.46153846153846156,7.0,0
65928,1,8,8,0.5,4.5,0
65936,1,27,27,0.7037037037037037,14.0,1
65939,1,6,6,0.6666666666666666,3.5,0
65946,1,21,21,0.2857142857142857,11.0,1
65950,1,14,14,1.0,7.5,0
65957,1,4,4,1.0,2.5,0
65959,1,2,2,0.5,1.5,0
65961,1,8,8,0.625,4.5,0
65987,1,13,13,0.6153846153846154,7.0,0
65996,1,6,6,0.8333333333333334,3.5,0
66005,2,32,24,0.96875,8.78125,1
66010,1,7,7,0.42857142857142855,4.0,0
66012,2,38,33,0.7894736842105263,10.421052631578947,1
66039,1,3,3,1.0,2.0,0
66046,2,19,15,0.7894736842105263,5.368421052631579,1
66058,1,14,14,0.5,7.5,0
66079,1,8,8,1.0,4.5,0
66089,1,11,11,0.6363636363636364,6.0,0
66090,1,22,22,0.6363636363636364,11.5,1
66104,1,26,26,1.0,13.5,1
66120,1,18,18,0.0,9.5,1
66123,1,17,17,0.47058823529411764,9.0,1
66130,1,2,2,1.0,1.5,0
66136,1,13,13,0.23076923076923078,7.0,0
66138,1,6,6,0.5,3.5,0
66143,1,26,26,0.6923076923076923,13.5,1
66144,1,6,6,0.6666666666666666,3.5,0
66145,1,10,10,0.5,5.5,0
66148,1,6,6,0.3333333333333333,3.5,0
66149,1,7,7,0.7142857142857143,4.0,0
66150,1,4,4,0.0,2.5,0
66155,1,3,3,0.6666666666666666,2.0,0
66156,2,16,14,0.5625,4.5625,1
66171,1,12,12,0.5,6.5,0
66176,1,13,13,1.0,7.0,0
66179,1,12,12,0.9166666666666666,6.5,0
66181,1,20,20,0.65,10.5,1
66195,1,5,5,0.8,3.0,0
66210,1,13,13,1.0,7.0,0
66214,1,18,18,0.8888888888888888,9.5,1
66224,1,11,11,0.8181818181818182,6.0,0
66241,1,6,6,0.8333333333333334,3.5,0
66250,1,25,25,0.64,13.0,1
66266,1,10,10,0.7,5.5,0
66340,1,9,9,0.8888888888888888,5.0,0
66344,1,2,2,0.5,1.5,0
66371,1,9,9,0.0,5.0,0
66373,1,8,8,0.875,4.5,0
66375,1,3,3,1.0,2.0,0
66397,2,7,7,0.5714285714285714,2.2857142857142856,0
66411,1,11,11,0.9090909090909091,6.0,0
66412,1,7,7,1.0,4.0,0
66419,1,2,2,1.0,1.5,0
66439,1,29,29,0.5172413793103449,15.0,1
66449,1,9,9,0.4444444444444444,5.0,0
66455,1,22,22,0.6363636363636364,11.5,1
66465,1,14,14,0.7857142857142857,7.5,0
66470,1,5,5,1.0,3.0,0
66490,1,6,6,0.8333333333333334,3.5,0
66509,1,3,3,1.0,2.0,0
66515,1,7,7,0.2857142857142857,4.0,0
66516,1,18,18,0.05555555555555555,9.5,1
66523,1,8,8,0.5,4.5,0
66524,1,8,8,1.0,4.5,0
66541,1,4,4,0.75,2.5,0
66542,1,1,1,1.0,1.0,0
66553,1,17,17,0.11764705882352941,9.0,1
66556,1,11,11,0.9090909090909091,6.0,0
66567,1,6,6,1.0,3.5,0
66588,1,27,27,0.8148148148148148,14.0,1
66594,1,3,3,0.3333333333333333,2.0,0
66600,1,3,3,1.0,2.0,0
66603,1,20,20,0.55,10.5,1
66615,1,1,1,1.0,1.0,0
66620,1,4,4,0.25,2.5,0
66628,1,5,5,0.6,3.0,0
66646,1,20,20,0.4,10.5,1
66670,1,5,5,0.2,3.0,0
66672,1,7,7,0.5714285714285714,4.0,0
66673,1,23,23,0.9130434782608695,12.0,1
66687,1,15,15,0.8,8.0,1
66725,1,7,7,0.42857142857142855,4.0,0
66754,1,8,8,0.75,4.5,0
66762,1,1,1,0.0,1.0,0
66766,1,7,7,0.8571428571428571,4.0,0
66771,1,10,10,0.9,5.5,0
66781,1,24,24,0.625,12.5,1
66799,1,11,11,0.9090909090909091,6.0,0
66804,1,1,1,1.0,1.0,0
66825,1,2,2,0.0,1.5,0
66846,1,12,12,0.0,6.5,0
66853,1,5,5,0.2,3.0,0
66862,2,22,18,0.18181818181818182,6.7272727272727275,1
66871,1,18,18,0.3333333333333333,9.5,1
66881,1,7,7,0.14285714285714285,4.0,0
66886,1,13,13,0.3076923076923077,7.0,0
66902,1,18,18,0.1111111111111111,9.5,1
66907,1,14,14,0.35714285714285715,7.5,0
66918,1,4,4,0.75,2.5,0
66926,2,6,6,0.5,2.6666666666666665,0
66937,1,18,18,0.6666666666666666,9.5,1
66940,1,14,14,1.0,7.5,0
66955,1,1,1,1.0,1.0,0
66961,1,7,7,0.7142857142857143,4.0,0
66971,1,6,6,1.0,3.5,0
66984,1,18,18,0.8333333333333334,9.5,1
67020,1,10,10,1.0,5.5,0
67023,1,9,9,0.3333333333333333,5.0,0
67050,1,11,11,1.0,6.0,0
67053,1,6,6,1.0,3.5,0
67055,1,4,4,0.75,2.5,0
67080,2,32,30,0.78125,9.625,1
67083,1,12,12,0.5833333333333334,6.5,0
67089,1,9,9,0.5555555555555556,5.0,0
67104,1,6,6,0.5,3.5,0
67106,1,22,22,1.0,11.5,1
67140,1,6,6,1.0,3.5,0
67142,1,24,24,0.875,12.5,1
67149,1,2,2,1.0,1.5,0
67154,1,6,6,1.0,3.5,0
67155,2,25,22,0.56,7.24,1
67200,1,2,2,0.0,1.5,0
67207,2,8,8,0.125,2.625,0
67227,1,26,26,0.9615384615384616,13.5,1
67249,1,10,10,0.7,5.5,0
67266,1,8,8,0.0,4.5,0
67299,1,1,1,1.0,1.0,0
67301,1,7,7,0.8571428571428571,4.0,0
67308,1,19,19,0.7368421052631579,10.0,1
67315,1,8,8,0.0,4.5,0
67337,1,12,12,0.5,6.5,0
67359,1,9,9,0.7777777777777778,5.0,0
67362,1,13,13,0.6923076923076923,7.0,0
67365,1,11,11,0.8181818181818182,6.0,0
67383,1,1,1,1.0,1.0,0
67385,1,8,8,0.5,4.5,0
67418,3,26,25,0.34615384615384615,6.076923076923077,1
67424,1,6,6,0.8333333333333334,3.5,0
67433,4,19,17,0.3157894736842105,4.052631578947368,1
67440,1,11,11,1.0,6.0,0
67446,1,18,18,0.7777777777777778,9.5,1
67451,1,3,3,1.0,2.0,0
67459,1,11,11,0.36363636363636365,6.0,0
67461,1,7,7,0.5714285714285714,4.0,0
67478,1,10,10,0.0,5.5,0
67481,1,13,13,0.7692307692307693,7.0,0
67493,1,18,18,0.7777777777777778,9.5,1
67494,1,9,9,0.3333333333333333,5.0,0
67498,1,7,7,0.42857142857142855,4.0,0
67551,1,6,6,0.5,3.5,0
67558,1,5,5,1.0,3.0,0
67578,1,10,10,0.5,5.5,0
67583,1,20,20,0.5,10.5,1
67584,1,5,5,0.6,3.0,0
67596,1,4,4,0.5,2.5,0
67607,1,14,14,0.7142857142857143,7.5,0
67610,1,5,5,0.2,3.0,0
67613,1,7,7,0.2857142857142857,4.0,0
67614,1,6,6,0.6666666666666666,3.5,0
67623,1,3,3,1.0,2.0,0
67639,1,10,10,0.0,5.5,0
67669,1,14,14,0.5,7.5,0
67671,1,3,3,0.6666666666666666,2.0,0
67680,1,8,8,0.875,4.5,0
67687,1,25,25,0.48,13.0,1
67699,3,10,7,0.6,2.3,0
67705,1,11,11,0.8181818181818182,6.0,0
67706,1,10,10,0.8,5.5,0
67716,1,13,13,0.9230769230769231,7.0,0
67717,1,8,8,0.5,4.5,0
67727,2,3,3,1.0,1.3333333333333333,0
67728,1,4,4,1.0,2.5,0
67795,1,3,3,0.3333333333333333,2.0,0
67798,1,7,7,0.7142857142857143,4.0,0
67816,2,19,19,0.5263157894736842,5.2631578947368425,1
67829,1,15,15,0.2,8.0,1
67842,1,2,2,0.0,1.5,0
67849,1,2,2,1.0,1.5,0
67862,1,17,17,0.6470588235294118,9.0,1
67869,1,28,28,0.8928571428571429,14.5,1
67875,1,5,5,0.6,3.0,0
67878,1,16,16,0.375,8.5,1
67886,1,7,7,0.42857142857142855,4.0,0
67913,2,24,22,0.8333333333333334,8.0,1
67914,1,15,15,0.4666666666666667,8.0,1
67956,1,10,10,0.5,5.5,0
67961,1,9,9,0.7777777777777778,5.0,0
67985,1,17,17,0.8235294117647058,9.0,1
68013,1,9,9,0.3333333333333333,5.0,0
68028,1,13,13,0.8461538461538461,7.0,0
68036,1,4,4,1.0,2.5,0
68046,1,11,11,0.45454545454545453,6.0,0
68047,1,4,4,0.75,2.5,0
68054,1,3,3,0.6666666666666666,2.0,0
68055,2,15,12,0.8666666666666667,4.4,0
68100,1,8,8,0.5,4.5,0
68105,1,6,6,1.0,3.5,0
68120,1,6,6,0.5,3.5,0
68123,1,2,2,0.5,1.5,0
68128,1,3,3,1.0,2.0,0
68145,1,3,3,1.0,2.0,0
68149,2,16,14,0.375,5.0625,1
68160,1,20,20,1.0,10.5,1
68178,1,8,8,0.25,4.5,0
68183,2,18,15,0.5,5.055555555555555,1
68184,1,5,5,0.8,3.0,0
68192,1,7,7,0.0,4.0,0
68193,1,7,7,0.0,4.0,0
68195,1,6,6,1.0,3.5,0
68198,1,4,4,1.0,2.5,0
68206,1,11,11,0.8181818181818182,6.0,0
68244,1,3,3,0.6666666666666666,2.0,0
68249,1,1,1,1.0,1.0,0
68253,1,10,10,0.0,5.5,0
68254,1,4,4,1.0,2.5,0
68257,1,31,31,0.5806451612903226,16.0,1
68263,1,12,12,0.9166666666666666,6.5,0
68264,1,2,2,1.0,1.5,0
68275,1,15,15,0.9333333333333333,8.0,1
68293,1,7,7,1.0,4.0,0
68303,1,14,14,0.8571428571428571,7.5,0
68306,1,4,4,1.0,2.5,0
68309,1,24,24,0.75,12.5,1
68317,2,9,8,0.8888888888888888,3.0,0
68325,1,21,21,0.47619047619047616,11.0,1
68362,1,11,11,0.2727272727272727,6.0,0
68364,1,15,15,0.6,8.0,1
68400,1,4,4,0.25,2.5,0
68418,1,12,12,0.08333333333333333,6.5,0
68424,1,4,4,0.5,2.5,0
68425,2,10,10,0.8,3.9,0
68431,1,9,9,0.0,5.0,0
68434,1,9,9,0.5555555555555556,5.0,0
68440,1,15,15,0.0,8.0,1
68443,1,7,7,0.5714285714285714,4.0,0
68456,1,6,6,0.3333333333333333,3.5,0
68471,1,14,14,0.2857142857142857,7.5,0
68500,1,16,16,0.6875,8.5,1
68510,1,22,22,0.36363636363636365,11.5,1
68513,1,25,25,0.92,13.0,1
68521,2,10,6,1.0,3.0,0
68528,1,3,3,1.0,2.0,0
68533,2,8,8,1.0,3.0,0
68542,1,10,10,0.5,5.5,0
68558,1,6,6,1.0,3.5,0
68572,1,14,14,0.6428571428571429,7.5,0
68577,1,13,13,0.8461538461538461,7.0,0
68579,1,2,2,0.0,1.5,0
68580,1,8,8,0.75,4.5,0
68632,1,6,6,0.5,3.5,0
68635,1,11,11,0.8181818181818182,6.0,0
68659,1,15,15,0.4666666666666667,8.0,1
68700,1,14,14,0.9285714285714286,7.5,0
68713,1,25,25,0.96,13.0,1
68716,1,15,15,0.4666666666666667,8.0,1
68725,1,1,1,1.0,1.0,0
68741,1,2,2,1.0,1.5,0
68742,1,23,23,0.5652173913043478,12.0,1
68746,1,18,18,0.6111111111111112,9.5,1
68756,1,6,6,0.8333333333333334,3.5,0
68761,2,16,16,0.9375,6.75,1
68762,1,12,12,0.8333333333333334,6.5,0
68800,1,5,5,0.2,3.0,0
68826,1,5,5,0.8,3.0,0
68857,2,19,17,0.631578947368421,5.368421052631579,1
68864,1,14,14,0.7857142857142857,7.5,0
68880,2,29,26,0.896551724137931,8.793103448275861,1
68891,1,5,5,1.0,3.0,0
68902,1,8,8,0.0,4.5,0
68905,1,6,6,0.0,3.5,0
68912,1,26,26,0.11538461538461539,13.5,1
68918,1,3,3,0.6666666666666666,2.0,0
68921,1,9,9,0.2222222222222222,5.0,0
68923,2,6,6,1.0,2.6666666666666665,0
68947,1,7,7,0.2857142857142857,4.0,0
68950,1,3,3,1.0,2.0,0
68961,1,34,34,0.7352941176470589,17.5,1
68964,1,4,4,0.0,2.5,0
68981,1,32,32,0.875,16.5,1
68983,1,20,20,0.75,10.5,1
68999,1,2,2,0.0,1.5,0
69028,1,4,4,0.5,2.5,0
69035,1,7,7,0.5714285714285714,4.0,0
69073,1,7,7,0.0,4.0,0
69082,1,6,6,0.0,3.5,0
69094,1,5,5,0.6,3.0,0
69101,1,4,4,0.75,2.5,0
69114,1,7,7,0.8571428571428571,4.0,0
69138,1,6,6,0.6666666666666666,3.5,0
69144,1,15,15,0.6666666666666666,8.0,1
69160,1,12,12,0.8333333333333334,6.5,0
69167,1,3,3,0.3333333333333333,2.0,0
69184,2,20,18,0.65,7.95,1
69195,1,8,8,0.375,4.5,0
69199,1,18,18,0.6666666666666666,9.5,1
69217,1,12,12,0.5833333333333334,6.5,0
69283,1,11,11,1.0,6.0,0
69303,1,4,4,1.0,2.5,0
69311,1,4,4,1.0,2.5,0
69312,1,4,4,1.0,2.5,0
69324,1,15,15,0.4666666666666667,8.0,1
69335,1,2,2,0.5,1.5,0
69339,1,7,7,0.7142857142857143,4.0,0
69342,1,9,9,0.1111111111111111,5.0,0
69367,1,29,29,0.5172413793103449,15.0,1
69368,1,7,7,0.14285714285714285,4.0,0
69370,1,8,8,0.25,4.5,0
69387,1,6,6,0.5,3.5,0
69404,1,10,10,0.8,5.5,0
69409,1,11,11,0.9090909090909091,6.0,0
69411,1,13,13,0.8461538461538461,7.0,0
69413,1,9,9,0.3333333333333333,5.0,0
69420,1,2,2,1.0,1.5,0
69423,1,23,23,0.6956521739130435,12.0,1
69427,1,11,11,1.0,6.0,0
69428,1,17,17,0.17647058823529413,9.0,1
69432,1,14,14,0.0,7.5,0
69437,1,9,9,1.0,5.0,0
69455,1,3,3,0.0,2.0,0
69469,2,30,27,0.6666666666666666,8.833333333333334,1
69474,2,36,28,0.7222222222222222,11.277777777777779,1
69483,3,44,39,0.6590909090909091,9.136363636363637,1
69500,1,42,42,0.5952380952380952,21.5,1
69505,1,8,8,0.875,4.5,0
69511,1,4,4,1.0,2.5,0
69523,1,7,7,0.8571428571428571,4.0,0
69528,1,6,6,0.0,3.5,0
69543,1,3,3,1.0,2.0,0
69556,1,27,27,0.8518518518518519,14.0,1
69562,1,2,2,0.5,1.5,0
69580,2,7,7,0.42857142857142855,2.2857142857142856,0
69587,1,5,5,0.8,3.0,0
69588,1,7,7,0.8571428571428571,4.0,0
69596,1,4,4,1.0,2.5,0
69599,1,24,24,0.6666666666666666,12.5,1
69617,1,9,9,0.2222222222222222,5.0,0
69645,1,7,7,0.2857142857142857,4.0,0
69650,1,14,14,0.5,7.5,0
69652,1,6,6,0.8333333333333334,3.5,0
69671,1,7,7,0.42857142857142855,4.0,0
69687,1,6,6,0.8333333333333334,3.5,0
69696,1,23,23,0.43478260869565216,12.0,1
69722,1,18,18,0.4444444444444444,9.5,1
69723,2,28,24,0.14285714285714285,8.071428571428571,1
69729,1,17,17,0.8235294117647058,9.0,1
69733,1,14,14,0.5,7.5,0
69740,1,18,18,0.6111111111111112,9.5,1
69770,1,9,9,0.7777777777777778,5.0,0
69780,1,12,12,0.8333333333333334,6.5,0
69784,1,11,11,0.0,6.0,0
69785,1,15,15,0.0,8.0,1
69800,1,10,10,0.7,5.5,0
69812,1,8,8,0.75,4.5,0
69854,1,1,1,1.0,1.0,0
69862,1,12,12,0.25,6.5,0
69866,1,17,17,0.47058823529411764,9.0,1
69873,1,9,9,0.8888888888888888,5.0,0
69884,1,6,6,1.0,3.5,0
69889,1,8,8,0.375,4.5,0
69890,1,7,7,0.0,4.0,0
69897,1,11,11,0.7272727272727273,6.0,0
69901,1,7,7,0.42857142857142855,4.0,0
69905,1,6,6,1.0,3.5,0
69919,1,1,1,1.0,1.0,0
69921,1,6,6,1.0,3.5,0
69929,1,14,14,0.0,7.5,0
69930,1,12,12,0.0,6.5,0
69945,1,17,17,0.29411764705882354,9.0,1
69947,1,20,20,0.65,10.5,1
69955,1,10,10,1.0,5.5,0
69981,1,11,11,0.5454545454545454,6.0,0
69984,1,10,10,0.6,5.5,0
69993,1,14,14,0.0,7.5,0
69994,1,10,10,0.5,5.5,0
70003,1,6,6,1.0,3.5,0
70011,1,15,15,0.4666666666666667,8.0,1
70017,2,6,6,0.6666666666666666,2.1666666666666665,0
70028,1,25,25,0.84,13.0,1
70031,1,7,7,0.7142857142857143,4.0,0
70033,1,11,11,0.7272727272727273,6.0,0
70040,1,9,9,0.4444444444444444,5.0,0
70055,1,4,4,0.75,2.5,0
70091,1,4,4,0.25,2.5,0
70097,1,7,7,1.0,4.0,0
70103,1,11,11,0.9090909090909091,6.0,0
70118,1,1,1,0.0,1.0,0
70122,1,10,10,1.0,5.5,0
70126,1,7,7,1.0,4.0,0
70156,1,10,10,0.5,5.5,0
70159,1,8,8,0.0,4.5,0
70162,1,7,7,0.2857142857142857,4.0,0
70164,1,13,13,0.07692307692307693,7.0,0
70165,1,10,10,0.3,5.5,0
70186,1,8,8,0.75,4.5,0
70192,1,2,2,1.0,1.5,0
70210,1,1,1,1.0,1.0,0
70217,2,19,19,0.3684210526315789,7.473684210526316,1
70221,1,7,7,0.7142857142857143,4.0,0
70241,1,3,3,0.0,2.0,0
70247,1,2,2,0.5,1.5,0
70256,1,24,24,0.4166666666666667,12.5,1
70268,1,14,14,0.5714285714285714,7.5,0
70290,1,5,5,0.8,3.0,0
70294,1,14,14,0.5714285714285714,7.5,0
70298,1,20,20,0.9,10.5,1
70307,1,10,10,0.6,5.5,0
70312,1,18,18,0.8888888888888888,9.5,1
70318,1,10,10,0.3,5.5,0
70322,1,2,2,0.0,1.5,0
70355,1,26,26,0.9615384615384616,13.5,1
70366,1,5,5,0.8,3.0,0
70371,1,25,25,0.08,13.0,1
70379,1,15,15,0.6666666666666666,8.0,1
70381,1,10,10,0.3,5.5,0
70401,1,3,3,1.0,2.0,0
70411,1,10,10,0.7,5.5,0
70414,1,6,6,0.6666666666666666,3.5,0
70421,1,6,6,0.0,3.5,0
70426,1,11,11,0.18181818181818182,6.0,0
70443,2,20,19,0.7,5.7,1
70446,1,19,19,0.5789473684210527,10.0,1
70455,3,5,4,0.6,1.6,0
70464,1,2,2,0.0,1.5,0
70485,1,15,15,0.0,8.0,1
70509,1,11,11,0.8181818181818182,6.0,0
70577,1,6,6,1.0,3.5,0
70578,1,1,1,0.0,1.0,0
70612,1,21,21,0.38095238095238093,11.0,1
70651,2,13,13,0.6923076923076923,4.230769230769231,0
70665,1,16,16,0.75,8.5,1
70676,2,15,14,0.5333333333333333,5.6,1
70687,1,7,7,0.8571428571428571,4.0,0
70691,1,1,1,0.0,1.0,0
70696,1,38,38,0.6052631578947368,19.5,1
70702,1,8,8,0.875,4.5,0
70708,1,28,28,0.9642857142857143,14.5,1
70736,1,3,3,0.6666666666666666,2.0,0
70742,2,28,26,0.7857142857142857,8.392857142857142,1
70754,1,18,18,0.9444444444444444,9.5,1
70759,1,4,4,0.5,2.5,0
70774,1,18,18,0.7777777777777778,9.5,1
70778,1,9,9,0.6666666666666666,5.0,0
70789,1,18,18,0.6111111111111112,9.5,1
70794,2,8,8,1.0,3.0,0
70805,1,29,29,0.8620689655172413,15.0,1
70806,1,10,10,0.3,5.5,0
70838,2,7,7,0.2857142857142857,2.5714285714285716,0
70839,1,8,8,0.5,4.5,0
70851,1,10,10,0.1,5.5,0
70860,1,9,9,0.7777777777777778,5.0,0
70876,1,1,1,1.0,1.0,0
70900,1,8,8,0.375,4.5,0
70910,1,13,13,0.6923076923076923,7.0,0
70920,1,21,21,0.8095238095238095,11.0,1
70964,1,6,6,0.6666666666666666,3.5,0
70977,1,16,16,0.25,8.5,1
70979,1,10,10,0.6,5.5,0
70983,1,15,15,0.8,8.0,1
70984,1,5,5,0.6,3.0,0
70986,1,16,16,0.0,8.5,1
71000,1,2,2,1.0,1.5,0
71011,1,6,6,0.8333333333333334,3.5,0
71021,1,3,3,1.0,2.0,0
71027,1,34,34,0.7352941176470589,17.5,1
71033,1,14,14,0.42857142857142855,7.5,0
71035,1,12,12,0.75,6.5,0
71046,2,21,20,0.19047619047619047,5.857142857142857,1
71076,1,1,1,1.0,1.0,0
71077,1,5,5,0.8,3.0,0
71085,2,12,11,0.4166666666666667,3.5833333333333335,0
71086,1,11,11,0.36363636363636365,6.0,0
71092,1,5,5,1.0,3.0,0
71113,1,3,3,0.0,2.0,0
71118,1,6,6,1.0,3.5,0
71133,1,9,9,0.7777777777777778,5.0,0
71134,2,20,17,0.4,5.95,1
71149,1,12,12,0.5,6.5,0
71151,1,13,13,0.6923076923076923,7.0,0
71154,1,3,3,0.6666666666666666,2.0,0
71157,1,4,4,0.75,2.5,0
71158,1,13,13,0.0,7.0,0
71189,1,8,8,1.0,4.5,0
71202,1,17,17,0.058823529411764705,9.0,1
71205,1,15,15,0.6666666666666666,8.0,1
71208,1,5,5,0.8,3.0,0
71232,1,24,24,0.9583333333333334,12.5,1
71237,1,12,12,0.75,6.5,0
71244,1,11,11,0.8181818181818182,6.0,0
71260,1,9,9,0.8888888888888888,5.0,0
71296,1,18,18,0.5555555555555556,9.5,1
71334,1,20,20,0.25,10.5,1
71343,1,6,6,0.0,3.5,0
71368,1,2,2,0.5,1.5,0
71376,1,21,21,0.23809523809523808,11.0,1
71388,1,13,13,0.3076923076923077,7.0,0
71401,1,4,4,1.0,2.5,0
71422,2,13,9,0.6923076923076923,3.769230769230769,0
71427,1,6,6,0.6666666666666666,3.5,0
71438,1,6,6,1.0,3.5,0
71442,1,7,7,0.42857142857142855,4.0,0
71469,1,2,2,0.5,1.5,0
71492,1,8,8,0.75,4.5,0
71504,1,5,5,0.0,3.0,0
71513,1,2,2,1.0,1.5,0
71517,1,8,8,0.0,4.5,0
71532,1,11,11,0.0,6.0,0
71540,1,20,20,0.0,10.5,1
71549,1,8,8,0.5,4.5,0
71553,1,14,14,0.5,7.5,0
71559,1,2,2,1.0,1.5,0
71560,1,6,6,0.8333333333333334,3.5,0
71577,1,8,8,0.75,4.5,0
71594,1,6,6,0.3333333333333333,3.5,0
71628,1,12,12,0.3333333333333333,6.5,0
71637,1,4,4,0.5,2.5,0
71641,1,21,21,1.0,11.0,1
71650,1,10,10,0.0,5.5,0
71662,1,12,12,0.08333333333333333,6.5,0
71663,1,6,6,0.6666666666666666,3.5,0
71690,1,12,12,0.5833333333333334,6.5,0
71714,1,12,12,0.25,6.5,0
71738,1,14,14,0.5714285714285714,7.5,0
71739,1,14,14,0.7142857142857143,7.5,0
71742,1,3,3,0.0,2.0,0
71748,1,8,8,0.25,4.5,0
71755,1,6,6,0.3333333333333333,3.5,0
71758,1,7,7,0.14285714285714285,4.0,0
71771,1,24,24,0.875,12.5,1
71775,1,6,6,0.3333333333333333,3.5,0
71782,1,24,24,0.5833333333333334,12.5,1
71784,1,11,11,0.36363636363636365,6.0,0
71787,1,7,7,0.5714285714285714,4.0,0
71789,1,6,6,0.8333333333333334,3.5,0
71809,1,1,1,1.0,1.0,0
71834,1,2,2,1.0,1.5,0
71861,1,1,1,0.0,1.0,0
71884,1,16,16,0.9375,8.5,1
71916,1,8,8,0.625,4.5,0
71917,1,5,5,0.4,3.0,0
71919,2,8,7,0.5,3.0,0
71920,1,8,8,1.0,4.5,0
71935,1,2,2,1.0,1.5,0
71936,1,2,2,1.0,1.5,0
71937,1,17,17,0.7058823529411765,9.0,1
71940,1,7,7,0.8571428571428571,4.0,0
71942,1,1,1,0.0,1.0,0
71944,1,24,24,0.7083333333333334,12.5,1
71967,1,6,6,0.5,3.5,0
71975,1,2,2,1.0,1.5,0
71981,1,7,7,0.42857142857142855,4.0,0
71987,1,14,14,0.7857142857142857,7.5,0
72009,1,5,5,1.0,3.0,0
72012,1,12,12,1.0,6.5,0
72027,1,3,3,1.0,2.0,0
72038,1,2,2,0.5,1.5,0
72050,1,4,4,0.25,2.5,0
72068,1,11,11,1.0,6.0,0
72073,1,4,4,1.0,2.5,0
72083,2,27,25,0.07407407407407407,7.333333333333333,1
72084,1,21,21,0.23809523809523808,11.0,1
72087,1,7,7,0.8571428571428571,4.0,0
72109,1,7,7,0.8571428571428571,4.0,0
72110,1,12,12,1.0,6.5,0
72115,1,7,7,0.8571428571428571,4.0,0
72125,1,11,11,0.18181818181818182,6.0,0
72134,1,13,13,0.38461538461538464,7.0,0
72136,1,66,66,0.8787878787878788,33.5,1
72156,3,16,13,0.875,3.5625,1
72163,1,17,17,0.23529411764705882,9.0,1
72196,1,2,2,1.0,1.5,0
72201,2,30,29,0.23333333333333334,8.0,1
72221,1,5,5,0.6,3.0,0
72223,1,6,6,0.8333333333333334,3.5,0
72231,1,9,9,1.0,5.0,0
72289,1,2,2,0.0,1.5,0
72295,1,14,14,0.8571428571428571,7.5,0
72301,1,8,8,0.75,4.5,0
72327,1,4,4,1.0,2.5,0
72328,1,25,25,0.64,13.0,1
72367,1,19,19,0.05263157894736842,10.0,1
72370,1,23,23,0.9130434782608695,12.0,1
72380,2,30,24,0.9333333333333333,8.3,1
72396,1,8,8,0.375,4.5,0
72423,1,4,4,0.25,2.5,0
72456,1,15,15,0.4,8.0,1
72461,2,15,15,0.4,4.4,1
72465,1,9,9,0.5555555555555556,5.0,0
72476,1,2,2,0.5,1.5,0
72511,1,11,11,0.36363636363636365,6.0,0
72533,1,1,1,0.0,1.0,0
72537,1,7,7,0.2857142857142857,4.0,0
72539,1,1,1,1.0,1.0,0
72547,1,16,16,0.75,8.5,1
72574,1,11,11,0.9090909090909091,6.0,0
72577,1,25,25,0.68,13.0,1
72607,1,13,13,0.07692307692307693,7.0,0
72615,1,5,5,0.2,3.0,0
72627,1,7,7,0.7142857142857143,4.0,0
72640,1,7,7,0.2857142857142857,4.0,0
72651,1,4,4,0.5,2.5,0
72656,1,5,5,0.8,3.0,0
72664,1,8,8,0.375,4.5,0
72668,2,24,22,0.9166666666666666,6.875,1
72670,1,5,5,0.4,3.0,0
72678,1,19,19,0.2631578947368421,10.0,1
72687,1,22,22,0.5,11.5,1
72688,1,2,2,0.0,1.5,0
72699,1,18,18,0.6111111111111112,9.5,1
72703,1,27,27,0.8148148148148148,14.0,1
72706,1,18,18,0.16666666666666666,9.5,1
72709,1,35,35,0.0,18.0,1
72738,2,34,33,0.4411764705882353,9.029411764705882,1
72785,2,25,23,0.84,6.76,1
72805,1,8,8,0.875,4.5,0
72815,1,3,3,0.0,2.0,0
72844,1,5,5,0.2,3.0,0
72849,1,13,13,0.23076923076923078,7.0,0
72855,1,8,8,0.625,4.5,0
72856,1,20,20,0.45,10.5,1
72863,1,15,15,0.2,8.0,1
72873,1,2,2,0.0,1.5,0
72901,2,35,33,0.8285714285714286,9.6,1
72916,1,11,11,0.45454545454545453,6.0,0
72928,1,3,3,0.3333333333333333,2.0,0
72973,1,7,7,0.5714285714285714,4.0,0
72988,2,12,12,0.25,3.5,0
73014,1,5,5,0.4,3.0,0
73026,1,6,6,0.6666666666666666,3.5,0
73031,2,25,25,0.2,10.36,1
73042,1,4,4,1.0,2.5,0
73045,1,4,4,0.5,2.5,0
73068,1,7,7,0.0,4.0,0
73090,2,17,16,0.7647058823529411,4.764705882352941,1
73106,1,1,1,1.0,1.0,0
73114,1,11,11,0.6363636363636364,6.0,0
73124,1,1,1,0.0,1.0,0
73127,1,9,9,1.0,5.0,0
73132,1,10,10,0.5,5.5,0
73138,1,17,17,0.29411764705882354,9.0,1
73139,1,10,10,0.5,5.5,0
73140,1,24,24,0.7083333333333334,12.5,1
73170,1,26,26,0.6923076923076923,13.5,1
73171,1,28,28,0.5,14.5,1
73225,1,7,7,0.0,4.0,0
73231,1,11,11,0.8181818181818182,6.0,0
73241,1,10,10,0.0,5.5,0
73256,1,7,7,1.0,4.0,0
73258,2,12,10,0.9166666666666666,3.5,0
73263,1,1,1,0.0,1.0,0
73267,1,2,2,0.0,1.5,0
73268,1,9,9,0.8888888888888888,5.0,0
73270,1,11,11,0.0,6.0,0
73276,1,14,14,0.9285714285714286,7.5,0
73283,2,36,30,0.9444444444444444,9.61111111111111,1
73310,1,4,4,0.25,2.5,0
73313,1,1,1,0.0,1.0,0
73332,2,38,30,0.8421052631578947,10.105263157894736,1
73342,1,1,1,1.0,1.0,0
73344,1,7,7,1.0,4.0,0
73346,1,23,23,0.6086956521739131,12.0,1
73352,1,2,2,0.5,1.5,0
73358,1,3,3,1.0,2.0,0
73364,1,4,4,0.75,2.5,0
73379,1,3,3,0.6666666666666666,2.0,0
73398,1,10,10,0.7,5.5,0
73399,1,6,6,0.8333333333333334,3.5,0
73418,1,15,15,0.4666666666666667,8.0,1
73438,1,13,13,0.6923076923076923,7.0,0
73439,1,20,20,0.8,10.5,1
73456,1,31,31,0.6774193548387096,16.0,1
73457,1,12,12,0.5833333333333334,6.5,0
73475,1,2,2,1.0,1.5,0
73477,1,18,18,1.0,9.5,1
73486,1,10,10,0.4,5.5,0
73487,1,3,3,0.3333333333333333,2.0,0
73493,1,4,4,1.0,2.5,0
73496,1,3,3,0.0,2.0,0
73506,1,16,16,0.8125,8.5,1
73523,1,1,1,1.0,1.0,0
73542,2,18,17,0.5555555555555556,5.0,1
73545,1,12,12,1.0,6.5,0
73547,1,12,12,0.4166666666666667,6.5,0
73590,1,5,5,0.0,3.0,0
73608,1,28,28,0.6428571428571429,14.5,1
73634,1,2,2,0.0,1.5,0
73636,1,15,15,0.8,8.0,1
73641,1,4,4,0.5,2.5,0
73667,1,8,8,0.75,4.5,0
73686,2,43,43,0.7209302325581395,14.883720930232558,1
73696,1,17,17,0.5294117647058824,9.0,1
73698,1,9,9,0.5555555555555556,5.0,0
73700,1,24,24,0.0,12.5,1
73705,1,11,11,0.2727272727272727,6.0,0
73710,1,8,8,0.125,4.5,0
73735,1,17,17,0.7647058823529411,9.0,1
73747,1,8,8,0.5,4.5,0
73765,2,11,11,0.45454545454545453,3.272727272727273,0
73770,1,1,1,1.0,1.0,0
73782,2,9,9,0.0,3.4444444444444446,0
73802,1,3,3,0.3333333333333333,2.0,0
73822,1,7,7,0.2857142857142857,4.0,0
73826,1,8,8,0.875,4.5,0
73828,1,8,8,0.5,4.5,0
73832,1,13,13,0.9230769230769231,7.0,0
73835,1,11,11,0.6363636363636364,6.0,0
73840,1,8,8,0.75,4.5,0
73862,1,8,8,0.25,4.5,0
73901,1,9,9,0.3333333333333333,5.0,0
73911,1,7,7,0.7142857142857143,4.0,0
73946,1,1,1,1.0,1.0,0
73947,1,14,14,0.5714285714285714,7.5,0
73968,1,31,31,0.7741935483870968,16.0,1
73969,2,20,20,0.85,5.95,1
73989,1,1,1,0.0,1.0,0
74000,1,11,11,0.5454545454545454,6.0,0
74003,1,17,17,0.9411764705882353,9.0,1
74025,1,2,2,0.5,1.5,0
74034,1,20,20,0.8,10.5,1
74035,1,4,4,0.0,2.5,0
74043,1,17,17,0.8235294117647058,9.0,1
74069,1,2,2,1.0,1.5,0
74086,1,7,7,0.2857142857142857,4.0,0
74089,1,7,7,0.8571428571428571,4.0,0
74100,1,6,6,0.8333333333333334,3.5,0
74105,1,2,2,1.0,1.5,0
74158,1,9,9,0.8888888888888888,5.0,0
74165,1,17,17,0.0,9.0,1
74166,1,9,9,0.5555555555555556,5.0,0
74174,1,4,4,0.75,2.5,0
74184,1,23,23,0.43478260869565216,12.0,1
74193,1,7,7,1.0,4.0,0
74197,2,38,33,0.868421052631579,10.236842105263158,1
74198,1,11,11,0.9090909090909091,6.0,0
74217,1,5,5,0.4,3.0,0
74226,1,10,10,0.3,5.5,0
74234,1,5,5,1.0,3.0,0
74235,1,13,13,0.38461538461538464,7.0,0
74246,1,8,8,0.625,4.5,0
74252,1,8,8,0.5,4.5,0
74259,1,2,2,1.0,1.5,0
74265,1,7,7,0.14285714285714285,4.0,0
74286,1,6,6,0.5,3.5,0
74290,1,13,13,0.9230769230769231,7.0,0
74292,1,20,20,0.45,10.5,1
74293,1,18,18,0.1111111111111111,9.5,1
74295,1,8,8,0.5,4.5,0
74315,3,67,45,0.9402985074626866,11.761194029850746,1
74350,2,2,1,1.0,1.0,0
74362,1,7,7,0.7142857142857143,4.0,0
74366,1,2,2,1.0,1.5,0
74375,1,18,18,0.5,9.5,1
74377,1,27,27,0.5555555555555556,14.0,1
74388,1,9,9,0.8888888888888888,5.0,0
74409,1,16,16,0.9375,8.5,1
74411,1,1,1,1.0,1.0,0
74430,1,23,23,0.043478260869565216,12.0,1
74449,1,14,14,0.6428571428571429,7.5,0
74452,1,8,8,0.875,4.5,0
74508,1,2,2,0.5,1.5,0
74511,1,7,7,1.0,4.0,0
74530,2,37,37,0.7297297297297297,11.702702702702704,1
74538,2,10,8,0.7,3.4,0
74555,1,7,7,0.5714285714285714,4.0,0
74578,1,21,21,0.5238095238095238,11.0,1
74582,1,12,12,0.9166666666666666,6.5,0
74588,1,31,31,0.7419354838709677,16.0,1
74592,1,10,10,0.0,5.5,0
74605,1,8,8,0.375,4.5,0
74611,1,7,7,0.2857142857142857,4.0,0
74626,2,11,9,0.8181818181818182,3.4545454545454546,0
74642,5,29,19,0.896551724137931,4.0344827586206895,1
74660,1,7,7,0.14285714285714285,4.0,0
74662,1,17,17,0.5882352941176471,9.0,1
74665,1,3,3,0.6666666666666666,2.0,0
74669,1,8,8,0.625,4.5,0
74680,1,24,24,0.9166666666666666,12.5,1
74706,1,16,16,0.75,8.5,1
74714,1,2,2,0.5,1.5,0
74750,1,35,35,0.9714285714285714,18.0,1
74753,1,9,9,0.0,5.0,0
74765,1,8,8,1.0,4.5,0
74794,1,7,7,0.7142857142857143,4.0,0
74813,2,52,45,0.38461538461538464,13.576923076923077,1
74842,1,14,14,0.42857142857142855,7.5,0
74846,1,3,3,1.0,2.0,0
74848,1,28,28,0.9285714285714286,14.5,1
74853,1,2,2,1.0,1.5,0
74870,1,31,31,0.5806451612903226,16.0,1
74886,1,11,11,0.2727272727272727,6.0,0
74889,1,19,19,0.7894736842105263,10.0,1
74904,1,14,14,0.8571428571428571,7.5,0
74942,3,13,13,0.5384615384615384,2.6923076923076925,1
74948,1,7,7,0.8571428571428571,4.0,0
74970,1,6,6,0.6666666666666666,3.5,0
74974,1,15,15,1.0,8.0,1
74991,1,5,5,0.2,3.0,0
75005,1,6,6,0.8333333333333334,3.5,0
75022,1,13,13,0.15384615384615385,7.0,0
75025,1,10,10,0.3,5.5,0
75038,1,3,3,0.6666666666666666,2.0,0
75073,1,8,8,0.75,4.5,0
75079,2,15,15,0.4666666666666667,5.6,1
75090,1,8,8,0.875,4.5,0
75124,1,13,13,1.0,7.0,0
75135,1,8,8,0.0,4.5,0
75136,1,5,5,0.2,3.0,0
75140,1,5,5,0.6,3.0,0
75152,1,1,1,1.0,1.0,0
75159,1,5,5,0.4,3.0,0
75178,1,15,15,0.8666666666666667,8.0,1
75184,1,2,2,0.0,1.5,0
75189,1,5,5,0.0,3.0,0
75191,2,11,11,0.09090909090909091,3.4545454545454546,0
75194,1,2,2,1.0,1.5,0
75209,1,15,15,0.5333333333333333,8.0,1
75220,1,20,20,0.8,10.5,1
75223,1,3,3,0.3333333333333333,2.0,0
75231,1,10,10,0.0,5.5,0
75268,1,4,4,0.5,2.5,0
75277,1,4,4,0.0,2.5,0
75279,1,17,17,0.0,9.0,1
75287,1,5,5,0.2,3.0,0
75295,1,3,3,0.6666666666666666,2.0,0
75313,1,5,5,0.6,3.0,0
75333,1,16,16,0.875,8.5,1
75335,1,12,12,0.75,6.5,0
75346,1,22,22,0.8181818181818182,11.5,1
75354,1,7,7,0.0,4.0,0
75362,1,6,6,0.8333333333333334,3.5,0
75364,1,13,13,0.15384615384615385,7.0,0
75366,1,3,3,0.0,2.0,0
75394,1,15,15,0.4,8.0,1
75425,1,18,18,0.2777777777777778,9.5,1
75432,1,3,3,0.6666666666666666,2.0,0
75437,1,18,18,0.7222222222222222,9.5,1
75442,1,4,4,0.0,2.5,0
75446,2,12,12,0.16666666666666666,3.8333333333333335,0
75451,1,12,12,0.3333333333333333,6.5,0
75475,1,2,2,1.0,1.5,0
75494,1,3,3,0.3333333333333333,2.0,0
75513,1,5,5,0.0,3.0,0
75518,1,16,16,0.9375,8.5,1
75525,1,8,8,0.5,4.5,0
75543,1,8,8,0.875,4.5,0
75555,1,15,15,0.4666666666666667,8.0,1
75564,1,1,1,1.0,1.0,0
75566,1,34,34,0.4117647058823529,17.5,1
75576,1,9,9,0.7777777777777778,5.0,0
75584,1,13,13,0.38461538461538464,7.0,0
75591,2,21,20,0.14285714285714285,6.0476190476190474,1
75598,2,7,6,0.42857142857142855,3.142857142857143,0
75628,2,33,26,0.7878787878787878,10.454545454545455,1
75632,2,10,10,0.7,3.4,0
75638,1,7,7,0.7142857142857143,4.0,0
75655,1,15,15,0.8666666666666667,8.0,1
75668,1,1,1,1.0,1.0,0
75689,1,17,17,0.5882352941176471,9.0,1
75725,1,14,14,0.9285714285714286,7.5,0
75745,1,9,9,0.7777777777777778,5.0,0
75762,1,1,1,1.0,1.0,0
75769,1,6,6,1.0,3.5,0
75776,1,10,10,0.4,5.5,0
75787,1,8,8,0.5,4.5,0
75802,1,16,16,0.3125,8.5,1
75805,1,22,22,1.0,11.5,1
75823,1,3,3,0.3333333333333333,2.0,0
75854,1,3,3,1.0,2.0,0
75858,1,8,8,0.625,4.5,0
75861,1,6,6,0.0,3.5,0
75890,1,14,14,0.21428571428571427,7.5,0
75936,1,9,9,0.8888888888888888,5.0,0
75964,1,19,19,0.42105263157894735,10.0,1
75988,1,3,3,1.0,2.0,0
75995,1,3,3,0.3333333333333333,2.0,0
76011,1,14,14,0.8571428571428571,7.5,0
76015,1,10,10,1.0,5.5,0
76018,1,7,7,0.14285714285714285,4.0,0
76041,1,3,3,1.0,2.0,0
76049,1,4,4,1.0,2.5,0
76100,1,5,5,0.0,3.0,0
76103,1,11,11,0.7272727272727273,6.0,0
76106,1,16,16,0.3125,8.5,1
76114,1,5,5,0.8,3.0,0
76120,1,6,6,0.5,3.5,0
76121,1,1,1,1.0,1.0,0
76122,1,5,5,0.2,3.0,0
76130,1,7,7,0.2857142857142857,4.0,0
76135,1,8,8,0.75,4.5,0
76141,1,9,9,0.3333333333333333,5.0,0
76142,1,8,8,0.25,4.5,0
76169,1,17,17,1.0,9.0,1
76173,1,18,18,0.3333333333333333,9.5,1
76174,1,6,6,0.6666666666666666,3.5,0
76190,1,5,5,0.4,3.0,0
76198,1,3,3,1.0,2.0,0
76205,2,4,3,1.0,1.5,0
76209,1,5,5,1.0,3.0,0
76234,1,11,11,0.8181818181818182,6.0,0
76256,1,15,15,1.0,8.0,1
76272,2,15,14,0.8,4.266666666666667,1
76273,1,10,10,0.3,5.5,0
76285,1,24,24,0.125,12.5,1
76309,1,4,4,1.0,2.5,0
76324,1,5,5,1.0,3.0,0
76330,1,25,25,0.84,13.0,1
76343,1,7,7,0.8571428571428571,4.0,0
76356,1,2,2,0.0,1.5,0
76359,1,22,22,0.8181818181818182,11.5,1
76373,1,8,8,0.625,4.5,0
76374,1,3,3,1.0,2.0,0
76375,2,22,22,0.13636363636363635,8.909090909090908,1
76380,1,16,16,0.3125,8.5,1
76381,1,9,9,0.7777777777777778,5.0,0
76432,1,25,25,0.0,13.0,1
76435,1,18,18,0.6666666666666666,9.5,1
76436,1,4,4,0.0,2.5,0
76438,1,9,9,0.8888888888888888,5.0,0
76470,1,17,17,0.8823529411764706,9.0,1
76533,1,10,10,0.4,5.5,0
76550,1,1,1,1.0,1.0,0
76556,1,9,9,1.0,5.0,0
76561,1,12,12,0.5,6.5,0
76563,1,2,2,0.5,1.5,0
76593,1,18,18,0.7777777777777778,9.5,1
76594,1,12,12,1.0,6.5,0
76611,1,18,18,0.9444444444444444,9.5,1
76629,2,16,16,0.25,5.0625,1
76646,2,15,10,1.0,4.266666666666667,0
76669,1,6,6,0.16666666666666666,3.5,0
76673,1,3,3,0.6666666666666666,2.0,0
76674,1,3,3,1.0,2.0,0
76678,1,16,16,0.5,8.5,1
76679,1,9,9,0.2222222222222222,5.0,0
76696,1,10,10,0.6,5.5,0
76698,1,12,12,0.5833333333333334,6.5,0
76707,1,11,11,0.45454545454545453,6.0,0
76725,2,40,37,0.275,11.4,1
76730,1,14,14,1.0,7.5,0
76750,1,17,17,0.47058823529411764,9.0,1
76795,1,5,5,0.0,3.0,0
76797,1,8,8,0.875,4.5,0
76801,1,14,14,0.07142857142857142,7.5,0
76803,1,9,9,0.6666666666666666,5.0,0
76809,1,11,11,0.5454545454545454,6.0,0
76824,1,7,7,1.0,4.0,0
76825,1,3,3,1.0,2.0,0
76827,1,2,2,1.0,1.5,0
76836,1,7,7,0.0,4.0,0
76854,1,20,20,0.65,10.5,1
76863,1,11,11,0.0,6.0,0
76870,2,6,6,0.8333333333333334,2.1666666666666665,0
76893,1,5,5,0.2,3.0,0
76907,1,4,4,1.0,2.5,0
76918,1,5,5,0.2,3.0,0
76919,1,23,23,0.43478260869565216,12.0,1
76939,1,8,8,0.875,4.5,0
76947,1,2,2,1.0,1.5,0
76962,1,14,14,0.2857142857142857,7.5,0
76971,1,2,2,1.0,1.5,0
76986,1,17,17,0.7647058823529411,9.0,1
76989,2,41,33,0.7560975609756098,10.902439024390244,1
77026,2,6,4,1.0,2.1666666666666665,0
77036,1,15,15,0.2,8.0,1
77037,1,2,2,1.0,1.5,0
77080,1,15,15,0.5333333333333333,8.0,1
77090,1,32,32,0.46875,16.5,1
77103,1,13,13,1.0,7.0,0
77115,1,9,9,0.3333333333333333,5.0,0
77130,1,15,15,0.3333333333333333,8.0,1
77133,1,7,7,0.8571428571428571,4.0,0
77148,1,6,6,1.0,3.5,0
77153,1,9,9,0.3333333333333333,5.0,0
77155,1,3,3,1.0,2.0,0
77161,1,2,2,0.5,1.5,0
77171,2,17,16,0.7058823529411765,4.882352941176471,1
77173,1,8,8,1.0,4.5,0
77177,2,5,4,0.6,1.8,0
77201,1,3,3,0.3333333333333333,2.0,0
77205,1,31,31,0.9354838709677419,16.0,1
77208,1,16,16,0.875,8.5,1
77217,1,8,8,0.625,4.5,0
77234,1,20,20,0.55,10.5,1
77254,1,7,7,1.0,4.0,0
77258,1,6,6,0.8333333333333334,3.5,0
77267,1,12,12,0.25,6.5,0
77269,1,11,11,0.6363636363636364,6.0,0
77276,1,6,6,0.3333333333333333,3.5,0
77287,1,9,9,0.0,5.0,0
77294,1,4,4,1.0,2.5,0
77311,1,6,6,0.16666666666666666,3.5,0
77313,1,16,16,0.0625,8.5,1
77343,1,19,19,0.5263157894736842,10.0,1
77350,1,4,4,0.0,2.5,0
77364,1,11,11,0.0,6.0,0
77374,1,7,7,1.0,4.0,0
77384,1,4,4,0.75,2.5,0
77393,1,13,13,0.46153846153846156,7.0,0
77447,1,15,15,0.6666666666666666,8.0,1
77450,1,6,6,0.8333333333333334,3.5,0
77481,1,2,2,0.0,1.5,0
77489,1,22,22,0.9090909090909091,11.5,1
77503,1,4,4,1.0,2.5,0
77509,1,7,7,1.0,4.0,0
77521,1,8,8,0.125,4.5,0
77541,2,21,21,0.42857142857142855,9.19047619047619,1
77553,1,5,5,0.4,3.0,0
77573,1,16,16,0.0625,8.5,1
77578,1,6,6,0.3333333333333333,3.5,0
77582,1,11,11,0.7272727272727273,6.0,0
77589,2,27,25,0.8148148148148148,7.333333333333333,1
77617,2,9,9,0.0,4.111111111111111,0
77620,1,22,22,0.8181818181818182,11.5,1
77621,1,6,6,0.3333333333333333,3.5,0
77626,1,6,6,1.0,3.5,0
77636,1,12,12,0.8333333333333334,6.5,0
77638,1,7,7,0.0,4.0,0
77643,1,4,4,0.75,2.5,0
77644,1,1,1,1.0,1.0,0
77646,1,16,16,0.625,8.5,1
77659,2,17,17,0.5882352941176471,5.117647058823529,1
77662,1,19,19,0.5789473684210527,10.0,1
77671,1,14,14,0.8571428571428571,7.5,0
77689,1,5,5,0.6,3.0,0
77702,1,2,2,1.0,1.5,0
77705,1,5,5,0.6,3.0,0
77718,1,6,6,1.0,3.5,0
77725,1,6,6,0.3333333333333333,3.5,0
77746,1,6,6,0.8333333333333334,3.5,0
77815,1,28,28,0.6071428571428571,14.5,1
77819,2,13,12,0.6923076923076923,3.769230769230769,0
77827,1,5,5,0.6,3.0,0
77833,1,53,53,0.09433962264150944,27.0,1
77836,1,7,7,0.14285714285714285,4.0,0
77850,1,6,6,1.0,3.5,0
77872,2,11,9,0.5454545454545454,3.4545454545454546,0
77880,1,11,11,0.6363636363636364,6.0,0
77884,1,24,24,1.0,12.5,1
77891,1,21,21,0.9523809523809523,11.0,1
77896,1,12,12,0.3333333333333333,6.5,0
77897,2,43,41,0.3488372093023256,12.55813953488372,1
77898,2,46,42,0.391304347826087,12.543478260869565,1
77916,1,10,10,1.0,5.5,0
77917,1,11,11,0.2727272727272727,6.0,0
77924,1,8,8,1.0,4.5,0
77925,2,24,23,0.5416666666666666,6.875,1
77929,1,1,1,1.0,1.0,0
77930,1,10,10,0.3,5.5,0
77937,1,32,32,0.6875,16.5,1
77939,1,14,14,1.0,7.5,0
77943,1,14,14,0.9285714285714286,7.5,0
77944,1,5,5,0.8,3.0,0
77956,1,7,7,1.0,4.0,0
77962,1,10,10,0.7,5.5,0
77980,1,5,5,0.6,3.0,0
78006,1,4,4,0.75,2.5,0
78007,1,5,5,1.0,3.0,0
78027,1,3,3,0.3333333333333333,2.0,0
78034,2,5,5,0.4,2.2,0
78037,1,11,11,0.18181818181818182,6.0,0
78038,2,13,13,0.8461538461538461,4.230769230769231,0
78051,1,1,1,1.0,1.0,0
78087,1,24,24,0.9166666666666666,12.5,1
78115,1,24,24,0.5833333333333334,12.5,1
78134,1,23,23,0.9130434782608695,12.0,1
78141,1,22,22,0.7727272727272727,11.5,1
78145,1,3,3,0.6666666666666666,2.0,0
78147,1,27,27,0.5555555555555556,14.0,1
78150,1,10,10,1.0,5.5,0
78154,1,25,25,0.4,13.0,1
78164,1,5,5,0.4,3.0,0
78167,1,9,9,0.6666666666666666,5.0,0
78178,2,25,25,0.36,7.96,1
78190,1,6,6,0.0,3.5,0
78217,1,17,17,0.6470588235294118,9.0,1
78230,1,5,5,1.0,3.0,0
78240,1,10,10,0.6,5.5,0
78242,1,8,8,0.25,4.5,0
78296,3,17,17,0.5882352941176471,3.9411764705882355,1
78309,2,21,17,0.9047619047619048,6.0476190476190474,1
78310,1,6,6,0.6666666666666666,3.5,0
78316,1,10,10,0.3,5.5,0
78323,1,8,8,0.5,4.5,0
78354,1,12,12,0.5833333333333334,6.5,0
78359,1,26,26,0.6923076923076923,13.5,1
78360,2,28,24,0.7857142857142857,7.821428571428571,1
78363,1,2,2,1.0,1.5,0
78370,1,17,17,0.9411764705882353,9.0,1
78387,1,19,19,0.42105263157894735,10.0,1
78399,1,10,10,0.9,5.5,0
78408,1,18,18,0.3333333333333333,9.5,1
78410,1,10,10,0.6,5.5,0
78417,1,5,5,0.4,3.0,0
78425,1,10,10,0.3,5.5,0
78451,1,5,5,1.0,3.0,0
78474,1,7,7,0.42857142857142855,4.0,0
78481,1,9,9,0.7777777777777778,5.0,0
78519,1,18,18,0.7222222222222222,9.5,1
78526,1,18,18,0.3888888888888889,9.5,1
78529,1,5,5,0.4,3.0,0
78536,1,11,11,0.7272727272727273,6.0,0
78555,1,14,14,0.8571428571428571,7.5,0
78567,1,4,4,0.25,2.5,0
78592,1,7,7,1.0,4.0,0
78598,1,17,17,0.4117647058823529,9.0,1
78599,1,9,9,0.4444444444444444,5.0,0
78608,1,4,4,0.25,2.5,0
78609,1,10,10,0.5,5.5,0
78627,1,7,7,0.0,4.0,0
78632,1,6,6,1.0,3.5,0
78634,1,8,8,0.625,4.5,0
78636,1,7,7,1.0,4.0,0
78644,1,8,8,0.125,4.5,0
78645,1,11,11,0.6363636363636364,6.0,0
78662,1,16,16,0.5625,8.5,1
78672,1,4,4,0.75,2.5,0
78677,2,47,43,0.7659574468085106,16.72340425531915,1
78718,2,18,17,0.8888888888888888,5.055555555555555,1
78727,1,22,22,0.22727272727272727,11.5,1
78734,2,10,9,0.8,3.0,0
78752,1,14,14,0.9285714285714286,7.5,0
78775,1,4,4,1.0,2.5,0
78806,1,16,16,0.1875,8.5,1
78812,1,12,12,0.9166666666666666,6.5,0
78819,2,9,9,1.0,4.111111111111111,0
78836,1,15,15,0.13333333333333333,8.0,1
78846,1,7,7,0.8571428571428571,4.0,0
78879,2,12,12,0.4166666666666667,5.583333333333333,0
78883,1,12,12,1.0,6.5,0
78900,1,11,11,0.2727272727272727,6.0,0
78904,1,7,7,1.0,4.0,0
78905,1,6,6,0.3333333333333333,3.5,0
78910,1,1,1,0.0,1.0,0
78924,1,19,19,1.0,10.0,1
78935,1,3,3,0.6666666666666666,2.0,0
78979,1,6,6,0.8333333333333334,3.5,0
78998,1,4,4,1.0,2.5,0
79005,1,9,9,0.0,5.0,0
79022,1,12,12,0.3333333333333333,6.5,0
79039,1,2,2,1.0,1.5,0
79059,1,18,18,0.0,9.5,1
79060,1,4,4,1.0,2.5,0
79061,1,15,15,0.06666666666666667,8.0,1
79067,1,12,12,0.25,6.5,0
79069,1,3,3,0.6666666666666666,2.0,0
79089,1,1,1,1.0,1.0,0
79105,1,8,8,0.25,4.5,0
79142,1,1,1,0.0,1.0,0
79152,1,7,7,0.2857142857142857,4.0,0
79153,1,11,11,0.09090909090909091,6.0,0
79163,1,5,5,0.6,3.0,0
79165,1,4,4,1.0,2.5,0
79183,1,13,13,0.46153846153846156,7.0,0
79194,1,24,24,0.4583333333333333,12.5,1
79205,1,6,6,0.5,3.5,0
79215,1,10,10,0.7,5.5,0
79232,2,14,14,0.6428571428571429,5.785714285714286,1
79235,1,6,6,0.8333333333333334,3.5,0
79237,1,8,8,0.875,4.5,0
79254,2,19,13,0.9473684210526315,5.368421052631579,1
79279,2,20,20,0.85,6.3,1
79281,1,5,5,1.0,3.0,0
79290,1,6,6,0.8333333333333334,3.5,0
79308,1,7,7,0.0,4.0,0
79313,1,7,7,0.14285714285714285,4.0,0
79317,1,9,9,0.4444444444444444,5.0,0
79329,1,10,10,0.6,5.5,0
79332,1,13,13,0.38461538461538464,7.0,0
79349,1,4,4,1.0,2.5,0
79357,1,14,14,1.0,7.5,0
79372,1,16,16,1.0,8.5,1
79376,1,11,11,0.36363636363636365,6.0,0
79381,1,2,2,0.0,1.5,0
79387,1,6,6,1.0,3.5,0
79401,1,3,3,0.3333333333333333,2.0,0
79409,1,1,1,0.0,1.0,0
79415,1,3,3,0.6666666666666666,2.0,0
79428,1,9,9,0.8888888888888888,5.0,0
79430,3,6,5,0.8333333333333334,1.6666666666666667,0
79431,1,7,7,0.2857142857142857,4.0,0
79444,1,22,22,0.8636363636363636,11.5,1
79454,1,12,12,0.5833333333333334,6.5,0
79460,2,29,25,0.7586206896551724,8.172413793103448,1
79478,1,14,14,0.8571428571428571,7.5,0
79482,1,10,10,0.6,5.5,0
79493,1,5,5,1.0,3.0,0
79494,1,1,1,0.0,1.0,0
79497,1,2,2,0.0,1.5,0
79510,1,17,17,0.8823529411764706,9.0,1
79511,1,12,12,0.6666666666666666,6.5,0
79520,1,7,7,0.2857142857142857,4.0,0
79537,1,9,9,0.5555555555555556,5.0,0
79553,1,5,5,0.2,3.0,0
79570,2,6,6,0.6666666666666666,2.6666666666666665,0
79585,1,12,12,0.8333333333333334,6.5,0
79603,1,4,4,0.0,2.5,0
79613,1,59,59,0.423728813559322,30.0,1
79624,1,4,4,1.0,2.5,0
79626,1,15,15,0.8,8.0,1
79638,1,12,12,0.5,6.5,0
79643,1,8,8,0.5,4.5,0
79651,1,5,5,0.4,3.0,0
79661,1,11,11,0.9090909090909091,6.0,0
79671,1,4,4,1.0,2.5,0
79672,1,13,13,0.3076923076923077,7.0,0
79688,1,8,8,0.0,4.5,0
79696,1,18,18,0.8333333333333334,9.5,1
79699,1,1,1,0.0,1.0,0
79708,2,7,7,0.5714285714285714,2.2857142857142856,0
79717,1,8,8,0.125,4.5,0
79719,1,23,23,0.34782608695652173,12.0,1
79730,2,25,24,0.4,6.84,1
79733,1,7,7,0.8571428571428571,4.0,0
79747,1,1,1,1.0,1.0,0
79748,1,3,3,0.6666666666666666,2.0,0
79753,1,10,10,0.8,5.5,0
79754,1,4,4,1.0,2.5,0
79768,1,5,5,0.4,3.0,0
79778,1,8,8,0.75,4.5,0
79780,2,4,4,0.25,1.75,0
79785,1,21,21,0.8095238095238095,11.0,1
79795,1,11,11,0.45454545454545453,6.0,0
79812,1,5,5,0.2,3.0,0
79825,1,1,1,1.0,1.0,0
79853,1,23,23,0.43478260869565216,12.0,1
79854,1,11,11,0.8181818181818182,6.0,0
79864,1,9,9,1.0,5.0,0
79869,1,11,11,0.36363636363636365,6.0,0
79896,1,11,11,0.18181818181818182,6.0,0
79898,1,33,33,0.12121212121212122,17.0,1
79925,1,9,9,0.7777777777777778,5.0,0
79931,1,14,14,0.21428571428571427,7.5,0
79935,1,11,11,1.0,6.0,0
79943,2,26,23,0.6153846153846154,7.961538461538462,1
79948,1,5,5,0.0,3.0,0
79967,1,6,6,0.0,3.5,0
80039,1,1,1,1.0,1.0,0
80061,1,12,12,0.6666666666666666,6.5,0
80092,1,25,25,0.32,13.0,1
80107,1,9,9,0.2222222222222222,5.0,0
80115,1,4,4,0.0,2.5,0
80118,2,17,15,1.0,4.882352941176471,1
80128,1,28,28,0.42857142857142855,14.5,1
80146,1,1,1,1.0,1.0,0
80151,1,8,8,0.625,4.5,0
80160,1,17,17,0.7647058823529411,9.0,1
80170,1,7,7,1.0,4.0,0
80181,1,8,8,0.875,4.5,0
80195,1,5,5,0.0,3.0,0
80196,1,2,2,0.5,1.5,0
80204,1,3,3,1.0,2.0,0
80212,1,2,2,1.0,1.5,0
80231,1,14,14,0.8571428571428571,7.5,0
80261,1,13,13,0.6153846153846154,7.0,0
80270,1,3,3,0.6666666666666666,2.0,0
80276,1,15,15,0.4666666666666667,8.0,1
80277,1,25,25,0.48,13.0,1
80291,1,15,15,0.2,8.0,1
80301,1,1,1,0.0,1.0,0
80325,2,37,36,0.3783783783783784,17.10810810810811,1
80349,2,50,41,0.58,13.02,1
80350,2,16,15,0.4375,6.0625,1
80361,1,1,1,1.0,1.0,0
80365,1,2,2,1.0,1.5,0
80369,1,19,19,1.0,10.0,1
80374,1,9,9,0.0,5.0,0
80384,1,5,5,1.0,3.0,0
80387,1,12,12,0.5833333333333334,6.5,0
80390,1,16,16,0.5,8.5,1
80404,1,3,3,0.3333333333333333,2.0,0
80420,1,4,4,0.5,2.5,0
80422,1,1,1,1.0,1.0,0
80427,1,12,12,0.25,6.5,0
80435,1,3,3,0.3333333333333333,2.0,0
80441,1,6,6,0.8333333333333334,3.5,0
80445,1,17,17,0.5294117647058824,9.0,1
80450,1,25,25,0.92,13.0,1
80480,1,8,8,0.875,4.5,0
80483,2,22,19,0.7272727272727273,6.181818181818182,1
80490,1,1,1,1.0,1.0,0
80494,1,16,16,0.6875,8.5,1
80509,1,3,3,0.6666666666666666,2.0,0
80512,1,15,15,0.0,8.0,1
80527,1,50,50,0.8,25.5,1
80531,1,9,9,0.2222222222222222,5.0,0
80533,1,4,4,1.0,2.5,0
80534,1,10,10,0.0,5.5,0
80536,1,1,1,1.0,1.0,0
80537,1,9,9,0.0,5.0,0
80583,1,4,4,0.5,2.5,0
80601,1,7,7,0.8571428571428571,4.0,0
80605,2,22,20,0.7727272727272727,6.7272727272727275,1
80607,1,19,19,0.7368421052631579,10.0,1
80640,1,11,11,0.09090909090909091,6.0,0
80644,1,18,18,0.7777777777777778,9.5,1
80650,1,2,2,0.0,1.5,0
80651,2,16,12,1.0,4.75,1
80662,1,2,2,0.0,1.5,0
80682,1,13,13,0.07692307692307693,7.0,0
80687,1,8,8,0.75,4.5,0
80693,1,4,4,0.25,2.5,0
80701,1,6,6,0.3333333333333333,3.5,0
80721,1,10,10,0.9,5.5,0
80729,1,5,5,0.6,3.0,0
80739,1,9,9,0.5555555555555556,5.0,0
80745,1,14,14,0.8571428571428571,7.5,0
80753,1,16,16,0.9375,8.5,1
80784,1,1,1,1.0,1.0,0
80789,1,5,5,0.4,3.0,0
80803,1,16,16,0.3125,8.5,1
80811,2,16,14,0.5625,4.5625,1
80812,1,19,19,0.9473684210526315,10.0,1
80813,1,2,2,0.5,1.5,0
80828,1,5,5,0.8,3.0,0
80833,1,4,4,0.75,2.5,0
80875,1,9,9,0.8888888888888888,5.0,0
80876,1,4,4,1.0,2.5,0
80878,1,16,16,0.625,8.5,1
80879,1,13,13,1.0,7.0,0
80903,1,8,8,0.5,4.5,0
80929,1,8,8,0.75,4.5,0
80946,1,8,8,0.0,4.5,0
80951,1,9,9,0.0,5.0,0
80963,1,14,14,0.6428571428571429,7.5,0
80971,1,14,14,1.0,7.5,0
80977,1,9,9,0.5555555555555556,5.0,0
80981,1,16,16,0.75,8.5,1
80986,1,5,5,0.6,3.0,0
80988,2,24,24,0.5416666666666666,9.166666666666666,1
81000,1,22,22,0.9545454545454546,11.5,1
81013,1,8,8,0.625,4.5,0
81018,1,19,19,0.7894736842105263,10.0,1
81075,1,10,10,0.8,5.5,0
81088,1,2,2,0.0,1.5,0
81097,1,5,5,1.0,3.0,0
81100,1,6,6,0.0,3.5,0
81104,1,1,1,1.0,1.0,0
81121,1,2,2,0.0,1.5,0
81144,2,31,31,0.3870967741935484,8.903225806451612,1
81164,1,30,30,0.6333333333333333,15.5,1
81175,1,15,15,0.6,8.0,1
81179,1,6,6,0.16666666666666666,3.5,0
81183,2,21,20,0.6666666666666666,6.714285714285714,1
81184,2,16,15,0.9375,5.0625,1
81190,1,13,13,0.6923076923076923,7.0,0
81200,1,3,3,0.6666666666666666,2.0,0
81219,1,19,19,0.10526315789473684,10.0,1
81236,1,21,21,0.0,11.0,1
81238,1,5,5,0.8,3.0,0
81290,1,20,20,0.35,10.5,1
81292,1,5,5,0.4,3.0,0
81294,1,27,27,0.6296296296296297,14.0,1
81300,1,33,33,0.3333333333333333,17.0,1
81306,1,7,7,0.5714285714285714,4.0,0
81309,1,1,1,1.0,1.0,0
81313,1,14,14,0.6428571428571429,7.5,0
81325,1,10,10,0.1,5.5,0
81332,1,12,12,0.75,6.5,0
81339,1,3,3,1.0,2.0,0
81344,1,12,12,0.3333333333333333,6.5,0
81346,1,22,22,0.45454545454545453,11.5,1
81347,1,4,4,1.0,2.5,0
81350,1,5,5,0.6,3.0,0
81357,1,6,6,0.3333333333333333,3.5,0
81359,1,16,16,0.875,8.5,1
81368,1,3,3,1.0,2.0,0
81372,1,3,3,0.6666666666666666,2.0,0
81378,1,5,5,0.2,3.0,0
81389,2,13,12,0.5384615384615384,3.769230769230769,0
81416,1,6,6,0.16666666666666666,3.5,0
81430,1,9,9,0.6666666666666666,5.0,0
81433,1,5,5,0.6,3.0,0
81444,1,22,22,0.6363636363636364,11.5,1
81456,1,2,2,0.0,1.5,0
81461,1,7,7,0.7142857142857143,4.0,0
81477,1,7,7,0.5714285714285714,4.0,0
81483,1,14,14,0.35714285714285715,7.5,0
81506,2,32,30,0.40625,8.53125,1
81516,1,10,10,0.5,5.5,0
81519,1,10,10,0.8,5.5,0
81528,1,15,15,0.0,8.0,1
81547,1,13,13,0.5384615384615384,7.0,0
81557,1,3,3,1.0,2.0,0
81566,1,9,9,0.4444444444444444,5.0,0
81567,1,2,2,1.0,1.5,0
81578,1,10,10,1.0,5.5,0
81606,1,5,5,1.0,3.0,0
81628,1,18,18,0.2777777777777778,9.5,1
81665,1,10,10,0.0,5.5,0
81668,1,6,6,1.0,3.5,0
81669,1,1,1,1.0,1.0,0
81678,1,6,6,1.0,3.5,0
81691,1,20,20,0.4,10.5,1
81704,1,12,12,0.9166666666666666,6.5,0
81706,1,6,6,0.5,3.5,0
81707,1,16,16,0.125,8.5,1
81735,2,11,9,0.36363636363636365,3.272727272727273,0
81750,1,7,7,1.0,4.0,0
81756,1,5,5,1.0,3.0,0
81768,1,7,7,0.0,4.0,0
81772,1,6,6,0.0,3.5,0
81791,1,15,15,0.6666666666666666,8.0,1
81826,1,18,18,0.3888888888888889,9.5,1
81827,1,8,8,0.625,4.5,0
81835,1,6,6,0.3333333333333333,3.5,0
81855,1,19,19,0.0,10.0,1
81856,1,6,6,1.0,3.5,0
81899,1,1,1,0.0,1.0,0
81902,1,14,14,0.2857142857142857,7.5,0
81934,1,12,12,0.6666666666666666,6.5,0
81935,1,1,1,1.0,1.0,0
81944,1,6,6,1.0,3.5,0
81951,1,13,13,0.3076923076923077,7.0,0
81952,2,18,16,0.3333333333333333,5.5,1
81957,1,9,9,0.0,5.0,0
81962,1,1,1,0.0,1.0,0
81965,1,8,8,1.0,4.5,0
81979,1,11,11,0.45454545454545453,6.0,0
81982,2,11,11,0.6363636363636364,3.4545454545454546,0
81989,1,1,1,1.0,1.0,0
82002,1,2,2,1.0,1.5,0
82052,2,3,3,0.6666666666666666,1.3333333333333333,0
82065,1,13,13,0.0,7.0,0
82083,1,10,10,0.1,5.5,0
82086,1,14,14,0.14285714285714285,7.5,0
82107,1,3,3,1.0,2.0,0
82110,1,12,12,1.0,6.5,0
82148,1,21,21,0.7619047619047619,11.0,1
82150,1,12,12,0.9166666666666666,6.5,0
82159,1,16,16,0.25,8.5,1
82185,1,3,3,0.0,2.0,0
82197,1,15,15,0.4666666666666667,8.0,1
82202,1,5,5,0.2,3.0,0
82204,2,34,32,0.7058823529411765,9.117647058823529,1
82208,1,8,8,0.5,4.5,0
82213,1,7,7,0.14285714285714285,4.0,0
82232,2,15,11,0.9333333333333333,4.666666666666667,0
82240,1,21,21,0.6190476190476191,11.0,1
82241,1,19,19,0.7368421052631579,10.0,1
82257,1,10,10,0.6,5.5,0
82263,1,11,11,1.0,6.0,0
82283,1,1,1,1.0,1.0,0
82288,2,29,26,0.8620689655172413,8.793103448275861,1
82320,1,1,1,0.0,1.0,0
82329,1,7,7,0.7142857142857143,4.0,0
82330,1,18,18,0.0,9.5,1
82340,1,4,4,0.25,2.5,0
82348,1,6,6,0.6666666666666666,3.5,0
82350,1,7,7,0.2857142857142857,4.0,0
82356,1,7,7,0.7142857142857143,4.0,0
82357,1,7,7,0.5714285714285714,4.0,0
82364,1,7,7,0.5714285714285714,4.0,0
82365,1,2,2,1.0,1.5,0
82388,1,5,5,0.8,3.0,0
82404,1,8,8,0.875,4.5,0
82414,1,5,5,1.0,3.0,0
82424,2,8,8,1.0,2.625,0
82427,1,12,12,0.8333333333333334,6.5,0
82445,1,11,11,0.2727272727272727,6.0,0
82464,1,7,7,1.0,4.0,0
82477,1,10,10,0.1,5.5,0
82480,1,11,11,1.0,6.0,0
82483,1,25,25,0.64,13.0,1
82498,1,10,10,0.6,5.5,0
82537,1,7,7,0.7142857142857143,4.0,0
82545,1,10,10,0.8,5.5,0
82563,1,10,10,1.0,5.5,0
82581,1,2,2,0.0,1.5,0
82582,1,13,13,0.0,7.0,0
82593,1,4,4,1.0,2.5,0
82598,3,39,34,0.7948717948717948,14.717948717948717,1
82600,1,2,2,0.5,1.5,0
82607,1,15,15,0.6666666666666666,8.0,1
82614,1,2,2,1.0,1.5,0
82615,1,7,7,0.0,4.0,0
82625,1,12,12,0.3333333333333333,6.5,0
82639,2,19,19,0.5789473684210527,5.894736842105263,1
82663,1,1,1,1.0,1.0,0
82667,1,5,5,0.8,3.0,0
82672,1,3,3,1.0,2.0,0
82681,1,16,16,0.3125,8.5,1
82715,1,6,6,0.8333333333333334,3.5,0
82764,1,16,16,0.375,8.5,1
82770,1,9,9,1.0,5.0,0
82782,1,5,5,1.0,3.0,0
82799,1,7,7,0.0,4.0,0
82821,1,5,5,1.0,3.0,0
82828,1,13,13,0.38461538461538464,7.0,0
82831,1,14,14,0.9285714285714286,7.5,0
82836,1,13,13,0.46153846153846156,7.0,0
82847,1,6,6,1.0,3.5,0
82854,1,20,20,0.7,10.5,1
82857,1,6,6,0.5,3.5,0
82872,2,16,11,0.875,4.5,0
82889,1,9,9,0.1111111111111111,5.0,0
82896,1,14,14,0.7857142857142857,7.5,0
82898,1,14,14,0.6428571428571429,7.5,0
82907,1,11,11,0.7272727272727273,6.0,0
82908,1,34,34,0.0,17.5,1
82915,1,9,9,0.2222222222222222,5.0,0
82929,1,9,9,0.6666666666666666,5.0,0
82943,2,23,21,0.8260869565217391,7.130434782608695,1
82969,1,4,4,0.5,2.5,0
82971,1,8,8,0.875,4.5,0
82972,1,4,4,1.0,2.5,0
82998,1,10,10,0.4,5.5,0
83009,1,3,3,1.0,2.0,0
83011,1,2,2,0.0,1.5,0
83052,1,11,11,1.0,6.0,0
83061,1,16,16,1.0,8.5,1
83068,1,11,11,1.0,6.0,0
83069,1,19,19,0.7368421052631579,10.0,1
83071,1,9,9,0.8888888888888888,5.0,0
83080,1,13,13,0.07692307692307693,7.0,0
83089,1,1,1,0.0,1.0,0
83093,1,13,13,0.38461538461538464,7.0,0
83110,1,2,2,1.0,1.5,0
83114,1,16,16,0.375,8.5,1
83121,1,5,5,0.0,3.0,0
83143,1,3,3,0.0,2.0,0
83185,1,1,1,1.0,1.0,0
83190,1,1,1,0.0,1.0,0
83241,1,7,7,0.7142857142857143,4.0,0
83250,1,8,8,0.875,4.5,0
83253,1,13,13,1.0,7.0,0
83262,1,11,11,0.9090909090909091,6.0,0
83305,1,6,6,0.8333333333333334,3.5,0
83311,1,18,18,0.6111111111111112,9.5,1
83321,1,10,10,0.6,5.5,0
83378,1,3,3,0.6666666666666666,2.0,0
83381,1,9,9,1.0,5.0,0
83382,1,16,16,0.5,8.5,1
83393,1,4,4,0.0,2.5,0
83396,1,19,19,0.9473684210526315,10.0,1
83415,1,12,12,0.5833333333333334,6.5,0
83430,1,1,1,0.0,1.0,0
83433,1,1,1,1.0,1.0,0
83434,1,6,6,0.8333333333333334,3.5,0
83437,1,12,12,0.6666666666666666,6.5,0
83446,1,10,10,0.1,5.5,0
83455,1,10,10,1.0,5.5,0
83461,1,8,8,0.375,4.5,0
83466,1,32,32,0.0,16.5,1
83486,1,7,7,1.0,4.0,0
83499,1,8,8,0.75,4.5,0
83500,1,5,5,1.0,3.0,0
83507,1,8,8,0.25,4.5,0
83522,1,4,4,0.0,2.5,0
83525,1,15,15,0.6666666666666666,8.0,1
83554,1,4,4,0.5,2.5,0
83560,1,7,7,0.8571428571428571,4.0,0
83568,1,3,3,1.0,2.0,0
83580,1,8,8,0.125,4.5,0
83602,1,22,22,0.2727272727272727,11.5,1
83608,1,8,8,1.0,4.5,0
83611,1,17,17,1.0,9.0,1
83632,1,5,5,0.8,3.0,0
83633,1,5,5,0.8,3.0,0
83709,1,5,5,0.0,3.0,0
83727,1,4,4,0.75,2.5,0
83745,1,14,14,0.7142857142857143,7.5,0
83757,1,10,10,0.1,5.5,0
83773,1,3,3,0.3333333333333333,2.0,0
83784,1,10,10,0.7,5.5,0
83822,1,2,2,0.5,1.5,0
83833,1,8,8,0.875,4.5,0
83847,1,12,12,0.8333333333333334,6.5,0
83856,1,2,2,0.5,1.5,0
83860,1,5,5,0.4,3.0,0
83869,1,10,10,1.0,5.5,0
83890,1,8,8,0.25,4.5,0
83896,1,14,14,0.2857142857142857,7.5,0
83898,1,1,1,0.0,1.0,0
83907,1,14,14,0.14285714285714285,7.5,0
83915,1,4,4,1.0,2.5,0
83923,1,6,6,0.6666666666666666,3.5,0
83934,1,9,9,0.2222222222222222,5.0,0
83935,1,1,1,0.0,1.0,0
83938,1,2,2,0.0,1.5,0
83971,1,13,13,1.0,7.0,0
83979,1,8,8,0.875,4.5,0
83983,1,3,3,0.0,2.0,0
83987,1,1,1,0.0,1.0,0
84009,1,1,1,1.0,1.0,0
84027,1,7,7,0.0,4.0,0
84046,1,4,4,0.75,2.5,0
84047,1,16,16,0.75,8.5,1
84058,1,9,9,0.2222222222222222,5.0,0
84068,1,6,6,0.5,3.5,0
84095,2,4,4,1.0,1.5,0
84096,1,7,7,0.42857142857142855,4.0,0
84117,1,8,8,0.0,4.5,0
84132,2,13,13,0.7692307692307693,4.6923076923076925,0
84148,1,4,4,0.5,2.5,0
84156,1,10,10,1.0,5.5,0
84162,1,5,5,0.6,3.0,0
84170,1,15,15,0.4,8.0,1
84186,1,12,12,0.9166666666666666,6.5,0
84194,1,4,4,1.0,2.5,0
84204,1,11,11,0.09090909090909091,6.0,0
84210,2,14,14,0.9285714285714286,6.571428571428571,1
84231,1,9,9,1.0,5.0,0
84233,1,1,1,1.0,1.0,0
84242,1,14,14,0.7857142857142857,7.5,0
84249,1,3,3,0.3333333333333333,2.0,0
84259,1,9,9,0.6666666666666666,5.0,0
84275,1,10,10,0.0,5.5,0
84279,1,8,8,0.25,4.5,0
84301,2,17,14,0.9411764705882353,4.764705882352941,1
84307,1,18,18,0.3333333333333333,9.5,1
84338,1,6,6,0.0,3.5,0
84349,1,14,14,0.8571428571428571,7.5,0
84362,1,19,19,0.0,10.0,1
84364,1,8,8,0.875,4.5,0
84397,1,5,5,0.2,3.0,0
84398,1,14,14,1.0,7.5,0
84433,1,11,11,0.45454545454545453,6.0,0
84436,1,7,7,0.7142857142857143,4.0,0
84440,1,23,23,0.6956521739130435,12.0,1
84464,1,5,5,0.0,3.0,0
84474,1,22,22,0.9545454545454546,11.5,1
84481,1,7,7,0.5714285714285714,4.0,0
84498,1,38,38,0.4473684210526316,19.5,1
84505,1,28,28,0.5,14.5,1
84519,1,6,6,0.8333333333333334,3.5,0
84526,1,8,8,1.0,4.5,0
84529,2,27,23,0.6666666666666666,7.2592592592592595,1
84549,1,19,19,1.0,10.0,1
84562,1,5,5,1.0,3.0,0
84568,1,32,32,0.84375,16.5,1
84581,2,44,38,0.38636363636363635,12.068181818181818,1
84587,1,13,13,0.38461538461538464,7.0,0
84589,1,3,3,1.0,2.0,0
84596,1,17,17,1.0,9.0,1
84603,1,5,5,0.8,3.0,0
84604,1,4,4,1.0,2.5,0
84615,1,3,3,0.6666666666666666,2.0,0
84657,1,6,6,1.0,3.5,0
84663,1,5,5,0.8,3.0,0
84677,2,25,24,0.76,7.24,1
84685,1,8,8,0.625,4.5,0
84698,1,11,11,0.0,6.0,0
84706,1,4,4,1.0,2.5,0
84707,1,10,10,0.1,5.5,0
84709,1,20,20,0.1,10.5,1
84722,1,6,6,1.0,3.5,0
84731,1,8,8,0.375,4.5,0
84745,1,3,3,0.0,2.0,0
84758,1,11,11,0.09090909090909091,6.0,0
84768,1,5,5,1.0,3.0,0
84777,1,8,8,0.75,4.5,0
84783,1,15,15,0.06666666666666667,8.0,1
84784,1,8,8,0.625,4.5,0
84789,1,10,10,0.4,5.5,0
84792,1,13,13,0.46153846153846156,7.0,0
84794,2,5,5,0.6,1.8,0
84803,1,11,11,1.0,6.0,0
84817,1,3,3,0.3333333333333333,2.0,0
84820,1,2,2,0.5,1.5,0
84830,1,2,2,0.0,1.5,0
84834,1,6,6,0.8333333333333334,3.5,0
84837,1,19,19,0.5789473684210527,10.0,1
84845,1,7,7,0.8571428571428571,4.0,0
84853,1,2,2,0.5,1.5,0
84859,2,18,17,0.6111111111111112,5.055555555555555,1
84864,1,8,8,0.0,4.5,0
84867,1,2,2,1.0,1.5,0
84876,1,25,25,0.48,13.0,1
84886,1,9,9,0.8888888888888888,5.0,0
84919,1,21,21,0.42857142857142855,11.0,1
84926,1,14,14,0.42857142857142855,7.5,0
84929,1,10,10,0.0,5.5,0
84932,1,1,1,1.0,1.0,0
84934,1,3,3,1.0,2.0,0
84940,1,1,1,1.0,1.0,0
84953,1,2,2,1.0,1.5,0
84968,1,14,14,0.5714285714285714,7.5,0
84980,1,8,8,0.5,4.5,0
84983,1,10,10,1.0,5.5,0
84984,1,6,6,0.3333333333333333,3.5,0
84985,1,14,14,0.7857142857142857,7.5,0
84987,1,12,12,0.25,6.5,0
84991,1,3,3,1.0,2.0,0
84994,1,10,10,0.6,5.5,0
84997,1,26,26,0.3076923076923077,13.5,1
85003,1,13,13,0.38461538461538464,7.0,0
85015,1,26,26,0.6923076923076923,13.5,1
85028,1,25,25,0.6,13.0,1
85035,1,8,8,0.75,4.5,0
85044,1,17,17,0.5294117647058824,9.0,1
85045,1,5,5,1.0,3.0,0
85120,1,3,3,1.0,2.0,0
85125,1,13,13,0.9230769230769231,7.0,0
85135,1,7,7,0.5714285714285714,4.0,0
85140,1,2,2,1.0,1.5,0
85147,1,17,17,0.29411764705882354,9.0,1
85161,1,1,1,0.0,1.0,0
85169,1,7,7,0.7142857142857143,4.0,0
85183,1,10,10,0.5,5.5,0
85185,1,1,1,1.0,1.0,0
85202,1,18,18,0.9444444444444444,9.5,1
85203,1,6,6,1.0,3.5,0
85219,1,17,17,0.8823529411764706,9.0,1
85240,1,5,5,0.6,3.0,0
85264,2,3,3,1.0,1.3333333333333333,0
85276,1,7,7,0.2857142857142857,4.0,0
85283,1,5,5,0.0,3.0,0
85290,1,11,11,1.0,6.0,0
85306,1,8,8,0.75,4.5,0
85310,1,14,14,0.9285714285714286,7.5,0
85314,1,4,4,0.75,2.5,0
85321,2,14,13,0.8571428571428571,4.071428571428571,0
85331,1,16,16,0.5625,8.5,1
85333,1,5,5,0.8,3.0,0
85349,1,1,1,1.0,1.0,0
85359,1,9,9,1.0,5.0,0
85383,1,14,14,0.5714285714285714,7.5,0
85387,1,9,9,0.8888888888888888,5.0,0
85389,1,8,8,0.375,4.5,0
85394,1,10,10,0.5,5.5,0
85452,1,10,10,0.4,5.5,0
85454,1,17,17,0.5882352941176471,9.0,1
85467,1,9,9,0.5555555555555556,5.0,0
85477,1,7,7,0.2857142857142857,4.0,0
85484,1,1,1,1.0,1.0,0
85496,1,6,6,0.16666666666666666,3.5,0
85511,1,2,2,1.0,1.5,0
85561,1,5,5,0.2,3.0,0
85577,1,8,8,1.0,4.5,0
85593,1,2,2,1.0,1.5,0
85620,1,17,17,1.0,9.0,1
85631,1,2,2,1.0,1.5,0
85632,1,6,6,0.8333333333333334,3.5,0
85635,1,13,13,0.8461538461538461,7.0,0
85644,1,10,10,1.0,5.5,0
85647,1,5,5,0.4,3.0,0
85648,1,7,7,0.8571428571428571,4.0,0
85649,1,6,6,0.5,3.5,0
85680,1,5,5,0.4,3.0,0
85690,1,3,3,1.0,2.0,0
85709,1,7,7,1.0,4.0,0
85714,1,4,4,0.75,2.5,0
85740,1,11,11,0.18181818181818182,6.0,0
85743,1,3,3,0.6666666666666666,2.0,0
85745,2,30,29,0.5666666666666667,9.2,1
85757,1,23,23,0.8695652173913043,12.0,1
85759,1,5,5,0.4,3.0,0
85780,1,18,18,0.8333333333333334,9.5,1
85800,1,4,4,0.5,2.5,0
85805,2,5,4,0.6,1.8,0
85823,1,20,20,0.45,10.5,1
85829,1,26,26,0.46153846153846156,13.5,1
85831,1,7,7,0.14285714285714285,4.0,0
85862,1,4,4,0.5,2.5,0
85887,1,2,2,0.5,1.5,0
85900,1,34,34,0.2647058823529412,17.5,1
85903,1,15,15,0.6,8.0,1
85908,1,2,2,1.0,1.5,0
85915,1,6,6,1.0,3.5,0
85916,1,4,4,1.0,2.5,0
85920,1,4,4,1.0,2.5,0
85935,1,2,2,0.0,1.5,0
85938,1,1,1,1.0,1.0,0
85954,1,33,33,0.8484848484848485,17.0,1
85959,1,9,9,0.7777777777777778,5.0,0
85964,1,12,12,0.0,6.5,0
85968,1,3,3,0.6666666666666666,2.0,0
85974,1,9,9,0.8888888888888888,5.0,0
85977,1,17,17,0.47058823529411764,9.0,1
85983,1,3,3,0.0,2.0,0
86003,1,10,10,0.6,5.5,0
86012,1,24,24,0.0,12.5,1
86039,1,2,2,1.0,1.5,0
86109,1,3,3,1.0,2.0,0
86130,1,12,12,0.5833333333333334,6.5,0
86142,1,15,15,0.8,8.0,1
86150,1,16,16,0.4375,8.5,1
86154,1,12,12,0.8333333333333334,6.5,0
86173,2,22,22,0.7727272727272727,7.636363636363637,1
86178,1,8,8,0.75,4.5,0
86194,1,20,20,0.95,10.5,1
86208,1,21,21,0.5714285714285714,11.0,1
86209,1,53,53,0.7169811320754716,27.0,1
86218,1,2,2,1.0,1.5,0
86219,3,24,14,0.9583333333333334,5.291666666666667,1
86227,1,9,9,0.8888888888888888,5.0,0
86228,1,20,20,0.8,10.5,1
86236,1,7,7,0.42857142857142855,4.0,0
86241,1,5,5,0.2,3.0,0
86247,1,10,10,0.8,5.5,0
86255,1,8,8,0.875,4.5,0
86271,1,5,5,1.0,3.0,0
86283,1,12,12,0.3333333333333333,6.5,0
86285,1,2,2,0.5,1.5,0
86288,1,1,1,1.0,1.0,0
86303,1,1,1,1.0,1.0,0
86304,1,10,10,0.3,5.5,0
86330,1,5,5,1.0,3.0,0
86331,2,15,15,0.4666666666666667,4.666666666666667,1
86340,1,13,13,0.07692307692307693,7.0,0
86342,1,11,11,0.45454545454545453,6.0,0
86344,1,1,1,1.0,1.0,0
86350,1,8,8,1.0,4.5,0
86379,1,44,44,0.5454545454545454,22.5,1
86383,2,25,25,0.8,7.96,1
86384,1,17,17,0.35294117647058826,9.0,1
86390,1,20,20,0.35,10.5,1
86396,1,13,13,0.0,7.0,0
86421,1,3,3,1.0,2.0,0
86448,1,5,5,0.6,3.0,0
86465,1,3,3,0.6666666666666666,2.0,0
86472,1,5,5,0.2,3.0,0
86500,1,5,5,0.8,3.0,0
86512,1,6,6,0.0,3.5,0
86521,1,17,17,0.5882352941176471,9.0,1
86541,1,9,9,0.5555555555555556,5.0,0
86559,1,6,6,0.0,3.5,0
86569,1,11,11,0.2727272727272727,6.0,0
86576,1,1,1,1.0,1.0,0
86584,1,10,10,0.7,5.5,0
86603,1,10,10,0.7,5.5,0
86605,1,1,1,1.0,1.0,0
86609,1,2,2,0.0,1.5,0
86614,1,1,1,1.0,1.0,0
86619,1,2,2,1.0,1.5,0
86623,2,22,21,0.5,8.227272727272727,1
86627,2,14,13,0.5714285714285714,5.785714285714286,1
86646,1,1,1,1.0,1.0,0
86662,1,7,7,0.0,4.0,0
86666,1,5,5,0.6,3.0,0
86669,1,8,8,0.25,4.5,0
86704,1,18,18,0.2777777777777778,9.5,1
86733,1,1,1,1.0,1.0,0
86736,1,4,4,1.0,2.5,0
86737,1,4,4,0.5,2.5,0
86750,1,1,1,0.0,1.0,0
86751,1,3,3,0.3333333333333333,2.0,0
86754,1,9,9,0.3333333333333333,5.0,0
86764,1,6,6,0.8333333333333334,3.5,0
86769,1,24,24,0.08333333333333333,12.5,1
86797,1,26,26,0.9615384615384616,13.5,1
86798,1,11,11,1.0,6.0,0
86802,1,8,8,0.75,4.5,0
86804,2,7,7,0.42857142857142855,2.2857142857142856,0
86810,1,13,13,0.0,7.0,0
86815,1,9,9,0.1111111111111111,5.0,0
86820,1,8,8,1.0,4.5,0
86837,1,20,20,0.6,10.5,1
86844,1,5,5,0.0,3.0,0
86847,1,16,16,0.4375,8.5,1
86849,1,5,5,0.4,3.0,0
86861,1,27,27,0.8888888888888888,14.0,1
86865,1,21,21,0.42857142857142855,11.0,1
86882,1,28,28,0.4642857142857143,14.5,1
86884,1,3,3,0.6666666666666666,2.0,0
86896,1,4,4,0.75,2.5,0
86912,1,21,21,0.38095238095238093,11.0,1
86920,1,9,9,0.8888888888888888,5.0,0
86931,1,5,5,0.8,3.0,0
86947,1,8,8,0.0,4.5,0
86954,1,3,3,1.0,2.0,0
86958,1,7,7,0.7142857142857143,4.0,0
86997,1,17,17,0.17647058823529413,9.0,1
87026,2,25,21,0.88,7.24,1
87030,1,1,1,1.0,1.0,0
87041,1,12,12,0.5833333333333334,6.5,0
87043,1,7,7,0.2857142857142857,4.0,0
87056,1,10,10,0.8,5.5,0
87058,1,37,37,0.7837837837837838,19.0,1
87064,1,2,2,0.0,1.5,0
87069,1,2,2,0.0,1.5,0
87078,1,5,5,0.8,3.0,0
87079,1,5,5,0.6,3.0,0
87087,1,4,4,0.75,2.5,0
87113,2,28,28,0.25,7.5,1
87114,1,1,1,1.0,1.0,0
87117,1,6,6,1.0,3.5,0
87126,2,3,3,0.0,1.3333333333333333,0
87129,1,27,27,0.37037037037037035,14.0,1
87130,1,9,9,0.5555555555555556,5.0,0
87136,1,11,11,0.18181818181818182,6.0,0
87144,1,2,2,0.5,1.5,0
87145,1,7,7,0.8571428571428571,4.0,0
87152,2,14,10,1.0,4.071428571428571,0
87161,1,16,16,0.625,8.5,1
87185,1,15,15,1.0,8.0,1
87208,1,7,7,0.7142857142857143,4.0,0
87217,1,18,18,0.8333333333333334,9.5,1
87250,1,9,9,0.8888888888888888,5.0,0
87274,1,19,19,0.05263157894736842,10.0,1
87310,1,31,31,0.6451612903225806,16.0,1
87311,1,11,11,0.6363636363636364,6.0,0
87338,1,8,8,0.25,4.5,0
87348,1,31,31,0.967741935483871,16.0,1
87354,1,15,15,0.06666666666666667,8.0,1
87402,2,12,12,0.4166666666666667,4.833333333333333,0
87406,1,1,1,1.0,1.0,0
87421,1,6,6,0.5,3.5,0
87457,1,4,4,1.0,2.5,0
87470,2,43,39,0.8837209302325582,11.255813953488373,1
87494,1,2,2,1.0,1.5,0
87522,1,2,2,0.5,1.5,0
87530,1,9,9,0.6666666666666666,5.0,0
87534,1,11,11,0.8181818181818182,6.0,0
87556,1,5,5,0.4,3.0,0
87557,1,4,4,0.25,2.5,0
87564,1,6,6,0.5,3.5,0
87575,1,11,11,0.7272727272727273,6.0,0
87601,1,10,10,0.1,5.5,0
87616,2,37,33,0.8378378378378378,10.08108108108108,1
87626,1,10,10,0.2,5.5,0
87629,1,13,13,0.8461538461538461,7.0,0
87631,2,21,20,0.19047619047619047,6.714285714285714,1
87633,1,24,24,0.5416666666666666,12.5,1
87634,2,73,63,0.863013698630137,18.835616438356166,1
87638,1,7,7,0.5714285714285714,4.0,0
87644,1,5,5,1.0,3.0,0
87650,1,15,15,0.0,8.0,1
87659,1,6,6,0.0,3.5,0
87672,2,30,29,0.26666666666666666,8.533333333333333,1
87686,1,7,7,0.8571428571428571,4.0,0
87688,1,37,37,0.972972972972973,19.0,1
87704,1,2,2,1.0,1.5,0
87706,1,14,14,0.42857142857142855,7.5,0
87711,1,4,4,1.0,2.5,0
87717,1,28,28,0.8928571428571429,14.5,1
87720,1,7,7,0.0,4.0,0
87724,1,8,8,0.75,4.5,0
87735,1,7,7,0.8571428571428571,4.0,0
87767,1,5,5,1.0,3.0,0
87769,1,6,6,0.16666666666666666,3.5,0
87784,1,11,11,0.0,6.0,0
87790,1,20,20,0.4,10.5,1
87802,1,19,19,0.5263157894736842,10.0,1
87810,1,9,9,0.4444444444444444,5.0,0
87816,2,6,6,0.6666666666666666,2.0,0
87834,1,10,10,0.6,5.5,0
87842,1,5,5,0.8,3.0,0
87872,1,3,3,1.0,2.0,0
87877,1,39,39,0.5128205128205128,20.0,1
87878,1,11,11,0.6363636363636364,6.0,0
87882,1,4,4,0.75,2.5,0
87889,3,43,37,0.6976744186046512,9.55813953488372,1
87912,1,14,14,0.7142857142857143,7.5,0
87916,1,2,2,1.0,1.5,0
87925,1,25,25,0.72,13.0,1
87926,1,19,19,0.5263157894736842,10.0,1
87932,1,5,5,0.0,3.0,0
87938,1,17,17,0.7647058823529411,9.0,1
87958,1,1,1,0.0,1.0,0
87959,1,10,10,0.1,5.5,0
87962,1,13,13,0.9230769230769231,7.0,0
87990,1,5,5,0.8,3.0,0
88007,1,13,13,0.6923076923076923,7.0,0
88010,1,17,17,0.7058823529411765,9.0,1
88011,1,12,12,0.3333333333333333,6.5,0
88069,1,17,17,0.5882352941176471,9.0,1
88081,1,8,8,1.0,4.5,0
88090,1,16,16,0.25,8.5,1
88093,1,5,5,0.6,3.0,0
88097,1,1,1,1.0,1.0,0
88100,1,11,11,0.36363636363636365,6.0,0
88107,1,5,5,0.8,3.0,0
88109,1,3,3,1.0,2.0,0
88118,1,3,3,0.6666666666666666,2.0,0
88119,1,25,25,0.36,13.0,1
88130,1,15,15,0.5333333333333333,8.0,1
88133,2,14,13,0.14285714285714285,4.642857142857143,0
88135,1,19,19,0.5789473684210527,10.0,1
88150,1,10,10,0.4,5.5,0
88154,1,5,5,0.4,3.0,0
88179,1,17,17,0.29411764705882354,9.0,1
88217,1,6,6,0.6666666666666666,3.5,0
88236,1,11,11,0.9090909090909091,6.0,0
88239,1,16,16,0.125,8.5,1
88241,1,19,19,0.7368421052631579,10.0,1
88248,1,6,6,0.16666666666666666,3.5,0
88265,1,10,10,0.8,5.5,0
88267,1,8,8,0.875,4.5,0
88275,1,6,6,0.8333333333333334,3.5,0
88278,2,19,17,0.8421052631578947,5.578947368421052,1
88292,1,26,26,0.46153846153846156,13.5,1
88303,1,4,4,0.75,2.5,0
88317,1,9,9,0.3333333333333333,5.0,0
88325,1,29,29,0.5517241379310345,15.0,1
88362,1,15,15,0.9333333333333333,8.0,1
88370,1,17,17,0.29411764705882354,9.0,1
88375,1,10,10,0.0,5.5,0
88377,1,24,24,0.625,12.5,1
88397,1,6,6,0.8333333333333334,3.5,0
88415,1,7,7,0.0,4.0,0
88434,1,2,2,1.0,1.5,0
88445,1,7,7,1.0,4.0,0
88447,1,9,9,0.4444444444444444,5.0,0
88482,1,4,4,0.25,2.5,0
88483,1,11,11,0.6363636363636364,6.0,0
88513,1,7,7,0.7142857142857143,4.0,0
88526,1,9,9,0.7777777777777778,5.0,0
88536,2,17,17,0.17647058823529413,8.058823529411764,1
88541,1,16,16,0.5625,8.5,1
88543,1,13,13,0.7692307692307693,7.0,0
88544,1,5,5,0.2,3.0,0
88558,1,11,11,0.8181818181818182,6.0,0
88569,1,3,3,0.0,2.0,0
88576,1,6,6,0.16666666666666666,3.5,0
88594,1,4,4,0.5,2.5,0
88599,1,9,9,0.2222222222222222,5.0,0
88622,1,18,18,0.6111111111111112,9.5,1
88627,1,17,17,0.23529411764705882,9.0,1
88628,1,3,3,1.0,2.0,0
88648,1,8,8,1.0,4.5,0
88652,1,7,7,0.42857142857142855,4.0,0
88659,1,15,15,0.3333333333333333,8.0,1
88673,1,5,5,1.0,3.0,0
88697,1,18,18,0.5,9.5,1
88714,1,13,13,0.0,7.0,0
88716,1,4,4,1.0,2.5,0
88719,1,22,22,0.0,11.5,1
88722,1,16,16,0.625,8.5,1
88725,1,10,10,0.4,5.5,0
88736,1,13,13,0.6923076923076923,7.0,0
88743,1,3,3,0.6666666666666666,2.0,0
88772,1,5,5,0.6,3.0,0
88785,1,9,9,0.0,5.0,0
88797,1,12,12,0.8333333333333334,6.5,0
88812,1,4,4,1.0,2.5,0
88884,1,3,3,0.3333333333333333,2.0,0
88893,1,2,2,0.5,1.5,0
88901,1,11,11,0.09090909090909091,6.0,0
88906,1,1,1,1.0,1.0,0
88907,1,16,16,0.375,8.5,1
88916,1,9,9,0.4444444444444444,5.0,0
88932,1,5,5,0.6,3.0,0
88933,1,5,5,0.0,3.0,0
88938,1,11,11,0.6363636363636364,6.0,0
88973,1,2,2,0.0,1.5,0
88988,1,3,3,0.3333333333333333,2.0,0
88990,1,6,6,0.5,3.5,0
88994,1,5,5,0.6,3.0,0
89005,1,11,11,1.0,6.0,0
89018,1,5,5,0.8,3.0,0
89027,1,21,21,0.19047619047619047,11.0,1
89079,1,33,33,0.8484848484848485,17.0,1
89088,1,4,4,1.0,2.5,0
89092,1,20,20,0.25,10.5,1
89095,1,15,15,0.5333333333333333,8.0,1
89110,1,20,20,0.2,10.5,1
89125,2,5,4,0.6,1.8,0
89127,1,8,8,0.625,4.5,0
89138,1,10,10,0.4,5.5,0
89159,1,8,8,1.0,4.5,0
89166,1,3,3,0.6666666666666666,2.0,0
89170,1,9,9,0.1111111111111111,5.0,0
89179,1,2,2,0.0,1.5,0
89180,1,25,25,0.88,13.0,1
89187,1,9,9,1.0,5.0,0
89211,1,23,23,0.6521739130434783,12.0,1
89222,1,9,9,0.2222222222222222,5.0,0
89232,1,11,11,1.0,6.0,0
89233,1,2,2,0.5,1.5,0
89235,1,18,18,0.2777777777777778,9.5,1
89251,2,31,31,0.7096774193548387,8.903225806451612,1
89256,1,2,2,0.5,1.5,0
89274,1,7,7,0.7142857142857143,4.0,0
89283,1,19,19,0.15789473684210525,10.0,1
89316,1,4,4,1.0,2.5,0
89323,1,22,22,0.8636363636363636,11.5,1
89327,1,14,14,0.14285714285714285,7.5,0
89333,1,7,7,0.7142857142857143,4.0,0
89348,1,8,8,0.875,4.5,0
89349,2,17,12,1.0,5.117647058823529,1
89363,1,9,9,0.6666666666666666,5.0,0
89368,1,4,4,0.0,2.5,0
89374,1,1,1,1.0,1.0,0
89379,2,24,24,0.375,9.166666666666666,1
89412,1,8,8,1.0,4.5,0
89415,1,7,7,1.0,4.0,0
89422,1,10,10,0.2,5.5,0
89431,1,7,7,0.8571428571428571,4.0,0
89433,1,4,4,1.0,2.5,0
89435,1,1,1,1.0,1.0,0
89439,1,20,20,1.0,10.5,1
89447,1,1,1,1.0,1.0,0
89462,2,35,28,0.5428571428571428,10.457142857142857,1
89470,1,6,6,0.6666666666666666,3.5,0
89471,1,4,4,1.0,2.5,0
89509,1,8,8,0.625,4.5,0
89535,1,11,11,0.8181818181818182,6.0,0
89553,1,7,7,0.8571428571428571,4.0,0
89563,1,2,2,0.0,1.5,0
89573,1,6,6,0.8333333333333334,3.5,0
89592,2,31,31,0.7741935483870968,10.580645161290322,1
89598,1,4,4,0.5,2.5,0
89602,2,26,23,0.5384615384615384,7.0,1
89618,1,3,3,0.6666666666666666,2.0,0
89636,1,8,8,0.0,4.5,0
89657,1,6,6,0.3333333333333333,3.5,0
89665,1,22,22,0.09090909090909091,11.5,1
89671,1,21,21,0.8571428571428571,11.0,1
89672,2,6,4,1.0,2.0,0
89686,1,15,15,0.7333333333333333,8.0,1
89706,1,6,6,0.5,3.5,0
89713,1,10,10,1.0,5.5,0
89726,1,3,3,0.3333333333333333,2.0,0
89727,1,18,18,0.5,9.5,1
89775,1,12,12,0.16666666666666666,6.5,0
89782,1,9,9,1.0,5.0,0
89783,1,7,7,1.0,4.0,0
89785,1,3,3,0.0,2.0,0
89799,1,4,4,1.0,2.5,0
89800,1,7,7,0.42857142857142855,4.0,0
89804,2,14,12,0.8571428571428571,4.0,0
89835,1,6,6,1.0,3.5,0
89836,1,13,13,0.15384615384615385,7.0,0
89838,1,1,1,1.0,1.0,0
89846,1,14,14,1.0,7.5,0
89847,1,5,5,1.0,3.0,0
89848,1,2,2,0.5,1.5,0
89852,1,2,2,1.0,1.5,0
89856,2,18,15,0.7222222222222222,5.0,1
89857,1,18,18,0.8333333333333334,9.5,1
89900,1,6,6,0.8333333333333334,3.5,0
89913,1,16,16,0.75,8.5,1
89930,2,28,20,0.9285714285714286,7.535714285714286,1
89960,1,12,12,0.9166666666666666,6.5,0
89977,1,8,8,0.875,4.5,0
89989,1,1,1,1.0,1.0,0
90000,1,16,16,0.375,8.5,1
90004,1,20,20,0.25,10.5,1
90020,1,2,2,0.5,1.5,0
90021,1,8,8,0.5,4.5,0
90027,2,6,5,0.8333333333333334,2.6666666666666665,0
90028,1,3,3,1.0,2.0,0
90038,1,1,1,1.0,1.0,0
90064,1,1,1,1.0,1.0,0
90069,1,5,5,0.4,3.0,0
90072,1,7,7,0.42857142857142855,4.0,0
90082,1,7,7,0.7142857142857143,4.0,0
90089,1,14,14,0.7142857142857143,7.5,0
90096,1,3,3,0.6666666666666666,2.0,0
90119,1,29,29,0.5172413793103449,15.0,1
90126,1,3,3,0.6666666666666666,2.0,0
90138,1,11,11,0.8181818181818182,6.0,0
90146,1,7,7,0.2857142857142857,4.0,0
90160,1,17,17,0.35294117647058826,9.0,1
90166,1,8,8,0.375,4.5,0
90169,1,10,10,0.8,5.5,0
90170,1,13,13,0.3076923076923077,7.0,0
90172,1,8,8,0.375,4.5,0
90184,1,18,18,0.7777777777777778,9.5,1
90198,2,22,21,0.5454545454545454,6.0,1
90219,1,6,6,0.3333333333333333,3.5,0
90221,1,10,10,0.7,5.5,0
90235,1,2,2,1.0,1.5,0
90240,1,4,4,1.0,2.5,0
90250,3,42,23,0.8809523809523809,7.666666666666667,1
90262,1,14,14,0.35714285714285715,7.5,0
90266,1,8,8,0.125,4.5,0
90268,1,3,3,1.0,2.0,0
90274,1,9,9,1.0,5.0,0
90282,1,21,21,0.8095238095238095,11.0,1
90283,1,14,14,0.7857142857142857,7.5,0
90286,1,10,10,0.0,5.5,0
90295,1,22,22,0.7727272727272727,11.5,1
90343,1,5,5,0.8,3.0,0
90344,1,3,3,1.0,2.0,0
90345,1,34,34,0.5882352941176471,17.5,1
90356,1,9,9,0.2222222222222222,5.0,0
90357,1,7,7,0.7142857142857143,4.0,0
90383,1,3,3,0.0,2.0,0
90389,1,2,2,1.0,1.5,0
90402,1,16,16,0.8125,8.5,1
90405,1,5,5,0.6,3.0,0
90416,1,12,12,0.0,6.5,0
90428,1,2,2,0.5,1.5,0
90460,1,8,8,0.75,4.5,0
90461,1,14,14,0.42857142857142855,7.5,0
90515,1,5,5,1.0,3.0,0
90517,1,8,8,0.75,4.5,0
90539,1,18,18,0.8333333333333334,9.5,1
90548,1,13,13,0.46153846153846156,7.0,0
90567,1,4,4,0.75,2.5,0
90578,2,61,55,0.4098360655737705,16.442622950819672,1
90586,1,22,22,0.22727272727272727,11.5,1
90602,1,8,8,0.0,4.5,0
90618,1,11,11,0.0,6.0,0
90629,1,6,6,0.6666666666666666,3.5,0
90632,1,10,10,1.0,5.5,0
90648,1,10,10,1.0,5.5,0
90652,2,33,33,0.48484848484848486,10.93939393939394,1
90654,2,46,39,0.8913043478260869,12.195652173913043,1
90673,1,37,37,0.0,19.0,1
90678,1,11,11,0.36363636363636365,6.0,0
90699,1,31,31,0.6129032258064516,16.0,1
90709,1,2,2,1.0,1.5,0
90724,1,6,6,0.3333333333333333,3.5,0
90728,1,3,3,0.6666666666666666,2.0,0
90738,1,8,8,0.75,4.5,0
90776,1,4,4,0.0,2.5,0
90777,1,2,2,0.5,1.5,0
90787,1,10,10,0.7,5.5,0
90807,1,9,9,0.8888888888888888,5.0,0
90815,2,30,26,0.5,8.3,1
90854,2,8,4,1.0,2.5,0
90856,1,7,7,0.0,4.0,0
90860,1,4,4,0.5,2.5,0
90875,1,5,5,0.2,3.0,0
90884,1,3,3,0.6666666666666666,2.0,0
90887,1,14,14,0.5714285714285714,7.5,0
90900,1,6,6,0.6666666666666666,3.5,0
90916,1,12,12,0.16666666666666666,6.5,0
90923,1,11,11,0.0,6.0,0
90942,1,4,4,0.25,2.5,0
90964,1,2,2,1.0,1.5,0
90969,1,2,2,0.5,1.5,0
90996,3,44,40,0.7272727272727273,9.113636363636363,1
91003,1,4,4,0.0,2.5,0
91017,1,3,3,0.3333333333333333,2.0,0
91018,1,7,7,0.14285714285714285,4.0,0
91027,2,10,9,0.5,3.1,0
91030,2,36,35,0.6666666666666666,9.61111111111111,1
91032,1,11,11,0.2727272727272727,6.0,0
91045,1,23,23,0.9565217391304348,12.0,1
91049,1,10,10,0.7,5.5,0
91052,1,13,13,0.7692307692307693,7.0,0
91077,1,6,6,0.16666666666666666,3.5,0
91105,1,15,15,0.8666666666666667,8.0,1
91113,1,14,14,0.2857142857142857,7.5,0
91123,1,17,17,0.6470588235294118,9.0,1
91126,1,2,2,0.5,1.5,0
91127,1,37,37,0.2702702702702703,19.0,1
91128,1,16,16,0.5625,8.5,1
91136,1,13,13,0.8461538461538461,7.0,0
91139,1,6,6,0.6666666666666666,3.5,0
91147,1,5,5,0.2,3.0,0
91150,1,9,9,1.0,5.0,0
91153,1,9,9,1.0,5.0,0
91163,1,19,19,0.5263157894736842,10.0,1
91180,1,10,10,0.3,5.5,0
91181,1,3,3,0.0,2.0,0
91184,1,14,14,1.0,7.5,0
91201,1,8,8,0.75,4.5,0
91205,1,17,17,0.5882352941176471,9.0,1
91228,2,28,26,0.7142857142857143,7.821428571428571,1
91229,1,15,15,0.5333333333333333,8.0,1
91237,1,11,11,0.18181818181818182,6.0,0
91266,1,9,9,0.4444444444444444,5.0,0
91301,1,12,12,0.3333333333333333,6.5,0
91303,1,23,23,0.6521739130434783,12.0,1
91305,1,1,1,1.0,1.0,0
91306,1,13,13,0.07692307692307693,7.0,0
91318,1,3,3,1.0,2.0,0
91319,1,28,28,0.6428571428571429,14.5,1
91324,1,5,5,0.8,3.0,0
91326,1,34,34,0.9705882352941176,17.5,1
91346,1,3,3,1.0,2.0,0
91370,1,8,8,0.25,4.5,0
91372,1,16,16,0.8125,8.5,1
91377,1,25,25,0.44,13.0,1
91397,1,11,11,0.8181818181818182,6.0,0
91459,1,7,7,1.0,4.0,0
91463,1,6,6,0.16666666666666666,3.5,0
91469,1,2,2,0.5,1.5,0
91491,1,10,10,0.7,5.5,0
91533,1,19,19,0.2631578947368421,10.0,1
91538,1,15,15,0.0,8.0,1
91549,1,20,20,0.65,10.5,1
91556,1,10,10,0.6,5.5,0
91565,1,5,5,1.0,3.0,0
91570,1,9,9,0.1111111111111111,5.0,0
91589,1,3,3,1.0,2.0,0
91593,1,8,8,0.0,4.5,0
91595,1,8,8,0.625,4.5,0
91596,1,7,7,0.8571428571428571,4.0,0
91604,1,9,9,0.4444444444444444,5.0,0
91630,1,4,4,1.0,2.5,0
91633,1,10,10,0.1,5.5,0
91667,1,21,21,0.5238095238095238,11.0,1
91668,2,34,32,0.7647058823529411,10.882352941176471,1
91685,1,4,4,0.0,2.5,0
91704,1,8,8,0.75,4.5,0
91717,1,12,12,0.3333333333333333,6.5,0
91737,1,16,16,0.4375,8.5,1
91749,1,7,7,0.5714285714285714,4.0,0
91771,1,13,13,0.8461538461538461,7.0,0
91786,1,7,7,1.0,4.0,0
91799,1,15,15,0.6666666666666666,8.0,1
91800,1,16,16,0.625,8.5,1
91806,1,3,3,0.6666666666666666,2.0,0
91826,1,44,44,1.0,22.5,1
91831,1,3,3,0.3333333333333333,2.0,0
91837,1,6,6,0.3333333333333333,3.5,0
91849,1,9,9,0.3333333333333333,5.0,0
91857,1,22,22,0.13636363636363635,11.5,1
91861,1,10,10,0.0,5.5,0
91879,1,9,9,1.0,5.0,0
91885,1,8,8,1.0,4.5,0
91890,1,31,31,0.4838709677419355,16.0,1
91891,1,10,10,0.0,5.5,0
91908,1,6,6,0.6666666666666666,3.5,0
91909,1,11,11,0.2727272727272727,6.0,0
91925,1,38,38,0.05263157894736842,19.5,1
91926,1,16,16,0.5625,8.5,1
91930,1,6,6,0.8333333333333334,3.5,0
91933,1,1,1,1.0,1.0,0
91942,1,2,2,0.5,1.5,0
91946,1,3,3,1.0,2.0,0
91953,1,19,19,0.7894736842105263,10.0,1
91957,1,9,9,0.7777777777777778,5.0,0
91977,1,7,7,0.0,4.0,0
91987,1,36,36,0.7777777777777778,18.5,1
91996,1,7,7,0.0,4.0,0
92016,1,1,1,0.0,1.0,0
92020,1,10,10,0.7,5.5,0
92040,1,14,14,0.7857142857142857,7.5,0
92052,2,16,16,0.1875,5.5,1
92060,1,10,10,0.5,5.5,0
92076,1,7,7,0.0,4.0,0
92081,1,8,8,0.125,4.5,0
92082,1,7,7,0.5714285714285714,4.0,0
92093,1,1,1,0.0,1.0,0
92099,1,13,13,0.46153846153846156,7.0,0
92111,2,9,9,0.2222222222222222,3.0,0
92113,1,6,6,0.3333333333333333,3.5,0
92123,1,4,4,0.75,2.5,0
92128,1,3,3,0.3333333333333333,2.0,0
92133,1,10,10,0.3,5.5,0
92136,1,16,16,0.0,8.5,1
92156,1,2,2,0.5,1.5,0
92173,1,4,4,0.5,2.5,0
92179,1,14,14,0.0,7.5,0
92183,1,8,8,0.375,4.5,0
92189,1,11,11,0.8181818181818182,6.0,0
92191,1,11,11,0.5454545454545454,6.0,0
92205,1,4,4,0.75,2.5,0
92215,1,5,5,0.8,3.0,0
92239,1,14,14,0.7857142857142857,7.5,0
92243,1,4,4,0.5,2.5,0
92247,1,14,14,0.42857142857142855,7.5,0
92260,1,2,2,0.5,1.5,0
92284,1,19,19,0.10526315789473684,10.0,1
92286,1,13,13,0.23076923076923078,7.0,0
92296,1,13,13,0.0,7.0,0
92300,1,11,11,0.0,6.0,0
92313,1,18,18,1.0,9.5,1
92336,1,8,8,1.0,4.5,0
92343,1,17,17,0.8235294117647058,9.0,1
92344,1,9,9,0.7777777777777778,5.0,0
92354,2,36,31,0.75,9.944444444444445,1
92385,1,12,12,0.6666666666666666,6.5,0
92397,1,4,4,0.25,2.5,0
92405,1,2,2,0.0,1.5,0
92417,2,7,5,0.7142857142857143,2.2857142857142856,0
92426,1,5,5,0.2,3.0,0
92428,1,4,4,0.25,2.5,0
92444,1,13,13,0.38461538461538464,7.0,0
92461,1,11,11,0.6363636363636364,6.0,0
92493,1,24,24,0.75,12.5,1
92502,1,20,20,0.5,10.5,1
92509,1,4,4,0.25,2.5,0
92515,1,9,9,0.7777777777777778,5.0,0
92519,1,13,13,0.15384615384615385,7.0,0
92521,1,9,9,1.0,5.0,0
92526,2,41,39,0.17073170731707318,12.512195121951219,1
92543,1,5,5,0.4,3.0,0
92547,1,12,12,0.08333333333333333,6.5,0
92549,1,10,10,0.3,5.5,0
92553,1,8,8,0.0,4.5,0
92587,1,9,9,0.1111111111111111,5.0,0
92602,1,5,5,0.8,3.0,0
92608,1,3,3,0.6666666666666666,2.0,0
92628,1,27,27,0.9629629629629629,14.0,1
92636,3,91,72,0.7362637362637363,15.692307692307692,1
92638,1,7,7,0.5714285714285714,4.0,0
92646,1,4,4,0.0,2.5,0
92658,1,9,9,0.4444444444444444,5.0,0
92660,1,9,9,0.8888888888888888,5.0,0
92661,1,1,1,1.0,1.0,0
92675,1,11,11,0.6363636363636364,6.0,0
92678,1,6,6,0.3333333333333333,3.5,0
92679,1,10,10,0.4,5.5,0
92685,2,8,7,0.5,2.625,0
92699,1,16,16,0.9375,8.5,1
92707,3,35,28,0.8571428571428571,6.4,1
92715,1,13,13,0.0,7.0,0
92748,1,7,7,1.0,4.0,0
92765,1,8,8,0.25,4.5,0
92766,1,9,9,1.0,5.0,0
92769,1,9,9,0.4444444444444444,5.0,0
92796,1,6,6,0.3333333333333333,3.5,0
92799,1,11,11,0.7272727272727273,6.0,0
92814,1,5,5,0.6,3.0,0
92817,1,10,10,0.5,5.5,0
92832,1,8,8,0.0,4.5,0
92843,1,10,10,0.5,5.5,0
92857,1,6,6,1.0,3.5,0
92858,1,9,9,0.3333333333333333,5.0,0
92883,1,8,8,0.5,4.5,0
92890,1,13,13,0.5384615384615384,7.0,0
92896,1,15,15,0.9333333333333333,8.0,1
92910,1,9,9,1.0,5.0,0
92915,1,13,13,0.8461538461538461,7.0,0
92952,2,14,13,0.8571428571428571,4.071428571428571,0
92954,2,27,27,0.8888888888888888,9.925925925925926,1
92963,1,6,6,0.5,3.5,0
92967,2,11,11,0.9090909090909091,3.4545454545454546,0
92979,1,2,2,0.5,1.5,0
92994,1,6,6,0.6666666666666666,3.5,0
92998,1,18,18,0.8888888888888888,9.5,1
93062,1,3,3,0.6666666666666666,2.0,0
93068,2,8,8,1.0,3.625,0
93074,1,3,3,0.0,2.0,0
93101,2,21,20,1.0,6.333333333333333,1
93102,1,9,9,0.8888888888888888,5.0,0
93135,1,5,5,0.4,3.0,0
93151,1,31,31,0.8064516129032258,16.0,1
93177,1,17,17,0.6470588235294118,9.0,1
93182,1,2,2,0.5,1.5,0
93186,1,20,20,0.8,10.5,1
93207,1,6,6,0.3333333333333333,3.5,0
93208,1,24,24,0.6666666666666666,12.5,1
93212,1,9,9,0.5555555555555556,5.0,0
93218,1,14,14,0.5714285714285714,7.5,0
93226,1,15,15,0.3333333333333333,8.0,1
93243,1,17,17,0.6470588235294118,9.0,1
93266,1,10,10,0.9,5.5,0
93305,1,10,10,1.0,5.5,0
93308,1,11,11,0.45454545454545453,6.0,0
93309,1,1,1,1.0,1.0,0
93325,1,11,11,0.8181818181818182,6.0,0
93331,1,1,1,0.0,1.0,0
93339,1,1,1,1.0,1.0,0
93349,1,11,11,0.7272727272727273,6.0,0
93364,1,7,7,0.8571428571428571,4.0,0
93378,1,2,2,0.5,1.5,0
93400,1,22,22,0.8636363636363636,11.5,1
93418,1,8,8,0.75,4.5,0
93438,1,2,2,1.0,1.5,0
93450,1,17,17,0.4117647058823529,9.0,1
93453,1,15,15,0.4,8.0,1
93454,1,7,7,0.7142857142857143,4.0,0
93455,2,22,22,0.3181818181818182,7.636363636363637,1
93465,1,12,12,0.6666666666666666,6.5,0
93470,1,12,12,0.8333333333333334,6.5,0
93477,1,14,14,0.14285714285714285,7.5,0
93516,1,8,8,0.5,4.5,0
93519,2,49,43,0.9183673469387755,12.877551020408163,1
93532,1,6,6,1.0,3.5,0
93545,1,7,7,0.14285714285714285,4.0,0
93569,1,9,9,0.5555555555555556,5.0,0
93581,1,4,4,0.75,2.5,0
93582,1,1,1,0.0,1.0,0
93588,1,6,6,0.5,3.5,0
93608,2,21,19,0.8095238095238095,5.761904761904762,1
93644,1,15,15,0.4666666666666667,8.0,1
93647,1,3,3,1.0,2.0,0
93655,1,5,5,1.0,3.0,0
93673,1,24,24,0.20833333333333334,12.5,1
93690,1,8,8,0.0,4.5,0
93702,1,5,5,0.2,3.0,0
93727,1,18,18,0.7222222222222222,9.5,1
93734,1,5,5,0.8,3.0,0
93759,1,2,2,0.5,1.5,0
93764,3,21,19,0.5238095238095238,4.333333333333333,1
93770,1,10,10,0.4,5.5,0
93779,1,8,8,0.875,4.5,0
93816,1,2,2,0.5,1.5,0
93820,1,17,17,0.5882352941176471,9.0,1
93826,1,3,3,1.0,2.0,0
93838,1,4,4,0.0,2.5,0
93840,1,10,10,0.4,5.5,0
93842,1,1,1,1.0,1.0,0
93855,1,8,8,0.625,4.5,0
93858,1,10,10,0.4,5.5,0
93860,1,10,10,0.8,5.5,0
93869,2,33,31,0.36363636363636365,9.363636363636363,1
93872,1,4,4,0.75,2.5,0
93881,1,7,7,0.8571428571428571,4.0,0
93906,2,30,30,0.5,8.0,1
93908,1,14,14,0.7142857142857143,7.5,0
93923,1,9,9,0.3333333333333333,5.0,0
93929,1,22,22,0.4090909090909091,11.5,1
93942,1,8,8,0.5,4.5,0
93950,1,5,5,0.8,3.0,0
93962,1,2,2,1.0,1.5,0
93974,1,12,12,0.75,6.5,0
93976,1,1,1,1.0,1.0,0
93991,1,13,13,0.23076923076923078,7.0,0
94070,1,15,15,0.4,8.0,1
94102,1,13,13,0.7692307692307693,7.0,0
94104,1,6,6,0.3333333333333333,3.5,0
94107,1,3,3,0.0,2.0,0
94110,1,11,11,0.5454545454545454,6.0,0
94111,1,25,25,0.52,13.0,1
94128,1,23,23,0.8695652173913043,12.0,1
94143,1,25,25,0.0,13.0,1
94171,1,10,10,0.8,5.5,0
94177,1,3,3,1.0,2.0,0
94179,1,4,4,1.0,2.5,0
94183,1,1,1,1.0,1.0,0
94193,1,8,8,0.0,4.5,0
94221,1,7,7,0.7142857142857143,4.0,0
94222,1,4,4,0.75,2.5,0
94243,1,19,19,0.21052631578947367,10.0,1
94249,1,9,9,0.0,5.0,0
94257,1,14,14,0.0,7.5,0
94260,1,1,1,1.0,1.0,0
94268,1,12,12,0.75,6.5,0
94277,2,5,5,0.6,2.2,0
94285,1,46,46,0.7608695652173914,23.5,1
94288,2,27,22,0.9259259259259259,8.814814814814815,1
94291,1,35,35,0.6285714285714286,18.0,1
94304,1,2,2,0.0,1.5,0
94316,1,3,3,1.0,2.0,0
94330,2,13,13,0.23076923076923078,3.769230769230769,0
94339,1,4,4,1.0,2.5,0
94347,1,15,15,0.6,8.0,1
94384,2,42,37,0.8571428571428571,11.595238095238095,1
94388,2,23,22,0.5652173913043478,6.260869565217392,1
94401,1,38,38,0.8947368421052632,19.5,1
94407,1,10,10,0.6,5.5,0
94410,1,10,10,0.2,5.5,0
94411,1,4,4,1.0,2.5,0
94412,2,20,19,0.55,5.5,1
94413,2,18,17,0.7222222222222222,5.888888888888889,1
94423,1,5,5,0.0,3.0,0
94459,1,7,7,0.42857142857142855,4.0,0
94488,1,11,11,0.0,6.0,0
94499,2,19,18,0.5789473684210527,5.2631578947368425,1
94503,1,13,13,1.0,7.0,0
94509,1,5,5,0.0,3.0,0
94517,1,4,4,0.25,2.5,0
94518,1,3,3,0.3333333333333333,2.0,0
94521,1,14,14,0.07142857142857142,7.5,0
94532,1,7,7,1.0,4.0,0
94535,1,23,23,0.7391304347826086,12.0,1
94546,1,15,15,0.3333333333333333,8.0,1
94555,1,7,7,0.0,4.0,0
94572,1,10,10,0.7,5.5,0
94573,2,25,20,0.72,7.96,1
94588,1,14,14,0.7142857142857143,7.5,0
94589,2,35,33,0.7428571428571429,11.314285714285715,1
94596,1,4,4,1.0,2.5,0
94600,2,37,31,0.7567567567567568,10.567567567567568,1
94615,2,47,34,0.8723404255319149,12.25531914893617,1
94648,1,8,8,0.875,4.5,0
94652,1,22,22,0.4090909090909091,11.5,1
94669,1,13,13,0.9230769230769231,7.0,0
94678,1,15,15,0.26666666666666666,8.0,1
94695,1,2,2,0.0,1.5,0
94707,1,16,16,0.8125,8.5,1
94710,1,29,29,0.5862068965517241,15.0,1
94713,1,24,24,0.5833333333333334,12.5,1
94723,1,6,6,0.5,3.5,0
94732,1,16,16,0.375,8.5,1
94734,1,6,6,0.0,3.5,0
94740,1,2,2,1.0,1.5,0
94745,1,9,9,0.0,5.0,0
94761,1,3,3,0.0,2.0,0
94763,1,12,12,0.6666666666666666,6.5,0
94764,2,35,34,0.22857142857142856,11.314285714285715,1
94768,2,5,5,0.8,1.8,0
94770,1,10,10,0.7,5.5,0
94792,1,6,6,1.0,3.5,0
94796,1,4,4,0.0,2.5,0
94809,1,4,4,0.25,2.5,0
94817,1,16,16,0.0,8.5,1
94820,1,4,4,1.0,2.5,0
94835,1,6,6,0.8333333333333334,3.5,0
94840,1,10,10,0.6,5.5,0
94849,1,13,13,1.0,7.0,0
94859,1,7,7,1.0,4.0,0
94872,1,11,11,0.8181818181818182,6.0,0
94873,1,8,8,0.5,4.5,0
94894,1,14,14,0.0,7.5,0
94903,1,13,13,0.0,7.0,0
94907,1,10,10,0.9,5.5,0
94911,1,5,5,0.4,3.0,0
94928,1,11,11,0.45454545454545453,6.0,0
94934,1,1,1,1.0,1.0,0
94944,1,32,32,0.25,16.5,1
94947,1,28,28,0.07142857142857142,14.5,1
94962,1,8,8,0.5,4.5,0
94977,2,12,12,0.9166666666666666,3.8333333333333335,0
94978,1,12,12,0.5,6.5,0
94988,1,19,19,0.8421052631578947,10.0,1
94998,2,20,20,0.25,5.55,1
95009,1,21,21,0.23809523809523808,11.0,1
95020,1,2,2,0.5,1.5,0
95029,1,34,34,1.0,17.5,1
95035,1,2,2,0.0,1.5,0
95044,1,17,17,0.5294117647058824,9.0,1
95050,1,7,7,0.8571428571428571,4.0,0
95052,1,20,20,0.75,10.5,1
95061,1,28,28,0.9642857142857143,14.5,1
95062,1,2,2,0.5,1.5,0
95063,2,40,38,0.825,12.525,1
95083,1,35,35,0.22857142857142856,18.0,1
95087,1,12,12,0.08333333333333333,6.5,0
95091,1,4,4,0.5,2.5,0
95118,1,20,20,0.7,10.5,1
95125,2,16,11,1.0,4.75,0
95136,1,18,18,0.6666666666666666,9.5,1
95139,1,6,6,0.6666666666666666,3.5,0
95160,2,18,16,0.8888888888888888,5.222222222222222,1
95161,1,5,5,1.0,3.0,0
95171,1,6,6,0.8333333333333334,3.5,0
95174,1,12,12,0.5833333333333334,6.5,0
95181,1,3,3,1.0,2.0,0
95222,1,14,14,0.8571428571428571,7.5,0
95231,1,5,5,0.8,3.0,0
95271,2,23,18,0.782608695652174,6.260869565217392,1
95276,1,4,4,1.0,2.5,0
95286,1,2,2,0.5,1.5,0
95291,1,15,15,0.5333333333333333,8.0,1
95296,2,47,38,0.7659574468085106,14.170212765957446,1
95335,1,8,8,0.25,4.5,0
95349,1,11,11,0.0,6.0,0
95359,1,1,1,1.0,1.0,0
95403,1,16,16,0.25,8.5,1
95441,1,10,10,0.7,5.5,0
95465,1,12,12,0.5,6.5,0
95471,1,25,25,0.76,13.0,1
95472,1,10,10,0.9,5.5,0
95498,1,5,5,0.2,3.0,0
95503,2,24,23,0.5416666666666666,7.166666666666667,1
95513,1,59,59,0.4745762711864407,30.0,1
95521,1,4,4,0.25,2.5,0
95525,1,15,15,0.4,8.0,1
95534,1,16,16,0.25,8.5,1
95544,1,17,17,0.23529411764705882,9.0,1
95548,1,7,7,0.0,4.0,0
95549,1,13,13,0.6153846153846154,7.0,0
95550,1,15,15,1.0,8.0,1
95553,2,15,12,0.7333333333333333,4.266666666666667,0
95557,1,3,3,0.3333333333333333,2.0,0
95565,1,42,42,0.5,21.5,1
95601,1,1,1,1.0,1.0,0
95620,2,37,37,0.6486486486486487,18.027027027027028,1
95624,1,9,9,0.5555555555555556,5.0,0
95646,1,10,10,0.5,5.5,0
95674,1,17,17,0.0,9.0,1
95678,1,10,10,0.8,5.5,0
95684,1,2,2,0.0,1.5,0
95692,1,8,8,0.75,4.5,0
95703,1,2,2,0.0,1.5,0
95714,1,16,16,0.375,8.5,1
95725,1,16,16,0.5625,8.5,1
95738,1,14,14,0.7857142857142857,7.5,0
95753,1,5,5,1.0,3.0,0
95761,1,20,20,0.85,10.5,1
95767,2,24,23,0.625,7.166666666666667,1
95818,1,2,2,0.0,1.5,0
95829,1,8,8,0.625,4.5,0
95838,1,5,5,0.8,3.0,0
95839,2,26,22,0.4230769230769231,7.0,1
95845,2,26,20,0.7692307692307693,7.346153846153846,1
95861,1,17,17,0.4117647058823529,9.0,1
95862,1,2,2,1.0,1.5,0
95897,1,1,1,0.0,1.0,0
95905,1,12,12,0.9166666666666666,6.5,0
95949,1,5,5,0.8,3.0,0
95958,1,3,3,1.0,2.0,0
95967,1,13,13,0.8461538461538461,7.0,0
95970,1,7,7,0.42857142857142855,4.0,0
95982,1,17,17,0.0,9.0,1
96017,1,14,14,0.21428571428571427,7.5,0
96021,1,2,2,0.5,1.5,0
96029,1,18,18,0.2777777777777778,9.5,1
96043,1,20,20,0.8,10.5,1
96048,2,49,41,0.8979591836734694,15.0,1
96053,1,17,17,0.29411764705882354,9.0,1
96058,1,16,16,1.0,8.5,1
96062,1,13,13,0.8461538461538461,7.0,0
96068,1,16,16,0.6875,8.5,1
96075,1,10,10,0.2,5.5,0
96081,1,7,7,0.42857142857142855,4.0,0
96100,1,12,12,0.75,6.5,0
96108,1,11,11,0.9090909090909091,6.0,0
96117,1,7,7,0.42857142857142855,4.0,0
96129,1,17,17,0.058823529411764705,9.0,1
96162,1,13,13,0.38461538461538464,7.0,0
96163,1,33,33,0.8181818181818182,17.0,1
96171,1,14,14,0.35714285714285715,7.5,0
96183,1,9,9,1.0,5.0,0
96192,1,6,6,0.8333333333333334,3.5,0
96193,1,11,11,0.9090909090909091,6.0,0
96195,1,13,13,0.9230769230769231,7.0,0
96204,1,28,28,0.0,14.5,1
96210,2,16,12,0.9375,4.5625,1
96213,1,23,23,0.8695652173913043,12.0,1
96214,1,18,18,0.3888888888888889,9.5,1
96228,1,2,2,0.5,1.5,0
96230,1,2,2,1.0,1.5,0
96241,1,1,1,1.0,1.0,0
96246,1,3,3,0.6666666666666666,2.0,0
96247,1,8,8,0.375,4.5,0
96252,1,4,4,1.0,2.5,0
96272,1,15,15,0.0,8.0,1
96295,1,16,16,0.875,8.5,1
96296,2,28,25,0.8214285714285714,9.25,1
96299,1,22,22,0.8636363636363636,11.5,1
96308,1,4,4,0.0,2.5,0
96317,1,19,19,0.21052631578947367,10.0,1
96328,1,6,6,0.6666666666666666,3.5,0
96331,2,18,18,0.4444444444444444,5.0,1
96337,1,30,30,0.6,15.5,1
96370,1,1,1,1.0,1.0,0
96385,1,17,17,0.8823529411764706,9.0,1
96390,1,3,3,1.0,2.0,0
96400,1,3,3,0.3333333333333333,2.0,0
96408,3,22,17,0.8636363636363636,5.636363636363637,1
96436,1,4,4,0.5,2.5,0
96458,1,15,15,0.8,8.0,1
96473,1,2,2,0.0,1.5,0
96497,2,13,13,0.38461538461538464,5.3076923076923075,1
96504,1,1,1,1.0,1.0,0
96506,1,7,7,0.42857142857142855,4.0,0
96511,1,5,5,0.2,3.0,0
96520,1,1,1,1.0,1.0,0
96521,1,11,11,0.5454545454545454,6.0,0
96530,1,7,7,0.42857142857142855,4.0,0
96531,1,9,9,0.8888888888888888,5.0,0
96532,1,4,4,0.75,2.5,0
96536,1,12,12,0.5833333333333334,6.5,0
96538,1,13,13,0.3076923076923077,7.0,0
96541,2,30,25,0.7666666666666667,9.633333333333333,1
96547,2,47,43,0.48936170212765956,14.170212765957446,1
96550,1,3,3,1.0,2.0,0
96554,2,9,8,0.3333333333333333,2.7777777777777777,0
96567,1,8,8,0.25,4.5,0
96576,1,9,9,1.0,5.0,0
96594,1,9,9,0.6666666666666666,5.0,0
96596,1,12,12,0.5,6.5,0
96615,2,19,17,0.6842105263157895,5.894736842105263,1
96643,1,5,5,0.2,3.0,0
96650,1,3,3,0.0,2.0,0
96660,1,4,4,0.75,2.5,0
96669,1,9,9,0.5555555555555556,5.0,0
96671,1,10,10,0.7,5.5,0
96700,1,7,7,0.8571428571428571,4.0,0
96716,1,13,13,0.8461538461538461,7.0,0
96718,1,10,10,0.0,5.5,0
96721,1,11,11,0.9090909090909091,6.0,0
96728,1,7,7,0.8571428571428571,4.0,0
96748,1,8,8,1.0,4.5,0
96757,1,13,13,0.46153846153846156,7.0,0
96763,1,32,32,0.4375,16.5,1
96772,1,35,35,0.6,18.0,1
96793,1,22,22,0.5,11.5,1
96813,1,25,25,0.32,13.0,1
96817,2,7,7,0.5714285714285714,2.5714285714285716,0
96828,1,10,10,0.8,5.5,0
96842,1,41,41,0.7804878048780488,21.0,1
96849,1,16,16,0.625,8.5,1
96854,1,3,3,0.6666666666666666,2.0,0
96871,1,6,6,1.0,3.5,0
96878,1,19,19,0.2631578947368421,10.0,1
96882,1,13,13,0.3076923076923077,7.0,0
96912,1,1,1,1.0,1.0,0
96916,1,2,2,1.0,1.5,0
96932,1,26,26,0.7307692307692307,13.5,1
96951,1,15,15,0.9333333333333333,8.0,1
96952,1,16,16,0.4375,8.5,1
96956,1,5,5,0.4,3.0,0
96957,1,9,9,0.3333333333333333,5.0,0
96961,1,14,14,0.0,7.5,0
97011,1,7,7,0.7142857142857143,4.0,0
97016,2,36,33,0.4166666666666667,9.75,1
97039,1,3,3,1.0,2.0,0
97040,1,2,2,1.0,1.5,0
97067,1,3,3,1.0,2.0,0
97072,1,4,4,1.0,2.5,0
97084,1,18,18,0.6666666666666666,9.5,1
97097,1,10,10,0.6,5.5,0
97102,1,8,8,0.625,4.5,0
97133,1,6,6,1.0,3.5,0
97161,1,13,13,0.6923076923076923,7.0,0
97169,1,6,6,1.0,3.5,0
97181,1,8,8,0.625,4.5,0
97189,1,3,3,0.3333333333333333,2.0,0
97190,1,6,6,0.3333333333333333,3.5,0
97202,1,9,9,0.2222222222222222,5.0,0
97218,2,11,11,0.45454545454545453,3.4545454545454546,0
97231,1,5,5,0.4,3.0,0
97233,1,31,31,0.8064516129032258,16.0,1
97264,1,2,2,0.0,1.5,0
97269,1,9,9,0.0,5.0,0
97302,1,19,19,0.3684210526315789,10.0,1
97304,1,7,7,0.8571428571428571,4.0,0
97311,1,20,20,0.45,10.5,1
97318,2,11,10,0.8181818181818182,3.4545454545454546,0
97319,1,3,3,0.6666666666666666,2.0,0
97321,1,25,25,0.72,13.0,1
97331,1,5,5,0.2,3.0,0
97342,1,5,5,0.6,3.0,0
97364,1,15,15,0.8666666666666667,8.0,1
97401,1,5,5,0.4,3.0,0
97415,3,12,11,0.8333333333333334,3.0833333333333335,1
97427,1,28,28,0.0,14.5,1
97433,1,4,4,1.0,2.5,0
97439,1,5,5,0.8,3.0,0
97440,1,10,10,0.2,5.5,0
97453,1,20,20,0.95,10.5,1
97459,1,3,3,1.0,2.0,0
97479,1,18,18,0.2222222222222222,9.5,1
97482,1,6,6,0.0,3.5,0
97508,1,6,6,0.8333333333333334,3.5,0
97517,1,8,8,0.625,4.5,0
97518,1,4,4,0.5,2.5,0
97525,1,2,2,1.0,1.5,0
97526,1,6,6,1.0,3.5,0
97537,1,2,2,0.0,1.5,0
97539,1,9,9,0.8888888888888888,5.0,0
97557,1,4,4,1.0,2.5,0
97569,1,3,3,1.0,2.0,0
97593,1,19,19,0.9473684210526315,10.0,1
97638,1,2,2,1.0,1.5,0
97659,1,3,3,0.6666666666666666,2.0,0
97664,1,11,11,0.36363636363636365,6.0,0
97665,1,6,6,0.8333333333333334,3.5,0
97689,1,17,17,0.7647058823529411,9.0,1
97726,1,13,13,1.0,7.0,0
97729,3,27,25,0.8148148148148148,5.592592592592593,1
97737,1,7,7,0.0,4.0,0
97743,1,5,5,0.6,3.0,0
97752,1,6,6,0.6666666666666666,3.5,0
97757,1,18,18,0.4444444444444444,9.5,1
97761,1,23,23,0.43478260869565216,12.0,1
97774,2,34,27,0.8529411764705882,11.382352941176471,1
97781,1,24,24,0.875,12.5,1
97820,1,2,2,1.0,1.5,0
97831,1,4,4,1.0,2.5,0
97837,1,23,23,0.9565217391304348,12.0,1
97846,1,6,6,1.0,3.5,0
97860,1,12,12,0.16666666666666666,6.5,0
97861,1,7,7,1.0,4.0,0
97865,1,16,16,1.0,8.5,1
97871,1,7,7,0.5714285714285714,4.0,0
97882,1,22,22,0.45454545454545453,11.5,1
97899,1,59,59,0.8305084745762712,30.0,1
97914,1,9,9,0.8888888888888888,5.0,0
97917,2,6,6,0.8333333333333334,2.1666666666666665,0
97921,1,1,1,1.0,1.0,0
97927,2,15,14,0.13333333333333333,4.266666666666667,1
97945,1,17,17,0.7058823529411765,9.0,1
97970,1,18,18,1.0,9.5,1
97974,1,14,14,0.42857142857142855,7.5,0
97984,1,16,16,0.8125,8.5,1
97998,1,17,17,1.0,9.0,1
98002,1,4,4,0.75,2.5,0
98027,2,4,4,0.25,1.75,0
98033,1,9,9,0.8888888888888888,5.0,0
98075,1,13,13,0.8461538461538461,7.0,0
98081,2,20,18,0.9,5.7,1
98089,1,11,11,0.7272727272727273,6.0,0
98106,1,4,4,0.25,2.5,0
98125,1,6,6,0.16666666666666666,3.5,0
98149,1,17,17,0.47058823529411764,9.0,1
98160,1,10,10,0.8,5.5,0
98174,1,33,33,0.15151515151515152,17.0,1
98176,1,12,12,0.4166666666666667,6.5,0
98204,1,14,14,0.9285714285714286,7.5,0
98213,2,9,9,0.1111111111111111,3.0,0
98214,1,11,11,0.6363636363636364,6.0,0
98220,1,6,6,0.0,3.5,0
98221,1,1,1,0.0,1.0,0
98226,1,5,5,0.0,3.0,0
98245,1,5,5,0.2,3.0,0
98254,1,15,15,0.3333333333333333,8.0,1
98256,1,16,16,0.875,8.5,1
98257,2,11,10,0.45454545454545453,3.4545454545454546,0
98258,1,3,3,1.0,2.0,0
98267,1,3,3,0.6666666666666666,2.0,0
98292,1,1,1,1.0,1.0,0
98300,1,11,11,0.18181818181818182,6.0,0
98303,1,2,2,0.0,1.5,0
98343,1,6,6,0.8333333333333334,3.5,0
98357,1,9,9,0.7777777777777778,5.0,0
98363,1,17,17,0.8235294117647058,9.0,1
98365,1,10,10,0.8,5.5,0
98380,2,25,25,0.44,7.24,1
98388,1,9,9,0.5555555555555556,5.0,0
98397,1,6,6,0.16666666666666666,3.5,0
98411,1,6,6,0.6666666666666666,3.5,0
98421,1,17,17,0.35294117647058826,9.0,1
98437,1,7,7,0.42857142857142855,4.0,0
98464,1,5,5,0.0,3.0,0
98485,1,4,4,0.75,2.5,0
98512,1,5,5,1.0,3.0,0
98519,1,11,11,0.2727272727272727,6.0,0
98520,1,13,13,0.8461538461538461,7.0,0
98541,1,12,12,0.0,6.5,0
98547,1,3,3,0.6666666666666666,2.0,0
98563,1,3,3,1.0,2.0,0
98567,1,2,2,1.0,1.5,0
98588,1,3,3,1.0,2.0,0
98589,1,5,5,0.2,3.0,0
98631,1,2,2,1.0,1.5,0
98673,1,8,8,1.0,4.5,0
98678,1,5,5,1.0,3.0,0
98682,1,12,12,0.9166666666666666,6.5,0
98692,1,11,11,0.18181818181818182,6.0,0
98699,1,13,13,0.46153846153846156,7.0,0
98712,1,9,9,0.4444444444444444,5.0,0
98714,1,6,6,1.0,3.5,0
98716,1,9,9,0.5555555555555556,5.0,0
98750,1,15,15,0.3333333333333333,8.0,1
98771,1,14,14,0.8571428571428571,7.5,0
98777,1,7,7,0.7142857142857143,4.0,0
98781,1,6,6,1.0,3.5,0
98783,1,21,21,0.38095238095238093,11.0,1
98784,1,5,5,0.6,3.0,0
98794,1,2,2,0.5,1.5,0
98800,1,10,10,0.5,5.5,0
98818,1,2,2,0.5,1.5,0
98831,1,33,33,0.7272727272727273,17.0,1
98841,1,13,13,0.5384615384615384,7.0,0
98859,1,17,17,1.0,9.0,1
98868,2,43,37,0.6744186046511628,11.720930232558139,1
98882,1,6,6,1.0,3.5,0
98888,1,6,6,0.3333333333333333,3.5,0
98893,1,5,5,1.0,3.0,0
98909,1,2,2,1.0,1.5,0
98910,1,1,1,0.0,1.0,0
98923,2,34,30,0.38235294117647056,9.117647058823529,1
98925,1,1,1,1.0,1.0,0
98935,1,1,1,1.0,1.0,0
98936,1,1,1,1.0,1.0,0
98940,1,13,13,0.46153846153846156,7.0,0
98952,1,2,2,1.0,1.5,0
98956,1,4,4,0.0,2.5,0
98963,1,3,3,0.3333333333333333,2.0,0
98973,1,13,13,0.38461538461538464,7.0,0
98985,1,5,5,0.0,3.0,0
98996,1,6,6,0.16666666666666666,3.5,0
98999,1,35,35,0.8,18.0,1
99001,1,6,6,0.8333333333333334,3.5,0
99005,2,31,24,0.7741935483870968,8.32258064516129,1
99041,1,10,10,0.5,5.5,0
99045,1,40,40,0.875,20.5,1
99051,1,13,13,0.6923076923076923,7.0,0
99054,1,13,13,0.8461538461538461,7.0,0
99055,1,2,2,1.0,1.5,0
99064,1,26,26,0.11538461538461539,13.5,1
99066,1,18,18,0.9444444444444444,9.5,1
99069,1,1,1,1.0,1.0,0
99071,1,3,3,1.0,2.0,0
99072,1,33,33,0.3333333333333333,17.0,1
99075,1,9,9,0.6666666666666666,5.0,0
99125,2,4,3,1.0,1.75,0
99132,1,25,25,0.32,13.0,1
99195,1,4,4,0.25,2.5,0
99220,1,21,21,0.47619047619047616,11.0,1
99221,1,23,23,0.5652173913043478,12.0,1
99223,1,6,6,0.8333333333333334,3.5,0
99225,1,7,7,1.0,4.0,0
99237,1,13,13,0.38461538461538464,7.0,0
99263,1,5,5,0.8,3.0,0
99271,1,16,16,1.0,8.5,1
99272,1,10,10,1.0,5.5,0
99336,1,3,3,1.0,2.0,0
99341,1,5,5,1.0,3.0,0
99415,1,1,1,0.0,1.0,0
99416,1,8,8,0.0,4.5,0
99418,1,9,9,0.0,5.0,0
99420,1,19,19,0.5789473684210527,10.0,1
99424,1,3,3,1.0,2.0,0
99447,1,16,16,0.75,8.5,1
99460,1,8,8,0.5,4.5,0
99471,1,18,18,0.8888888888888888,9.5,1
99496,1,4,4,1.0,2.5,0
99518,1,5,5,0.0,3.0,0
99526,1,6,6,0.16666666666666666,3.5,0
99538,1,11,11,0.9090909090909091,6.0,0
99542,1,6,6,0.16666666666666666,3.5,0
99544,1,29,29,0.5172413793103449,15.0,1
99546,1,9,9,0.4444444444444444,5.0,0
99559,1,16,16,0.0,8.5,1
99562,1,13,13,1.0,7.0,0
99569,1,4,4,0.25,2.5,0
99576,1,19,19,1.0,10.0,1
99608,1,23,23,1.0,12.0,1
99610,1,18,18,0.3888888888888889,9.5,1
99618,1,16,16,0.0,8.5,1
99665,1,6,6,1.0,3.5,0
99670,1,9,9,0.2222222222222222,5.0,0
99675,1,26,26,0.46153846153846156,13.5,1
99679,1,1,1,1.0,1.0,0
99689,1,13,13,0.15384615384615385,7.0,0
99701,1,4,4,0.0,2.5,0
99702,1,12,12,0.75,6.5,0
99707,3,32,19,1.0,6.28125,1
99721,1,11,11,0.8181818181818182,6.0,0
99731,2,18,18,0.3333333333333333,5.055555555555555,1
99741,1,4,4,0.25,2.5,0
99750,1,11,11,0.6363636363636364,6.0,0
99760,1,1,1,0.0,1.0,0
99767,1,34,34,0.3235294117647059,17.5,1
99786,1,4,4,1.0,2.5,0
99802,2,27,23,0.8148148148148148,8.37037037037037,1
99805,1,13,13,0.6923076923076923,7.0,0
99817,1,8,8,0.5,4.5,0
99819,1,5,5,0.4,3.0,0
99831,1,3,3,1.0,2.0,0
99836,1,7,7,0.7142857142857143,4.0,0
99848,1,5,5,0.6,3.0,0
99852,1,9,9,0.2222222222222222,5.0,0
99863,1,1,1,1.0,1.0,0
99885,1,2,2,0.5,1.5,0
99890,1,2,2,1.0,1.5,0
99904,1,33,33,0.0,17.0,1
99917,1,7,7,1.0,4.0,0
99925,1,31,31,0.2903225806451613,16.0,1
99942,1,5,5,0.8,3.0,0
99955,1,3,3,0.6666666666666666,2.0,0
99975,1,6,6,0.0,3.5,0
99981,1,5,5,0.4,3.0,0
99984,2,5,5,1.0,1.8,0
99986,1,9,9,0.2222222222222222,5.0,0
100006,1,8,8,0.5,4.5,0
100013,1,8,8,0.125,4.5,0
100024,1,5,5,0.0,3.0,0
100032,1,11,11,0.18181818181818182,6.0,0
100048,1,7,7,0.7142857142857143,4.0,0
100051,1,7,7,0.8571428571428571,4.0,0
100052,2,5,5,0.6,1.8,0
100056,1,3,3,0.6666666666666666,2.0,0
100101,2,8,7,0.5,3.0,0
100112,1,9,9,0.7777777777777778,5.0,0
100116,1,13,13,0.5384615384615384,7.0,0
100142,3,22,20,0.7727272727272727,4.2727272727272725,1
100143,1,8,8,0.125,4.5,0
100150,1,4,4,1.0,2.5,0
100155,1,4,4,0.75,2.5,0
100161,1,6,6,1.0,3.5,0
100165,2,46,41,0.4782608695652174,13.065217391304348,1
100180,1,7,7,0.0,4.0,0
100208,1,6,6,0.16666666666666666,3.5,0
100241,1,7,7,0.0,4.0,0
100244,1,21,21,1.0,11.0,1
100260,1,34,34,0.8529411764705882,17.5,1
100262,1,15,15,0.8,8.0,1
100263,1,1,1,1.0,1.0,0
100270,2,40,30,0.9,10.9,1
100296,2,28,24,0.8214285714285714,7.821428571428571,1
100298,1,11,11,0.9090909090909091,6.0,0
100321,1,5,5,0.8,3.0,0
100330,3,138,96,0.7971014492753623,27.768115942028984,1
100334,1,5,5,0.0,3.0,0
100340,2,4,4,1.0,1.75,0
100359,1,15,15,0.4666666666666667,8.0,1
100364,1,9,9,0.8888888888888888,5.0,0
100379,1,2,2,0.5,1.5,0
100407,1,13,13,0.3076923076923077,7.0,0
100414,1,7,7,0.5714285714285714,4.0,0
100429,1,5,5,0.0,3.0,0
100437,1,7,7,0.42857142857142855,4.0,0
100474,1,2,2,0.5,1.5,0
100482,1,6,6,0.0,3.5,0
100486,1,6,6,0.5,3.5,0
100508,2,35,32,0.8285714285714286,10.857142857142858,1
100513,1,7,7,0.0,4.0,0
100514,2,24,23,0.75,7.166666666666667,1
100523,1,2,2,0.5,1.5,0
100536,1,49,49,0.3673469387755102,25.0,1
100540,1,8,8,0.875,4.5,0
100547,1,15,15,0.06666666666666667,8.0,1
100551,1,8,8,0.0,4.5,0
100553,1,7,7,0.42857142857142855,4.0,0
100555,1,7,7,0.5714285714285714,4.0,0
100565,1,6,6,0.0,3.5,0
100614,1,4,4,0.0,2.5,0
100634,1,7,7,0.8571428571428571,4.0,0
100655,1,14,14,0.0,7.5,0
100685,1,13,13,0.38461538461538464,7.0,0
100698,3,54,24,1.0,9.5,1
100716,1,20,20,0.25,10.5,1
100720,1,21,21,0.6666666666666666,11.0,1
100749,1,4,4,1.0,2.5,0
100765,1,7,7,0.8571428571428571,4.0,0
100768,1,2,2,0.0,1.5,0
100773,1,4,4,0.0,2.5,0
100792,1,9,9,0.1111111111111111,5.0,0
100810,1,3,3,0.3333333333333333,2.0,0
100811,1,1,1,1.0,1.0,0
100827,1,1,1,0.0,1.0,0
100833,1,4,4,1.0,2.5,0
100835,2,22,19,0.45454545454545453,7.636363636363637,1
100838,1,1,1,0.0,1.0,0
100845,1,4,4,0.75,2.5,0
100859,1,2,2,0.5,1.5,0
100863,2,34,27,0.7647058823529411,9.029411764705882,1
100865,1,11,11,0.8181818181818182,6.0,0
100900,1,4,4,0.0,2.5,0
100911,1,3,3,0.0,2.0,0
100916,1,17,17,1.0,9.0,1
100926,1,19,19,0.8947368421052632,10.0,1
100928,1,1,1,0.0,1.0,0
100935,1,3,3,1.0,2.0,0
100937,1,8,8,0.5,4.5,0
100947,1,15,15,0.3333333333333333,8.0,1
100978,1,24,24,0.625,12.5,1
100980,1,3,3,0.6666666666666666,2.0,0
100982,1,18,18,0.9444444444444444,9.5,1
100993,1,13,13,0.5384615384615384,7.0,0
100997,1,17,17,0.35294117647058826,9.0,1
101010,2,6,5,1.0,2.1666666666666665,0
101014,1,3,3,0.0,2.0,0
101021,2,23,23,0.5217391304347826,6.3478260869565215,1
101030,1,16,16,0.9375,8.5,1
101036,1,9,9,0.0,5.0,0
101040,1,2,2,0.0,1.5,0
101088,1,6,6,0.16666666666666666,3.5,0
101094,1,3,3,0.3333333333333333,2.0,0
101099,1,3,3,0.3333333333333333,2.0,0
101117,1,13,13,0.38461538461538464,7.0,0
101119,1,5,5,0.6,3.0,0
101130,1,4,4,1.0,2.5,0
101145,1,5,5,0.0,3.0,0
101150,1,10,10,0.8,5.5,0
101154,1,24,24,0.4166666666666667,12.5,1
101198,1,4,4,0.75,2.5,0
101228,1,5,5,0.2,3.0,0
101249,1,1,1,1.0,1.0,0
101255,1,11,11,0.6363636363636364,6.0,0
101260,1,27,27,0.7407407407407407,14.0,1
101261,1,14,14,0.6428571428571429,7.5,0
101292,2,22,20,0.7727272727272727,6.045454545454546,1
101294,1,12,12,1.0,6.5,0
101296,1,7,7,0.5714285714285714,4.0,0
101302,1,22,22,0.0,11.5,1
101311,1,14,14,0.14285714285714285,7.5,0
101319,1,12,12,1.0,6.5,0
101330,1,14,14,0.14285714285714285,7.5,0
101348,2,13,12,0.6153846153846154,3.769230769230769,0
101377,1,23,23,0.9565217391304348,12.0,1
101382,1,9,9,0.7777777777777778,5.0,0
101389,1,2,2,0.0,1.5,0
101396,1,18,18,0.8888888888888888,9.5,1
101413,1,2,2,1.0,1.5,0
101427,1,14,14,0.0,7.5,0
101428,1,15,15,0.0,8.0,1
101433,2,49,43,0.2857142857142857,15.0,1
101434,1,27,27,0.7777777777777778,14.0,1
101442,1,13,13,0.0,7.0,0
101459,2,10,10,0.8,3.4,0
101466,1,18,18,0.7777777777777778,9.5,1
101467,1,12,12,0.08333333333333333,6.5,0
101475,1,3,3,1.0,2.0,0
101495,1,3,3,0.0,2.0,0
101505,1,10,10,0.3,5.5,0
101524,1,15,15,0.06666666666666667,8.0,1
101528,1,4,4,0.75,2.5,0
101557,1,3,3,0.0,2.0,0
101559,1,6,6,0.0,3.5,0
101565,1,7,7,0.7142857142857143,4.0,0
101579,1,8,8,0.75,4.5,0
101585,1,15,15,0.8666666666666667,8.0,1
101588,1,3,3,1.0,2.0,0
101589,1,1,1,1.0,1.0,0
101590,1,23,23,0.0,12.0,1
101594,1,30,30,0.7333333333333333,15.5,1
101612,1,15,15,0.0,8.0,1
101625,1,12,12,0.75,6.5,0
101651,1,5,5,0.6,3.0,0
101683,1,2,2,1.0,1.5,0
101685,1,7,7,0.8571428571428571,4.0,0
101695,1,18,18,0.5555555555555556,9.5,1
101703,1,8,8,0.5,4.5,0
101722,1,10,10,0.4,5.5,0
101735,2,18,12,1.0,5.055555555555555,1
101746,1,5,5,0.6,3.0,0
101752,1,12,12,0.0,6.5,0
101758,1,8,8,0.75,4.5,0
101764,2,15,13,0.8,5.6,1
101800,1,4,4,0.5,2.5,0
101831,1,3,3,1.0,2.0,0
101837,1,7,7,0.8571428571428571,4.0,0
101841,1,7,7,0.7142857142857143,4.0,0
101842,1,11,11,0.5454545454545454,6.0,0
101845,1,15,15,0.26666666666666666,8.0,1
101856,1,14,14,0.5,7.5,0
101871,1,11,11,0.9090909090909091,6.0,0
101878,1,7,7,0.7142857142857143,4.0,0
101903,1,4,4,0.75,2.5,0
101904,1,1,1,0.0,1.0,0
101910,1,4,4,0.0,2.5,0
101919,1,9,9,0.2222222222222222,5.0,0
101933,1,11,11,0.8181818181818182,6.0,0
101937,1,5,5,1.0,3.0,0
101945,1,8,8,0.875,4.5,0
101948,2,5,4,0.6,1.8,0
101962,1,17,17,0.5294117647058824,9.0,1
101975,1,19,19,0.5263157894736842,10.0,1
101976,1,12,12,0.75,6.5,0
101980,1,3,3,0.0,2.0,0
101989,1,10,10,0.8,5.5,0
101990,1,10,10,0.4,5.5,0
102019,1,6,6,0.5,3.5,0
102020,1,23,23,0.6521739130434783,12.0,1
102031,1,9,9,0.5555555555555556,5.0,0
102036,1,2,2,1.0,1.5,0
102067,1,12,12,0.8333333333333334,6.5,0
102083,1,16,16,0.375,8.5,1
102092,1,26,26,0.0,13.5,1
102110,1,8,8,0.25,4.5,0
102115,1,13,13,0.8461538461538461,7.0,0
102119,1,19,19,0.631578947368421,10.0,1
102127,1,10,10,0.0,5.5,0
102148,1,17,17,0.5882352941176471,9.0,1
102149,1,6,6,0.16666666666666666,3.5,0
102150,1,6,6,0.0,3.5,0
102167,1,21,21,0.5714285714285714,11.0,1
102191,1,5,5,0.0,3.0,0
102227,1,7,7,0.2857142857142857,4.0,0
102228,1,2,2,1.0,1.5,0
102230,1,3,3,0.0,2.0,0
102245,1,7,7,0.0,4.0,0
102268,1,15,15,0.9333333333333333,8.0,1
102271,1,3,3,1.0,2.0,0
102272,1,1,1,0.0,1.0,0
102275,1,5,5,1.0,3.0,0
102288,4,10,8,0.6,2.3,1
102295,1,9,9,0.8888888888888888,5.0,0
102296,1,2,2,0.0,1.5,0
102301,1,12,12,1.0,6.5,0
102310,1,16,16,0.6875,8.5,1
102315,1,3,3,1.0,2.0,0
102320,2,20,19,0.45,5.5,1
102332,1,20,20,0.8,10.5,1
102339,2,23,18,0.9565217391304348,6.782608695652174,1
102345,2,7,7,0.8571428571428571,2.2857142857142856,0
102346,1,1,1,0.0,1.0,0
102350,1,7,7,1.0,4.0,0
102356,1,12,12,0.75,6.5,0
102380,1,11,11,0.09090909090909091,6.0,0
102384,2,6,6,0.16666666666666666,2.6666666666666665,0
102396,1,6,6,0.6666666666666666,3.5,0
102400,1,10,10,0.4,5.5,0
102403,2,4,4,0.75,1.5,0
102409,1,11,11,0.45454545454545453,6.0,0
102415,1,10,10,0.3,5.5,0
102426,1,13,13,0.23076923076923078,7.0,0
102427,1,24,24,0.5416666666666666,12.5,1
102455,1,12,12,0.6666666666666666,6.5,0
102468,1,11,11,0.5454545454545454,6.0,0
102501,1,28,28,0.8928571428571429,14.5,1
102514,1,4,4,1.0,2.5,0
102527,1,13,13,0.8461538461538461,7.0,0
102536,1,7,7,0.8571428571428571,4.0,0
102576,1,16,16,0.5,8.5,1
102585,1,1,1,1.0,1.0,0
102599,1,10,10,0.8,5.5,0
102600,1,15,15,0.6,8.0,1
102601,1,16,16,1.0,8.5,1
102619,1,7,7,0.7142857142857143,4.0,0
102635,1,13,13,0.6923076923076923,7.0,0
102656,1,6,6,1.0,3.5,0
102665,1,37,37,0.5675675675675675,19.0,1
102666,1,12,12,0.5833333333333334,6.5,0
102705,1,9,9,0.2222222222222222,5.0,0
102707,1,3,3,0.6666666666666666,2.0,0
102724,1,4,4,1.0,2.5,0
102733,1,2,2,1.0,1.5,0
102741,1,20,20,0.75,10.5,1
102783,1,1,1,1.0,1.0,0
102785,1,11,11,0.0,6.0,0
102796,1,7,7,0.8571428571428571,4.0,0
102797,1,10,10,0.1,5.5,0
102815,1,33,33,0.0,17.0,1
102841,1,2,2,1.0,1.5,0
102870,1,12,12,0.3333333333333333,6.5,0
102874,1,7,7,0.42857142857142855,4.0,0
102892,1,4,4,0.0,2.5,0
102912,1,14,14,0.35714285714285715,7.5,0
102915,1,10,10,0.5,5.5,0
102918,1,6,6,0.6666666666666666,3.5,0
102939,1,10,10,0.6,5.5,0
102947,1,8,8,0.875,4.5,0
102974,1,6,6,0.3333333333333333,3.5,0
102987,1,4,4,0.5,2.5,0
102988,1,7,7,1.0,4.0,0
102989,1,9,9,0.7777777777777778,5.0,0
102992,1,11,11,0.6363636363636364,6.0,0
103000,1,15,15,0.8,8.0,1
103018,1,11,11,0.6363636363636364,6.0,0
103020,1,3,3,0.0,2.0,0
103026,1,9,9,0.0,5.0,0
103027,1,12,12,0.5833333333333334,6.5,0
103035,2,52,43,0.8269230769230769,13.673076923076923,1
103036,1,6,6,0.8333333333333334,3.5,0
103040,1,5,5,0.8,3.0,0
103048,1,6,6,1.0,3.5,0
103095,1,16,16,0.4375,8.5,1
103106,1,6,6,0.8333333333333334,3.5,0
103107,1,3,3,0.0,2.0,0
103111,1,22,22,0.8181818181818182,11.5,1
103118,2,6,6,0.6666666666666666,2.6666666666666665,0
103120,1,2,2,1.0,1.5,0
103142,1,20,20,0.85,10.5,1
103164,1,24,24,0.0,12.5,1
103166,1,13,13,0.6153846153846154,7.0,0
103169,1,15,15,0.6,8.0,1
103198,1,9,9,0.8888888888888888,5.0,0
103208,1,12,12,0.0,6.5,0
103211,1,13,13,1.0,7.0,0
103218,1,17,17,0.0,9.0,1
103243,1,3,3,1.0,2.0,0
103259,1,7,7,0.42857142857142855,4.0,0
103275,1,11,11,0.7272727272727273,6.0,0
103276,1,25,25,0.0,13.0,1
103288,1,2,2,1.0,1.5,0
103299,1,18,18,0.4444444444444444,9.5,1
103344,1,26,26,0.0,13.5,1
103354,1,17,17,0.7058823529411765,9.0,1
103361,1,1,1,0.0,1.0,0
103372,1,6,6,1.0,3.5,0
103388,1,3,3,1.0,2.0,0
103391,1,25,25,0.88,13.0,1
103392,1,6,6,0.0,3.5,0
103413,1,1,1,1.0,1.0,0
103419,1,6,6,1.0,3.5,0
103431,1,22,22,0.6818181818181818,11.5,1
103448,1,4,4,0.5,2.5,0
103468,1,5,5,0.0,3.0,0
103469,1,7,7,1.0,4.0,0
103470,1,9,9,0.0,5.0,0
103486,1,17,17,0.11764705882352941,9.0,1
103505,1,5,5,1.0,3.0,0
103507,1,6,6,1.0,3.5,0
103509,1,5,5,0.8,3.0,0
103523,1,6,6,0.16666666666666666,3.5,0
103545,1,10,10,0.3,5.5,0
103546,1,26,26,0.8846153846153846,13.5,1
103556,1,6,6,0.5,3.5,0
103566,1,3,3,0.6666666666666666,2.0,0
103589,1,6,6,0.5,3.5,0
103611,1,7,7,0.2857142857142857,4.0,0
103622,1,5,5,1.0,3.0,0
103634,1,45,45,0.7777777777777778,23.0,1
103635,1,2,2,1.0,1.5,0
103639,1,30,30,0.0,15.5,1
103642,1,5,5,0.8,3.0,0
103643,1,3,3,0.0,2.0,0
103647,1,2,2,1.0,1.5,0
103671,1,3,3,0.3333333333333333,2.0,0
103688,1,7,7,0.5714285714285714,4.0,0
103690,1,12,12,0.4166666666666667,6.5,0
103702,1,7,7,0.2857142857142857,4.0,0
103712,1,11,11,0.0,6.0,0
103716,1,14,14,0.5,7.5,0
103737,1,3,3,0.6666666666666666,2.0,0
103738,1,14,14,0.21428571428571427,7.5,0
103744,1,18,18,0.3888888888888889,9.5,1
103747,2,37,24,0.972972972972973,9.756756756756756,1
103763,1,11,11,0.6363636363636364,6.0,0
103769,1,12,12,0.08333333333333333,6.5,0
103771,1,10,10,0.3,5.5,0
103778,1,14,14,0.5714285714285714,7.5,0
103799,1,9,9,0.1111111111111111,5.0,0
103802,1,3,3,1.0,2.0,0
103805,1,9,9,0.3333333333333333,5.0,0
103831,1,3,3,0.0,2.0,0
103843,1,15,15,0.5333333333333333,8.0,1
103863,1,9,9,0.5555555555555556,5.0,0
103873,2,10,10,0.8,3.1,0
103879,1,2,2,1.0,1.5,0
103887,1,2,2,1.0,1.5,0
103889,1,9,9,0.3333333333333333,5.0,0
103908,1,22,22,0.0,11.5,1
103916,1,14,14,0.9285714285714286,7.5,0
103949,2,36,34,0.8611111111111112,11.75,1
103951,1,4,4,0.0,2.5,0
103966,1,5,5,1.0,3.0,0
103972,1,6,6,1.0,3.5,0
103976,1,3,3,1.0,2.0,0
103979,1,14,14,0.0,7.5,0
103983,1,13,13,0.23076923076923078,7.0,0
103994,1,7,7,1.0,4.0,0
104015,1,7,7,0.42857142857142855,4.0,0
104021,1,5,5,0.0,3.0,0
104042,1,7,7,0.8571428571428571,4.0,0
104052,1,15,15,0.26666666666666666,8.0,1
104059,1,1,1,1.0,1.0,0
104061,1,5,5,0.6,3.0,0
104088,1,13,13,0.3076923076923077,7.0,0
104111,1,23,23,0.6956521739130435,12.0,1
104115,1,10,10,0.6,5.5,0
104119,1,6,6,0.16666666666666666,3.5,0
104129,1,7,7,1.0,4.0,0
104130,1,6,6,1.0,3.5,0
104133,1,7,7,0.0,4.0,0
104141,1,11,11,0.5454545454545454,6.0,0
104170,1,9,9,0.3333333333333333,5.0,0
104184,1,21,21,0.8095238095238095,11.0,1
104186,1,4,4,1.0,2.5,0
104189,1,5,5,0.2,3.0,0
104204,1,4,4,0.75,2.5,0
104209,1,7,7,0.2857142857142857,4.0,0
104238,1,2,2,0.5,1.5,0
104242,2,23,21,0.782608695652174,6.782608695652174,1
104261,1,14,14,0.5714285714285714,7.5,0
104288,2,31,31,0.5483870967741935,8.258064516129032,1
104292,1,10,10,0.4,5.5,0
104295,1,17,17,0.6470588235294118,9.0,1
104307,1,3,3,1.0,2.0,0
104317,1,3,3,0.0,2.0,0
104320,1,9,9,0.8888888888888888,5.0,0
104344,1,6,6,0.0,3.5,0
104355,1,8,8,0.75,4.5,0
104363,1,5,5,0.4,3.0,0
104366,1,3,3,0.0,2.0,0
104373,1,23,23,0.0,12.0,1
104396,1,3,3,1.0,2.0,0
104398,1,26,26,0.5769230769230769,13.5,1
104439,1,7,7,0.14285714285714285,4.0,0
104441,2,23,22,0.5652173913043478,6.3478260869565215,1
104462,1,5,5,0.8,3.0,0
104463,1,12,12,0.9166666666666666,6.5,0
104472,1,6,6,0.3333333333333333,3.5,0
104480,1,7,7,0.0,4.0,0
104499,1,27,27,0.7037037037037037,14.0,1
104508,1,5,5,1.0,3.0,0
104530,1,7,7,0.7142857142857143,4.0,0
104550,1,5,5,0.6,3.0,0
104557,1,4,4,0.25,2.5,0
104572,1,13,13,0.38461538461538464,7.0,0
104596,1,4,4,0.75,2.5,0
104598,1,10,10,0.0,5.5,0
104601,2,26,23,0.7692307692307693,7.153846153846154,1
104608,1,23,23,0.8260869565217391,12.0,1
104640,1,14,14,0.5714285714285714,7.5,0
104644,1,3,3,0.0,2.0,0
104668,1,28,28,0.7142857142857143,14.5,1
104686,2,20,16,0.9,5.55,1
104688,1,6,6,0.5,3.5,0
104701,1,11,11,0.2727272727272727,6.0,0
104714,1,3,3,0.3333333333333333,2.0,0
104716,1,9,9,0.0,5.0,0
104720,1,4,4,0.75,2.5,0
104725,1,2,2,0.0,1.5,0
104737,1,5,5,1.0,3.0,0
104764,2,13,13,0.9230769230769231,5.3076923076923075,1
104773,1,10,10,1.0,5.5,0
104785,2,25,25,0.84,7.56,1
104812,1,1,1,0.0,1.0,0
104821,1,5,5,0.8,3.0,0
104823,1,9,9,0.2222222222222222,5.0,0
104834,1,8,8,0.75,4.5,0
104839,1,10,10,0.7,5.5,0
104844,1,15,15,0.9333333333333333,8.0,1
104853,2,28,24,1.0,8.071428571428571,1
104857,1,10,10,1.0,5.5,0
104879,1,7,7,0.8571428571428571,4.0,0
104903,1,12,12,0.08333333333333333,6.5,0
104910,1,3,3,1.0,2.0,0
104921,1,11,11,0.36363636363636365,6.0,0
104928,2,12,11,0.6666666666666666,3.5833333333333335,0
104932,1,14,14,0.5714285714285714,7.5,0
104979,1,6,6,0.6666666666666666,3.5,0
104997,1,8,8,0.5,4.5,0
105001,1,25,25,0.44,13.0,1
105002,1,6,6,0.6666666666666666,3.5,0
105005,1,27,27,0.8888888888888888,14.0,1
105010,1,12,12,0.16666666666666666,6.5,0
105011,1,10,10,0.3,5.5,0
105026,1,9,9,0.2222222222222222,5.0,0
105028,1,5,5,1.0,3.0,0
105089,1,8,8,0.875,4.5,0
105091,1,13,13,0.8461538461538461,7.0,0
105100,1,7,7,0.8571428571428571,4.0,0
105105,2,6,6,0.3333333333333333,2.1666666666666665,0
105120,1,23,23,0.0,12.0,1
105132,1,10,10,0.8,5.5,0
105133,1,2,2,1.0,1.5,0
105144,1,11,11,0.0,6.0,0
105171,1,10,10,1.0,5.5,0
105177,1,19,19,0.7368421052631579,10.0,1
105187,2,10,9,1.0,3.1,0
105190,2,10,10,0.3,3.4,0
105206,1,21,21,0.7619047619047619,11.0,1
105217,1,25,25,0.16,13.0,1
105218,1,5,5,1.0,3.0,0
105219,1,29,29,0.9310344827586207,15.0,1
105224,1,3,3,0.3333333333333333,2.0,0
105237,1,7,7,0.8571428571428571,4.0,0
105239,1,6,6,0.0,3.5,0
105263,1,2,2,0.5,1.5,0
105284,1,16,16,0.125,8.5,1
105299,2,8,7,0.625,2.5,0
105300,1,10,10,0.7,5.5,0
105319,2,10,10,0.2,3.9,0
105320,1,20,20,0.85,10.5,1
105330,1,3,3,1.0,2.0,0
105338,1,6,6,0.8333333333333334,3.5,0
105354,1,1,1,1.0,1.0,0
105356,1,5,5,0.6,3.0,0
105357,1,5,5,1.0,3.0,0
105375,1,8,8,1.0,4.5,0
105381,1,2,2,0.5,1.5,0
105422,2,19,17,0.9473684210526315,5.578947368421052,1
105428,1,11,11,0.36363636363636365,6.0,0
105431,2,14,14,0.6428571428571429,4.071428571428571,0
105434,1,1,1,0.0,1.0,0
105463,1,26,26,0.23076923076923078,13.5,1
105479,2,5,5,0.8,2.2,0
105480,1,10,10,0.9,5.5,0
105539,1,8,8,0.5,4.5,0
105550,1,11,11,0.18181818181818182,6.0,0
105555,1,7,7,0.0,4.0,0
105560,2,37,36,0.7027027027027027,9.91891891891892,1
105562,1,3,3,1.0,2.0,0
105579,1,5,5,1.0,3.0,0
105592,1,12,12,0.75,6.5,0
105599,1,14,14,0.5,7.5,0
105601,1,6,6,0.6666666666666666,3.5,0
105603,1,12,12,0.3333333333333333,6.5,0
105623,1,5,5,0.8,3.0,0
105670,1,4,4,1.0,2.5,0
105695,1,38,38,0.2894736842105263,19.5,1
105703,1,12,12,0.0,6.5,0
105719,1,6,6,0.3333333333333333,3.5,0
105739,1,7,7,0.5714285714285714,4.0,0
105746,1,13,13,0.5384615384615384,7.0,0
105755,1,4,4,0.0,2.5,0
105758,1,8,8,0.5,4.5,0
105762,1,6,6,0.16666666666666666,3.5,0
105768,1,3,3,0.6666666666666666,2.0,0
105773,1,28,28,0.5,14.5,1
105829,1,10,10,1.0,5.5,0
105881,1,8,8,0.75,4.5,0
105895,1,15,15,0.9333333333333333,8.0,1
105896,1,1,1,0.0,1.0,0
105913,1,4,4,1.0,2.5,0
105914,1,1,1,1.0,1.0,0
105916,1,11,11,0.6363636363636364,6.0,0
105928,1,4,4,1.0,2.5,0
105934,1,7,7,0.7142857142857143,4.0,0
105939,2,41,34,0.9024390243902439,11.78048780487805,1
105973,1,3,3,0.3333333333333333,2.0,0
105976,1,2,2,1.0,1.5,0
106000,1,7,7,0.8571428571428571,4.0,0
106004,1,21,21,0.9047619047619048,11.0,1
106008,1,2,2,0.0,1.5,0
106018,1,17,17,0.7647058823529411,9.0,1
106027,1,16,16,1.0,8.5,1
106032,1,20,20,1.0,10.5,1
106059,1,3,3,0.3333333333333333,2.0,0
106077,1,6,6,0.0,3.5,0
106081,1,16,16,0.5,8.5,1
106082,1,2,2,1.0,1.5,0
106084,1,13,13,0.0,7.0,0
106086,1,6,6,1.0,3.5,0
106092,1,10,10,0.3,5.5,0
106103,1,3,3,0.6666666666666666,2.0,0
106113,1,11,11,0.18181818181818182,6.0,0
106143,1,1,1,1.0,1.0,0
106155,1,2,2,1.0,1.5,0
106161,1,25,25,0.64,13.0,1
106187,1,3,3,1.0,2.0,0
106215,1,4,4,0.75,2.5,0
106248,1,8,8,0.0,4.5,0
106252,1,7,7,0.14285714285714285,4.0,0
106256,1,6,6,0.8333333333333334,3.5,0
106292,1,4,4,0.5,2.5,0
106305,1,2,2,1.0,1.5,0
106310,1,23,23,0.2608695652173913,12.0,1
106321,2,38,34,0.868421052631579,11.289473684210526,1
106330,2,11,7,0.9090909090909091,3.4545454545454546,0
106337,1,17,17,0.29411764705882354,9.0,1
106367,1,8,8,0.25,4.5,0
106387,1,16,16,0.0,8.5,1
106397,1,12,12,0.6666666666666666,6.5,0
106405,1,13,13,1.0,7.0,0
106424,1,1,1,0.0,1.0,0
106453,1,4,4,1.0,2.5,0
106481,1,5,5,0.8,3.0,0
106483,1,11,11,0.5454545454545454,6.0,0
106485,1,6,6,0.5,3.5,0
106493,1,21,21,0.0,11.0,1
106517,1,16,16,0.6875,8.5,1
106519,1,15,15,0.9333333333333333,8.0,1
106527,1,6,6,1.0,3.5,0
106542,1,11,11,0.36363636363636365,6.0,0
106543,1,23,23,0.5217391304347826,12.0,1
106578,1,5,5,0.8,3.0,0
106592,1,14,14,0.0,7.5,0
106607,1,2,2,0.5,1.5,0
106611,1,24,24,0.75,12.5,1
106614,1,2,2,1.0,1.5,0
106642,1,2,2,1.0,1.5,0
106647,1,12,12,0.4166666666666667,6.5,0
106651,1,5,5,0.4,3.0,0
106654,1,18,18,0.8333333333333334,9.5,1
106672,1,33,33,0.0,17.0,1
106713,1,1,1,1.0,1.0,0
106717,1,11,11,0.5454545454545454,6.0,0
106718,1,9,9,0.4444444444444444,5.0,0
106735,1,29,29,0.3448275862068966,15.0,1
106776,1,12,12,0.25,6.5,0
106789,1,2,2,1.0,1.5,0
106796,1,5,5,0.6,3.0,0
106826,2,24,19,1.0,6.541666666666667,1
106854,1,4,4,1.0,2.5,0
106876,1,6,6,0.3333333333333333,3.5,0
106879,1,24,24,0.75,12.5,1
106895,1,9,9,0.7777777777777778,5.0,0
106907,1,6,6,0.8333333333333334,3.5,0
106932,1,5,5,0.8,3.0,0
106934,1,3,3,1.0,2.0,0
106973,1,26,26,0.6153846153846154,13.5,1
106995,1,6,6,0.16666666666666666,3.5,0
107001,1,4,4,0.5,2.5,0
107007,1,9,9,0.3333333333333333,5.0,0
107019,1,3,3,1.0,2.0,0
107044,1,5,5,0.4,3.0,0
107066,1,18,18,0.8888888888888888,9.5,1
107068,1,8,8,1.0,4.5,0
107078,1,19,19,0.2631578947368421,10.0,1
107093,1,4,4,0.25,2.5,0
107098,1,3,3,0.6666666666666666,2.0,0
107144,1,18,18,0.8888888888888888,9.5,1
107145,1,7,7,0.42857142857142855,4.0,0
107149,1,4,4,0.5,2.5,0
107152,1,8,8,0.625,4.5,0
107159,1,17,17,1.0,9.0,1
107160,1,4,4,0.5,2.5,0
107170,1,19,19,1.0,10.0,1
107179,1,8,8,0.75,4.5,0
107182,1,12,12,0.4166666666666667,6.5,0
107242,1,3,3,0.3333333333333333,2.0,0
107244,1,1,1,1.0,1.0,0
107247,1,11,11,0.5454545454545454,6.0,0
107254,2,8,7,1.0,2.625,0
107295,1,13,13,0.6923076923076923,7.0,0
107327,2,19,18,0.8947368421052632,5.578947368421052,1
107330,1,8,8,0.0,4.5,0
107333,1,14,14,0.8571428571428571,7.5,0
107360,1,13,13,0.6153846153846154,7.0,0
107362,1,11,11,0.6363636363636364,6.0,0
107376,1,18,18,0.8333333333333334,9.5,1
107379,1,3,3,0.6666666666666666,2.0,0
107384,1,11,11,1.0,6.0,0
107398,1,8,8,0.625,4.5,0
107430,1,2,2,1.0,1.5,0
107436,1,2,2,1.0,1.5,0
107447,1,13,13,1.0,7.0,0
107455,1,8,8,0.25,4.5,0
107475,1,8,8,0.875,4.5,0
107494,1,7,7,0.8571428571428571,4.0,0
107510,1,2,2,1.0,1.5,0
107523,1,7,7,0.7142857142857143,4.0,0
107541,1,3,3,1.0,2.0,0
107569,1,4,4,0.5,2.5,0
107575,1,1,1,1.0,1.0,0
107583,2,20,17,0.55,5.95,1
107585,1,9,9,0.7777777777777778,5.0,0
107592,1,49,49,0.7346938775510204,25.0,1
107593,1,12,12,0.6666666666666666,6.5,0
107607,1,11,11,1.0,6.0,0
107620,1,7,7,0.5714285714285714,4.0,0
107632,1,19,19,0.47368421052631576,10.0,1
107645,1,7,7,0.5714285714285714,4.0,0
107659,1,10,10,0.5,5.5,0
107660,1,28,28,0.8571428571428571,14.5,1
107686,1,2,2,0.0,1.5,0
107724,1,13,13,0.38461538461538464,7.0,0
107732,1,3,3,0.3333333333333333,2.0,0
107733,1,3,3,0.3333333333333333,2.0,0
107744,1,6,6,0.0,3.5,0
107763,1,2,2,1.0,1.5,0
107783,1,10,10,0.4,5.5,0
107808,1,5,5,0.4,3.0,0
107809,1,3,3,1.0,2.0,0
107813,1,13,13,0.15384615384615385,7.0,0
107814,1,17,17,1.0,9.0,1
107820,2,10,9,0.9,3.1,0
107843,1,6,6,0.0,3.5,0
107844,1,9,9,0.4444444444444444,5.0,0
107882,1,22,22,0.9545454545454546,11.5,1
107885,1,19,19,0.0,10.0,1
107888,1,12,12,0.5,6.5,0
107897,1,5,5,0.6,3.0,0
107922,1,7,7,0.2857142857142857,4.0,0
107926,1,5,5,1.0,3.0,0
107932,1,1,1,0.0,1.0,0
107935,1,11,11,0.18181818181818182,6.0,0
107936,1,2,2,1.0,1.5,0
107937,1,10,10,0.2,5.5,0
107955,1,9,9,0.8888888888888888,5.0,0
107957,1,14,14,0.5,7.5,0
107981,1,3,3,0.6666666666666666,2.0,0
107983,1,16,16,0.6875,8.5,1
107996,1,7,7,0.14285714285714285,4.0,0
108032,2,29,25,0.6896551724137931,9.689655172413794,1
108047,2,12,12,0.8333333333333334,4.833333333333333,0
108069,1,12,12,0.0,6.5,0
108087,1,9,9,1.0,5.0,0
108092,1,4,4,0.0,2.5,0
108097,1,9,9,0.0,5.0,0
108098,1,17,17,0.7647058823529411,9.0,1
108104,1,5,5,1.0,3.0,0
108105,1,4,4,1.0,2.5,0
108153,1,57,57,0.03508771929824561,29.0,1
108163,1,6,6,0.3333333333333333,3.5,0
108185,1,7,7,0.2857142857142857,4.0,0
108188,1,11,11,0.8181818181818182,6.0,0
108191,2,6,5,0.16666666666666666,2.0,0
108192,1,23,23,0.9130434782608695,12.0,1
108195,1,38,38,0.2894736842105263,19.5,1
108198,1,12,12,0.16666666666666666,6.5,0
108199,1,10,10,0.5,5.5,0
108207,1,23,23,0.7391304347826086,12.0,1
108211,1,11,11,0.5454545454545454,6.0,0
108217,1,1,1,1.0,1.0,0
108228,1,9,9,0.0,5.0,0
108238,2,38,36,0.05263157894736842,11.68421052631579,1
108249,1,8,8,1.0,4.5,0
108273,2,20,18,0.6,7.3,1
108275,1,4,4,0.0,2.5,0
108309,1,2,2,0.0,1.5,0
108321,1,5,5,0.4,3.0,0
108327,1,14,14,0.7857142857142857,7.5,0
108338,1,20,20,0.25,10.5,1
108346,1,27,27,0.6666666666666666,14.0,1
108347,1,10,10,0.9,5.5,0
108351,1,6,6,0.8333333333333334,3.5,0
108369,1,16,16,0.6875,8.5,1
108370,1,1,1,0.0,1.0,0
108389,2,11,10,0.2727272727272727,3.272727272727273,0
108396,1,3,3,0.6666666666666666,2.0,0
108401,2,25,25,0.92,9.64,1
108456,1,3,3,1.0,2.0,0
108457,1,23,23,0.9130434782608695,12.0,1
108467,1,1,1,1.0,1.0,0
108477,1,12,12,0.25,6.5,0
108494,1,14,14,0.5,7.5,0
108495,2,22,21,0.9545454545454546,6.7272727272727275,1
108498,1,8,8,0.625,4.5,0
108505,1,15,15,0.7333333333333333,8.0,1
108532,1,26,26,0.15384615384615385,13.5,1
108537,2,4,4,0.5,1.5,0
108539,2,26,23,0.8076923076923077,7.346153846153846,1
108572,1,2,2,0.5,1.5,0
108574,1,1,1,0.0,1.0,0
108577,1,2,2,1.0,1.5,0
108578,1,3,3,0.0,2.0,0
108597,1,46,46,0.2608695652173913,23.5,1
108612,1,4,4,0.5,2.5,0
108615,1,15,15,0.0,8.0,1
108635,1,12,12,0.5833333333333334,6.5,0
108651,1,19,19,0.5789473684210527,10.0,1
108656,1,6,6,0.5,3.5,0
108660,1,3,3,0.0,2.0,0
108665,1,8,8,0.25,4.5,0
108666,1,9,9,0.7777777777777778,5.0,0
108681,1,8,8,0.75,4.5,0
108710,1,14,14,0.5,7.5,0
108717,1,20,20,0.7,10.5,1
108726,2,17,15,0.8823529411764706,5.470588235294118,1
108740,1,33,33,0.30303030303030304,17.0,1
108747,2,15,14,0.6,4.266666666666667,1
108768,1,7,7,0.5714285714285714,4.0,0
108771,2,3,3,0.3333333333333333,1.3333333333333333,0
108776,1,10,10,0.9,5.5,0
108777,1,8,8,0.5,4.5,0
108779,1,1,1,0.0,1.0,0
108790,1,20,20,1.0,10.5,1
108794,1,5,5,0.4,3.0,0
108796,1,13,13,0.46153846153846156,7.0,0
108805,1,19,19,0.0,10.0,1
108814,1,3,3,0.6666666666666666,2.0,0
108819,1,14,14,0.9285714285714286,7.5,0
108827,1,33,33,0.21212121212121213,17.0,1
108832,2,12,12,0.3333333333333333,4.25,0
108839,1,8,8,0.25,4.5,0
108845,1,9,9,0.7777777777777778,5.0,0
108851,1,4,4,1.0,2.5,0
108854,1,18,18,0.5555555555555556,9.5,1
108880,1,3,3,0.3333333333333333,2.0,0
108891,1,7,7,0.8571428571428571,4.0,0
108919,1,10,10,1.0,5.5,0
108932,1,15,15,0.5333333333333333,8.0,1
108935,1,15,15,0.8,8.0,1
108940,1,5,5,0.6,3.0,0
108947,1,4,4,0.25,2.5,0
108988,1,4,4,0.0,2.5,0
109003,1,9,9,0.6666666666666666,5.0,0
109048,1,2,2,0.5,1.5,0
109050,1,14,14,0.5714285714285714,7.5,0
109052,1,10,10,0.3,5.5,0
109056,1,22,22,0.5909090909090909,11.5,1
109082,1,7,7,0.14285714285714285,4.0,0
109095,1,21,21,0.2857142857142857,11.0,1
109120,1,13,13,0.3076923076923077,7.0,0
109137,1,17,17,0.8235294117647058,9.0,1
109151,2,20,20,0.95,5.95,1
109161,1,2,2,0.5,1.5,0
109170,1,4,4,0.5,2.5,0
109171,1,1,1,1.0,1.0,0
109175,1,4,4,0.0,2.5,0
109177,1,3,3,0.3333333333333333,2.0,0
109180,1,6,6,0.0,3.5,0
109189,1,3,3,0.0,2.0,0
109201,1,6,6,0.3333333333333333,3.5,0
109214,1,14,14,0.5714285714285714,7.5,0
109224,1,14,14,0.9285714285714286,7.5,0
109247,1,10,10,0.2,5.5,0
109259,1,8,8,0.0,4.5,0
109260,1,3,3,1.0,2.0,0
109268,1,5,5,0.8,3.0,0
109275,1,10,10,0.0,5.5,0
109289,1,1,1,1.0,1.0,0
109320,1,8,8,0.25,4.5,0
109343,1,6,6,0.16666666666666666,3.5,0
109349,1,14,14,0.7857142857142857,7.5,0
109393,2,26,23,0.7692307692307693,7.038461538461538,1
109406,1,8,8,0.0,4.5,0
109411,1,20,20,0.1,10.5,1
109434,2,6,6,0.8333333333333334,2.1666666666666665,0
109463,1,13,13,0.6153846153846154,7.0,0
109472,1,2,2,0.0,1.5,0
109489,1,8,8,0.875,4.5,0
109522,1,19,19,0.3684210526315789,10.0,1
109531,1,7,7,0.8571428571428571,4.0,0
109534,1,17,17,0.8235294117647058,9.0,1
109537,1,11,11,0.36363636363636365,6.0,0
109546,1,13,13,0.0,7.0,0
109550,1,14,14,0.7142857142857143,7.5,0
109560,1,21,21,0.0,11.0,1
109562,1,14,14,0.5,7.5,0
109567,1,1,1,0.0,1.0,0
109572,1,6,6,0.6666666666666666,3.5,0
109592,1,21,21,0.0,11.0,1
109602,1,3,3,1.0,2.0,0
109627,1,5,5,0.6,3.0,0
109631,1,17,17,0.4117647058823529,9.0,1
109634,1,28,28,0.0,14.5,1
109638,2,4,3,0.5,1.75,0
109658,1,6,6,0.8333333333333334,3.5,0
109669,1,6,6,0.3333333333333333,3.5,0
109673,1,9,9,1.0,5.0,0
109681,1,14,14,0.9285714285714286,7.5,0
109689,3,18,16,0.5,4.222222222222222,1
109697,1,5,5,0.8,3.0,0
109700,1,19,19,0.0,10.0,1
109712,1,9,9,0.7777777777777778,5.0,0
109773,1,15,15,0.6,8.0,1
109807,1,5,5,0.0,3.0,0
109809,1,8,8,0.75,4.5,0
109811,1,7,7,0.14285714285714285,4.0,0
109812,2,8,8,0.875,3.625,0
109817,1,3,3,0.0,2.0,0
109839,1,19,19,1.0,10.0,1
109846,2,16,13,0.875,4.5,1
109851,1,2,2,0.5,1.5,0
109873,1,5,5,0.0,3.0,0
109882,1,12,12,0.4166666666666667,6.5,0
109899,2,6,4,1.0,2.0,0
109903,1,3,3,1.0,2.0,0
109904,2,16,13,0.9375,5.5,1
109905,1,11,11,0.0,6.0,0
109906,1,15,15,0.6666666666666666,8.0,1
109917,1,15,15,0.5333333333333333,8.0,1
109926,1,21,21,0.0,11.0,1
109935,1,10,10,0.9,5.5,0
109942,1,21,21,0.0,11.0,1
109948,1,17,17,0.47058823529411764,9.0,1
109955,1,8,8,1.0,4.5,0
109967,1,3,3,1.0,2.0,0
109969,1,30,30,0.7333333333333333,15.5,1
109979,1,4,4,0.75,2.5,0
109980,1,20,20,0.75,10.5,1
110001,1,14,14,0.7857142857142857,7.5,0
110012,1,9,9,0.8888888888888888,5.0,0
110023,1,1,1,0.0,1.0,0
110024,2,31,30,0.3870967741935484,8.451612903225806,1
110033,1,12,12,0.3333333333333333,6.5,0
110040,1,7,7,0.42857142857142855,4.0,0
110045,1,6,6,0.3333333333333333,3.5,0
110049,1,15,15,0.8666666666666667,8.0,1
110052,1,24,24,0.2916666666666667,12.5,1
110056,1,2,2,1.0,1.5,0
110064,1,11,11,1.0,6.0,0
110073,2,14,11,0.35714285714285715,4.071428571428571,0
110085,1,12,12,0.5833333333333334,6.5,0
110101,1,2,2,1.0,1.5,0
110120,1,1,1,1.0,1.0,0
110128,2,21,16,0.9523809523809523,5.761904761904762,1
110141,1,4,4,0.75,2.5,0
110146,1,19,19,0.2631578947368421,10.0,1
110197,3,73,50,0.8767123287671232,14.10958904109589,1
110198,1,3,3,0.0,2.0,0
110205,1,4,4,0.5,2.5,0
110254,1,20,20,0.95,10.5,1
110263,1,14,14,0.35714285714285715,7.5,0
110265,1,10,10,0.8,5.5,0
110267,1,2,2,0.0,1.5,0
110273,1,8,8,0.625,4.5,0
110282,1,9,9,0.0,5.0,0
110287,1,10,10,0.0,5.5,0
110354,1,6,6,1.0,3.5,0
110356,1,17,17,0.058823529411764705,9.0,1
110363,2,11,10,0.8181818181818182,3.4545454545454546,0
110374,1,28,28,0.5,14.5,1
110390,1,9,9,0.8888888888888888,5.0,0
110430,1,16,16,0.3125,8.5,1
110436,1,12,12,0.4166666666666667,6.5,0
110442,1,7,7,1.0,4.0,0
110448,1,1,1,0.0,1.0,0
110449,1,7,7,0.14285714285714285,4.0,0
110467,1,19,19,0.6842105263157895,10.0,1
110469,1,15,15,0.4666666666666667,8.0,1
110472,1,4,4,0.5,2.5,0
110483,1,30,30,0.5333333333333333,15.5,1
110487,1,7,7,0.5714285714285714,4.0,0
110488,1,2,2,0.0,1.5,0
110505,1,10,10,0.7,5.5,0
110513,1,9,9,0.1111111111111111,5.0,0
110514,1,12,12,0.6666666666666666,6.5,0
110522,1,10,10,0.6,5.5,0
110528,1,9,9,0.5555555555555556,5.0,0
110533,1,7,7,0.0,4.0,0
110558,1,5,5,0.6,3.0,0
110568,2,29,21,0.9310344827586207,7.827586206896552,1
110571,1,9,9,0.0,5.0,0
110596,1,12,12,1.0,6.5,0
110608,1,14,14,0.7857142857142857,7.5,0
110615,1,10,10,0.4,5.5,0
110626,1,10,10,0.5,5.5,0
110647,2,17,15,0.4117647058823529,4.764705882352941,1
110673,1,11,11,0.8181818181818182,6.0,0
110683,1,17,17,0.5294117647058824,9.0,1
110684,1,8,8,1.0,4.5,0
110694,1,6,6,1.0,3.5,0
110698,1,8,8,1.0,4.5,0
110705,1,8,8,1.0,4.5,0
110708,1,5,5,0.0,3.0,0
110719,1,5,5,0.8,3.0,0
110722,1,8,8,0.75,4.5,0
110727,1,4,4,1.0,2.5,0
110737,1,10,10,0.0,5.5,0
110754,1,5,5,0.4,3.0,0
110755,1,1,1,1.0,1.0,0
110758,1,16,16,0.25,8.5,1
110779,1,11,11,0.7272727272727273,6.0,0
110802,1,9,9,0.1111111111111111,5.0,0
110808,1,22,22,0.7727272727272727,11.5,1
110835,1,17,17,0.6470588235294118,9.0,1
110844,1,25,25,0.8,13.0,1
110853,1,9,9,0.5555555555555556,5.0,0
110856,1,2,2,1.0,1.5,0
110975,1,9,9,0.8888888888888888,5.0,0
110980,2,33,33,0.3939393939393939,10.93939393939394,1
110982,1,17,17,0.47058823529411764,9.0,1
110984,1,5,5,0.0,3.0,0
110986,1,3,3,1.0,2.0,0
110991,1,20,20,0.5,10.5,1
110992,1,5,5,0.0,3.0,0
110995,1,38,38,0.23684210526315788,19.5,1
111005,1,1,1,1.0,1.0,0
111043,1,10,10,0.3,5.5,0
111046,1,13,13,0.6153846153846154,7.0,0
111062,1,13,13,0.23076923076923078,7.0,0
111069,1,4,4,0.0,2.5,0
111072,1,2,2,1.0,1.5,0
111081,2,9,8,0.3333333333333333,3.0,0
111083,1,23,23,0.0,12.0,1
111112,1,9,9,0.0,5.0,0
111114,1,11,11,0.2727272727272727,6.0,0
111122,1,1,1,0.0,1.0,0
111128,1,37,37,0.8108108108108109,19.0,1
111134,2,19,11,0.9473684210526315,5.2631578947368425,1
111136,1,1,1,1.0,1.0,0
111138,1,17,17,0.6470588235294118,9.0,1
111139,1,10,10,0.1,5.5,0
111149,1,15,15,0.6666666666666666,8.0,1
111164,1,1,1,0.0,1.0,0
111177,1,28,28,0.10714285714285714,14.5,1
111195,1,15,15,0.7333333333333333,8.0,1
111196,1,19,19,0.631578947368421,10.0,1
111212,2,4,4,1.0,1.75,0
111218,1,27,27,0.7037037037037037,14.0,1
111261,1,3,3,0.0,2.0,0
111274,1,5,5,0.4,3.0,0
111299,1,17,17,1.0,9.0,1
111308,1,4,4,0.5,2.5,0
111315,1,1,1,1.0,1.0,0
111317,1,10,10,0.6,5.5,0
111322,1,25,25,0.8,13.0,1
111327,1,15,15,0.8666666666666667,8.0,1
111344,1,14,14,0.0,7.5,0
111357,1,4,4,1.0,2.5,0
111365,2,3,2,1.0,1.3333333333333333,0
111372,1,13,13,0.6923076923076923,7.0,0
111381,1,12,12,1.0,6.5,0
111385,1,11,11,0.9090909090909091,6.0,0
111396,1,3,3,1.0,2.0,0
111410,1,3,3,1.0,2.0,0
111438,1,8,8,0.5,4.5,0
111451,4,66,53,0.8787878787878788,11.06060606060606,1
111467,1,3,3,1.0,2.0,0
111475,1,5,5,0.6,3.0,0
111488,1,16,16,0.875,8.5,1
111490,1,16,16,0.6875,8.5,1
111493,1,5,5,0.4,3.0,0
111494,1,13,13,1.0,7.0,0
111550,2,19,16,0.8947368421052632,5.2631578947368425,1
111555,1,5,5,1.0,3.0,0
111557,2,14,13,0.42857142857142855,4.0,0
111577,1,2,2,0.5,1.5,0
111608,2,11,10,0.9090909090909091,3.272727272727273,0
111612,1,7,7,0.42857142857142855,4.0,0
111619,1,21,21,0.7619047619047619,11.0,1
111623,2,23,21,0.8695652173913043,7.565217391304348,1
111639,1,3,3,0.3333333333333333,2.0,0
111642,1,6,6,0.3333333333333333,3.5,0
111651,2,10,10,0.5,3.0,0
111664,2,12,10,1.0,3.8333333333333335,0
111666,1,12,12,0.0,6.5,0
111667,1,1,1,0.0,1.0,0
111675,1,4,4,1.0,2.5,0
111683,1,11,11,0.5454545454545454,6.0,0
111687,1,7,7,1.0,4.0,0
111717,1,18,18,0.6111111111111112,9.5,1
111726,1,6,6,1.0,3.5,0
111743,1,4,4,0.75,2.5,0
111744,1,12,12,0.5833333333333334,6.5,0
111768,1,1,1,0.0,1.0,0
111773,1,17,17,0.47058823529411764,9.0,1
111782,1,13,13,0.7692307692307693,7.0,0
111786,1,7,7,0.0,4.0,0
111802,1,9,9,1.0,5.0,0
111814,2,9,9,1.0,3.4444444444444446,0
111815,1,6,6,0.3333333333333333,3.5,0
111816,1,10,10,0.5,5.5,0
111817,1,3,3,1.0,2.0,0
111853,1,15,15,0.6,8.0,1
111879,1,10,10,0.0,5.5,0
111880,1,12,12,0.0,6.5,0
111921,1,11,11,1.0,6.0,0
111922,1,2,2,1.0,1.5,0
111926,1,9,9,1.0,5.0,0
111936,1,7,7,0.7142857142857143,4.0,0
111941,1,7,7,0.5714285714285714,4.0,0
111943,1,3,3,0.6666666666666666,2.0,0
111982,2,5,5,1.0,1.8,0
111984,1,41,41,0.0,21.0,1
111987,1,5,5,1.0,3.0,0
112000,1,6,6,0.16666666666666666,3.5,0
112005,1,3,3,1.0,2.0,0
112006,1,4,4,1.0,2.5,0
112026,3,32,26,0.90625,5.90625,1
112030,1,2,2,1.0,1.5,0
112043,1,11,11,0.45454545454545453,6.0,0
112092,2,25,19,0.64,7.24,1
112102,1,24,24,0.75,12.5,1
112105,1,9,9,0.2222222222222222,5.0,0
112111,1,21,21,0.6190476190476191,11.0,1
112121,1,1,1,0.0,1.0,0
112125,1,3,3,0.6666666666666666,2.0,0
112144,1,5,5,0.8,3.0,0
112172,1,15,15,0.13333333333333333,8.0,1
112179,1,23,23,0.30434782608695654,12.0,1
112181,1,16,16,0.0,8.5,1
112229,2,11,11,0.45454545454545453,3.272727272727273,0
112235,1,8,8,0.5,4.5,0
112261,1,2,2,1.0,1.5,0
112270,1,1,1,0.0,1.0,0
112272,1,3,3,1.0,2.0,0
112278,2,16,14,0.25,4.75,1
112280,1,12,12,0.5,6.5,0
112298,2,27,25,0.6296296296296297,8.0,1
112305,1,5,5,0.4,3.0,0
112319,1,6,6,1.0,3.5,0
112325,2,18,18,0.3888888888888889,5.055555555555555,1
112327,1,5,5,0.8,3.0,0
112335,1,6,6,0.6666666666666666,3.5,0
112336,2,15,15,0.0,4.4,1
112345,1,3,3,1.0,2.0,0
112365,1,7,7,0.8571428571428571,4.0,0
112392,1,1,1,1.0,1.0,0
112400,1,15,15,0.13333333333333333,8.0,1
112429,1,14,14,0.9285714285714286,7.5,0
112437,2,16,14,0.6875,6.75,1
112446,1,4,4,0.0,2.5,0
112450,1,12,12,0.75,6.5,0
112463,1,6,6,0.3333333333333333,3.5,0
112501,1,3,3,1.0,2.0,0
112524,1,9,9,0.7777777777777778,5.0,0
112526,2,11,11,0.45454545454545453,3.4545454545454546,0
112535,1,11,11,0.8181818181818182,6.0,0
112551,1,8,8,0.625,4.5,0
112553,1,41,41,0.4878048780487805,21.0,1
112554,1,8,8,1.0,4.5,0
112555,1,9,9,0.8888888888888888,5.0,0
112557,1,11,11,0.0,6.0,0
112580,1,4,4,1.0,2.5,0
112588,1,19,19,0.21052631578947367,10.0,1
112601,1,2,2,0.0,1.5,0
112604,1,9,9,0.4444444444444444,5.0,0
112606,2,76,58,0.6710526315789473,20.144736842105264,1
112609,1,18,18,0.5555555555555556,9.5,1
112623,1,11,11,0.8181818181818182,6.0,0
112648,1,5,5,0.6,3.0,0
112678,1,2,2,0.5,1.5,0
112685,1,9,9,0.8888888888888888,5.0,0
112686,2,5,5,0.6,1.8,0
112708,1,1,1,0.0,1.0,0
112717,1,4,4,0.75,2.5,0
112723,1,9,9,0.4444444444444444,5.0,0
112733,1,3,3,0.6666666666666666,2.0,0
112743,1,12,12,0.0,6.5,0
112763,1,12,12,0.25,6.5,0
112778,1,8,8,0.125,4.5,0
112795,1,1,1,0.0,1.0,0
112802,1,5,5,0.4,3.0,0
112817,1,7,7,0.5714285714285714,4.0,0
112821,2,22,18,0.5454545454545454,6.409090909090909,1
112830,1,29,29,0.6206896551724138,15.0,1
112844,1,20,20,0.45,10.5,1
112847,1,4,4,0.5,2.5,0
112867,1,8,8,0.875,4.5,0
112880,1,7,7,0.42857142857142855,4.0,0
112897,1,13,13,0.38461538461538464,7.0,0
112898,1,18,18,0.16666666666666666,9.5,1
112915,1,7,7,0.7142857142857143,4.0,0
112922,1,2,2,1.0,1.5,0
112934,1,8,8,0.625,4.5,0
112937,1,5,5,1.0,3.0,0
112950,1,14,14,0.5,7.5,0
112965,1,5,5,1.0,3.0,0
112968,2,26,22,0.9230769230769231,7.038461538461538,1
113003,1,1,1,1.0,1.0,0
113022,1,7,7,0.7142857142857143,4.0,0
113025,1,4,4,1.0,2.5,0
113032,1,7,7,0.5714285714285714,4.0,0
113040,1,1,1,1.0,1.0,0
113066,1,5,5,1.0,3.0,0
113078,1,5,5,0.6,3.0,0
113090,2,20,18,0.95,8.7,1
113097,1,10,10,0.8,5.5,0
113121,1,29,29,0.896551724137931,15.0,1
113129,1,8,8,0.875,4.5,0
113156,1,7,7,0.8571428571428571,4.0,0
113167,1,17,17,0.7058823529411765,9.0,1
113168,2,13,11,0.3076923076923077,4.230769230769231,0
113169,1,14,14,0.0,7.5,0
113202,1,6,6,0.3333333333333333,3.5,0
113217,1,6,6,0.16666666666666666,3.5,0
113225,1,2,2,1.0,1.5,0
113235,1,13,13,0.9230769230769231,7.0,0
113236,1,24,24,0.5833333333333334,12.5,1
113253,1,5,5,0.6,3.0,0
113273,1,21,21,0.8095238095238095,11.0,1
113281,1,7,7,1.0,4.0,0
113308,1,14,14,0.6428571428571429,7.5,0
113312,1,36,36,0.0,18.5,1
113323,1,24,24,0.7083333333333334,12.5,1
113327,2,60,57,0.23333333333333334,16.1,1
113328,1,20,20,0.2,10.5,1
113329,1,7,7,0.8571428571428571,4.0,0
113338,1,7,7,0.14285714285714285,4.0,0
113344,1,21,21,0.38095238095238093,11.0,1
113353,1,8,8,0.25,4.5,0
113369,1,15,15,0.4,8.0,1
113372,1,15,15,0.13333333333333333,8.0,1
113384,1,5,5,0.8,3.0,0
113392,1,5,5,0.8,3.0,0
113397,1,2,2,0.5,1.5,0
113413,1,5,5,0.2,3.0,0
113432,1,4,4,0.75,2.5,0
113433,1,7,7,0.5714285714285714,4.0,0
113443,1,7,7,0.8571428571428571,4.0,0
113447,1,1,1,0.0,1.0,0
113449,1,4,4,0.75,2.5,0
113451,1,9,9,0.0,5.0,0
113458,1,1,1,0.0,1.0,0
113468,1,4,4,0.25,2.5,0
113517,1,11,11,0.9090909090909091,6.0,0
113526,1,20,20,0.35,10.5,1
113559,1,2,2,1.0,1.5,0
113564,1,12,12,0.0,6.5,0
113565,1,21,21,0.38095238095238093,11.0,1
113579,1,8,8,0.0,4.5,0
113585,1,12,12,0.4166666666666667,6.5,0
113588,2,28,28,0.42857142857142855,9.785714285714286,1
113602,1,19,19,0.47368421052631576,10.0,1
113618,1,9,9,0.8888888888888888,5.0,0
113643,1,17,17,0.5294117647058824,9.0,1
113650,1,11,11,0.2727272727272727,6.0,0
113651,1,4,4,0.5,2.5,0
113656,1,6,6,0.8333333333333334,3.5,0
113664,1,9,9,0.5555555555555556,5.0,0
113670,1,14,14,0.2857142857142857,7.5,0
113673,1,9,9,0.5555555555555556,5.0,0
113677,1,18,18,0.9444444444444444,9.5,1
113690,1,7,7,0.42857142857142855,4.0,0
113703,1,5,5,0.8,3.0,0
113706,1,9,9,0.7777777777777778,5.0,0
113732,1,7,7,0.2857142857142857,4.0,0
113742,1,10,10,0.2,5.5,0
113748,1,8,8,0.5,4.5,0
113749,1,6,6,0.0,3.5,0
113757,1,14,14,0.35714285714285715,7.5,0
113760,2,18,17,0.5555555555555556,5.888888888888889,1
113762,3,33,33,0.12121212121212122,8.545454545454545,1
113774,1,19,19,0.0,10.0,1
113790,1,1,1,1.0,1.0,0
113791,1,5,5,0.0,3.0,0
113793,1,3,3,1.0,2.0,0
113798,1,4,4,0.5,2.5,0
113801,1,6,6,0.6666666666666666,3.5,0
113804,1,13,13,0.23076923076923078,7.0,0
113806,1,3,3,0.0,2.0,0
113831,2,27,23,0.7037037037037037,7.2592592592592595,1
113871,1,17,17,0.7058823529411765,9.0,1
113886,1,18,18,0.8888888888888888,9.5,1
113887,1,7,7,0.5714285714285714,4.0,0
113888,2,7,6,1.0,2.2857142857142856,0
113897,1,7,7,0.7142857142857143,4.0,0
113906,1,14,14,0.21428571428571427,7.5,0
113911,1,9,9,0.4444444444444444,5.0,0
113914,1,16,16,0.8125,8.5,1
113928,1,16,16,0.1875,8.5,1
113937,1,7,7,1.0,4.0,0
113946,1,7,7,0.7142857142857143,4.0,0
113953,1,13,13,0.5384615384615384,7.0,0
113978,1,6,6,0.3333333333333333,3.5,0
113982,1,3,3,0.0,2.0,0
113987,1,6,6,0.0,3.5,0
113992,1,12,12,0.5,6.5,0
113995,1,2,2,1.0,1.5,0
114001,1,13,13,0.6923076923076923,7.0,0
114006,1,3,3,1.0,2.0,0
114009,1,10,10,0.0,5.5,0
114026,2,21,20,0.9523809523809523,9.19047619047619,1
114036,1,7,7,1.0,4.0,0
114041,1,13,13,0.9230769230769231,7.0,0
114048,1,7,7,1.0,4.0,0
114084,1,5,5,0.8,3.0,0
114097,1,9,9,0.7777777777777778,5.0,0
114119,1,25,25,0.48,13.0,1
114133,1,5,5,1.0,3.0,0
114134,1,12,12,1.0,6.5,0
114143,1,21,21,0.9523809523809523,11.0,1
114172,1,11,11,0.18181818181818182,6.0,0
114182,1,8,8,0.75,4.5,0
114191,1,8,8,1.0,4.5,0
114193,1,3,3,0.6666666666666666,2.0,0
114204,1,9,9,0.2222222222222222,5.0,0
114205,1,14,14,0.8571428571428571,7.5,0
114223,1,22,22,0.5,11.5,1
114261,1,11,11,0.6363636363636364,6.0,0
114268,1,15,15,0.3333333333333333,8.0,1
114294,1,4,4,1.0,2.5,0
114300,1,27,27,0.8518518518518519,14.0,1
114308,1,3,3,0.0,2.0,0
114316,1,4,4,0.75,2.5,0
114326,1,16,16,0.4375,8.5,1
114334,1,6,6,0.5,3.5,0
114346,1,3,3,0.6666666666666666,2.0,0
114370,1,22,22,0.9090909090909091,11.5,1
114377,1,1,1,1.0,1.0,0
114385,1,11,11,0.6363636363636364,6.0,0
114413,1,3,3,0.6666666666666666,2.0,0
114439,2,8,7,0.875,3.625,0
114449,1,4,4,1.0,2.5,0
114452,1,4,4,0.25,2.5,0
114455,1,2,2,1.0,1.5,0
114457,1,16,16,0.875,8.5,1
114461,1,3,3,1.0,2.0,0
114475,1,2,2,1.0,1.5,0
114479,1,15,15,0.4666666666666667,8.0,1
114486,1,8,8,0.0,4.5,0
114493,1,3,3,1.0,2.0,0
114503,1,7,7,0.7142857142857143,4.0,0
114527,1,10,10,0.1,5.5,0
114532,3,15,11,1.0,3.0,1
114551,1,18,18,0.1111111111111111,9.5,1
114556,1,6,6,0.8333333333333334,3.5,0
114563,1,11,11,0.6363636363636364,6.0,0
114575,1,13,13,1.0,7.0,0
114576,2,21,20,0.9047619047619048,6.333333333333333,1
114597,1,24,24,0.375,12.5,1
114602,1,4,4,0.0,2.5,0
114605,1,16,16,0.0625,8.5,1
114619,1,9,9,0.1111111111111111,5.0,0
114627,1,13,13,0.3076923076923077,7.0,0
114634,1,5,5,1.0,3.0,0
114641,1,1,1,1.0,1.0,0
114662,1,2,2,0.5,1.5,0
114666,1,14,14,0.7857142857142857,7.5,0
114685,1,15,15,0.5333333333333333,8.0,1
114695,1,5,5,0.6,3.0,0
114701,3,39,35,0.7948717948717948,7.102564102564102,1
114708,1,6,6,0.8333333333333334,3.5,0
114709,1,5,5,0.6,3.0,0
114711,2,19,18,0.631578947368421,6.315789473684211,1
114747,1,2,2,1.0,1.5,0
114754,1,8,8,0.75,4.5,0
114764,1,3,3,1.0,2.0,0
114776,2,35,27,0.8857142857142857,9.314285714285715,1
114787,1,6,6,0.5,3.5,0
114801,1,11,11,0.6363636363636364,6.0,0
114804,1,7,7,1.0,4.0,0
114817,1,14,14,0.7142857142857143,7.5,0
114821,1,2,2,0.5,1.5,0
114835,2,8,7,0.75,3.0,0
114844,1,15,15,0.8,8.0,1
114846,1,13,13,0.9230769230769231,7.0,0
114856,1,11,11,0.0,6.0,0
114874,1,16,16,0.875,8.5,1
114881,1,7,7,0.2857142857142857,4.0,0
114883,1,6,6,0.8333333333333334,3.5,0
114908,1,10,10,1.0,5.5,0
114910,1,9,9,0.0,5.0,0
114918,1,4,4,1.0,2.5,0
114919,1,7,7,0.8571428571428571,4.0,0
114922,1,12,12,0.5833333333333334,6.5,0
114935,1,10,10,0.4,5.5,0
114948,1,1,1,1.0,1.0,0
114951,1,6,6,1.0,3.5,0
114963,1,32,32,0.53125,16.5,1
114966,1,22,22,0.7727272727272727,11.5,1
114974,1,12,12,0.5,6.5,0
114984,1,12,12,0.5,6.5,0
114988,1,5,5,0.4,3.0,0
114991,1,14,14,0.07142857142857142,7.5,0
114994,1,16,16,0.75,8.5,1
114995,1,9,9,0.2222222222222222,5.0,0
114998,1,12,12,0.75,6.5,0
115005,1,3,3,0.0,2.0,0
115025,1,1,1,1.0,1.0,0
115057,1,9,9,0.7777777777777778,5.0,0
115059,1,20,20,0.35,10.5,1
115089,2,19,16,0.9473684210526315,6.842105263157895,1
115130,1,16,16,0.3125,8.5,1
115153,1,11,11,0.7272727272727273,6.0,0
115162,2,19,17,0.8421052631578947,6.315789473684211,1
115163,1,7,7,1.0,4.0,0
115184,1,7,7,1.0,4.0,0
115188,1,8,8,0.75,4.5,0
115245,1,10,10,0.6,5.5,0
115283,1,8,8,0.375,4.5,0
115286,1,9,9,0.8888888888888888,5.0,0
115296,1,3,3,0.3333333333333333,2.0,0
115312,1,8,8,0.875,4.5,0
115329,1,5,5,0.0,3.0,0
115333,1,12,12,0.5833333333333334,6.5,0
115371,1,6,6,0.5,3.5,0
115373,1,8,8,0.625,4.5,0
115375,1,17,17,0.7058823529411765,9.0,1
115396,1,3,3,0.0,2.0,0
115405,1,11,11,0.2727272727272727,6.0,0
115409,1,7,7,0.8571428571428571,4.0,0
115412,1,20,20,0.9,10.5,1
115415,1,17,17,0.47058823529411764,9.0,1
115425,1,4,4,0.5,2.5,0
115432,1,10,10,0.5,5.5,0
115433,1,2,2,0.0,1.5,0
115448,1,12,12,0.5,6.5,0
115457,1,14,14,0.21428571428571427,7.5,0
115481,3,35,31,0.7714285714285715,7.371428571428571,1
115496,1,25,25,0.76,13.0,1
115506,1,17,17,0.11764705882352941,9.0,1
115509,1,7,7,1.0,4.0,0
115529,1,16,16,0.5625,8.5,1
115540,1,10,10,1.0,5.5,0
115544,1,22,22,0.6818181818181818,11.5,1
115549,2,8,8,0.875,3.625,0
115550,1,18,18,0.8333333333333334,9.5,1
115553,2,19,19,0.7368421052631579,5.2631578947368425,1
115583,1,7,7,0.42857142857142855,4.0,0
115595,1,30,30,1.0,15.5,1
115624,1,3,3,0.6666666666666666,2.0,0
115667,1,4,4,1.0,2.5,0
115669,1,8,8,1.0,4.5,0
115682,1,6,6,0.5,3.5,0
115706,1,6,6,1.0,3.5,0
115716,1,2,2,0.5,1.5,0
115728,1,1,1,1.0,1.0,0
115750,1,9,9,0.7777777777777778,5.0,0
115758,1,10,10,0.8,5.5,0
115773,1,11,11,1.0,6.0,0
115781,1,13,13,0.7692307692307693,7.0,0
115786,2,11,11,0.2727272727272727,3.272727272727273,0
115787,1,12,12,0.5833333333333334,6.5,0
115788,1,10,10,0.9,5.5,0
115806,1,11,11,0.5454545454545454,6.0,0
115844,1,19,19,1.0,10.0,1
115862,2,18,18,0.6111111111111112,5.5,1
115867,1,2,2,1.0,1.5,0
115896,1,10,10,0.5,5.5,0
115912,1,3,3,1.0,2.0,0
115918,1,10,10,0.4,5.5,0
115925,1,7,7,0.7142857142857143,4.0,0
115929,2,6,6,0.8333333333333334,2.6666666666666665,0
115935,1,5,5,0.6,3.0,0
115940,1,18,18,0.5555555555555556,9.5,1
115945,1,5,5,0.6,3.0,0
115957,1,7,7,0.0,4.0,0
115961,3,22,22,0.8181818181818182,4.454545454545454,1
115964,1,2,2,0.0,1.5,0
115985,1,4,4,1.0,2.5,0
115993,1,7,7,0.5714285714285714,4.0,0
116000,1,15,15,0.3333333333333333,8.0,1
116007,1,4,4,0.25,2.5,0
116022,1,6,6,0.8333333333333334,3.5,0
116030,2,5,5,0.0,2.2,0
116039,1,5,5,0.2,3.0,0
116061,1,8,8,1.0,4.5,0
116135,2,13,12,0.6923076923076923,4.6923076923076925,0
116142,1,4,4,0.5,2.5,0
116143,1,8,8,0.75,4.5,0
116145,2,8,7,0.875,3.0,0
116151,1,4,4,0.25,2.5,0
116181,1,11,11,0.9090909090909091,6.0,0
116201,1,5,5,1.0,3.0,0
116213,1,3,3,0.3333333333333333,2.0,0
116231,1,15,15,0.7333333333333333,8.0,1
116235,1,9,9,0.2222222222222222,5.0,0
116251,1,4,4,0.5,2.5,0
116255,1,13,13,0.7692307692307693,7.0,0
116256,1,1,1,0.0,1.0,0
116257,1,15,15,0.3333333333333333,8.0,1
116261,1,4,4,1.0,2.5,0
116268,1,5,5,0.2,3.0,0
116269,1,4,4,0.0,2.5,0
116296,1,4,4,1.0,2.5,0
116303,1,1,1,1.0,1.0,0
116309,1,11,11,0.7272727272727273,6.0,0
116316,1,2,2,0.5,1.5,0
116331,3,20,17,0.6,3.95,1
116364,1,3,3,0.6666666666666666,2.0,0
116377,1,14,14,0.42857142857142855,7.5,0
116386,1,2,2,1.0,1.5,0
116387,1,12,12,0.8333333333333334,6.5,0
116391,1,3,3,1.0,2.0,0
116401,1,26,26,0.8076923076923077,13.5,1
116409,1,11,11,0.18181818181818182,6.0,0
116415,1,11,11,0.7272727272727273,6.0,0
116427,1,2,2,1.0,1.5,0
116445,1,8,8,0.75,4.5,0
116458,1,6,6,1.0,3.5,0
116495,1,9,9,0.2222222222222222,5.0,0
116532,1,5,5,0.8,3.0,0
116543,1,13,13,0.15384615384615385,7.0,0
116553,1,1,1,0.0,1.0,0
116564,1,27,27,0.7407407407407407,14.0,1
116571,1,21,21,0.7619047619047619,11.0,1
116572,2,6,4,1.0,2.1666666666666665,0
116573,1,7,7,0.7142857142857143,4.0,0
116578,1,13,13,0.8461538461538461,7.0,0
116592,1,5,5,0.8,3.0,0
116605,1,12,12,0.0,6.5,0
116609,1,25,25,0.36,13.0,1
116612,1,4,4,1.0,2.5,0
116620,1,4,4,0.25,2.5,0
116622,1,22,22,0.6818181818181818,11.5,1
116623,1,10,10,0.9,5.5,0
116655,1,5,5,0.0,3.0,0
116673,1,16,16,0.5625,8.5,1
116676,1,2,2,1.0,1.5,0
116679,1,14,14,0.6428571428571429,7.5,0
116687,1,1,1,1.0,1.0,0
116688,1,10,10,0.9,5.5,0
116698,1,22,22,0.9090909090909091,11.5,1
116713,1,6,6,0.8333333333333334,3.5,0
116719,1,19,19,0.5789473684210527,10.0,1
116739,1,9,9,0.6666666666666666,5.0,0
116741,2,35,34,0.2571428571428571,9.314285714285715,1
116799,2,14,14,0.2857142857142857,4.0,0
116808,1,7,7,0.8571428571428571,4.0,0
116829,1,1,1,0.0,1.0,0
116843,1,7,7,0.8571428571428571,4.0,0
116846,1,9,9,0.6666666666666666,5.0,0
116853,1,4,4,1.0,2.5,0
116861,1,15,15,0.26666666666666666,8.0,1
116875,1,7,7,1.0,4.0,0
116877,1,15,15,1.0,8.0,1
116881,1,14,14,0.6428571428571429,7.5,0
116884,1,27,27,0.8148148148148148,14.0,1
116891,1,12,12,0.75,6.5,0
116913,1,6,6,0.0,3.5,0
116923,1,6,6,0.3333333333333333,3.5,0
116926,1,7,7,1.0,4.0,0
116929,1,5,5,0.0,3.0,0
116932,1,8,8,0.125,4.5,0
116937,1,14,14,0.9285714285714286,7.5,0
116938,1,35,35,0.45714285714285713,18.0,1
116952,1,7,7,0.2857142857142857,4.0,0
116962,1,13,13,0.8461538461538461,7.0,0
116965,1,3,3,1.0,2.0,0
116967,1,10,10,0.8,5.5,0
116976,1,14,14,0.7857142857142857,7.5,0
116979,1,5,5,0.6,3.0,0
116983,1,4,4,0.75,2.5,0
116993,1,5,5,0.6,3.0,0
117026,1,12,12,0.16666666666666666,6.5,0
117057,2,21,18,0.8095238095238095,5.857142857142857,1
117060,1,11,11,1.0,6.0,0
117084,1,8,8,1.0,4.5,0
117085,1,15,15,0.6,8.0,1
117086,1,2,2,0.5,1.5,0
117089,1,9,9,0.4444444444444444,5.0,0
117092,1,9,9,0.6666666666666666,5.0,0
117095,1,14,14,0.21428571428571427,7.5,0
117113,1,5,5,0.4,3.0,0
117118,1,7,7,0.7142857142857143,4.0,0
117119,1,12,12,0.6666666666666666,6.5,0
117127,1,5,5,1.0,3.0,0
117132,1,6,6,0.6666666666666666,3.5,0
117145,1,5,5,0.4,3.0,0
117155,1,10,10,0.8,5.5,0
117158,1,12,12,0.75,6.5,0
117167,1,2,2,0.0,1.5,0
117169,1,19,19,0.5263157894736842,10.0,1
117170,2,13,12,0.8461538461538461,3.769230769230769,0
117174,1,3,3,1.0,2.0,0
117187,1,6,6,0.0,3.5,0
117193,1,9,9,0.4444444444444444,5.0,0
117203,2,9,9,0.2222222222222222,3.4444444444444446,0
117219,1,5,5,0.2,3.0,0
117260,1,6,6,1.0,3.5,0
117264,1,10,10,0.7,5.5,0
117265,1,10,10,0.9,5.5,0
117288,1,9,9,0.0,5.0,0
117289,1,13,13,1.0,7.0,0
117299,1,2,2,0.0,1.5,0
117300,1,5,5,0.8,3.0,0
117323,1,18,18,0.5555555555555556,9.5,1
117330,1,18,18,0.6666666666666666,9.5,1
117336,1,16,16,0.25,8.5,1
117349,2,36,29,0.7777777777777778,9.5,1
117368,1,5,5,1.0,3.0,0
117381,1,1,1,0.0,1.0,0
117396,1,31,31,0.0,16.0,1
117405,1,17,17,0.11764705882352941,9.0,1
117414,1,14,14,0.5714285714285714,7.5,0
117425,1,3,3,0.0,2.0,0
117426,1,23,23,0.5652173913043478,12.0,1
117437,1,1,1,0.0,1.0,0
117438,1,6,6,1.0,3.5,0
117440,1,7,7,0.8571428571428571,4.0,0
117463,1,7,7,0.14285714285714285,4.0,0
117472,1,8,8,1.0,4.5,0
117475,1,10,10,0.5,5.5,0
117483,1,6,6,0.8333333333333334,3.5,0
117496,1,7,7,0.14285714285714285,4.0,0
117499,1,13,13,0.6923076923076923,7.0,0
117536,1,3,3,0.3333333333333333,2.0,0
117543,1,1,1,1.0,1.0,0
117573,1,2,2,1.0,1.5,0
117578,1,9,9,0.0,5.0,0
117582,2,32,27,0.53125,9.28125,1
117587,1,11,11,0.8181818181818182,6.0,0
117589,1,7,7,0.2857142857142857,4.0,0
117593,1,14,14,0.7142857142857143,7.5,0
117595,1,4,4,1.0,2.5,0
117622,1,5,5,1.0,3.0,0
117642,1,25,25,0.52,13.0,1
117645,1,4,4,0.5,2.5,0
117646,1,3,3,0.6666666666666666,2.0,0
117661,1,21,21,1.0,11.0,1
117679,1,10,10,0.1,5.5,0
117680,1,29,29,0.6896551724137931,15.0,1
117687,1,17,17,0.7058823529411765,9.0,1
117697,1,6,6,0.5,3.5,0
117705,1,4,4,1.0,2.5,0
117736,1,8,8,0.75,4.5,0
117752,1,13,13,0.6923076923076923,7.0,0
117762,1,17,17,0.7058823529411765,9.0,1
117777,1,4,4,1.0,2.5,0
117789,1,11,11,1.0,6.0,0
117797,1,1,1,0.0,1.0,0
117802,1,5,5,0.6,3.0,0
117822,1,6,6,0.6666666666666666,3.5,0
117832,1,4,4,0.25,2.5,0
117833,1,5,5,0.8,3.0,0
117837,1,6,6,0.8333333333333334,3.5,0
117841,2,9,9,0.5555555555555556,3.0,0
117867,1,3,3,0.3333333333333333,2.0,0
117870,1,4,4,0.0,2.5,0
117885,1,3,3,1.0,2.0,0
117911,1,10,10,0.7,5.5,0
117920,1,2,2,1.0,1.5,0
117934,1,2,2,0.0,1.5,0
117941,1,16,16,0.375,8.5,1
117944,1,8,8,1.0,4.5,0
117956,1,5,5,0.4,3.0,0
117961,1,8,8,0.0,4.5,0
117967,1,12,12,0.08333333333333333,6.5,0
117971,1,23,23,0.43478260869565216,12.0,1
117989,2,41,27,0.975609756097561,11.487804878048781,1
117995,1,2,2,0.0,1.5,0
118013,1,4,4,1.0,2.5,0
118034,2,8,8,0.75,2.625,0
118043,1,15,15,0.6666666666666666,8.0,1
118067,1,18,18,1.0,9.5,1
118070,1,4,4,0.75,2.5,0
118092,1,9,9,0.5555555555555556,5.0,0
118101,1,11,11,0.5454545454545454,6.0,0
118105,1,5,5,1.0,3.0,0
118107,1,18,18,0.3888888888888889,9.5,1
118129,1,15,15,0.8,8.0,1
118135,1,19,19,0.8421052631578947,10.0,1
118143,1,10,10,0.0,5.5,0
118162,1,8,8,0.25,4.5,0
118191,1,11,11,0.6363636363636364,6.0,0
118203,1,3,3,0.6666666666666666,2.0,0
118218,2,11,10,1.0,3.272727272727273,0
118227,1,2,2,0.5,1.5,0
118228,1,9,9,0.7777777777777778,5.0,0
118282,1,8,8,0.625,4.5,0
118287,1,4,4,0.25,2.5,0
118297,1,7,7,0.5714285714285714,4.0,0
118311,1,14,14,0.7857142857142857,7.5,0
118328,1,28,28,0.7857142857142857,14.5,1
118330,1,2,2,0.0,1.5,0
118335,1,35,35,0.9714285714285714,18.0,1
118339,1,13,13,0.6923076923076923,7.0,0
118348,1,5,5,0.0,3.0,0
118350,1,20,20,0.8,10.5,1
118363,1,1,1,1.0,1.0,0
118380,1,9,9,0.6666666666666666,5.0,0
118381,1,1,1,1.0,1.0,0
118383,1,5,5,0.8,3.0,0
118403,1,7,7,0.42857142857142855,4.0,0
118407,1,15,15,0.6,8.0,1
118413,1,21,21,0.38095238095238093,11.0,1
118439,1,10,10,0.2,5.5,0
118459,1,6,6,0.8333333333333334,3.5,0
118462,1,2,2,0.0,1.5,0
118468,1,11,11,0.5454545454545454,6.0,0
118470,1,5,5,0.8,3.0,0
118473,1,7,7,0.8571428571428571,4.0,0
118488,1,9,9,0.5555555555555556,5.0,0
118489,1,9,9,0.0,5.0,0
118490,1,8,8,0.75,4.5,0
118494,1,12,12,0.5833333333333334,6.5,0
118514,2,2,2,0.5,1.0,0
118525,1,1,1,1.0,1.0,0
118530,2,14,12,0.7857142857142857,4.071428571428571,0
118556,1,5,5,0.8,3.0,0
118558,1,7,7,0.2857142857142857,4.0,0
118573,1,16,16,0.625,8.5,1
118575,1,8,8,1.0,4.5,0
118603,1,8,8,0.5,4.5,0
118609,2,9,8,0.6666666666666666,2.7777777777777777,0
118612,1,17,17,0.35294117647058826,9.0,1
118619,1,2,2,0.0,1.5,0
118626,1,15,15,0.3333333333333333,8.0,1
118627,1,7,7,0.42857142857142855,4.0,0
118644,1,4,4,0.5,2.5,0
118649,1,13,13,0.9230769230769231,7.0,0
118656,1,13,13,0.6923076923076923,7.0,0
118669,1,17,17,0.8235294117647058,9.0,1
118685,1,2,2,1.0,1.5,0
118704,1,15,15,0.3333333333333333,8.0,1
118708,1,14,14,0.8571428571428571,7.5,0
118711,1,5,5,1.0,3.0,0
118713,1,29,29,1.0,15.0,1
118718,1,12,12,0.16666666666666666,6.5,0
118737,1,5,5,1.0,3.0,0
118749,2,47,37,0.9361702127659575,12.382978723404255,1
118755,1,11,11,0.9090909090909091,6.0,0
118770,1,7,7,0.5714285714285714,4.0,0
118779,1,19,19,0.8947368421052632,10.0,1
118789,1,11,11,0.5454545454545454,6.0,0
118810,1,1,1,1.0,1.0,0
118814,1,14,14,0.35714285714285715,7.5,0
118815,1,10,10,0.3,5.5,0
118818,1,22,22,0.09090909090909091,11.5,1
118822,1,3,3,1.0,2.0,0
118825,1,21,21,0.6666666666666666,11.0,1
118826,1,9,9,1.0,5.0,0
118838,1,7,7,0.7142857142857143,4.0,0
118850,1,1,1,1.0,1.0,0
118853,1,14,14,0.42857142857142855,7.5,0
118860,2,67,63,0.6119402985074627,17.70149253731343,1
118866,1,27,27,0.6296296296296297,14.0,1
118868,1,1,1,0.0,1.0,0
118897,1,4,4,1.0,2.5,0
118904,1,2,2,0.0,1.5,0
118927,1,2,2,0.5,1.5,0
118934,1,5,5,0.2,3.0,0
118936,1,9,9,0.3333333333333333,5.0,0
118945,1,5,5,0.6,3.0,0
118946,1,3,3,0.0,2.0,0
118948,1,10,10,0.8,5.5,0
118961,1,10,10,0.5,5.5,0
118986,1,26,26,0.6153846153846154,13.5,1
119000,1,5,5,0.2,3.0,0
119026,1,5,5,0.8,3.0,0
119028,1,24,24,0.4166666666666667,12.5,1
119033,2,9,9,0.6666666666666666,3.0,0
119061,1,17,17,0.9411764705882353,9.0,1
119067,1,1,1,1.0,1.0,0
119076,1,14,14,0.42857142857142855,7.5,0
119078,2,62,54,0.9193548387096774,17.951612903225808,1
119081,1,3,3,1.0,2.0,0
119087,3,23,21,0.8695652173913043,5.478260869565218,1
119091,1,12,12,0.08333333333333333,6.5,0
119095,1,7,7,0.0,4.0,0
119114,1,11,11,0.45454545454545453,6.0,0
119121,1,26,26,0.07692307692307693,13.5,1
119134,1,9,9,0.6666666666666666,5.0,0
119136,1,31,31,0.6451612903225806,16.0,1
119138,1,14,14,0.6428571428571429,7.5,0
119139,1,11,11,0.45454545454545453,6.0,0
119141,1,2,2,0.0,1.5,0
119146,1,14,14,1.0,7.5,0
119172,1,30,30,0.7333333333333333,15.5,1
119186,1,4,4,0.75,2.5,0
119206,1,7,7,0.2857142857142857,4.0,0
119216,1,9,9,0.5555555555555556,5.0,0
119221,1,2,2,0.0,1.5,0
119235,1,6,6,0.8333333333333334,3.5,0
119237,2,21,18,0.7142857142857143,5.761904761904762,1
119249,1,4,4,0.5,2.5,0
119290,2,21,20,0.47619047619047616,8.428571428571429,1
119298,1,1,1,0.0,1.0,0
119307,1,15,15,0.9333333333333333,8.0,1
119312,1,3,3,0.3333333333333333,2.0,0
119329,1,21,21,1.0,11.0,1
119345,1,2,2,0.0,1.5,0
119348,1,21,21,0.6190476190476191,11.0,1
119357,1,14,14,0.14285714285714285,7.5,0
119362,1,20,20,0.65,10.5,1
119377,1,12,12,0.5833333333333334,6.5,0
119382,1,7,7,0.5714285714285714,4.0,0
119390,1,9,9,0.8888888888888888,5.0,0
119392,2,31,30,0.5161290322580645,8.32258064516129,1
119400,1,12,12,0.0,6.5,0
119401,1,15,15,0.5333333333333333,8.0,1
119402,1,12,12,0.6666666666666666,6.5,0
119416,1,22,22,0.8636363636363636,11.5,1
119424,1,10,10,0.6,5.5,0
119435,2,7,5,0.42857142857142855,2.2857142857142856,0
119437,2,72,45,0.9583333333333334,18.625,1
119439,2,16,16,0.875,4.5,1
119458,1,12,12,1.0,6.5,0
119461,1,12,12,0.5833333333333334,6.5,0
119465,1,2,2,0.5,1.5,0
119467,1,20,20,0.35,10.5,1
119473,1,6,6,0.6666666666666666,3.5,0
119476,1,23,23,0.0,12.0,1
119480,1,9,9,0.4444444444444444,5.0,0
119504,2,13,12,0.38461538461538464,3.769230769230769,0
119505,1,8,8,0.125,4.5,0
119506,1,10,10,0.5,5.5,0
119557,1,8,8,0.75,4.5,0
119579,1,3,3,0.6666666666666666,2.0,0
119599,1,12,12,1.0,6.5,0
119608,1,6,6,0.16666666666666666,3.5,0
119610,2,17,14,0.8235294117647058,5.470588235294118,1
119611,1,13,13,0.07692307692307693,7.0,0
119624,1,16,16,0.5,8.5,1
119633,1,7,7,0.2857142857142857,4.0,0
119640,1,5,5,0.8,3.0,0
119643,1,2,2,0.5,1.5,0
119677,1,13,13,0.9230769230769231,7.0,0
119689,1,1,1,1.0,1.0,0
119698,1,3,3,0.6666666666666666,2.0,0
119704,1,12,12,0.5833333333333334,6.5,0
119706,1,4,4,1.0,2.5,0
119707,1,10,10,0.7,5.5,0
119708,2,10,10,0.7,3.1,0
119712,1,2,2,0.5,1.5,0
119726,1,2,2,1.0,1.5,0
119746,1,5,5,0.8,3.0,0
119755,1,2,2,0.0,1.5,0
119777,1,8,8,1.0,4.5,0
119782,1,5,5,0.6,3.0,0
119788,1,9,9,0.6666666666666666,5.0,0
119811,1,9,9,0.8888888888888888,5.0,0
119824,1,3,3,0.0,2.0,0
119827,1,7,7,0.2857142857142857,4.0,0
119831,1,3,3,1.0,2.0,0
119834,1,14,14,0.14285714285714285,7.5,0
119835,1,17,17,1.0,9.0,1
119837,1,16,16,0.3125,8.5,1
119842,1,15,15,0.9333333333333333,8.0,1
119843,1,13,13,0.5384615384615384,7.0,0
119847,1,5,5,1.0,3.0,0
119866,1,9,9,0.3333333333333333,5.0,0
119870,1,10,10,0.3,5.5,0
119887,1,6,6,0.5,3.5,0
119897,1,13,13,0.7692307692307693,7.0,0
119898,1,4,4,0.0,2.5,0
119910,1,12,12,0.25,6.5,0
119927,1,1,1,1.0,1.0,0
119931,1,8,8,0.0,4.5,0
119941,1,25,25,0.44,13.0,1
119951,1,12,12,0.9166666666666666,6.5,0
119953,1,12,12,0.5833333333333334,6.5,0
119961,1,12,12,0.6666666666666666,6.5,0
119994,2,21,21,0.47619047619047616,6.333333333333333,1
120002,1,4,4,1.0,2.5,0
120012,1,33,33,0.5454545454545454,17.0,1
120017,1,8,8,0.25,4.5,0
120019,1,12,12,0.6666666666666666,6.5,0
120021,1,6,6,0.3333333333333333,3.5,0
120026,1,6,6,0.5,3.5,0
120039,1,2,2,1.0,1.5,0
120047,1,5,5,0.0,3.0,0
120055,1,6,6,0.6666666666666666,3.5,0
120058,1,1,1,0.0,1.0,0
120079,1,29,29,0.0,15.0,1
120082,1,7,7,0.5714285714285714,4.0,0
120107,1,8,8,0.625,4.5,0
120108,1,14,14,0.8571428571428571,7.5,0
120109,1,3,3,1.0,2.0,0
120116,1,38,38,0.8947368421052632,19.5,1
120121,1,5,5,1.0,3.0,0
120163,1,13,13,0.6923076923076923,7.0,0
120168,1,8,8,0.875,4.5,0
120185,1,5,5,1.0,3.0,0
120190,1,34,34,0.5,17.5,1
120214,1,4,4,0.25,2.5,0
120216,1,8,8,0.875,4.5,0
120222,1,7,7,0.8571428571428571,4.0,0
120226,1,7,7,0.7142857142857143,4.0,0
120233,1,2,2,0.0,1.5,0
120238,2,21,20,0.6666666666666666,5.761904761904762,1
120243,1,7,7,0.14285714285714285,4.0,0
120253,1,39,39,0.6153846153846154,20.0,1
120254,1,5,5,0.2,3.0,0
120281,1,1,1,1.0,1.0,0
120283,1,10,10,0.4,5.5,0
120296,2,41,29,0.926829268292683,11.24390243902439,1
120319,1,18,18,0.5,9.5,1
120324,1,7,7,0.7142857142857143,4.0,0
120327,1,13,13,0.5384615384615384,7.0,0
120333,1,4,4,0.0,2.5,0
120374,1,3,3,0.0,2.0,0
120377,1,8,8,0.5,4.5,0
120382,1,14,14,0.7142857142857143,7.5,0
120390,1,41,41,0.8536585365853658,21.0,1
120398,1,8,8,0.75,4.5,0
120412,1,33,33,0.8787878787878788,17.0,1
120429,1,3,3,1.0,2.0,0
120457,1,5,5,0.2,3.0,0
120470,1,22,22,0.7727272727272727,11.5,1
120475,1,13,13,0.15384615384615385,7.0,0
120494,1,10,10,0.0,5.5,0
120501,1,14,14,0.35714285714285715,7.5,0
120503,1,4,4,0.0,2.5,0
120506,1,10,10,0.1,5.5,0
120511,1,1,1,1.0,1.0,0
120525,1,25,25,0.48,13.0,1
120541,2,35,32,0.6285714285714286,9.257142857142858,1
120559,1,12,12,0.3333333333333333,6.5,0
120572,2,57,46,0.8771929824561403,14.789473684210526,1
120585,1,1,1,1.0,1.0,0
120599,1,5,5,0.8,3.0,0
120605,1,8,8,0.0,4.5,0
120615,1,2,2,0.0,1.5,0
120633,1,6,6,0.8333333333333334,3.5,0
120662,1,16,16,0.875,8.5,1
120671,1,3,3,0.0,2.0,0
120694,1,13,13,0.23076923076923078,7.0,0
120709,1,10,10,1.0,5.5,0
120742,1,5,5,0.8,3.0,0
120744,1,14,14,0.8571428571428571,7.5,0
120777,1,6,6,0.6666666666666666,3.5,0
120786,1,36,36,0.3888888888888889,18.5,1
120802,1,3,3,0.6666666666666666,2.0,0
120822,1,10,10,0.6,5.5,0
120837,1,10,10,1.0,5.5,0
120840,1,11,11,0.8181818181818182,6.0,0
120854,1,8,8,0.25,4.5,0
120862,1,16,16,0.1875,8.5,1
120863,1,5,5,0.8,3.0,0
120866,1,13,13,1.0,7.0,0
120892,1,19,19,0.5263157894736842,10.0,1
120895,1,5,5,0.8,3.0,0
120897,2,9,7,0.7777777777777778,2.7777777777777777,0
120899,1,38,38,0.7631578947368421,19.5,1
120902,1,8,8,0.375,4.5,0
120923,1,1,1,0.0,1.0,0
120938,1,15,15,0.13333333333333333,8.0,1
120941,1,4,4,0.0,2.5,0
121002,1,11,11,0.9090909090909091,6.0,0
121036,2,35,27,0.7714285714285715,9.82857142857143,1
121055,1,14,14,0.7142857142857143,7.5,0
121082,1,5,5,0.8,3.0,0
121090,1,6,6,1.0,3.5,0
121109,1,6,6,0.16666666666666666,3.5,0
121133,1,4,4,0.5,2.5,0
121136,1,2,2,1.0,1.5,0
121140,1,7,7,1.0,4.0,0
121165,1,4,4,0.75,2.5,0
121169,1,5,5,0.0,3.0,0
121179,1,11,11,0.45454545454545453,6.0,0
121182,1,32,32,0.625,16.5,1
121192,1,15,15,0.5333333333333333,8.0,1
121219,1,11,11,0.2727272727272727,6.0,0
121231,2,33,31,0.7272727272727273,8.818181818181818,1
121233,1,4,4,0.75,2.5,0
121264,1,3,3,0.6666666666666666,2.0,0
121272,2,7,7,0.42857142857142855,2.2857142857142856,0
121291,1,8,8,0.875,4.5,0
121303,1,7,7,0.8571428571428571,4.0,0
121325,1,5,5,0.6,3.0,0
121326,1,2,2,1.0,1.5,0
121327,2,25,21,0.88,6.84,1
121332,3,7,4,1.0,1.7142857142857142,0
121344,1,5,5,1.0,3.0,0
121345,1,5,5,0.4,3.0,0
121346,1,30,30,0.9,15.5,1
121347,1,2,2,1.0,1.5,0
121350,1,42,42,0.9285714285714286,21.5,1
121351,1,28,28,0.7142857142857143,14.5,1
121390,1,13,13,0.7692307692307693,7.0,0
121409,1,10,10,0.0,5.5,0
121414,1,7,7,0.7142857142857143,4.0,0
121467,1,21,21,0.8095238095238095,11.0,1
121475,1,9,9,0.8888888888888888,5.0,0
121518,1,2,2,0.5,1.5,0
121533,1,9,9,0.3333333333333333,5.0,0
121537,1,1,1,1.0,1.0,0
121566,1,7,7,0.0,4.0,0
121569,1,7,7,0.2857142857142857,4.0,0
121587,1,9,9,0.7777777777777778,5.0,0
121596,1,2,2,0.0,1.5,0
121607,1,19,19,0.631578947368421,10.0,1
121630,1,5,5,0.8,3.0,0
121645,1,16,16,0.875,8.5,1
121684,1,12,12,0.0,6.5,0
121701,2,31,29,0.5483870967741935,8.451612903225806,1
121703,1,5,5,0.0,3.0,0
121710,1,2,2,1.0,1.5,0
121714,2,13,13,1.0,3.923076923076923,0
121743,2,14,14,0.9285714285714286,4.642857142857143,1
121745,1,5,5,0.6,3.0,0
121754,1,20,20,0.2,10.5,1
121765,1,2,2,1.0,1.5,0
121818,1,3,3,1.0,2.0,0
121836,1,9,9,0.7777777777777778,5.0,0
121848,1,5,5,0.8,3.0,0
121857,1,1,1,1.0,1.0,0
121858,1,7,7,0.8571428571428571,4.0,0
121878,1,6,6,0.6666666666666666,3.5,0
121879,1,6,6,0.3333333333333333,3.5,0
121882,1,11,11,0.0,6.0,0
121906,2,15,13,0.8,4.266666666666667,0
121916,1,8,8,0.625,4.5,0
121917,1,14,14,0.0,7.5,0
121934,1,8,8,0.5,4.5,0
121943,1,18,18,0.7222222222222222,9.5,1
121979,1,20,20,0.8,10.5,1
121984,2,15,15,0.8,4.266666666666667,1
122000,1,38,38,0.8947368421052632,19.5,1
122022,1,2,2,1.0,1.5,0
122027,1,2,2,0.0,1.5,0
122038,1,13,13,0.8461538461538461,7.0,0
122046,1,2,2,0.5,1.5,0
122048,1,10,10,0.3,5.5,0
122051,1,2,2,1.0,1.5,0
122061,1,7,7,0.42857142857142855,4.0,0
122089,1,1,1,1.0,1.0,0
122108,1,4,4,0.25,2.5,0
122113,1,8,8,0.0,4.5,0
122137,1,3,3,0.6666666666666666,2.0,0
122144,1,24,24,0.0,12.5,1
122163,1,13,13,0.5384615384615384,7.0,0
122182,1,4,4,0.25,2.5,0
122230,1,10,10,0.8,5.5,0
122231,1,7,7,1.0,4.0,0
122241,1,8,8,0.75,4.5,0
122249,1,15,15,0.4666666666666667,8.0,1
122263,1,22,22,0.0,11.5,1
122266,1,4,4,0.0,2.5,0
122284,1,2,2,1.0,1.5,0
122298,1,4,4,1.0,2.5,0
122308,1,19,19,0.5789473684210527,10.0,1
122312,1,10,10,0.5,5.5,0
122323,1,7,7,0.5714285714285714,4.0,0
122333,1,3,3,0.3333333333333333,2.0,0
122343,1,6,6,0.8333333333333334,3.5,0
122352,3,74,55,0.6891891891891891,13.243243243243244,1
122362,1,6,6,0.0,3.5,0
122376,1,5,5,1.0,3.0,0
122382,1,8,8,0.125,4.5,0
122386,1,9,9,0.0,5.0,0
122405,1,44,44,0.75,22.5,1
122414,1,7,7,0.42857142857142855,4.0,0
122422,1,6,6,0.0,3.5,0
122429,2,30,29,0.43333333333333335,8.033333333333333,1
122437,1,25,25,0.48,13.0,1
122448,1,8,8,0.5,4.5,0
122449,2,11,11,0.9090909090909091,3.4545454545454546,0
122457,1,3,3,0.0,2.0,0
122476,1,4,4,1.0,2.5,0
122498,1,12,12,0.75,6.5,0
122538,1,2,2,1.0,1.5,0
122542,1,12,12,0.6666666666666666,6.5,0
122550,2,3,3,0.3333333333333333,1.3333333333333333,0
122557,2,2,2,1.0,1.0,0
122590,1,4,4,1.0,2.5,0
122591,1,3,3,0.0,2.0,0
122629,1,10,10,0.4,5.5,0
122638,1,5,5,0.6,3.0,0
122649,1,1,1,1.0,1.0,0
122672,1,5,5,0.8,3.0,0
122673,1,4,4,1.0,2.5,0
122682,1,2,2,1.0,1.5,0
122735,2,27,23,0.7037037037037037,7.481481481481482,1
122777,1,10,10,0.0,5.5,0
122780,2,12,11,1.0,4.833333333333333,0
122798,1,8,8,0.625,4.5,0
122803,1,5,5,0.0,3.0,0
122814,1,9,9,0.0,5.0,0
122819,1,3,3,0.3333333333333333,2.0,0
122821,1,8,8,0.625,4.5,0
122845,1,7,7,0.7142857142857143,4.0,0
122848,1,10,10,1.0,5.5,0
122851,1,4,4,0.5,2.5,0
122860,1,24,24,0.9583333333333334,12.5,1
122875,1,4,4,0.0,2.5,0
122897,1,9,9,0.7777777777777778,5.0,0
122899,1,2,2,1.0,1.5,0
122913,1,35,35,0.0,18.0,1
122937,1,14,14,0.7857142857142857,7.5,0
122954,1,4,4,1.0,2.5,0
122962,1,2,2,1.0,1.5,0
122975,1,14,14,0.14285714285714285,7.5,0
122984,1,7,7,0.5714285714285714,4.0,0
122991,1,18,18,0.5,9.5,1
122994,1,22,22,1.0,11.5,1
123002,1,2,2,0.5,1.5,0
123030,2,18,18,0.6111111111111112,5.5,1
123035,1,13,13,0.0,7.0,0
123042,1,8,8,0.5,4.5,0
123053,1,5,5,0.6,3.0,0
123054,1,41,41,0.2926829268292683,21.0,1
123059,1,4,4,0.75,2.5,0
123085,1,4,4,0.5,2.5,0
123099,1,3,3,0.6666666666666666,2.0,0
123103,1,4,4,1.0,2.5,0
123134,1,20,20,0.0,10.5,1
123135,1,6,6,0.8333333333333334,3.5,0
123136,1,32,32,0.96875,16.5,1
123142,1,16,16,0.5,8.5,1
123143,1,7,7,0.42857142857142855,4.0,0
123159,1,9,9,0.6666666666666666,5.0,0
123166,1,3,3,0.0,2.0,0
123169,1,3,3,1.0,2.0,0
123170,2,6,5,1.0,2.1666666666666665,0
123202,1,2,2,0.5,1.5,0
123208,2,9,7,0.8888888888888888,2.7777777777777777,0
123245,2,10,9,0.7,3.1,0
123250,1,2,2,0.5,1.5,0
123254,1,10,10,0.9,5.5,0
123268,1,7,7,0.8571428571428571,4.0,0
123292,2,27,25,0.5555555555555556,8.814814814814815,1
123307,1,4,4,0.75,2.5,0
123318,1,7,7,0.7142857142857143,4.0,0
123366,1,2,2,0.5,1.5,0
123406,1,48,48,0.375,24.5,1
123453,1,11,11,0.8181818181818182,6.0,0
123456,1,8,8,0.625,4.5,0
123460,1,16,16,1.0,8.5,1
123464,1,4,4,1.0,2.5,0
123492,1,5,5,0.8,3.0,0
123494,1,9,9,1.0,5.0,0
123499,1,2,2,1.0,1.5,0
123503,1,3,3,1.0,2.0,0
123527,1,9,9,0.4444444444444444,5.0,0
123531,3,37,32,0.4864864864864865,6.918918918918919,1
123537,1,10,10,0.5,5.5,0
123550,1,14,14,0.21428571428571427,7.5,0
123552,1,8,8,0.125,4.5,0
123569,1,1,1,1.0,1.0,0
123592,1,17,17,0.0,9.0,1
123601,1,2,2,0.0,1.5,0
123614,1,11,11,0.09090909090909091,6.0,0
123615,1,4,4,0.0,2.5,0
123621,1,15,15,0.26666666666666666,8.0,1
123627,1,16,16,0.5,8.5,1
123635,1,11,11,1.0,6.0,0
123649,1,9,9,0.4444444444444444,5.0,0
123653,1,1,1,0.0,1.0,0
123655,1,12,12,0.5833333333333334,6.5,0
123658,1,7,7,0.7142857142857143,4.0,0
123662,1,4,4,0.25,2.5,0
123689,1,9,9,0.8888888888888888,5.0,0
123694,1,12,12,0.6666666666666666,6.5,0
123711,1,6,6,0.6666666666666666,3.5,0
123736,1,3,3,0.0,2.0,0
123754,1,4,4,0.5,2.5,0
123765,2,48,44,0.9166666666666666,13.520833333333334,1
123774,1,3,3,0.3333333333333333,2.0,0
123780,2,44,39,0.75,11.522727272727273,1
123792,1,4,4,0.5,2.5,0
123799,1,24,24,0.25,12.5,1
123807,1,3,3,1.0,2.0,0
123819,2,29,26,0.8620689655172413,8.448275862068966,1
123837,1,9,9,1.0,5.0,0
123859,1,10,10,0.7,5.5,0
123878,1,13,13,0.0,7.0,0
123908,1,15,15,1.0,8.0,1
123913,1,27,27,0.2962962962962963,14.0,1
123932,1,9,9,0.4444444444444444,5.0,0
123939,1,5,5,1.0,3.0,0
123949,1,8,8,0.625,4.5,0
123967,1,9,9,1.0,5.0,0
123992,1,15,15,0.26666666666666666,8.0,1
123993,1,11,11,0.0,6.0,0
124012,1,3,3,1.0,2.0,0
124020,1,10,10,0.2,5.5,0
124031,1,1,1,1.0,1.0,0
124034,1,13,13,0.5384615384615384,7.0,0
124036,1,2,2,1.0,1.5,0
124045,1,8,8,0.875,4.5,0
124064,1,13,13,0.3076923076923077,7.0,0
124088,1,6,6,0.16666666666666666,3.5,0
124092,1,8,8,1.0,4.5,0
124099,1,2,2,1.0,1.5,0
124115,1,5,5,0.0,3.0,0
124123,1,19,19,0.0,10.0,1
124134,1,16,16,0.625,8.5,1
124137,1,14,14,0.0,7.5,0
124144,2,15,13,0.7333333333333333,4.266666666666667,0
124148,1,9,9,0.0,5.0,0
124172,1,8,8,0.5,4.5,0
124180,1,8,8,0.375,4.5,0
124211,1,10,10,0.6,5.5,0
124229,1,5,5,0.2,3.0,0
124239,1,1,1,0.0,1.0,0
124287,1,32,32,0.8125,16.5,1
124300,1,4,4,0.25,2.5,0
124345,1,4,4,1.0,2.5,0
124346,1,4,4,0.5,2.5,0
124357,1,3,3,0.0,2.0,0
124362,1,13,13,1.0,7.0,0
124375,1,25,25,0.52,13.0,1
124384,1,22,22,0.5909090909090909,11.5,1
124418,1,6,6,0.5,3.5,0
124431,1,3,3,1.0,2.0,0
124434,1,2,2,0.5,1.5,0
124442,1,5,5,0.4,3.0,0
124451,1,3,3,0.3333333333333333,2.0,0
124477,1,7,7,0.8571428571428571,4.0,0
124483,1,7,7,0.2857142857142857,4.0,0
124496,1,7,7,0.5714285714285714,4.0,0
124514,1,8,8,0.25,4.5,0
124536,1,6,6,1.0,3.5,0
124547,1,16,16,0.625,8.5,1
124558,1,19,19,0.5263157894736842,10.0,1
124566,1,21,21,0.0,11.0,1
124567,1,19,19,0.42105263157894735,10.0,1
124587,1,7,7,0.5714285714285714,4.0,0
124617,1,18,18,0.1111111111111111,9.5,1
124636,1,7,7,1.0,4.0,0
124642,1,3,3,0.3333333333333333,2.0,0
124644,1,2,2,0.5,1.5,0
124653,1,7,7,0.0,4.0,0
124660,1,14,14,0.42857142857142855,7.5,0
124687,1,6,6,0.6666666666666666,3.5,0
124688,1,2,2,1.0,1.5,0
124699,1,10,10,0.9,5.5,0
124710,1,9,9,0.4444444444444444,5.0,0
124725,3,51,42,0.5490196078431373,9.607843137254902,1
124731,1,10,10,0.0,5.5,0
124749,1,16,16,0.625,8.5,1
124750,1,28,28,0.5714285714285714,14.5,1
124753,2,8,7,0.875,2.5,0
124762,2,33,33,0.7272727272727273,11.484848484848484,1
124817,1,4,4,0.5,2.5,0
124823,2,10,10,0.8,3.1,0
124829,1,6,6,0.8333333333333334,3.5,0
124830,1,11,11,1.0,6.0,0
124838,1,4,4,0.5,2.5,0
124888,1,7,7,1.0,4.0,0
124893,1,19,19,0.7894736842105263,10.0,1
124900,1,3,3,1.0,2.0,0
124932,1,21,21,0.5714285714285714,11.0,1
124983,1,20,20,0.7,10.5,1
125003,1,17,17,0.7647058823529411,9.0,1
125010,1,7,7,0.14285714285714285,4.0,0
125011,1,7,7,0.7142857142857143,4.0,0
125037,1,4,4,0.75,2.5,0
125087,1,4,4,1.0,2.5,0
125088,1,13,13,0.8461538461538461,7.0,0
125114,1,17,17,0.11764705882352941,9.0,1
125122,1,23,23,0.8260869565217391,12.0,1
125132,1,17,17,0.5294117647058824,9.0,1
125139,1,3,3,0.0,2.0,0
125140,1,6,6,0.6666666666666666,3.5,0
125152,1,1,1,1.0,1.0,0
125155,1,9,9,0.8888888888888888,5.0,0
125171,1,6,6,0.5,3.5,0
125187,1,14,14,0.7142857142857143,7.5,0
125188,1,20,20,0.6,10.5,1
125199,1,9,9,0.2222222222222222,5.0,0
125200,1,9,9,0.5555555555555556,5.0,0
125205,1,18,18,0.5555555555555556,9.5,1
125207,1,2,2,1.0,1.5,0
125212,2,34,30,0.29411764705882354,9.0,1
125220,1,28,28,0.0,14.5,1
125239,1,2,2,0.5,1.5,0
125242,1,6,6,0.6666666666666666,3.5,0
125245,1,1,1,1.0,1.0,0
125257,1,6,6,0.8333333333333334,3.5,0
125263,1,1,1,0.0,1.0,0
125271,1,5,5,0.8,3.0,0
125272,1,22,22,0.7727272727272727,11.5,1
125274,1,5,5,0.6,3.0,0
125280,1,2,2,1.0,1.5,0
125291,1,24,24,0.0,12.5,1
125292,1,16,16,0.75,8.5,1
125313,1,5,5,0.8,3.0,0
125314,1,15,15,1.0,8.0,1
125364,1,14,14,0.7857142857142857,7.5,0
125376,1,5,5,0.4,3.0,0
125424,1,23,23,0.6521739130434783,12.0,1
125432,1,4,4,0.5,2.5,0
125439,1,7,7,0.7142857142857143,4.0,0
125446,1,13,13,0.7692307692307693,7.0,0
125449,1,5,5,0.6,3.0,0
125458,1,9,9,0.5555555555555556,5.0,0
125460,1,4,4,1.0,2.5,0
125464,1,3,3,0.3333333333333333,2.0,0
125473,1,3,3,0.0,2.0,0
125492,1,6,6,1.0,3.5,0
125497,1,12,12,0.6666666666666666,6.5,0
125512,1,1,1,1.0,1.0,0
125514,1,4,4,0.25,2.5,0
125515,1,9,9,0.4444444444444444,5.0,0
125525,1,12,12,1.0,6.5,0
125546,1,6,6,0.6666666666666666,3.5,0
125553,1,8,8,0.0,4.5,0
125586,1,2,2,0.0,1.5,0
125600,1,1,1,0.0,1.0,0
125623,1,4,4,1.0,2.5,0
125652,1,17,17,1.0,9.0,1
125656,1,26,26,1.0,13.5,1
125657,1,11,11,0.5454545454545454,6.0,0
125662,1,32,32,0.9375,16.5,1
125664,1,15,15,0.4666666666666667,8.0,1
125667,1,9,9,0.4444444444444444,5.0,0
125668,2,15,14,0.6,4.666666666666667,1
125693,1,29,29,0.6896551724137931,15.0,1
125715,1,8,8,0.875,4.5,0
125757,1,13,13,0.7692307692307693,7.0,0
125769,1,5,5,0.8,3.0,0
125780,1,7,7,0.0,4.0,0
125791,1,1,1,1.0,1.0,0
125797,1,4,4,1.0,2.5,0
125807,1,11,11,0.0,6.0,0
125836,1,10,10,0.6,5.5,0
125863,1,1,1,1.0,1.0,0
125881,1,8,8,0.625,4.5,0
125886,1,12,12,0.6666666666666666,6.5,0
125906,1,10,10,0.0,5.5,0
125911,1,6,6,0.0,3.5,0
125917,1,1,1,1.0,1.0,0
125918,1,7,7,0.8571428571428571,4.0,0
125920,1,6,6,0.6666666666666666,3.5,0
125921,1,7,7,0.2857142857142857,4.0,0
125923,1,2,2,0.0,1.5,0
125933,1,15,15,0.6666666666666666,8.0,1
125944,1,8,8,0.375,4.5,0
125956,1,4,4,0.5,2.5,0
125960,1,8,8,0.75,4.5,0
125967,1,21,21,0.7142857142857143,11.0,1
125976,1,8,8,0.0,4.5,0
125978,1,13,13,0.8461538461538461,7.0,0
125983,1,10,10,0.0,5.5,0
125985,1,13,13,0.8461538461538461,7.0,0
125988,1,6,6,0.0,3.5,0
126015,1,2,2,1.0,1.5,0
126043,1,22,22,0.0,11.5,1
126050,1,9,9,0.3333333333333333,5.0,0
126054,1,9,9,0.4444444444444444,5.0,0
126066,1,2,2,1.0,1.5,0
126067,1,3,3,1.0,2.0,0
126072,1,8,8,0.5,4.5,0
126109,1,1,1,0.0,1.0,0
126123,2,27,26,0.48148148148148145,7.333333333333333,1
126126,1,15,15,0.7333333333333333,8.0,1
126138,1,3,3,1.0,2.0,0
126154,1,15,15,0.6666666666666666,8.0,1
126186,1,3,3,1.0,2.0,0
126209,1,7,7,0.8571428571428571,4.0,0
126216,1,4,4,1.0,2.5,0
126235,1,4,4,1.0,2.5,0
126236,1,11,11,1.0,6.0,0
126241,1,9,9,0.2222222222222222,5.0,0
126250,1,3,3,0.0,2.0,0
126256,1,47,47,0.2765957446808511,24.0,1
126272,2,32,29,0.90625,11.625,1
126290,1,14,14,0.14285714285714285,7.5,0
126307,1,9,9,0.0,5.0,0
126311,1,7,7,1.0,4.0,0
126382,1,3,3,0.6666666666666666,2.0,0
126398,1,14,14,0.9285714285714286,7.5,0
126405,1,28,28,0.8928571428571429,14.5,1
126408,1,11,11,0.45454545454545453,6.0,0
126410,1,8,8,0.75,4.5,0
126413,1,9,9,1.0,5.0,0
126415,1,18,18,0.8333333333333334,9.5,1
126419,1,12,12,0.5833333333333334,6.5,0
126428,1,7,7,0.7142857142857143,4.0,0
126435,1,19,19,0.0,10.0,1
126448,1,36,36,0.4722222222222222,18.5,1
126455,1,15,15,1.0,8.0,1
126472,1,12,12,0.25,6.5,0
126478,1,5,5,0.0,3.0,0
126486,1,6,6,0.5,3.5,0
126495,1,8,8,0.375,4.5,0
126526,1,9,9,0.0,5.0,0
126527,1,12,12,0.5,6.5,0
126535,1,23,23,0.7391304347826086,12.0,1
126540,1,8,8,0.25,4.5,0
126562,1,10,10,0.3,5.5,0
126569,1,9,9,0.8888888888888888,5.0,0
126574,1,14,14,0.5,7.5,0
126587,1,6,6,1.0,3.5,0
126590,2,37,33,0.7567567567567568,9.756756756756756,1
126596,1,13,13,0.6923076923076923,7.0,0
126599,1,2,2,0.0,1.5,0
126617,1,12,12,0.0,6.5,0
126619,1,22,22,0.36363636363636365,11.5,1
126625,2,19,18,0.42105263157894735,7.473684210526316,1
126635,1,8,8,0.0,4.5,0
126651,1,4,4,0.5,2.5,0
126711,1,2,2,0.5,1.5,0
126712,1,4,4,1.0,2.5,0
126715,2,28,24,0.8214285714285714,7.642857142857143,1
126720,1,5,5,0.8,3.0,0
126751,2,7,6,0.7142857142857143,2.2857142857142856,0
126755,1,3,3,0.3333333333333333,2.0,0
126787,1,10,10,0.6,5.5,0
126824,2,39,36,0.3333333333333333,10.307692307692308,1
126874,1,9,9,0.2222222222222222,5.0,0
126887,1,6,6,0.3333333333333333,3.5,0
126889,1,8,8,0.75,4.5,0
126891,1,7,7,0.7142857142857143,4.0,0
126892,1,3,3,0.3333333333333333,2.0,0
126918,1,13,13,0.0,7.0,0
126921,1,10,10,0.2,5.5,0
126933,1,1,1,1.0,1.0,0
126947,1,5,5,1.0,3.0,0
126955,1,15,15,0.4,8.0,1
126994,1,13,13,0.3076923076923077,7.0,0
126998,1,6,6,0.5,3.5,0
127000,1,4,4,1.0,2.5,0
127009,1,13,13,0.6153846153846154,7.0,0
127010,1,8,8,0.75,4.5,0
127018,1,10,10,0.8,5.5,0
127030,1,10,10,0.3,5.5,0
127031,1,11,11,0.0,6.0,0
127046,1,13,13,0.6923076923076923,7.0,0
127049,1,6,6,1.0,3.5,0
127072,1,8,8,0.5,4.5,0
127081,2,9,9,0.5555555555555556,3.4444444444444446,0
127100,1,8,8,0.5,4.5,0
127105,1,18,18,0.1111111111111111,9.5,1
127125,1,7,7,0.8571428571428571,4.0,0
127160,1,5,5,0.6,3.0,0
127173,1,13,13,0.6923076923076923,7.0,0
127205,1,5,5,0.0,3.0,0
127211,1,20,20,0.45,10.5,1
127225,1,1,1,1.0,1.0,0
127229,1,9,9,0.7777777777777778,5.0,0
127244,1,29,29,0.5172413793103449,15.0,1
127272,1,10,10,1.0,5.5,0
127311,1,8,8,0.125,4.5,0
127318,1,3,3,1.0,2.0,0
127336,1,5,5,1.0,3.0,0
127356,1,14,14,0.0,7.5,0
127362,1,14,14,0.14285714285714285,7.5,0
127364,1,11,11,0.5454545454545454,6.0,0
127374,1,29,29,0.41379310344827586,15.0,1
127375,1,5,5,1.0,3.0,0
127378,1,6,6,0.0,3.5,0
127387,1,8,8,0.25,4.5,0
127410,1,16,16,0.1875,8.5,1
127412,2,17,16,0.7058823529411765,4.764705882352941,1
127423,1,2,2,1.0,1.5,0
127427,3,39,31,0.8205128205128205,7.102564102564102,1
127428,1,7,7,0.2857142857142857,4.0,0
127433,1,9,9,0.3333333333333333,5.0,0
127440,1,7,7,0.14285714285714285,4.0,0
127446,1,12,12,0.9166666666666666,6.5,0
127481,1,17,17,0.7058823529411765,9.0,1
127487,1,7,7,0.7142857142857143,4.0,0
127495,1,1,1,1.0,1.0,0
127503,1,17,17,0.0,9.0,1
127513,1,6,6,0.16666666666666666,3.5,0
127522,1,22,22,0.36363636363636365,11.5,1
127523,2,11,10,0.7272727272727273,3.272727272727273,0
127525,2,72,65,0.5555555555555556,18.72222222222222,1
127529,1,8,8,0.75,4.5,0
127532,1,7,7,0.2857142857142857,4.0,0
127541,1,2,2,0.0,1.5,0
127547,1,4,4,1.0,2.5,0
127557,1,7,7,0.5714285714285714,4.0,0
127577,1,1,1,1.0,1.0,0
127584,1,19,19,0.47368421052631576,10.0,1
127663,1,6,6,0.8333333333333334,3.5,0
127670,1,11,11,0.7272727272727273,6.0,0
127673,1,17,17,0.5294117647058824,9.0,1
127676,1,20,20,0.55,10.5,1
127680,1,3,3,0.6666666666666666,2.0,0
127687,1,24,24,1.0,12.5,1
127713,1,12,12,0.0,6.5,0
127730,1,9,9,0.0,5.0,0
127731,1,11,11,0.8181818181818182,6.0,0
127757,1,16,16,0.5,8.5,1
127773,1,6,6,1.0,3.5,0
127784,1,12,12,0.5,6.5,0
127792,1,5,5,0.2,3.0,0
127794,1,1,1,0.0,1.0,0
127807,1,2,2,1.0,1.5,0
127811,1,5,5,0.0,3.0,0
127817,1,2,2,0.0,1.5,0
127820,1,9,9,0.5555555555555556,5.0,0
127848,1,7,7,1.0,4.0,0
127858,1,2,2,0.5,1.5,0
127867,1,15,15,0.2,8.0,1
127868,1,16,16,0.875,8.5,1
127870,1,10,10,0.3,5.5,0
127890,2,12,11,0.9166666666666666,3.5,0
127899,1,3,3,0.6666666666666666,2.0,0
127906,1,8,8,0.5,4.5,0
127913,1,4,4,0.0,2.5,0
127915,2,19,18,0.631578947368421,6.842105263157895,1
127930,1,14,14,0.42857142857142855,7.5,0
127951,1,10,10,0.8,5.5,0
127970,1,5,5,0.4,3.0,0
127975,1,9,9,0.6666666666666666,5.0,0
127988,1,5,5,1.0,3.0,0
128019,2,7,5,0.42857142857142855,2.2857142857142856,0
128049,1,14,14,0.7857142857142857,7.5,0
128073,1,7,7,1.0,4.0,0
128076,1,31,31,0.8387096774193549,16.0,1
128106,1,9,9,0.5555555555555556,5.0,0
128143,2,13,12,0.6923076923076923,3.769230769230769,0
128164,1,6,6,0.5,3.5,0
128169,1,7,7,0.7142857142857143,4.0,0
128194,1,5,5,1.0,3.0,0
128198,1,9,9,0.5555555555555556,5.0,0
128200,1,20,20,0.8,10.5,1
128213,1,4,4,0.25,2.5,0
128243,1,5,5,0.0,3.0,0
128246,1,18,18,0.7777777777777778,9.5,1
128254,1,4,4,0.75,2.5,0
128263,1,7,7,0.7142857142857143,4.0,0
128292,1,19,19,0.10526315789473684,10.0,1
128295,1,10,10,0.2,5.5,0
128305,1,8,8,0.375,4.5,0
128317,1,1,1,0.0,1.0,0
128324,1,8,8,0.875,4.5,0
128333,1,8,8,0.5,4.5,0
128335,1,5,5,0.4,3.0,0
128338,1,6,6,0.5,3.5,0
128339,1,6,6,0.0,3.5,0
128347,1,5,5,0.6,3.0,0
128350,1,5,5,0.2,3.0,0
128354,1,18,18,1.0,9.5,1
128356,1,16,16,0.875,8.5,1
128359,2,28,26,0.8928571428571429,8.392857142857142,1
128366,1,5,5,0.8,3.0,0
128388,1,12,12,0.9166666666666666,6.5,0
128389,1,24,24,0.16666666666666666,12.5,1
128437,1,5,5,1.0,3.0,0
128480,1,9,9,0.4444444444444444,5.0,0
128514,1,7,7,0.0,4.0,0
128523,1,7,7,1.0,4.0,0
128537,1,9,9,0.0,5.0,0
128541,1,13,13,0.0,7.0,0
128559,1,2,2,0.5,1.5,0
128566,1,5,5,0.6,3.0,0
128568,1,17,17,0.8823529411764706,9.0,1
128581,1,6,6,0.0,3.5,0
128608,1,9,9,0.2222222222222222,5.0,0
128623,1,23,23,0.5217391304347826,12.0,1
128624,1,12,12,0.6666666666666666,6.5,0
128627,1,35,35,0.9428571428571428,18.0,1
128638,1,6,6,0.3333333333333333,3.5,0
128665,2,6,4,1.0,2.1666666666666665,0
128678,1,1,1,1.0,1.0,0
128693,1,6,6,0.0,3.5,0
128709,1,4,4,1.0,2.5,0
128710,2,6,4,0.8333333333333334,2.1666666666666665,0
128719,1,1,1,1.0,1.0,0
128727,1,13,13,0.9230769230769231,7.0,0
128735,1,6,6,0.5,3.5,0
128767,1,6,6,0.8333333333333334,3.5,0
128777,1,22,22,0.0,11.5,1
128792,1,10,10,0.4,5.5,0
128793,1,1,1,1.0,1.0,0
128799,2,32,22,0.8125,8.625,1
128827,1,8,8,0.75,4.5,0
128874,1,9,9,0.0,5.0,0
128876,1,9,9,1.0,5.0,0
128883,1,6,6,0.5,3.5,0
128887,1,12,12,0.16666666666666666,6.5,0
128894,1,2,2,1.0,1.5,0
128912,1,3,3,0.0,2.0,0
128922,1,2,2,0.5,1.5,0
128965,1,4,4,0.0,2.5,0
128974,1,12,12,1.0,6.5,0
128979,1,7,7,0.14285714285714285,4.0,0
128987,1,7,7,0.8571428571428571,4.0,0
129024,1,9,9,0.7777777777777778,5.0,0
129029,2,12,9,0.9166666666666666,3.5833333333333335,0
129044,1,16,16,0.4375,8.5,1
129048,1,6,6,0.5,3.5,0
129080,1,17,17,0.8235294117647058,9.0,1
129081,1,14,14,0.5714285714285714,7.5,0
129092,1,14,14,0.21428571428571427,7.5,0
129127,1,23,23,0.782608695652174,12.0,1
129131,1,2,2,0.0,1.5,0
129140,1,13,13,0.6923076923076923,7.0,0
129151,1,6,6,0.16666666666666666,3.5,0
129168,2,6,6,0.8333333333333334,2.1666666666666665,0
129190,1,3,3,0.0,2.0,0
129196,2,19,18,0.5263157894736842,7.473684210526316,1
129211,1,13,13,1.0,7.0,0
129225,1,5,5,0.8,3.0,0
129234,1,12,12,1.0,6.5,0
129235,1,19,19,0.47368421052631576,10.0,1
129237,1,25,25,0.64,13.0,1
129247,2,10,8,0.8,3.1,0
129258,1,4,4,0.0,2.5,0
129266,2,36,25,0.8333333333333334,9.944444444444445,1
129280,1,6,6,0.5,3.5,0
129287,1,3,3,1.0,2.0,0
129294,1,17,17,0.47058823529411764,9.0,1
129299,1,27,27,0.8518518518518519,14.0,1
129307,1,12,12,0.8333333333333334,6.5,0
129309,1,24,24,0.7083333333333334,12.5,1
129338,1,6,6,0.6666666666666666,3.5,0
129348,2,18,18,0.5,5.888888888888889,1
129380,1,19,19,0.3684210526315789,10.0,1
129386,1,7,7,0.14285714285714285,4.0,0
129389,1,27,27,0.5925925925925926,14.0,1
129394,1,10,10,0.5,5.5,0
129397,1,5,5,1.0,3.0,0
129417,1,19,19,0.42105263157894735,10.0,1
129419,1,7,7,0.8571428571428571,4.0,0
129429,1,1,1,1.0,1.0,0
129475,1,11,11,0.7272727272727273,6.0,0
129488,2,20,20,0.45,5.55,1
129512,1,1,1,1.0,1.0,0
129515,1,2,2,0.5,1.5,0
129536,1,13,13,0.5384615384615384,7.0,0
129540,1,3,3,0.3333333333333333,2.0,0
129541,1,5,5,0.6,3.0,0
129548,1,20,20,0.25,10.5,1
129552,1,21,21,0.5714285714285714,11.0,1
129571,1,8,8,0.0,4.5,0
129577,1,7,7,0.5714285714285714,4.0,0
129579,1,3,3,0.6666666666666666,2.0,0
129630,2,14,10,1.0,4.642857142857143,0
129631,1,8,8,0.0,4.5,0
129639,1,4,4,0.5,2.5,0
129647,1,3,3,0.3333333333333333,2.0,0
129654,2,5,5,0.6,2.2,0
129707,1,1,1,0.0,1.0,0
129712,1,3,3,1.0,2.0,0
129735,1,6,6,1.0,3.5,0
129747,1,5,5,0.8,3.0,0
129749,2,20,19,0.55,6.75,1
129783,1,17,17,1.0,9.0,1
129784,1,6,6,0.8333333333333334,3.5,0
129791,1,9,9,0.4444444444444444,5.0,0
129802,1,7,7,0.2857142857142857,4.0,0
129805,1,9,9,0.1111111111111111,5.0,0
129809,1,11,11,0.2727272727272727,6.0,0
129824,1,14,14,0.6428571428571429,7.5,0
129843,1,5,5,0.6,3.0,0
129846,1,9,9,0.6666666666666666,5.0,0
129867,2,15,9,0.7333333333333333,4.266666666666667,0
129871,1,6,6,1.0,3.5,0
129896,1,3,3,1.0,2.0,0
129906,1,10,10,1.0,5.5,0
129927,1,4,4,0.75,2.5,0
129958,1,27,27,0.0,14.0,1
129961,1,8,8,0.125,4.5,0
129963,1,6,6,0.0,3.5,0
129966,1,8,8,0.875,4.5,0
129974,1,19,19,0.42105263157894735,10.0,1
129992,1,16,16,0.6875,8.5,1
129995,1,4,4,0.75,2.5,0
130009,1,17,17,0.7058823529411765,9.0,1
130033,1,8,8,0.75,4.5,0
130036,1,8,8,1.0,4.5,0
130127,1,2,2,0.5,1.5,0
130177,1,15,15,0.4,8.0,1
130179,1,2,2,0.0,1.5,0
130181,1,6,6,0.8333333333333334,3.5,0
130182,1,23,23,0.391304347826087,12.0,1
130211,1,7,7,0.42857142857142855,4.0,0
130239,1,14,14,0.5714285714285714,7.5,0
130244,1,9,9,0.8888888888888888,5.0,0
130245,1,10,10,0.3,5.5,0
130266,1,10,10,0.1,5.5,0
130271,2,14,14,0.2857142857142857,5.142857142857143,1
130277,1,8,8,0.75,4.5,0
130284,2,22,19,0.9090909090909091,6.409090909090909,1
130295,1,6,6,0.0,3.5,0
130312,1,13,13,0.0,7.0,0
130326,1,1,1,1.0,1.0,0
130329,1,3,3,0.0,2.0,0
130332,1,6,6,0.6666666666666666,3.5,0
130342,3,8,6,0.875,2.125,0
130393,1,34,34,0.5882352941176471,17.5,1
130445,1,1,1,1.0,1.0,0
130461,1,8,8,0.125,4.5,0
130467,2,14,12,1.0,4.071428571428571,0
130489,1,9,9,0.3333333333333333,5.0,0
130510,1,13,13,1.0,7.0,0
130556,1,6,6,0.6666666666666666,3.5,0
130567,1,2,2,1.0,1.5,0
130571,1,8,8,0.625,4.5,0
130572,1,3,3,0.0,2.0,0
130588,1,27,27,0.6296296296296297,14.0,1
130597,1,8,8,0.125,4.5,0
130599,1,6,6,0.8333333333333334,3.5,0
130634,1,25,25,0.08,13.0,1
130654,1,1,1,0.0,1.0,0
130657,1,11,11,0.9090909090909091,6.0,0
130662,1,12,12,0.16666666666666666,6.5,0
130675,1,8,8,0.0,4.5,0
130694,1,9,9,0.3333333333333333,5.0,0
130696,1,7,7,0.42857142857142855,4.0,0
130715,1,29,29,0.5517241379310345,15.0,1
130732,1,7,7,0.0,4.0,0
130739,1,18,18,0.7222222222222222,9.5,1
130749,1,2,2,0.5,1.5,0
130753,1,5,5,0.8,3.0,0
130762,2,37,32,0.8648648648648649,10.08108108108108,1
130778,1,5,5,0.0,3.0,0
130792,1,16,16,0.3125,8.5,1
130802,1,3,3,1.0,2.0,0
130803,2,14,8,0.9285714285714286,4.071428571428571,0
130809,1,9,9,0.8888888888888888,5.0,0
130825,1,20,20,0.4,10.5,1
130845,1,8,8,0.125,4.5,0
130847,1,14,14,0.14285714285714285,7.5,0
130851,1,9,9,0.0,5.0,0
130865,1,10,10,0.6,5.5,0
130868,1,10,10,0.0,5.5,0
130871,1,9,9,0.1111111111111111,5.0,0
130886,1,8,8,0.5,4.5,0
130903,1,29,29,0.7241379310344828,15.0,1
130912,1,6,6,1.0,3.5,0
130914,1,3,3,0.0,2.0,0
130915,3,21,18,0.9523809523809523,4.904761904761905,1
130939,1,4,4,1.0,2.5,0
130967,1,28,28,0.32142857142857145,14.5,1
130982,2,43,37,0.627906976744186,11.534883720930232,1
130986,2,25,22,0.72,6.76,1
131004,1,6,6,0.6666666666666666,3.5,0
131014,1,19,19,0.7368421052631579,10.0,1
131033,1,4,4,1.0,2.5,0
131057,1,7,7,0.5714285714285714,4.0,0
131058,2,13,13,0.38461538461538464,4.230769230769231,0
131086,1,8,8,0.625,4.5,0
131093,2,49,45,0.8775510204081632,12.795918367346939,1
131095,1,4,4,1.0,2.5,0
131110,1,7,7,0.42857142857142855,4.0,0
131119,1,6,6,0.3333333333333333,3.5,0
131120,1,8,8,0.125,4.5,0
131121,1,2,2,0.0,1.5,0
131124,1,3,3,0.6666666666666666,2.0,0
131125,2,15,13,0.8,4.4,0
131137,1,22,22,0.45454545454545453,11.5,1
131138,1,7,7,0.42857142857142855,4.0,0
131156,1,6,6,0.16666666666666666,3.5,0
131187,1,19,19,0.47368421052631576,10.0,1
131203,1,9,9,0.6666666666666666,5.0,0
131204,1,1,1,1.0,1.0,0
131215,1,7,7,0.2857142857142857,4.0,0
131234,1,7,7,0.7142857142857143,4.0,0
131235,1,11,11,0.18181818181818182,6.0,0
131239,1,11,11,0.9090909090909091,6.0,0
131269,1,3,3,0.6666666666666666,2.0,0
131306,1,31,31,0.0967741935483871,16.0,1
131309,1,16,16,0.3125,8.5,1
131329,1,7,7,0.42857142857142855,4.0,0
131368,1,6,6,0.8333333333333334,3.5,0
131370,1,6,6,0.5,3.5,0
131371,1,2,2,0.0,1.5,0
131376,1,4,4,0.75,2.5,0
131385,1,23,23,0.9130434782608695,12.0,1
131387,1,3,3,1.0,2.0,0
131399,1,5,5,0.4,3.0,0
131400,1,6,6,0.3333333333333333,3.5,0
131416,1,8,8,1.0,4.5,0
131432,1,10,10,0.9,5.5,0
131464,1,10,10,0.0,5.5,0
131500,2,14,12,0.8571428571428571,4.0,0
131504,1,9,9,0.0,5.0,0
131512,1,15,15,0.4,8.0,1
131526,1,9,9,0.8888888888888888,5.0,0
131529,2,40,36,0.925,11.125,1
131535,1,5,5,0.4,3.0,0
131547,1,8,8,0.5,4.5,0
131584,1,14,14,0.21428571428571427,7.5,0
131593,1,14,14,0.6428571428571429,7.5,0
131597,1,30,30,0.36666666666666664,15.5,1
131618,1,3,3,0.6666666666666666,2.0,0
131626,1,7,7,0.5714285714285714,4.0,0
131634,1,5,5,1.0,3.0,0
131641,1,6,6,0.16666666666666666,3.5,0
131661,1,9,9,0.1111111111111111,5.0,0
131675,2,27,25,0.4444444444444444,9.333333333333334,1
131692,1,37,37,0.7567567567567568,19.0,1
131699,1,10,10,0.8,5.5,0
131714,1,17,17,0.8823529411764706,9.0,1
131716,1,14,14,0.5,7.5,0
131725,1,3,3,1.0,2.0,0
131726,1,26,26,0.8846153846153846,13.5,1
131733,1,12,12,0.5833333333333334,6.5,0
131771,1,5,5,0.2,3.0,0
131796,1,6,6,0.6666666666666666,3.5,0
131798,1,9,9,0.0,5.0,0
131801,1,9,9,0.5555555555555556,5.0,0
131814,1,6,6,0.3333333333333333,3.5,0
131817,1,7,7,0.5714285714285714,4.0,0
131826,1,14,14,0.42857142857142855,7.5,0
131841,1,2,2,1.0,1.5,0
131864,1,11,11,0.8181818181818182,6.0,0
131865,1,5,5,0.8,3.0,0
131868,1,25,25,0.56,13.0,1
131880,1,14,14,0.7142857142857143,7.5,0
131889,1,9,9,0.0,5.0,0
131890,1,9,9,0.0,5.0,0
131893,1,5,5,0.4,3.0,0
131904,1,6,6,1.0,3.5,0
131905,1,18,18,0.7777777777777778,9.5,1
131909,1,13,13,0.3076923076923077,7.0,0
131915,1,13,13,0.15384615384615385,7.0,0
131916,1,3,3,1.0,2.0,0
131919,1,10,10,0.0,5.5,0
131924,1,8,8,0.375,4.5,0
131927,1,13,13,0.6153846153846154,7.0,0
131936,1,16,16,0.25,8.5,1
131938,1,3,3,0.0,2.0,0
131943,1,4,4,0.0,2.5,0
131958,1,5,5,0.8,3.0,0
131967,2,7,7,0.7142857142857143,2.5714285714285716,0
131970,1,6,6,0.3333333333333333,3.5,0
131981,2,23,20,0.6521739130434783,6.260869565217392,1
132006,1,14,14,0.5714285714285714,7.5,0
132007,2,39,38,0.7692307692307693,10.564102564102564,1
132021,2,2,2,1.0,1.0,0
132026,1,7,7,0.42857142857142855,4.0,0
132057,1,19,19,0.631578947368421,10.0,1
132065,1,4,4,0.25,2.5,0
132066,1,38,38,0.5789473684210527,19.5,1
132067,1,6,6,0.8333333333333334,3.5,0
132069,2,35,31,0.4,10.114285714285714,1
132077,1,11,11,0.0,6.0,0
132099,1,4,4,1.0,2.5,0
132136,1,5,5,0.0,3.0,0
132187,1,18,18,0.6111111111111112,9.5,1
132235,1,13,13,0.38461538461538464,7.0,0
132240,1,7,7,1.0,4.0,0
132251,1,6,6,0.8333333333333334,3.5,0
132274,1,14,14,0.7857142857142857,7.5,0
132276,1,4,4,0.5,2.5,0
132282,1,13,13,1.0,7.0,0
132328,1,15,15,0.0,8.0,1
132379,2,5,5,0.0,1.8,0
132382,1,14,14,0.7142857142857143,7.5,0
132402,1,2,2,1.0,1.5,0
132409,1,10,10,0.9,5.5,0
132424,2,28,27,0.25,7.5,1
132453,1,3,3,0.6666666666666666,2.0,0
132507,1,2,2,0.0,1.5,0
132519,1,21,21,0.42857142857142855,11.0,1
132524,1,1,1,1.0,1.0,0
132566,1,4,4,0.5,2.5,0
132572,1,8,8,0.625,4.5,0
132581,1,6,6,1.0,3.5,0
132582,1,6,6,0.16666666666666666,3.5,0
132598,1,7,7,0.42857142857142855,4.0,0
132613,1,7,7,0.5714285714285714,4.0,0
132616,1,17,17,0.17647058823529413,9.0,1
132628,1,1,1,1.0,1.0,0
132640,1,31,31,0.5161290322580645,16.0,1
132646,1,3,3,0.6666666666666666,2.0,0
132666,1,13,13,0.46153846153846156,7.0,0
132668,1,3,3,1.0,2.0,0
132679,1,6,6,0.0,3.5,0
132697,1,12,12,0.5,6.5,0
132699,1,9,9,0.3333333333333333,5.0,0
132703,1,15,15,0.8,8.0,1
132704,1,14,14,0.42857142857142855,7.5,0
132710,1,29,29,0.6551724137931034,15.0,1
132712,1,6,6,1.0,3.5,0
132729,2,28,25,0.14285714285714285,8.785714285714286,1
132750,1,4,4,0.5,2.5,0
132771,1,4,4,0.75,2.5,0
132786,1,6,6,0.0,3.5,0
132815,1,17,17,0.7647058823529411,9.0,1
132823,1,5,5,0.2,3.0,0
132836,1,11,11,0.9090909090909091,6.0,0
132837,1,5,5,0.2,3.0,0
132844,1,27,27,0.9629629629629629,14.0,1
132846,1,10,10,0.4,5.5,0
132849,1,6,6,0.6666666666666666,3.5,0
132856,1,11,11,0.2727272727272727,6.0,0
132863,1,20,20,1.0,10.5,1
132866,1,12,12,0.6666666666666666,6.5,0
132875,1,13,13,0.6153846153846154,7.0,0
132877,1,1,1,0.0,1.0,0
132888,1,4,4,0.25,2.5,0
132910,1,5,5,0.6,3.0,0
132940,2,29,29,0.2413793103448276,8.448275862068966,1
132941,1,9,9,0.1111111111111111,5.0,0
132942,1,7,7,0.8571428571428571,4.0,0
132951,1,30,30,0.9333333333333333,15.5,1
132957,1,5,5,1.0,3.0,0
132970,1,2,2,0.0,1.5,0
132972,1,6,6,0.6666666666666666,3.5,0
132978,1,26,26,0.9615384615384616,13.5,1
132989,1,7,7,0.5714285714285714,4.0,0
133008,1,11,11,0.9090909090909091,6.0,0
133016,1,8,8,1.0,4.5,0
133045,1,18,18,0.7777777777777778,9.5,1
133056,1,11,11,0.0,6.0,0
133061,1,3,3,0.6666666666666666,2.0,0
133066,1,4,4,0.75,2.5,0
133077,1,3,3,0.3333333333333333,2.0,0
133088,1,3,3,1.0,2.0,0
133091,1,33,33,0.0,17.0,1
133107,1,35,35,0.8571428571428571,18.0,1
133139,1,7,7,1.0,4.0,0
133159,1,8,8,1.0,4.5,0
133176,1,15,15,0.4,8.0,1
133177,1,16,16,0.1875,8.5,1
133182,1,8,8,0.875,4.5,0
133183,1,12,12,0.5,6.5,0
133193,1,1,1,1.0,1.0,0
133196,1,8,8,0.625,4.5,0
133233,1,7,7,1.0,4.0,0
133235,2,25,22,0.96,7.96,1
133245,1,17,17,0.5294117647058824,9.0,1
133286,1,1,1,0.0,1.0,0
133298,1,11,11,1.0,6.0,0
133301,1,7,7,1.0,4.0,0
133314,1,2,2,0.5,1.5,0
133335,1,4,4,0.0,2.5,0
133348,1,12,12,0.0,6.5,0
133356,1,2,2,0.5,1.5,0
133367,1,7,7,0.0,4.0,0
133394,1,9,9,0.5555555555555556,5.0,0
133395,1,5,5,0.4,3.0,0
133398,1,8,8,0.0,4.5,0
133413,1,2,2,0.5,1.5,0
133414,1,10,10,0.8,5.5,0
133422,1,11,11,0.45454545454545453,6.0,0
133447,2,16,13,0.875,4.5,1
133464,1,12,12,0.75,6.5,0
133470,1,9,9,0.0,5.0,0
133484,1,7,7,0.14285714285714285,4.0,0
133511,1,12,12,0.0,6.5,0
133515,1,8,8,0.125,4.5,0
133522,1,6,6,1.0,3.5,0
133531,1,21,21,0.8571428571428571,11.0,1
133565,1,11,11,0.45454545454545453,6.0,0
133567,1,1,1,0.0,1.0,0
133575,1,7,7,0.7142857142857143,4.0,0
133590,1,25,25,0.8,13.0,1
133601,1,6,6,0.6666666666666666,3.5,0
133640,2,16,16,0.4375,4.75,1
133642,1,2,2,0.5,1.5,0
133649,1,11,11,0.09090909090909091,6.0,0
133654,1,18,18,0.5,9.5,1
133671,1,11,11,0.36363636363636365,6.0,0
133695,1,21,21,0.6666666666666666,11.0,1
133716,1,7,7,1.0,4.0,0
133719,1,21,21,0.47619047619047616,11.0,1
133729,1,7,7,0.0,4.0,0
133767,1,3,3,1.0,2.0,0
133780,1,4,4,1.0,2.5,0
133788,1,7,7,0.7142857142857143,4.0,0
133806,1,6,6,0.16666666666666666,3.5,0
133810,2,23,20,0.6956521739130435,6.260869565217392,1
133814,1,17,17,0.29411764705882354,9.0,1
133817,1,4,4,0.75,2.5,0
133826,1,2,2,0.5,1.5,0
133837,1,3,3,0.3333333333333333,2.0,0
133839,1,5,5,0.0,3.0,0
133849,1,38,38,0.7631578947368421,19.5,1
133875,1,6,6,0.5,3.5,0
133886,1,1,1,0.0,1.0,0
133889,1,9,9,0.1111111111111111,5.0,0
133890,1,7,7,0.7142857142857143,4.0,0
133892,1,24,24,0.9166666666666666,12.5,1
133896,1,4,4,1.0,2.5,0
133914,1,9,9,0.3333333333333333,5.0,0
133918,1,5,5,1.0,3.0,0
133925,1,8,8,0.5,4.5,0
133935,1,2,2,1.0,1.5,0
133937,1,10,10,0.4,5.5,0
133942,1,8,8,0.625,4.5,0
133954,1,1,1,0.0,1.0,0
133968,1,16,16,0.625,8.5,1
133983,1,11,11,0.9090909090909091,6.0,0
134003,2,17,15,1.0,4.764705882352941,1
134011,1,4,4,0.75,2.5,0
134040,1,12,12,0.5833333333333334,6.5,0
134091,1,4,4,0.25,2.5,0
134136,1,6,6,0.3333333333333333,3.5,0
134142,1,5,5,0.6,3.0,0
134144,1,4,4,0.75,2.5,0
134195,1,3,3,1.0,2.0,0
134202,1,2,2,0.5,1.5,0
134204,1,4,4,0.5,2.5,0
134226,1,11,11,0.7272727272727273,6.0,0
134240,1,14,14,0.42857142857142855,7.5,0
134243,1,27,27,0.7777777777777778,14.0,1
134248,1,6,6,1.0,3.5,0
134250,1,8,8,0.5,4.5,0
134273,1,5,5,0.6,3.0,0
134286,1,13,13,0.8461538461538461,7.0,0
134305,1,18,18,0.4444444444444444,9.5,1
134329,1,6,6,0.8333333333333334,3.5,0
134330,1,5,5,0.4,3.0,0
134348,1,18,18,0.5555555555555556,9.5,1
134353,1,2,2,1.0,1.5,0
134358,1,15,15,0.26666666666666666,8.0,1
134374,1,3,3,0.6666666666666666,2.0,0
134377,1,4,4,0.75,2.5,0
134385,1,14,14,0.2857142857142857,7.5,0
134391,1,8,8,0.75,4.5,0
134411,1,2,2,1.0,1.5,0
134412,1,5,5,1.0,3.0,0
134421,1,11,11,0.8181818181818182,6.0,0
134430,1,11,11,0.36363636363636365,6.0,0
134458,1,5,5,0.4,3.0,0
134465,2,65,50,0.9230769230769231,17.215384615384615,1
134467,1,4,4,0.75,2.5,0
134473,1,4,4,1.0,2.5,0
134476,1,9,9,0.7777777777777778,5.0,0
134478,1,7,7,0.8571428571428571,4.0,0
134482,1,6,6,0.5,3.5,0
134489,1,4,4,1.0,2.5,0
134490,1,2,2,1.0,1.5,0
134511,1,29,29,0.8275862068965517,15.0,1
134525,1,4,4,1.0,2.5,0
134526,1,4,4,0.25,2.5,0
134535,1,9,9,0.4444444444444444,5.0,0
134538,2,41,36,0.2926829268292683,10.902439024390244,1
134540,1,13,13,0.3076923076923077,7.0,0
134550,1,8,8,0.0,4.5,0
134567,1,5,5,0.0,3.0,0
134597,1,14,14,1.0,7.5,0
134604,1,6,6,0.6666666666666666,3.5,0
134613,1,20,20,0.8,10.5,1
134614,2,44,41,0.5227272727272727,11.590909090909092,1
134625,2,11,10,0.45454545454545453,3.272727272727273,0
134635,1,8,8,0.25,4.5,0
134651,1,13,13,0.6923076923076923,7.0,0
134689,1,20,20,0.0,10.5,1
134700,1,16,16,0.75,8.5,1
134701,1,10,10,1.0,5.5,0
134728,1,2,2,0.5,1.5,0
134730,2,17,17,0.9411764705882353,4.882352941176471,1
134740,1,6,6,0.6666666666666666,3.5,0
134746,1,20,20,0.45,10.5,1
134759,1,20,20,0.7,10.5,1
134761,1,12,12,0.75,6.5,0
134772,1,16,16,0.5,8.5,1
134777,1,1,1,1.0,1.0,0
134782,1,15,15,0.0,8.0,1
134790,1,8,8,1.0,4.5,0
134805,1,8,8,1.0,4.5,0
134806,1,7,7,0.42857142857142855,4.0,0
134816,1,1,1,0.0,1.0,0
134834,1,9,9,1.0,5.0,0
134883,1,4,4,0.5,2.5,0
134892,1,8,8,0.375,4.5,0
134907,1,9,9,0.8888888888888888,5.0,0
134931,1,6,6,0.16666666666666666,3.5,0
134946,1,22,22,0.6818181818181818,11.5,1
134964,1,5,5,0.4,3.0,0
134968,1,8,8,0.875,4.5,0
134984,1,5,5,1.0,3.0,0
134989,1,7,7,0.42857142857142855,4.0,0
135000,1,4,4,0.75,2.5,0
135004,1,23,23,0.391304347826087,12.0,1
135012,1,3,3,0.0,2.0,0
135036,1,5,5,0.0,3.0,0
135041,1,11,11,0.7272727272727273,6.0,0
135043,1,6,6,0.5,3.5,0
135048,1,5,5,0.8,3.0,0
135052,1,7,7,0.5714285714285714,4.0,0
135062,1,4,4,0.75,2.5,0
135103,1,11,11,0.0,6.0,0
135132,1,19,19,0.7894736842105263,10.0,1
135145,1,18,18,0.8888888888888888,9.5,1
135149,1,3,3,0.0,2.0,0
135168,1,9,9,0.8888888888888888,5.0,0
135169,1,13,13,0.9230769230769231,7.0,0
135190,1,9,9,0.7777777777777778,5.0,0
135199,1,4,4,0.75,2.5,0
135247,1,10,10,0.5,5.5,0
135258,1,7,7,0.5714285714285714,4.0,0
135260,1,2,2,1.0,1.5,0
135261,1,8,8,0.875,4.5,0
135283,1,4,4,0.5,2.5,0
135299,1,7,7,0.14285714285714285,4.0,0
135347,2,9,9,0.3333333333333333,3.4444444444444446,0
135365,1,10,10,1.0,5.5,0
135367,1,8,8,0.625,4.5,0
135379,1,4,4,1.0,2.5,0
135385,2,28,20,0.7857142857142857,7.642857142857143,1
135410,2,61,54,0.819672131147541,15.754098360655737,1
135411,1,3,3,0.3333333333333333,2.0,0
135419,1,8,8,0.875,4.5,0
135432,1,16,16,0.8125,8.5,1
135433,1,16,16,0.75,8.5,1
135434,1,8,8,1.0,4.5,0
135440,1,4,4,0.5,2.5,0
135442,1,15,15,0.5333333333333333,8.0,1
135450,1,2,2,0.5,1.5,0
135483,1,14,14,0.7142857142857143,7.5,0
135494,1,27,27,0.8148148148148148,14.0,1
135517,1,9,9,0.0,5.0,0
135521,1,10,10,0.5,5.5,0
135524,1,5,5,0.6,3.0,0
135548,1,20,20,0.9,10.5,1
135579,1,10,10,0.5,5.5,0
135587,1,4,4,1.0,2.5,0
135596,1,2,2,0.0,1.5,0
135628,1,6,6,1.0,3.5,0
135633,1,7,7,1.0,4.0,0
135640,1,2,2,1.0,1.5,0
135657,1,12,12,0.0,6.5,0
135660,1,20,20,0.15,10.5,1
135683,1,11,11,1.0,6.0,0
135701,1,6,6,0.16666666666666666,3.5,0
135760,1,3,3,1.0,2.0,0
135761,1,2,2,1.0,1.5,0
135783,1,4,4,0.75,2.5,0
135807,1,10,10,1.0,5.5,0
135808,1,8,8,1.0,4.5,0
135814,1,6,6,0.8333333333333334,3.5,0
135833,1,23,23,0.13043478260869565,12.0,1
135836,1,7,7,0.0,4.0,0
135845,2,3,3,0.3333333333333333,1.3333333333333333,0
135855,1,8,8,0.5,4.5,0
135867,1,7,7,0.2857142857142857,4.0,0
135869,1,5,5,0.4,3.0,0
135886,2,49,46,0.3877551020408163,12.795918367346939,1
135894,1,2,2,1.0,1.5,0
135897,1,8,8,1.0,4.5,0
135924,1,1,1,0.0,1.0,0
135927,1,2,2,1.0,1.5,0
135941,1,4,4,1.0,2.5,0
135942,1,12,12,0.9166666666666666,6.5,0
135945,2,27,23,0.7037037037037037,7.2592592592592595,1
135950,1,6,6,0.16666666666666666,3.5,0
135976,1,4,4,0.75,2.5,0
135998,1,12,12,0.16666666666666666,6.5,0
136017,1,14,14,1.0,7.5,0
136030,1,2,2,0.5,1.5,0
136057,1,4,4,0.25,2.5,0
136066,2,13,12,0.46153846153846156,3.769230769230769,0
136067,1,9,9,0.0,5.0,0
136092,1,6,6,0.16666666666666666,3.5,0
136112,1,4,4,0.25,2.5,0
136118,1,13,13,0.0,7.0,0
136130,1,8,8,1.0,4.5,0
136134,1,20,20,1.0,10.5,1
136138,1,10,10,0.7,5.5,0
136140,1,1,1,0.0,1.0,0
136145,1,7,7,1.0,4.0,0
136146,1,13,13,0.8461538461538461,7.0,0
136152,1,8,8,0.875,4.5,0
136160,1,11,11,0.6363636363636364,6.0,0
136173,1,4,4,0.75,2.5,0
136184,1,8,8,1.0,4.5,0
136195,1,12,12,0.75,6.5,0
136209,1,1,1,0.0,1.0,0
136215,1,1,1,0.0,1.0,0
136227,1,9,9,0.3333333333333333,5.0,0
136229,1,9,9,0.7777777777777778,5.0,0
136230,1,4,4,1.0,2.5,0
136242,1,12,12,0.8333333333333334,6.5,0
136245,1,11,11,1.0,6.0,0
136253,1,11,11,0.9090909090909091,6.0,0
136256,1,6,6,0.8333333333333334,3.5,0
136278,1,3,3,0.0,2.0,0
136281,1,13,13,0.8461538461538461,7.0,0
136288,1,8,8,1.0,4.5,0
136300,1,8,8,0.875,4.5,0
136307,1,6,6,1.0,3.5,0
136393,1,17,17,0.5294117647058824,9.0,1
136402,2,26,26,0.6538461538461539,8.384615384615385,1
136408,1,15,15,0.6666666666666666,8.0,1
136419,1,17,17,0.6470588235294118,9.0,1
136437,1,7,7,0.0,4.0,0
136439,1,15,15,0.7333333333333333,8.0,1
136446,1,17,17,0.8235294117647058,9.0,1
136448,1,3,3,0.6666666666666666,2.0,0
136488,1,5,5,0.6,3.0,0
136489,1,15,15,0.0,8.0,1
136503,1,8,8,0.875,4.5,0
136534,2,16,14,0.3125,4.5625,1
136558,1,12,12,1.0,6.5,0
136571,1,10,10,0.3,5.5,0
136583,1,9,9,0.5555555555555556,5.0,0
136594,1,6,6,0.0,3.5,0
136598,1,11,11,0.2727272727272727,6.0,0
136632,1,25,25,0.64,13.0,1
136633,1,7,7,0.0,4.0,0
136634,1,19,19,0.7894736842105263,10.0,1
136643,1,8,8,0.25,4.5,0
136645,2,19,18,0.8947368421052632,8.210526315789474,1
136650,1,6,6,0.16666666666666666,3.5,0
136659,2,8,8,0.125,3.0,0
136666,1,7,7,0.7142857142857143,4.0,0
136680,1,16,16,0.9375,8.5,1
136723,1,15,15,0.0,8.0,1
136737,1,4,4,1.0,2.5,0
136756,1,6,6,0.5,3.5,0
136782,2,15,15,0.6,4.266666666666667,1
136819,1,18,18,0.3333333333333333,9.5,1
136831,1,18,18,0.5555555555555556,9.5,1
136850,1,8,8,1.0,4.5,0
136864,1,10,10,0.8,5.5,0
136872,1,8,8,0.75,4.5,0
136895,1,6,6,1.0,3.5,0
136896,1,40,40,0.9,20.5,1
136909,1,1,1,1.0,1.0,0
136927,1,34,34,0.11764705882352941,17.5,1
136928,1,5,5,0.6,3.0,0
136935,1,17,17,0.29411764705882354,9.0,1
136953,1,2,2,1.0,1.5,0
136966,1,5,5,0.6,3.0,0
136968,1,12,12,0.4166666666666667,6.5,0
136969,1,11,11,0.36363636363636365,6.0,0
136972,1,28,28,0.39285714285714285,14.5,1
136980,1,9,9,0.1111111111111111,5.0,0
136999,1,4,4,0.0,2.5,0
137023,1,3,3,0.3333333333333333,2.0,0
137055,1,17,17,0.29411764705882354,9.0,1
137062,1,16,16,0.6875,8.5,1
137087,1,22,22,0.5909090909090909,11.5,1
137095,1,11,11,0.7272727272727273,6.0,0
137101,1,6,6,0.6666666666666666,3.5,0
137112,1,9,9,0.1111111111111111,5.0,0
137115,1,13,13,0.8461538461538461,7.0,0
137121,1,22,22,0.5,11.5,1
137126,1,13,13,0.9230769230769231,7.0,0
137128,1,8,8,0.25,4.5,0
137154,1,1,1,1.0,1.0,0
137183,1,19,19,0.42105263157894735,10.0,1
137208,1,10,10,1.0,5.5,0
137221,1,10,10,0.2,5.5,0
137249,1,1,1,0.0,1.0,0
137255,1,7,7,1.0,4.0,0
137265,1,9,9,0.8888888888888888,5.0,0
137274,1,6,6,1.0,3.5,0
137276,1,12,12,1.0,6.5,0
137295,1,11,11,0.45454545454545453,6.0,0
137342,2,22,20,0.7727272727272727,6.181818181818182,1
137343,1,25,25,0.0,13.0,1
137346,2,11,11,0.2727272727272727,3.8181818181818183,0
137357,2,28,18,0.9642857142857143,7.535714285714286,1
137366,2,10,9,0.4,3.0,0
137373,1,2,2,1.0,1.5,0
137374,2,3,2,1.0,1.3333333333333333,0
137377,1,11,11,0.5454545454545454,6.0,0
137387,1,13,13,0.6923076923076923,7.0,0
137393,1,7,7,1.0,4.0,0
137394,1,3,3,0.6666666666666666,2.0,0
137398,1,19,19,0.8421052631578947,10.0,1
137402,1,30,30,0.5333333333333333,15.5,1
137410,2,18,18,0.6111111111111112,5.888888888888889,1
137426,1,4,4,1.0,2.5,0
137453,1,5,5,0.8,3.0,0
137456,1,7,7,1.0,4.0,0
137464,1,18,18,0.2777777777777778,9.5,1
137485,1,10,10,0.3,5.5,0
137490,1,3,3,1.0,2.0,0
137493,1,3,3,0.3333333333333333,2.0,0
137495,1,22,22,0.3181818181818182,11.5,1
137501,1,7,7,0.0,4.0,0
137517,1,4,4,1.0,2.5,0
137520,1,1,1,1.0,1.0,0
137521,1,3,3,1.0,2.0,0
137575,1,7,7,0.5714285714285714,4.0,0
137594,1,20,20,0.85,10.5,1
137614,1,3,3,1.0,2.0,0
137623,1,3,3,0.0,2.0,0
137624,1,5,5,0.2,3.0,0
137629,1,41,41,0.975609756097561,21.0,1
137637,1,18,18,0.7222222222222222,9.5,1
137639,1,6,6,1.0,3.5,0
137651,1,11,11,0.9090909090909091,6.0,0
137653,1,15,15,0.13333333333333333,8.0,1
137658,1,2,2,0.5,1.5,0
137672,1,15,15,0.26666666666666666,8.0,1
137681,1,10,10,0.5,5.5,0
137682,1,9,9,0.7777777777777778,5.0,0
137688,1,8,8,0.5,4.5,0
137693,1,8,8,0.25,4.5,0
137710,1,19,19,0.631578947368421,10.0,1
137716,1,36,36,0.8888888888888888,18.5,1
137722,1,3,3,0.6666666666666666,2.0,0
137730,1,30,30,0.8666666666666667,15.5,1
137751,1,8,8,0.875,4.5,0
137758,2,22,22,0.7272727272727273,10.545454545454545,1
137760,1,5,5,0.8,3.0,0
137770,1,2,2,1.0,1.5,0
137771,2,11,8,0.9090909090909091,3.272727272727273,0
137796,1,6,6,0.6666666666666666,3.5,0
137809,1,2,2,0.0,1.5,0
137824,1,16,16,0.5625,8.5,1
137841,1,19,19,0.8421052631578947,10.0,1
137858,1,26,26,0.0,13.5,1
137866,1,17,17,0.8823529411764706,9.0,1
137889,1,11,11,0.18181818181818182,6.0,0
137914,1,4,4,0.75,2.5,0
137918,1,5,5,0.8,3.0,0
137927,2,28,28,0.5357142857142857,9.785714285714286,1
137942,1,2,2,1.0,1.5,0
137983,1,13,13,0.7692307692307693,7.0,0
137986,2,17,17,0.47058823529411764,4.764705882352941,1
137989,1,11,11,0.7272727272727273,6.0,0
137992,1,17,17,0.47058823529411764,9.0,1
137995,1,5,5,0.8,3.0,0
138009,1,19,19,0.3684210526315789,10.0,1
138013,1,2,2,1.0,1.5,0
138031,1,1,1,0.0,1.0,0
138039,1,9,9,0.5555555555555556,5.0,0
138041,1,3,3,1.0,2.0,0
138056,1,5,5,0.0,3.0,0
138072,2,23,21,0.6956521739130435,6.782608695652174,1
138089,1,3,3,1.0,2.0,0
138095,1,9,9,0.6666666666666666,5.0,0
138109,1,24,24,0.625,12.5,1
138113,1,15,15,0.9333333333333333,8.0,1
138126,1,6,6,0.8333333333333334,3.5,0
138149,2,2,2,1.0,1.0,0
138168,1,20,20,0.0,10.5,1
138171,1,6,6,0.6666666666666666,3.5,0
138173,1,9,9,0.5555555555555556,5.0,0
138184,1,3,3,1.0,2.0,0
138230,1,10,10,0.6,5.5,0
138234,1,5,5,0.4,3.0,0
138241,1,5,5,0.0,3.0,0
138246,1,24,24,0.9166666666666666,12.5,1
138248,2,27,19,0.8888888888888888,7.481481481481482,1
138259,1,8,8,0.125,4.5,0
138304,1,6,6,1.0,3.5,0
138330,1,5,5,0.6,3.0,0
138337,1,18,18,0.0,9.5,1
138345,1,1,1,1.0,1.0,0
138404,1,14,14,0.6428571428571429,7.5,0
138431,1,6,6,0.3333333333333333,3.5,0
138433,1,7,7,0.2857142857142857,4.0,0
138434,1,4,4,0.5,2.5,0
138436,2,7,6,0.14285714285714285,2.5714285714285716,0
138451,1,18,18,0.2777777777777778,9.5,1
138483,1,12,12,0.9166666666666666,6.5,0
138499,1,7,7,0.8571428571428571,4.0,0
138518,1,29,29,0.6206896551724138,15.0,1
138531,1,5,5,0.4,3.0,0
138535,2,40,36,0.45,10.525,1
138537,1,4,4,0.25,2.5,0
138540,1,4,4,0.0,2.5,0
138549,1,10,10,0.7,5.5,0
138557,1,5,5,1.0,3.0,0
138586,2,27,24,0.7037037037037037,7.2592592592592595,1
138590,1,14,14,0.14285714285714285,7.5,0
138591,1,3,3,0.3333333333333333,2.0,0
138596,1,6,6,0.8333333333333334,3.5,0
138601,1,1,1,0.0,1.0,0
138602,1,4,4,1.0,2.5,0
138631,1,8,8,0.625,4.5,0
138638,1,11,11,0.36363636363636365,6.0,0
138640,1,11,11,0.2727272727272727,6.0,0
138644,1,20,20,0.6,10.5,1
138645,1,6,6,0.16666666666666666,3.5,0
138661,1,19,19,0.0,10.0,1
138679,1,7,7,1.0,4.0,0
138696,1,9,9,1.0,5.0,0
138698,1,5,5,1.0,3.0,0
138713,1,20,20,0.5,10.5,1
138768,2,12,11,0.3333333333333333,3.8333333333333335,0
138783,1,12,12,1.0,6.5,0
138790,1,4,4,0.75,2.5,0
138791,2,14,14,0.5714285714285714,4.0,0
138795,1,16,16,0.5625,8.5,1
138800,1,10,10,0.8,5.5,0
138801,2,29,24,0.9310344827586207,7.827586206896552,1
138820,2,18,16,0.3333333333333333,5.055555555555555,1
138838,1,15,15,0.7333333333333333,8.0,1
138857,1,31,31,0.7741935483870968,16.0,1
138873,1,2,2,0.5,1.5,0
138883,1,22,22,0.45454545454545453,11.5,1
138888,1,18,18,0.5,9.5,1
138900,1,17,17,0.5882352941176471,9.0,1
138924,1,24,24,0.3333333333333333,12.5,1
138935,1,8,8,0.25,4.5,0
138945,1,13,13,0.07692307692307693,7.0,0
138946,1,14,14,1.0,7.5,0
138948,1,2,2,1.0,1.5,0
138964,1,4,4,0.25,2.5,0
138967,1,7,7,0.7142857142857143,4.0,0
138983,1,1,1,1.0,1.0,0
139004,1,8,8,0.875,4.5,0
139009,1,2,2,1.0,1.5,0
139011,1,2,2,1.0,1.5,0
139016,1,15,15,0.6666666666666666,8.0,1
139022,1,10,10,0.9,5.5,0
139050,1,4,4,0.0,2.5,0
139082,1,3,3,1.0,2.0,0
139103,1,22,22,0.8636363636363636,11.5,1
139107,1,16,16,1.0,8.5,1
139124,2,36,29,0.6666666666666666,9.527777777777779,1
139129,1,2,2,1.0,1.5,0
139130,1,11,11,1.0,6.0,0
139140,2,30,26,0.8333333333333334,8.133333333333333,1
139142,1,2,2,0.5,1.5,0
139153,1,11,11,0.9090909090909091,6.0,0
139154,1,18,18,0.6666666666666666,9.5,1
139162,1,1,1,0.0,1.0,0
139167,1,4,4,0.75,2.5,0
139178,2,29,20,0.7931034482758621,7.827586206896552,1
139190,1,19,19,0.2631578947368421,10.0,1
139212,1,2,2,0.5,1.5,0
139235,1,7,7,0.42857142857142855,4.0,0
139262,1,3,3,0.3333333333333333,2.0,0
139275,1,10,10,0.0,5.5,0
139292,1,8,8,0.875,4.5,0
139302,1,12,12,0.75,6.5,0
139308,1,8,8,0.875,4.5,0
139315,1,1,1,1.0,1.0,0
139326,1,11,11,1.0,6.0,0
139345,2,3,3,1.0,1.3333333333333333,0
139359,1,24,24,0.625,12.5,1
139365,1,16,16,0.5,8.5,1
139371,1,2,2,0.0,1.5,0
139392,1,11,11,0.36363636363636365,6.0,0
139409,1,6,6,0.6666666666666666,3.5,0
139412,1,4,4,0.5,2.5,0
139432,1,36,36,0.6944444444444444,18.5,1
139436,1,27,27,0.6296296296296297,14.0,1
139451,1,5,5,0.8,3.0,0
139453,1,20,20,0.9,10.5,1
139469,1,6,6,1.0,3.5,0
139495,1,16,16,0.8125,8.5,1
139506,1,15,15,0.9333333333333333,8.0,1
139513,2,16,16,0.5625,6.0625,1
139516,1,5,5,0.6,3.0,0
139517,1,18,18,1.0,9.5,1
139552,1,13,13,0.15384615384615385,7.0,0
139558,1,1,1,1.0,1.0,0
139589,1,15,15,0.3333333333333333,8.0,1
139597,1,3,3,0.6666666666666666,2.0,0
139602,2,15,12,1.0,5.066666666666666,1
139609,1,14,14,0.8571428571428571,7.5,0
139611,1,7,7,0.8571428571428571,4.0,0
139614,1,16,16,0.6875,8.5,1
139632,1,6,6,0.0,3.5,0
139651,1,4,4,0.5,2.5,0
139652,1,3,3,1.0,2.0,0
139673,1,6,6,0.3333333333333333,3.5,0
139709,1,8,8,0.75,4.5,0
139718,1,25,25,0.36,13.0,1
139724,1,7,7,1.0,4.0,0
139740,1,17,17,0.6470588235294118,9.0,1
139754,1,2,2,0.5,1.5,0
139757,1,8,8,0.75,4.5,0
139768,1,10,10,1.0,5.5,0
139771,1,7,7,0.0,4.0,0
139775,1,18,18,0.5,9.5,1
139776,1,3,3,1.0,2.0,0
139777,1,3,3,0.3333333333333333,2.0,0
139779,1,2,2,1.0,1.5,0
139788,1,22,22,0.8636363636363636,11.5,1
139792,1,16,16,0.9375,8.5,1
139812,1,6,6,0.16666666666666666,3.5,0
139829,2,38,36,0.7631578947368421,11.289473684210526,1
139845,1,4,4,0.75,2.5,0
139853,1,7,7,0.42857142857142855,4.0,0
139891,3,21,19,0.5714285714285714,4.428571428571429,1
139923,1,1,1,1.0,1.0,0
139935,1,8,8,0.875,4.5,0
139948,1,18,18,0.3888888888888889,9.5,1
139973,1,21,21,0.6190476190476191,11.0,1
139974,1,12,12,0.5833333333333334,6.5,0
139982,1,10,10,0.0,5.5,0
139992,1,29,29,0.2413793103448276,15.0,1
140010,1,2,2,0.5,1.5,0
140014,1,9,9,0.8888888888888888,5.0,0
140018,1,29,29,0.8275862068965517,15.0,1
140020,1,3,3,1.0,2.0,0
140055,1,9,9,0.3333333333333333,5.0,0
140109,1,8,8,0.875,4.5,0
140134,1,8,8,0.625,4.5,0
140147,1,4,4,0.0,2.5,0
140154,1,9,9,0.4444444444444444,5.0,0
140164,1,25,25,0.36,13.0,1
140170,1,6,6,1.0,3.5,0
140173,1,16,16,0.9375,8.5,1
140186,1,12,12,0.3333333333333333,6.5,0
140187,1,1,1,1.0,1.0,0
140194,1,4,4,0.0,2.5,0
140195,1,14,14,0.9285714285714286,7.5,0
140200,1,8,8,0.25,4.5,0
140206,1,1,1,0.0,1.0,0
140218,1,11,11,0.6363636363636364,6.0,0
140221,1,4,4,0.75,2.5,0
140229,1,10,10,0.0,5.5,0
140230,1,29,29,0.9310344827586207,15.0,1
140243,1,8,8,0.75,4.5,0
140262,1,4,4,0.5,2.5,0
140288,1,5,5,0.6,3.0,0
140299,1,17,17,0.5882352941176471,9.0,1
140306,1,5,5,0.6,3.0,0
140309,1,10,10,0.4,5.5,0
140311,2,5,5,0.8,1.8,0
140330,1,2,2,1.0,1.5,0
140332,1,13,13,0.0,7.0,0
140341,1,9,9,0.0,5.0,0
140344,1,18,18,0.05555555555555555,9.5,1
140348,1,20,20,0.4,10.5,1
140355,2,26,25,0.7692307692307693,8.384615384615385,1
140356,1,4,4,1.0,2.5,0
140380,1,11,11,0.9090909090909091,6.0,0
140383,1,3,3,0.3333333333333333,2.0,0
140395,3,10,10,0.8,2.3,0
140400,1,9,9,0.7777777777777778,5.0,0
140403,1,8,8,0.375,4.5,0
140404,1,1,1,0.0,1.0,0
140418,1,19,19,0.0,10.0,1
140437,1,1,1,1.0,1.0,0
140440,1,20,20,1.0,10.5,1
140448,1,4,4,0.5,2.5,0
140460,1,8,8,0.75,4.5,0
140464,1,22,22,0.7272727272727273,11.5,1
140471,1,3,3,1.0,2.0,0
140474,3,24,23,0.625,5.666666666666667,1
140501,1,9,9,0.1111111111111111,5.0,0
140525,1,12,12,0.25,6.5,0
140528,1,3,3,0.0,2.0,0
140540,1,8,8,0.375,4.5,0
140552,1,3,3,1.0,2.0,0
140563,1,17,17,0.9411764705882353,9.0,1
140567,2,29,29,0.6551724137931034,7.827586206896552,1
140576,1,3,3,0.0,2.0,0
140587,1,18,18,0.6666666666666666,9.5,1
140595,1,4,4,0.5,2.5,0
140601,1,14,14,0.42857142857142855,7.5,0
140609,1,5,5,0.2,3.0,0
140671,1,1,1,1.0,1.0,0
140672,1,9,9,0.7777777777777778,5.0,0
140691,1,11,11,0.18181818181818182,6.0,0
140718,1,15,15,0.4,8.0,1
140720,1,20,20,0.5,10.5,1
140721,1,16,16,0.75,8.5,1
140728,1,1,1,1.0,1.0,0
140731,1,1,1,1.0,1.0,0
140742,1,15,15,0.8666666666666667,8.0,1
140753,1,3,3,1.0,2.0,0
140793,1,7,7,1.0,4.0,0
140807,1,3,3,0.6666666666666666,2.0,0
140809,2,19,14,0.8421052631578947,5.2631578947368425,1
140839,1,8,8,0.75,4.5,0
140857,1,6,6,0.8333333333333334,3.5,0
140867,1,11,11,1.0,6.0,0
140873,1,3,3,1.0,2.0,0
140907,1,10,10,0.1,5.5,0
140909,1,1,1,1.0,1.0,0
140915,1,5,5,0.6,3.0,0
140919,2,8,8,0.875,2.5,0
140931,1,11,11,0.5454545454545454,6.0,0
140941,1,21,21,0.9047619047619048,11.0,1
140950,1,5,5,1.0,3.0,0
140969,1,6,6,0.8333333333333334,3.5,0
140975,1,20,20,0.8,10.5,1
140994,1,10,10,0.2,5.5,0
141026,1,19,19,0.8421052631578947,10.0,1
141029,1,8,8,0.375,4.5,0
141040,1,7,7,0.7142857142857143,4.0,0
141045,1,10,10,1.0,5.5,0
141062,1,8,8,0.875,4.5,0
141066,2,28,24,0.9285714285714286,7.535714285714286,1
141075,1,8,8,1.0,4.5,0
141094,1,12,12,0.8333333333333334,6.5,0
141098,1,10,10,0.5,5.5,0
141106,1,3,3,0.3333333333333333,2.0,0
141115,1,10,10,0.2,5.5,0
141128,1,16,16,0.375,8.5,1
141135,1,7,7,0.8571428571428571,4.0,0
141137,1,3,3,0.0,2.0,0
141145,1,5,5,0.8,3.0,0
141157,1,2,2,1.0,1.5,0
141162,1,14,14,0.5714285714285714,7.5,0
141167,1,6,6,0.6666666666666666,3.5,0
141190,1,4,4,0.75,2.5,0
141217,1,2,2,0.5,1.5,0
141231,1,16,16,0.5625,8.5,1
141238,1,3,3,0.0,2.0,0
141242,1,5,5,1.0,3.0,0
141251,2,25,24,0.4,10.36,1
141267,1,10,10,0.2,5.5,0
141269,1,8,8,1.0,4.5,0
141290,1,4,4,1.0,2.5,0
141304,1,15,15,0.8,8.0,1
141314,1,7,7,1.0,4.0,0
141331,1,18,18,1.0,9.5,1
141346,2,21,17,0.3333333333333333,6.0476190476190474,1
141357,1,7,7,1.0,4.0,0
141359,1,3,3,0.3333333333333333,2.0,0
141368,1,8,8,0.75,4.5,0
141369,1,15,15,0.9333333333333333,8.0,1
141374,1,11,11,1.0,6.0,0
141381,1,11,11,0.18181818181818182,6.0,0
141382,1,1,1,1.0,1.0,0
141388,1,8,8,0.0,4.5,0
141389,1,10,10,0.7,5.5,0
141399,1,5,5,1.0,3.0,0
141401,1,31,31,0.9032258064516129,16.0,1
141404,1,18,18,0.5,9.5,1
141419,2,10,10,0.8,3.0,0
141422,1,6,6,0.6666666666666666,3.5,0
141434,2,25,23,1.0,6.76,1
141438,1,6,6,0.6666666666666666,3.5,0
141462,1,12,12,0.9166666666666666,6.5,0
141464,1,5,5,0.6,3.0,0
141467,1,14,14,0.6428571428571429,7.5,0
141479,1,9,9,1.0,5.0,0
141523,1,15,15,0.6666666666666666,8.0,1
141525,2,13,9,0.9230769230769231,3.769230769230769,0
141557,1,17,17,0.23529411764705882,9.0,1
141566,1,3,3,0.6666666666666666,2.0,0
141570,1,9,9,0.0,5.0,0
141574,1,3,3,0.3333333333333333,2.0,0
141583,1,27,27,0.9259259259259259,14.0,1
141585,1,7,7,0.2857142857142857,4.0,0
141603,1,2,2,0.5,1.5,0
141605,1,6,6,0.0,3.5,0
141624,1,5,5,1.0,3.0,0
141625,1,13,13,0.7692307692307693,7.0,0
141627,1,9,9,0.6666666666666666,5.0,0
141661,1,1,1,0.0,1.0,0
141662,1,8,8,0.625,4.5,0
141666,1,6,6,0.8333333333333334,3.5,0
141668,1,1,1,1.0,1.0,0
141680,1,1,1,1.0,1.0,0
141686,1,15,15,0.7333333333333333,8.0,1
141704,1,11,11,0.5454545454545454,6.0,0
141706,1,12,12,0.5,6.5,0
141709,2,7,6,0.5714285714285714,2.5714285714285716,0
141720,1,15,15,0.7333333333333333,8.0,1
141721,1,17,17,0.5294117647058824,9.0,1
141735,1,8,8,0.75,4.5,0
141736,3,38,16,1.0,6.894736842105263,1
141751,1,8,8,0.25,4.5,0
141756,1,12,12,0.6666666666666666,6.5,0
141765,1,4,4,0.0,2.5,0
141767,1,9,9,0.3333333333333333,5.0,0
141775,1,19,19,0.15789473684210525,10.0,1
141782,1,22,22,1.0,11.5,1
141798,1,8,8,0.75,4.5,0
141822,2,31,25,0.3225806451612903,8.32258064516129,1
141841,1,7,7,0.14285714285714285,4.0,0
141854,1,7,7,1.0,4.0,0
141858,1,6,6,1.0,3.5,0
141874,1,4,4,1.0,2.5,0
141875,2,14,13,0.5,5.785714285714286,1
141880,1,11,11,0.45454545454545453,6.0,0
141888,1,12,12,0.8333333333333334,6.5,0
141912,1,3,3,1.0,2.0,0
141918,1,7,7,0.5714285714285714,4.0,0
141936,1,10,10,0.6,5.5,0
141937,1,3,3,0.0,2.0,0
141945,1,2,2,1.0,1.5,0
141985,1,7,7,0.7142857142857143,4.0,0
141999,2,20,14,0.95,5.5,1
142011,1,5,5,0.2,3.0,0
142015,1,2,2,0.0,1.5,0
142019,2,9,9,0.7777777777777778,3.4444444444444446,0
142020,1,2,2,0.5,1.5,0
142025,2,18,18,0.7222222222222222,5.055555555555555,1
142031,1,5,5,0.0,3.0,0
142034,1,6,6,0.6666666666666666,3.5,0
142038,1,7,7,0.0,4.0,0
142040,1,3,3,0.3333333333333333,2.0,0
142090,2,29,26,0.9310344827586207,8.793103448275861,1
142095,1,13,13,0.5384615384615384,7.0,0
142131,4,137,95,0.7664233576642335,19.59124087591241,1
142149,1,6,6,0.6666666666666666,3.5,0
142150,1,17,17,0.058823529411764705,9.0,1
142152,1,4,4,0.75,2.5,0
142157,1,2,2,0.0,1.5,0
142160,1,7,7,0.42857142857142855,4.0,0
142176,1,18,18,0.2777777777777778,9.5,1
142185,1,3,3,0.6666666666666666,2.0,0
142186,2,16,15,0.625,4.5625,1
142187,1,3,3,0.3333333333333333,2.0,0
142222,1,2,2,1.0,1.5,0
142228,1,1,1,1.0,1.0,0
142234,1,10,10,0.7,5.5,0
142249,1,19,19,0.631578947368421,10.0,1
142254,2,17,14,0.23529411764705882,4.764705882352941,1
142277,1,2,2,0.0,1.5,0
142284,1,7,7,0.8571428571428571,4.0,0
142288,1,11,11,0.09090909090909091,6.0,0
142322,1,8,8,0.375,4.5,0
142331,1,10,10,0.4,5.5,0
142337,1,19,19,0.0,10.0,1
142345,1,8,8,0.875,4.5,0
142348,1,3,3,1.0,2.0,0
142371,1,7,7,0.5714285714285714,4.0,0
142372,1,14,14,0.0,7.5,0
142388,1,13,13,0.3076923076923077,7.0,0
142403,1,6,6,0.16666666666666666,3.5,0
142415,1,12,12,1.0,6.5,0
142427,1,5,5,0.6,3.0,0
142434,1,7,7,1.0,4.0,0
142445,2,21,20,0.2857142857142857,6.333333333333333,1
142452,1,5,5,0.2,3.0,0
142455,1,32,32,0.21875,16.5,1
142458,1,6,6,0.8333333333333334,3.5,0
142481,1,31,31,0.0,16.0,1
142485,1,24,24,0.7083333333333334,12.5,1
142496,1,4,4,0.75,2.5,0
142511,3,10,9,0.8,2.3,0
142517,1,9,9,0.6666666666666666,5.0,0
142521,1,6,6,1.0,3.5,0
142524,1,1,1,1.0,1.0,0
142532,1,8,8,0.625,4.5,0
142566,1,8,8,0.75,4.5,0
142567,1,10,10,0.3,5.5,0
142576,1,4,4,0.25,2.5,0
142585,1,3,3,1.0,2.0,0
142586,1,15,15,0.6,8.0,1
142595,1,6,6,0.8333333333333334,3.5,0
142603,1,8,8,0.25,4.5,0
142625,1,19,19,0.631578947368421,10.0,1
142626,1,2,2,1.0,1.5,0
142652,1,13,13,0.7692307692307693,7.0,0
142664,1,8,8,1.0,4.5,0
142669,1,25,25,0.92,13.0,1
142686,1,3,3,1.0,2.0,0
142701,1,13,13,0.7692307692307693,7.0,0
142728,1,34,34,0.8235294117647058,17.5,1
142741,1,3,3,0.0,2.0,0
142745,1,4,4,1.0,2.5,0
142767,1,4,4,0.0,2.5,0
142775,1,10,10,1.0,5.5,0
142780,1,4,4,1.0,2.5,0
142794,1,20,20,0.55,10.5,1
142801,1,4,4,0.75,2.5,0
142803,1,9,9,0.5555555555555556,5.0,0
142813,1,7,7,0.42857142857142855,4.0,0
142827,1,5,5,0.4,3.0,0
142841,1,2,2,1.0,1.5,0
142843,1,3,3,0.6666666666666666,2.0,0
142865,1,1,1,1.0,1.0,0
142872,1,10,10,0.8,5.5,0
142886,1,12,12,0.5,6.5,0
142892,1,19,19,0.21052631578947367,10.0,1
142899,1,7,7,0.5714285714285714,4.0,0
142903,2,3,3,0.3333333333333333,1.3333333333333333,0
142918,1,8,8,0.625,4.5,0
142932,1,16,16,0.75,8.5,1
142937,1,41,41,0.8780487804878049,21.0,1
142950,1,6,6,1.0,3.5,0
142964,1,16,16,0.25,8.5,1
143009,1,13,13,0.23076923076923078,7.0,0
143017,1,5,5,0.6,3.0,0
143024,1,5,5,0.8,3.0,0
143031,1,4,4,0.5,2.5,0
143036,2,5,3,0.4,1.8,0
143037,1,20,20,0.95,10.5,1
143038,1,2,2,0.0,1.5,0
143045,1,14,14,0.2857142857142857,7.5,0
143080,1,17,17,0.5294117647058824,9.0,1
143108,1,1,1,1.0,1.0,0
143111,1,7,7,0.0,4.0,0
143134,1,5,5,1.0,3.0,0
143135,2,47,46,0.574468085106383,12.51063829787234,1
143142,1,3,3,0.6666666666666666,2.0,0
143145,2,5,4,0.4,1.8,0
143153,1,3,3,1.0,2.0,0
143158,1,1,1,1.0,1.0,0
143177,1,8,8,0.625,4.5,0
143182,1,6,6,0.6666666666666666,3.5,0
143186,1,2,2,0.5,1.5,0
143196,1,13,13,0.7692307692307693,7.0,0
143198,1,1,1,1.0,1.0,0
143213,1,21,21,0.47619047619047616,11.0,1
143216,1,3,3,0.3333333333333333,2.0,0
143219,1,9,9,0.1111111111111111,5.0,0
143224,1,20,20,0.3,10.5,1
143244,1,3,3,1.0,2.0,0
143245,1,14,14,0.9285714285714286,7.5,0
143260,1,6,6,0.5,3.5,0
143266,1,15,15,0.5333333333333333,8.0,1
143268,1,7,7,0.0,4.0,0
143273,1,2,2,1.0,1.5,0
143274,1,6,6,0.16666666666666666,3.5,0
143283,1,20,20,0.4,10.5,1
143299,1,15,15,0.0,8.0,1
143314,1,8,8,0.0,4.5,0
143315,1,7,7,0.0,4.0,0
143316,1,14,14,0.35714285714285715,7.5,0
143320,1,5,5,1.0,3.0,0
143329,1,5,5,1.0,3.0,0
143334,1,6,6,0.6666666666666666,3.5,0
143352,1,31,31,0.7741935483870968,16.0,1
143356,1,8,8,0.75,4.5,0
143363,1,12,12,0.5,6.5,0
143367,1,6,6,1.0,3.5,0
143368,2,16,13,1.0,4.75,1
143369,1,16,16,0.625,8.5,1
143373,2,13,12,0.3076923076923077,4.230769230769231,0
143385,1,4,4,0.75,2.5,0
143401,1,8,8,0.5,4.5,0
143408,1,18,18,0.4444444444444444,9.5,1
143415,1,8,8,0.75,4.5,0
143416,1,2,2,1.0,1.5,0
143419,1,15,15,0.7333333333333333,8.0,1
143423,2,19,12,1.0,5.2631578947368425,1
143434,2,16,16,0.875,4.5,1
143439,1,14,14,0.2857142857142857,7.5,0
143447,1,15,15,0.8,8.0,1
143469,1,10,10,0.4,5.5,0
143481,1,1,1,1.0,1.0,0
143503,1,3,3,0.3333333333333333,2.0,0
143506,1,6,6,0.6666666666666666,3.5,0
143521,1,4,4,0.0,2.5,0
143526,1,5,5,0.0,3.0,0
143533,1,5,5,1.0,3.0,0
143537,1,17,17,0.8823529411764706,9.0,1
143538,1,10,10,0.7,5.5,0
143540,1,2,2,1.0,1.5,0
143562,1,5,5,1.0,3.0,0
143628,1,6,6,0.0,3.5,0
143647,1,4,4,0.75,2.5,0
143697,1,3,3,1.0,2.0,0
143707,2,16,16,0.1875,6.0625,1
143708,1,12,12,0.75,6.5,0
143710,1,5,5,1.0,3.0,0
143714,1,6,6,1.0,3.5,0
143735,1,3,3,0.6666666666666666,2.0,0
143742,1,5,5,1.0,3.0,0
143752,1,14,14,0.9285714285714286,7.5,0
143768,2,13,12,0.9230769230769231,4.6923076923076925,0
143788,1,17,17,0.23529411764705882,9.0,1
143790,1,1,1,0.0,1.0,0
143793,1,8,8,1.0,4.5,0
143825,1,10,10,0.8,5.5,0
143831,1,26,26,0.9615384615384616,13.5,1
143840,1,5,5,1.0,3.0,0
143854,1,14,14,0.7857142857142857,7.5,0
143878,1,9,9,0.1111111111111111,5.0,0
143882,2,20,14,0.7,5.5,1
143889,1,8,8,0.75,4.5,0
143906,1,9,9,0.2222222222222222,5.0,0
143923,1,11,11,0.7272727272727273,6.0,0
143924,1,5,5,0.6,3.0,0
143948,1,9,9,0.8888888888888888,5.0,0
143951,1,7,7,0.2857142857142857,4.0,0
143961,1,24,24,0.4166666666666667,12.5,1
143977,1,3,3,1.0,2.0,0
143984,1,7,7,0.42857142857142855,4.0,0
143986,2,50,45,0.8,13.98,1
143989,1,12,12,0.3333333333333333,6.5,0
143992,1,21,21,0.9523809523809523,11.0,1
144004,1,28,28,0.8571428571428571,14.5,1
144019,1,10,10,1.0,5.5,0
144022,1,5,5,0.2,3.0,0
144028,1,2,2,0.5,1.5,0
144043,1,12,12,0.5,6.5,0
144045,1,7,7,0.7142857142857143,4.0,0
144055,1,5,5,0.6,3.0,0
144086,1,10,10,0.9,5.5,0
144089,1,1,1,1.0,1.0,0
144107,1,13,13,0.46153846153846156,7.0,0
144116,1,7,7,0.42857142857142855,4.0,0
144119,1,18,18,0.0,9.5,1
144129,1,9,9,1.0,5.0,0
144139,1,8,8,0.625,4.5,0
144143,1,1,1,1.0,1.0,0
144148,1,4,4,1.0,2.5,0
144166,1,12,12,0.5,6.5,0
144170,1,11,11,0.5454545454545454,6.0,0
144175,1,10,10,0.8,5.5,0
144179,1,9,9,0.8888888888888888,5.0,0
144181,1,11,11,0.18181818181818182,6.0,0
144190,1,16,16,0.4375,8.5,1
144242,1,32,32,0.65625,16.5,1
144246,1,4,4,1.0,2.5,0
144266,1,6,6,0.16666666666666666,3.5,0
144267,1,3,3,1.0,2.0,0
144275,1,8,8,0.75,4.5,0
144303,1,8,8,0.875,4.5,0
144304,1,9,9,0.8888888888888888,5.0,0
144332,1,2,2,1.0,1.5,0
144335,1,4,4,0.5,2.5,0
144337,2,38,34,0.631578947368421,10.026315789473685,1
144354,2,10,10,0.9,4.6,0
144386,1,13,13,0.5384615384615384,7.0,0
144387,1,7,7,0.14285714285714285,4.0,0
144397,1,13,13,0.7692307692307693,7.0,0
144418,1,7,7,0.5714285714285714,4.0,0
144432,1,7,7,0.0,4.0,0
144435,2,29,28,0.4482758620689655,10.241379310344827,1
144456,1,9,9,0.8888888888888888,5.0,0
144458,1,8,8,1.0,4.5,0
144469,1,24,24,0.25,12.5,1
144475,1,9,9,0.7777777777777778,5.0,0
144479,1,23,23,0.21739130434782608,12.0,1
144483,1,8,8,0.0,4.5,0
144499,1,5,5,0.4,3.0,0
144505,1,15,15,0.5333333333333333,8.0,1
144535,1,7,7,0.0,4.0,0
144538,1,10,10,0.4,5.5,0
144556,1,4,4,0.0,2.5,0
144561,1,21,21,0.9523809523809523,11.0,1
144581,1,10,10,0.7,5.5,0
144582,1,1,1,1.0,1.0,0
144593,1,13,13,0.9230769230769231,7.0,0
144611,1,7,7,0.14285714285714285,4.0,0
144638,1,11,11,0.2727272727272727,6.0,0
144640,1,14,14,0.42857142857142855,7.5,0
144642,1,7,7,0.0,4.0,0
144651,1,5,5,0.2,3.0,0
144668,1,12,12,0.75,6.5,0
144697,1,13,13,0.7692307692307693,7.0,0
144734,1,5,5,0.0,3.0,0
144744,1,16,16,0.375,8.5,1
144774,1,9,9,1.0,5.0,0
144777,1,7,7,0.0,4.0,0
144784,2,19,18,0.8421052631578947,6.315789473684211,1
144794,1,4,4,0.75,2.5,0
144802,1,19,19,0.6842105263157895,10.0,1
144816,1,3,3,0.0,2.0,0
144833,1,5,5,0.0,3.0,0
144835,1,6,6,0.8333333333333334,3.5,0
144845,1,16,16,0.5,8.5,1
144873,1,5,5,0.0,3.0,0
144889,2,36,36,0.6111111111111112,9.75,1
144897,2,13,10,1.0,3.769230769230769,0
144902,1,14,14,0.9285714285714286,7.5,0
144904,1,5,5,0.4,3.0,0
144906,1,11,11,0.5454545454545454,6.0,0
144935,1,21,21,0.7142857142857143,11.0,1
144939,1,15,15,0.6666666666666666,8.0,1
144945,1,1,1,0.0,1.0,0
144952,1,8,8,0.375,4.5,0
144956,1,28,28,0.7857142857142857,14.5,1
144959,1,9,9,0.1111111111111111,5.0,0
144972,1,4,4,0.0,2.5,0
145001,1,6,6,0.3333333333333333,3.5,0
145010,1,6,6,0.8333333333333334,3.5,0
145015,1,25,25,0.24,13.0,1
145047,1,34,34,0.35294117647058826,17.5,1
145052,3,37,32,0.7567567567567568,8.864864864864865,1
145067,1,20,20,0.8,10.5,1
145081,1,10,10,0.8,5.5,0
145082,1,2,2,1.0,1.5,0
145084,1,5,5,0.0,3.0,0
145093,2,82,72,0.5365853658536586,21.048780487804876,1
145127,1,17,17,1.0,9.0,1
145136,1,14,14,0.7142857142857143,7.5,0
145164,1,24,24,0.4583333333333333,12.5,1
145181,1,13,13,0.5384615384615384,7.0,0
145199,1,6,6,0.0,3.5,0
145213,1,12,12,0.75,6.5,0
145217,1,3,3,0.0,2.0,0
145239,1,21,21,0.6190476190476191,11.0,1
145244,3,28,28,0.8928571428571429,5.321428571428571,1
145253,1,13,13,0.15384615384615385,7.0,0
145259,1,1,1,1.0,1.0,0
145283,1,6,6,0.8333333333333334,3.5,0
145304,1,13,13,0.8461538461538461,7.0,0
145315,1,3,3,0.3333333333333333,2.0,0
145327,2,13,12,0.3076923076923077,3.923076923076923,0
145338,1,2,2,0.0,1.5,0
145354,1,2,2,1.0,1.5,0
145364,1,7,7,1.0,4.0,0
145376,1,10,10,0.1,5.5,0
145385,1,16,16,0.875,8.5,1
145407,1,13,13,0.46153846153846156,7.0,0
145422,1,10,10,0.7,5.5,0
145425,1,4,4,1.0,2.5,0
145428,1,10,10,0.5,5.5,0
145451,1,7,7,0.5714285714285714,4.0,0
145454,2,23,18,1.0,6.521739130434782,1
145481,1,3,3,1.0,2.0,0
145500,1,1,1,1.0,1.0,0
145501,1,18,18,0.9444444444444444,9.5,1
145505,2,6,6,0.8333333333333334,2.1666666666666665,0
145513,1,7,7,1.0,4.0,0
145514,1,10,10,0.1,5.5,0
145518,2,17,15,0.8235294117647058,4.764705882352941,1
145520,2,39,35,0.28205128205128205,10.76923076923077,1
145528,1,3,3,0.3333333333333333,2.0,0
145549,1,14,14,0.9285714285714286,7.5,0
145553,1,5,5,0.2,3.0,0
145555,1,9,9,1.0,5.0,0
145563,1,7,7,1.0,4.0,0
145564,1,9,9,0.8888888888888888,5.0,0
145588,1,15,15,1.0,8.0,1
145592,1,3,3,0.3333333333333333,2.0,0
145596,1,8,8,0.375,4.5,0
145627,1,5,5,0.8,3.0,0
145628,2,26,26,0.7307692307692307,7.038461538461538,1
145630,1,3,3,1.0,2.0,0
145637,1,7,7,0.42857142857142855,4.0,0
145642,1,6,6,0.16666666666666666,3.5,0
145657,2,31,26,0.6774193548387096,8.64516129032258,1
145664,1,14,14,1.0,7.5,0
145667,1,7,7,0.0,4.0,0
145672,1,8,8,0.375,4.5,0
145674,1,18,18,0.8333333333333334,9.5,1
145676,1,6,6,0.8333333333333334,3.5,0
145678,1,12,12,0.6666666666666666,6.5,0
145680,1,8,8,0.125,4.5,0
145686,1,19,19,0.8947368421052632,10.0,1
145688,1,11,11,0.0,6.0,0
145692,1,20,20,0.0,10.5,1
145694,1,8,8,0.875,4.5,0
145695,1,15,15,0.7333333333333333,8.0,1
145699,1,11,11,1.0,6.0,0
145702,1,17,17,0.8235294117647058,9.0,1
145724,2,23,23,0.782608695652174,11.043478260869565,1
145731,1,8,8,0.25,4.5,0
145734,1,3,3,0.0,2.0,0
145735,1,13,13,0.3076923076923077,7.0,0
145754,1,9,9,0.1111111111111111,5.0,0
145761,1,21,21,0.047619047619047616,11.0,1
145764,1,9,9,0.5555555555555556,5.0,0
145822,2,8,8,0.375,3.0,0
145823,1,2,2,0.0,1.5,0
145850,1,6,6,1.0,3.5,0
145864,1,5,5,0.2,3.0,0
145874,1,9,9,0.4444444444444444,5.0,0
145905,1,2,2,1.0,1.5,0
145908,1,3,3,0.6666666666666666,2.0,0
145917,1,14,14,0.7857142857142857,7.5,0
145950,1,25,25,0.64,13.0,1
145955,1,12,12,0.6666666666666666,6.5,0
145974,1,13,13,0.6923076923076923,7.0,0
145986,1,6,6,1.0,3.5,0
145994,1,4,4,0.75,2.5,0
145996,1,11,11,0.36363636363636365,6.0,0
146001,1,4,4,1.0,2.5,0
146015,2,33,31,0.8787878787878788,10.030303030303031,1
146018,1,15,15,0.26666666666666666,8.0,1
146023,1,12,12,0.4166666666666667,6.5,0
146035,1,24,24,0.2916666666666667,12.5,1
146037,1,8,8,0.0,4.5,0
146044,2,29,24,0.8275862068965517,8.448275862068966,1
146054,1,12,12,0.25,6.5,0
146087,1,16,16,0.8125,8.5,1
146089,1,9,9,1.0,5.0,0
146119,1,6,6,0.5,3.5,0
146144,1,7,7,1.0,4.0,0
146145,1,13,13,0.8461538461538461,7.0,0
146147,1,19,19,0.7368421052631579,10.0,1
146188,1,1,1,1.0,1.0,0
146194,1,5,5,1.0,3.0,0
146199,1,2,2,0.0,1.5,0
146232,1,10,10,0.8,5.5,0
146234,1,11,11,0.7272727272727273,6.0,0
146241,1,4,4,0.75,2.5,0
146246,1,2,2,0.5,1.5,0
146257,1,6,6,0.16666666666666666,3.5,0
146262,1,9,9,0.8888888888888888,5.0,0
146263,1,16,16,0.9375,8.5,1
146296,1,8,8,0.25,4.5,0
146306,1,10,10,0.6,5.5,0
146312,1,1,1,0.0,1.0,0
146325,1,4,4,0.75,2.5,0
146338,1,6,6,1.0,3.5,0
146356,1,15,15,0.7333333333333333,8.0,1
146361,2,14,13,0.9285714285714286,4.285714285714286,0
146375,1,9,9,0.7777777777777778,5.0,0
146390,1,7,7,1.0,4.0,0
146392,1,6,6,1.0,3.5,0
146414,1,30,30,0.7333333333333333,15.5,1
146428,1,1,1,1.0,1.0,0
146443,1,10,10,0.0,5.5,0
146478,2,35,32,0.9428571428571428,11.314285714285715,1
146495,1,34,34,0.7941176470588235,17.5,1
146499,1,6,6,0.0,3.5,0
146513,1,4,4,0.5,2.5,0
146529,1,2,2,1.0,1.5,0
146540,1,9,9,0.4444444444444444,5.0,0
146546,1,11,11,1.0,6.0,0
146557,1,12,12,0.8333333333333334,6.5,0
146561,1,4,4,1.0,2.5,0
146600,1,1,1,1.0,1.0,0
146603,1,2,2,1.0,1.5,0
146608,1,11,11,0.09090909090909091,6.0,0
146613,1,12,12,1.0,6.5,0
146618,1,2,2,0.5,1.5,0
146619,1,12,12,0.3333333333333333,6.5,0
146625,1,1,1,1.0,1.0,0
146634,1,18,18,0.0,9.5,1
146639,1,8,8,1.0,4.5,0
146644,1,14,14,0.6428571428571429,7.5,0
146670,1,12,12,0.0,6.5,0
146671,1,16,16,0.625,8.5,1
146678,1,5,5,1.0,3.0,0
146684,1,5,5,0.0,3.0,0
146686,1,12,12,0.5833333333333334,6.5,0
146711,1,7,7,1.0,4.0,0
146718,1,6,6,0.5,3.5,0
146737,1,5,5,1.0,3.0,0
146748,1,15,15,0.8,8.0,1
146752,1,21,21,0.09523809523809523,11.0,1
146754,1,14,14,0.9285714285714286,7.5,0
146763,1,4,4,0.5,2.5,0
146802,1,5,5,0.8,3.0,0
146806,1,10,10,0.8,5.5,0
146822,1,9,9,0.5555555555555556,5.0,0
146830,1,3,3,0.0,2.0,0
146834,1,10,10,0.8,5.5,0
146835,1,8,8,0.125,4.5,0
146845,2,10,10,0.8,3.4,0
146850,1,6,6,0.0,3.5,0
146851,1,12,12,0.75,6.5,0
146872,2,9,9,0.1111111111111111,4.111111111111111,0
146875,1,9,9,1.0,5.0,0
146886,1,11,11,0.45454545454545453,6.0,0
146910,1,3,3,1.0,2.0,0
146917,1,5,5,0.0,3.0,0
146921,1,10,10,0.6,5.5,0
146933,1,14,14,0.2857142857142857,7.5,0
146945,1,7,7,0.5714285714285714,4.0,0
146964,1,15,15,0.3333333333333333,8.0,1
146969,1,12,12,0.25,6.5,0
146983,1,6,6,0.8333333333333334,3.5,0
146986,1,6,6,1.0,3.5,0
146988,1,6,6,1.0,3.5,0
146990,2,3,3,1.0,1.3333333333333333,0
146991,1,16,16,0.875,8.5,1
147003,1,9,9,0.0,5.0,0
147017,1,10,10,0.0,5.5,0
147018,1,13,13,0.46153846153846156,7.0,0
147024,1,11,11,0.0,6.0,0
147030,1,14,14,0.7857142857142857,7.5,0
147031,1,9,9,1.0,5.0,0
147065,1,12,12,0.0,6.5,0
147067,1,6,6,0.6666666666666666,3.5,0
147074,1,3,3,1.0,2.0,0
147095,2,40,38,0.425,11.4,1
147098,1,8,8,0.75,4.5,0
147102,1,12,12,0.6666666666666666,6.5,0
147105,1,5,5,0.6,3.0,0
147124,1,1,1,1.0,1.0,0
147130,1,6,6,0.3333333333333333,3.5,0
147145,1,7,7,0.5714285714285714,4.0,0
147153,1,5,5,0.4,3.0,0
147164,1,11,11,0.45454545454545453,6.0,0
147173,1,13,13,0.9230769230769231,7.0,0
147182,1,6,6,0.5,3.5,0
147194,1,18,18,0.7222222222222222,9.5,1
147197,1,12,12,1.0,6.5,0
147226,1,3,3,0.3333333333333333,2.0,0
147274,1,2,2,1.0,1.5,0
147279,1,11,11,0.8181818181818182,6.0,0
147281,1,8,8,1.0,4.5,0
147307,1,11,11,0.0,6.0,0
147309,1,7,7,0.8571428571428571,4.0,0
147322,1,5,5,1.0,3.0,0
147325,1,19,19,1.0,10.0,1
147333,1,6,6,0.16666666666666666,3.5,0
147342,1,15,15,1.0,8.0,1
147357,1,2,2,0.5,1.5,0
147372,1,6,6,0.8333333333333334,3.5,0
147374,1,5,5,1.0,3.0,0
147397,3,12,12,0.25,2.75,1
147443,1,24,24,0.25,12.5,1
147447,1,3,3,0.6666666666666666,2.0,0
147458,1,21,21,0.6666666666666666,11.0,1
147469,1,3,3,1.0,2.0,0
147495,1,2,2,1.0,1.5,0
147507,1,9,9,0.6666666666666666,5.0,0
147520,1,10,10,0.7,5.5,0
147541,1,5,5,0.0,3.0,0
147551,1,5,5,0.4,3.0,0
147552,2,29,22,0.7241379310344828,7.758620689655173,1
147570,1,17,17,0.5294117647058824,9.0,1
147578,1,5,5,0.4,3.0,0
147590,1,7,7,0.8571428571428571,4.0,0
147598,2,17,15,0.6470588235294118,5.9411764705882355,1
147618,1,8,8,0.0,4.5,0
147621,1,2,2,1.0,1.5,0
147626,1,14,14,0.9285714285714286,7.5,0
147650,1,11,11,0.5454545454545454,6.0,0
147665,1,12,12,0.3333333333333333,6.5,0
147668,1,6,6,0.5,3.5,0
147671,1,26,26,0.8461538461538461,13.5,1
147672,1,9,9,0.3333333333333333,5.0,0
147674,1,28,28,0.5357142857142857,14.5,1
147684,1,2,2,1.0,1.5,0
147709,1,4,4,0.75,2.5,0
147745,2,37,30,0.6756756756756757,9.81081081081081,1
147748,1,2,2,0.0,1.5,0
147752,1,22,22,0.36363636363636365,11.5,1
147758,1,8,8,1.0,4.5,0
147761,1,27,27,0.0,14.0,1
147765,2,36,33,0.7222222222222222,10.5,1
147770,1,6,6,0.8333333333333334,3.5,0
147785,1,11,11,0.36363636363636365,6.0,0
147792,1,28,28,0.7857142857142857,14.5,1
147801,1,3,3,1.0,2.0,0
147820,1,11,11,0.18181818181818182,6.0,0
147828,1,12,12,0.9166666666666666,6.5,0
147831,1,17,17,0.5294117647058824,9.0,1
147834,2,11,9,1.0,3.272727272727273,0
147848,1,11,11,0.2727272727272727,6.0,0
147854,1,14,14,0.0,7.5,0
147855,1,8,8,0.75,4.5,0
147872,1,45,45,0.8444444444444444,23.0,1
147879,1,5,5,0.6,3.0,0
147890,1,11,11,0.2727272727272727,6.0,0
147901,1,1,1,1.0,1.0,0
147908,1,22,22,0.36363636363636365,11.5,1
147936,1,6,6,1.0,3.5,0
147989,1,12,12,0.0,6.5,0
147995,1,14,14,1.0,7.5,0
148001,1,12,12,0.4166666666666667,6.5,0
148003,1,2,2,0.5,1.5,0
148028,1,16,16,0.8125,8.5,1
148040,1,8,8,0.75,4.5,0
148045,1,9,9,0.7777777777777778,5.0,0
148050,1,14,14,0.5,7.5,0
148054,1,8,8,0.75,4.5,0
148063,1,13,13,0.5384615384615384,7.0,0
148085,1,17,17,1.0,9.0,1
148100,1,3,3,1.0,2.0,0
148104,1,10,10,1.0,5.5,0
148105,1,9,9,0.4444444444444444,5.0,0
148112,1,8,8,0.875,4.5,0
148123,1,20,20,0.55,10.5,1
148126,1,4,4,0.75,2.5,0
148136,1,5,5,1.0,3.0,0
148155,1,5,5,1.0,3.0,0
148159,1,17,17,0.8823529411764706,9.0,1
148175,1,8,8,0.625,4.5,0
148177,1,5,5,0.0,3.0,0
148209,1,10,10,1.0,5.5,0
148225,1,1,1,1.0,1.0,0
148227,1,14,14,0.35714285714285715,7.5,0
148230,2,22,19,0.5,6.045454545454546,1
148233,2,12,10,0.9166666666666666,4.833333333333333,0
148240,1,8,8,0.0,4.5,0
148248,1,8,8,0.0,4.5,0
148249,1,17,17,0.6470588235294118,9.0,1
148252,1,6,6,0.0,3.5,0
148270,1,3,3,0.0,2.0,0
148272,1,5,5,1.0,3.0,0
148290,1,8,8,0.875,4.5,0
148306,1,5,5,1.0,3.0,0
148310,1,17,17,0.7058823529411765,9.0,1
148335,1,5,5,0.6,3.0,0
148345,1,4,4,0.75,2.5,0
148347,1,3,3,0.3333333333333333,2.0,0
148352,2,34,31,0.8529411764705882,10.882352941176471,1
148359,1,11,11,1.0,6.0,0
148365,1,20,20,0.55,10.5,1
148370,1,1,1,0.0,1.0,0
148375,1,4,4,0.75,2.5,0
148382,1,9,9,0.8888888888888888,5.0,0
148390,1,9,9,0.7777777777777778,5.0,0
148396,1,15,15,0.0,8.0,1
148419,1,4,4,0.0,2.5,0
148436,1,11,11,0.36363636363636365,6.0,0
148441,1,12,12,0.16666666666666666,6.5,0
148446,1,3,3,1.0,2.0,0
148452,1,12,12,0.25,6.5,0
148482,1,16,16,0.875,8.5,1
148510,1,19,19,0.631578947368421,10.0,1
148522,1,30,30,0.4666666666666667,15.5,1
148553,1,6,6,0.0,3.5,0
148566,1,10,10,0.4,5.5,0
148568,1,7,7,0.7142857142857143,4.0,0
148573,1,1,1,1.0,1.0,0
148576,1,12,12,0.5833333333333334,6.5,0
148588,1,4,4,1.0,2.5,0
148615,1,32,32,0.625,16.5,1
148618,1,33,33,0.6666666666666666,17.0,1
148619,1,15,15,0.5333333333333333,8.0,1
148639,1,11,11,0.18181818181818182,6.0,0
148656,1,1,1,1.0,1.0,0
148701,1,11,11,0.36363636363636365,6.0,0
148705,1,10,10,0.7,5.5,0
148715,1,3,3,0.6666666666666666,2.0,0
148718,1,11,11,0.2727272727272727,6.0,0
148724,1,17,17,0.11764705882352941,9.0,1
148725,1,10,10,0.1,5.5,0
148745,1,8,8,0.875,4.5,0
148770,2,9,9,0.7777777777777778,3.0,0
148772,1,18,18,0.3333333333333333,9.5,1
148774,1,3,3,0.6666666666666666,2.0,0
148784,1,7,7,1.0,4.0,0
148828,1,21,21,0.9047619047619048,11.0,1
148833,1,14,14,0.5,7.5,0
148856,1,18,18,0.7222222222222222,9.5,1
148867,1,23,23,0.391304347826087,12.0,1
148873,1,7,7,0.14285714285714285,4.0,0
148891,1,7,7,0.5714285714285714,4.0,0
148901,1,13,13,0.46153846153846156,7.0,0
148902,2,45,39,0.8,12.422222222222222,1
148910,1,8,8,0.375,4.5,0
148916,2,9,8,0.5555555555555556,2.7777777777777777,0
148917,3,24,22,0.7916666666666666,4.791666666666667,1
148943,1,16,16,0.25,8.5,1
148946,1,4,4,1.0,2.5,0
148972,1,3,3,0.6666666666666666,2.0,0
148973,1,13,13,0.5384615384615384,7.0,0
148978,1,2,2,1.0,1.5,0
148982,1,10,10,0.1,5.5,0
148993,1,18,18,1.0,9.5,1
148994,1,10,10,1.0,5.5,0
149009,1,2,2,1.0,1.5,0
149012,1,17,17,0.7058823529411765,9.0,1
149016,1,7,7,0.8571428571428571,4.0,0
149019,1,22,22,0.5454545454545454,11.5,1
149045,1,7,7,1.0,4.0,0
149057,1,10,10,0.6,5.5,0
149066,1,6,6,0.5,3.5,0
149069,1,9,9,0.0,5.0,0
149071,1,8,8,0.25,4.5,0
149074,1,1,1,1.0,1.0,0
149082,1,5,5,0.4,3.0,0
149085,1,8,8,0.75,4.5,0
149095,1,5,5,0.4,3.0,0
149121,1,14,14,0.2857142857142857,7.5,0
149134,1,12,12,0.5833333333333334,6.5,0
149136,1,26,26,0.8076923076923077,13.5,1
149143,1,13,13,0.6923076923076923,7.0,0
149150,1,10,10,0.7,5.5,0
149156,1,46,46,0.15217391304347827,23.5,1
149170,1,20,20,0.7,10.5,1
149187,1,6,6,0.6666666666666666,3.5,0
149189,1,2,2,0.0,1.5,0
149209,1,8,8,1.0,4.5,0
149220,1,15,15,0.4666666666666667,8.0,1
149222,1,9,9,1.0,5.0,0
149231,1,16,16,0.5625,8.5,1
149239,1,12,12,0.0,6.5,0
149240,1,4,4,0.75,2.5,0
149248,1,1,1,0.0,1.0,0
149276,2,7,7,0.2857142857142857,2.2857142857142856,0
149284,1,19,19,0.5263157894736842,10.0,1
149326,1,13,13,0.8461538461538461,7.0,0
149335,1,31,31,0.9032258064516129,16.0,1
149356,1,3,3,0.6666666666666666,2.0,0
149369,3,18,18,0.4444444444444444,4.388888888888889,1
149370,1,3,3,1.0,2.0,0
149377,1,4,4,0.5,2.5,0
149383,1,11,11,0.9090909090909091,6.0,0
149391,1,13,13,0.0,7.0,0
149393,1,2,2,1.0,1.5,0
149398,1,5,5,1.0,3.0,0
149401,1,12,12,0.08333333333333333,6.5,0
149408,1,7,7,0.2857142857142857,4.0,0
149409,1,12,12,0.0,6.5,0
149424,1,7,7,0.8571428571428571,4.0,0
149439,1,37,37,0.24324324324324326,19.0,1
149444,1,26,26,0.2692307692307692,13.5,1
149481,1,14,14,0.6428571428571429,7.5,0
149482,1,7,7,0.5714285714285714,4.0,0
149498,1,32,32,0.6875,16.5,1
149504,1,5,5,0.8,3.0,0
149516,2,10,10,0.4,3.1,0
149529,1,8,8,0.5,4.5,0
149535,1,6,6,0.8333333333333334,3.5,0
149546,1,19,19,0.47368421052631576,10.0,1
149547,1,7,7,0.2857142857142857,4.0,0
149556,1,7,7,1.0,4.0,0
149567,2,23,21,0.5652173913043478,7.565217391304348,1
149579,1,2,2,0.5,1.5,0
149582,1,20,20,0.9,10.5,1
149607,1,5,5,0.4,3.0,0
149637,1,4,4,0.5,2.5,0
149645,1,15,15,1.0,8.0,1
149646,1,17,17,0.0,9.0,1
149665,1,19,19,0.631578947368421,10.0,1
149677,1,2,2,0.5,1.5,0
149678,1,7,7,0.42857142857142855,4.0,0
149683,1,8,8,0.875,4.5,0
149693,1,16,16,0.625,8.5,1
149706,1,3,3,0.6666666666666666,2.0,0
149713,1,16,16,0.4375,8.5,1
149715,1,13,13,0.23076923076923078,7.0,0
149747,1,14,14,0.9285714285714286,7.5,0
149748,1,12,12,0.0,6.5,0
149760,1,13,13,0.9230769230769231,7.0,0
149766,1,19,19,0.7368421052631579,10.0,1
149790,1,2,2,0.5,1.5,0
149793,1,30,30,0.7666666666666667,15.5,1
149798,1,7,7,1.0,4.0,0
149809,2,30,22,1.0,8.3,1
149817,2,14,11,1.0,4.642857142857143,0
149823,1,4,4,0.5,2.5,0
149828,1,5,5,0.8,3.0,0
149844,1,12,12,0.9166666666666666,6.5,0
149853,1,7,7,0.0,4.0,0
149854,1,8,8,0.875,4.5,0
149858,1,3,3,0.3333333333333333,2.0,0
149859,1,3,3,1.0,2.0,0
149862,1,14,14,1.0,7.5,0
149863,1,33,33,0.8787878787878788,17.0,1
149871,1,7,7,0.8571428571428571,4.0,0
149882,1,1,1,1.0,1.0,0
149886,1,4,4,0.0,2.5,0
149908,1,1,1,0.0,1.0,0
149909,1,27,27,0.9259259259259259,14.0,1
149916,1,5,5,0.4,3.0,0
149928,1,23,23,0.34782608695652173,12.0,1
149933,1,5,5,0.4,3.0,0
149937,1,2,2,0.0,1.5,0
149942,2,45,37,0.8,12.688888888888888,1
149976,1,3,3,0.6666666666666666,2.0,0
150015,1,16,16,0.875,8.5,1
150026,1,3,3,1.0,2.0,0
150028,3,28,25,0.75,5.785714285714286,1
150048,1,8,8,0.5,4.5,0
150058,1,4,4,1.0,2.5,0
150063,1,8,8,0.875,4.5,0
150094,2,11,8,0.5454545454545454,3.272727272727273,0
150121,1,12,12,0.9166666666666666,6.5,0
150123,1,15,15,0.8666666666666667,8.0,1
150125,1,19,19,0.9473684210526315,10.0,1
150126,1,15,15,0.6666666666666666,8.0,1
150127,1,20,20,0.95,10.5,1
150167,1,4,4,1.0,2.5,0
150180,1,5,5,0.4,3.0,0
150183,1,3,3,0.3333333333333333,2.0,0
150212,1,7,7,1.0,4.0,0
150220,1,6,6,0.3333333333333333,3.5,0
150228,1,9,9,0.6666666666666666,5.0,0
150230,1,6,6,1.0,3.5,0
150239,1,14,14,0.35714285714285715,7.5,0
150252,1,5,5,0.2,3.0,0
150255,1,8,8,0.25,4.5,0
150268,1,2,2,0.5,1.5,0
150275,1,19,19,0.8947368421052632,10.0,1
150283,1,1,1,0.0,1.0,0
150285,1,13,13,0.7692307692307693,7.0,0
150289,1,3,3,0.0,2.0,0
150301,1,3,3,0.3333333333333333,2.0,0
150304,1,18,18,0.8333333333333334,9.5,1
150329,1,7,7,1.0,4.0,0
150330,1,1,1,0.0,1.0,0
150348,1,16,16,0.3125,8.5,1
150350,1,6,6,1.0,3.5,0
150357,1,8,8,0.625,4.5,0
150360,1,8,8,0.0,4.5,0
150371,1,10,10,0.8,5.5,0
150376,1,12,12,0.3333333333333333,6.5,0
150378,1,13,13,0.38461538461538464,7.0,0
150387,1,25,25,0.24,13.0,1
150394,2,38,31,0.5,10.947368421052632,1
150409,1,4,4,0.0,2.5,0
150415,1,1,1,1.0,1.0,0
150435,1,18,18,0.7777777777777778,9.5,1
150437,1,19,19,0.5789473684210527,10.0,1
150456,1,4,4,1.0,2.5,0
150467,1,19,19,0.631578947368421,10.0,1
150481,1,7,7,0.8571428571428571,4.0,0
150507,1,30,30,0.0,15.5,1
150518,1,9,9,0.7777777777777778,5.0,0
150532,2,11,10,0.18181818181818182,3.8181818181818183,0
150547,1,15,15,0.4,8.0,1
150552,1,6,6,0.5,3.5,0
150553,1,2,2,1.0,1.5,0
150555,1,9,9,0.6666666666666666,5.0,0
150569,1,12,12,0.3333333333333333,6.5,0
150570,1,17,17,0.8823529411764706,9.0,1
150585,1,15,15,0.4666666666666667,8.0,1
150593,1,3,3,0.3333333333333333,2.0,0
150599,1,3,3,0.6666666666666666,2.0,0
150600,1,9,9,0.6666666666666666,5.0,0
150616,1,2,2,0.0,1.5,0
150633,1,6,6,0.5,3.5,0
150640,2,28,24,0.7142857142857143,8.785714285714286,1
150641,1,6,6,0.5,3.5,0
150647,1,6,6,0.8333333333333334,3.5,0
150651,1,10,10,0.6,5.5,0
150661,1,4,4,0.25,2.5,0
150671,1,3,3,1.0,2.0,0
150677,1,14,14,1.0,7.5,0
150684,1,3,3,0.3333333333333333,2.0,0
150690,1,5,5,0.2,3.0,0
150691,1,7,7,0.8571428571428571,4.0,0
150693,1,8,8,0.5,4.5,0
150701,1,21,21,0.2857142857142857,11.0,1
150717,1,6,6,0.0,3.5,0
150723,1,5,5,0.6,3.0,0
150739,1,45,45,0.3333333333333333,23.0,1
150747,1,6,6,0.6666666666666666,3.5,0
150755,1,8,8,1.0,4.5,0
150757,2,26,25,0.8076923076923077,9.461538461538462,1
150759,1,16,16,0.0,8.5,1
150774,1,5,5,0.8,3.0,0
150784,1,8,8,0.625,4.5,0
150787,1,1,1,1.0,1.0,0
150809,1,14,14,0.9285714285714286,7.5,0
150812,1,3,3,0.3333333333333333,2.0,0
150828,1,2,2,1.0,1.5,0
150832,1,8,8,0.125,4.5,0
150840,1,12,12,1.0,6.5,0
150857,1,4,4,0.5,2.5,0
150858,1,15,15,0.0,8.0,1
150860,1,5,5,0.4,3.0,0
150873,1,7,7,0.8571428571428571,4.0,0
150888,1,11,11,0.09090909090909091,6.0,0
150913,1,7,7,0.2857142857142857,4.0,0
150917,1,5,5,0.4,3.0,0
150928,1,9,9,1.0,5.0,0
150929,1,3,3,0.3333333333333333,2.0,0
150941,1,24,24,0.08333333333333333,12.5,1
150951,1,6,6,0.6666666666666666,3.5,0
150952,1,10,10,0.5,5.5,0
150959,1,8,8,0.625,4.5,0
150964,1,6,6,1.0,3.5,0
150985,1,7,7,0.8571428571428571,4.0,0
150989,1,1,1,1.0,1.0,0
150998,1,6,6,0.3333333333333333,3.5,0
151001,1,7,7,1.0,4.0,0
151012,1,4,4,0.25,2.5,0
151016,1,5,5,0.4,3.0,0
151022,1,10,10,0.3,5.5,0
151030,1,9,9,0.4444444444444444,5.0,0
151045,1,9,9,0.8888888888888888,5.0,0
151058,1,2,2,0.5,1.5,0
151059,1,2,2,0.5,1.5,0
151061,1,8,8,1.0,4.5,0
151083,2,17,17,0.5294117647058824,5.117647058823529,1
151105,1,10,10,0.5,5.5,0
151113,2,64,55,0.875,17.265625,1
151119,1,9,9,0.7777777777777778,5.0,0
151123,1,1,1,1.0,1.0,0
151124,1,6,6,1.0,3.5,0
151126,2,39,30,0.48717948717948717,10.307692307692308,1
151165,1,7,7,0.2857142857142857,4.0,0
151200,1,5,5,0.4,3.0,0
151207,1,5,5,0.0,3.0,0
151223,1,10,10,0.0,5.5,0
151227,1,7,7,0.5714285714285714,4.0,0
151237,1,6,6,1.0,3.5,0
151250,1,9,9,0.4444444444444444,5.0,0
151259,1,27,27,0.8518518518518519,14.0,1
151262,1,6,6,0.3333333333333333,3.5,0
151277,1,16,16,0.0,8.5,1
151284,1,7,7,0.2857142857142857,4.0,0
151299,1,3,3,0.6666666666666666,2.0,0
151304,1,18,18,0.8888888888888888,9.5,1
151320,1,5,5,0.4,3.0,0
151323,1,7,7,0.0,4.0,0
151336,1,5,5,0.8,3.0,0
151339,1,12,12,1.0,6.5,0
151350,2,41,37,0.7804878048780488,11.487804878048781,1
151359,1,7,7,0.5714285714285714,4.0,0
151370,1,25,25,0.88,13.0,1
151371,1,29,29,1.0,15.0,1
151375,1,7,7,0.42857142857142855,4.0,0
151378,1,41,41,0.7317073170731707,21.0,1
151382,1,18,18,0.8888888888888888,9.5,1
151386,1,2,2,1.0,1.5,0
151403,1,10,10,1.0,5.5,0
151426,1,3,3,1.0,2.0,0
151430,2,34,24,0.9411764705882353,9.117647058823529,1
151437,1,10,10,0.9,5.5,0
151441,1,8,8,0.625,4.5,0
151450,1,1,1,1.0,1.0,0
151451,1,7,7,0.42857142857142855,4.0,0
151452,1,2,2,1.0,1.5,0
151453,1,25,25,0.68,13.0,1
151458,1,8,8,0.75,4.5,0
151466,1,17,17,0.4117647058823529,9.0,1
151470,1,6,6,0.8333333333333334,3.5,0
151474,1,4,4,0.25,2.5,0
151481,1,7,7,0.0,4.0,0
151489,2,8,8,0.375,2.625,0
151503,1,7,7,0.7142857142857143,4.0,0
151514,2,7,7,0.7142857142857143,2.5714285714285716,0
151516,1,18,18,0.0,9.5,1
151518,1,19,19,0.0,10.0,1
151519,1,5,5,0.8,3.0,0
151528,1,8,8,0.625,4.5,0
151544,1,4,4,0.75,2.5,0
151568,1,6,6,0.5,3.5,0
151570,1,13,13,0.15384615384615385,7.0,0
151603,1,13,13,0.6153846153846154,7.0,0
151606,2,9,8,1.0,2.7777777777777777,0
151613,1,10,10,0.2,5.5,0
151618,1,17,17,0.7647058823529411,9.0,1
151634,1,24,24,0.8333333333333334,12.5,1
151645,1,63,63,0.42857142857142855,32.0,1
151646,1,4,4,0.5,2.5,0
151647,1,23,23,0.4782608695652174,12.0,1
151667,1,1,1,1.0,1.0,0
151673,1,49,49,0.8571428571428571,25.0,1
151689,1,13,13,0.3076923076923077,7.0,0
151702,1,10,10,0.3,5.5,0
151703,1,19,19,0.0,10.0,1
151735,1,7,7,0.5714285714285714,4.0,0
151737,1,26,26,0.2692307692307692,13.5,1
151745,1,7,7,0.5714285714285714,4.0,0
151750,1,8,8,0.5,4.5,0
151785,1,17,17,0.5882352941176471,9.0,1
151797,1,7,7,0.2857142857142857,4.0,0
151800,1,3,3,0.3333333333333333,2.0,0
151822,1,29,29,0.6551724137931034,15.0,1
151837,1,12,12,0.75,6.5,0
151844,1,11,11,0.2727272727272727,6.0,0
151850,1,16,16,0.625,8.5,1
151854,1,14,14,0.21428571428571427,7.5,0
151862,1,16,16,0.9375,8.5,1
151880,1,1,1,1.0,1.0,0
151891,1,7,7,0.8571428571428571,4.0,0
151906,2,3,2,1.0,1.3333333333333333,0
151929,1,8,8,0.0,4.5,0
151930,1,7,7,0.0,4.0,0
151935,1,9,9,0.1111111111111111,5.0,0
151939,1,13,13,0.7692307692307693,7.0,0
151951,1,3,3,0.3333333333333333,2.0,0
151969,1,2,2,1.0,1.5,0
151973,1,11,11,1.0,6.0,0
151989,1,6,6,1.0,3.5,0
151993,1,5,5,1.0,3.0,0
151995,1,13,13,0.5384615384615384,7.0,0
152016,1,1,1,1.0,1.0,0
152017,1,4,4,1.0,2.5,0
152028,1,28,28,0.6071428571428571,14.5,1
152029,2,14,14,0.2857142857142857,4.642857142857143,1
152037,1,3,3,0.6666666666666666,2.0,0
152042,1,3,3,0.3333333333333333,2.0,0
152051,1,11,11,0.7272727272727273,6.0,0
152058,1,12,12,0.5,6.5,0
152063,1,9,9,1.0,5.0,0
152068,1,6,6,0.6666666666666666,3.5,0
152091,1,3,3,1.0,2.0,0
152098,1,20,20,0.85,10.5,1
152100,1,6,6,0.3333333333333333,3.5,0
152102,1,3,3,1.0,2.0,0
152103,1,4,4,0.75,2.5,0
152128,1,10,10,1.0,5.5,0
152139,1,13,13,0.38461538461538464,7.0,0
152152,2,13,11,0.7692307692307693,3.923076923076923,0
152160,1,6,6,0.0,3.5,0
152166,1,10,10,0.5,5.5,0
152193,1,5,5,1.0,3.0,0
152220,1,11,11,0.8181818181818182,6.0,0
152249,1,10,10,0.7,5.5,0
152250,1,9,9,0.0,5.0,0
152300,1,1,1,1.0,1.0,0
152310,1,8,8,0.5,4.5,0
152324,1,2,2,1.0,1.5,0
152340,2,11,11,0.9090909090909091,3.272727272727273,0
152348,1,11,11,0.7272727272727273,6.0,0
152360,1,6,6,0.16666666666666666,3.5,0
152363,1,15,15,0.2,8.0,1
152365,1,10,10,0.9,5.5,0
152379,1,12,12,0.75,6.5,0
152392,1,15,15,0.4,8.0,1
152401,1,7,7,0.2857142857142857,4.0,0
152406,1,29,29,0.9310344827586207,15.0,1
152409,1,9,9,0.5555555555555556,5.0,0
152416,2,34,28,0.7352941176470589,10.441176470588236,1
152436,1,7,7,0.5714285714285714,4.0,0
152443,1,12,12,0.6666666666666666,6.5,0
152450,1,9,9,0.0,5.0,0
152456,1,19,19,0.5789473684210527,10.0,1
152463,1,2,2,0.0,1.5,0
152465,1,4,4,0.5,2.5,0
152480,1,9,9,0.8888888888888888,5.0,0
152486,1,8,8,0.0,4.5,0
152489,1,5,5,0.0,3.0,0
152526,1,2,2,0.5,1.5,0
152529,1,17,17,0.5294117647058824,9.0,1
152536,1,5,5,0.4,3.0,0
152537,1,12,12,0.25,6.5,0
152538,1,12,12,0.25,6.5,0
152544,1,13,13,0.8461538461538461,7.0,0
152590,1,4,4,0.75,2.5,0
152610,1,15,15,0.4,8.0,1
152619,1,12,12,0.6666666666666666,6.5,0
152646,1,22,22,0.0,11.5,1
152654,1,13,13,0.38461538461538464,7.0,0
152665,1,1,1,1.0,1.0,0
152691,1,3,3,1.0,2.0,0
152707,1,13,13,0.9230769230769231,7.0,0
152711,1,12,12,0.4166666666666667,6.5,0
152729,1,6,6,0.5,3.5,0
152749,1,17,17,0.0,9.0,1
152759,1,4,4,1.0,2.5,0
152772,1,8,8,0.5,4.5,0
152797,1,40,40,0.7,20.5,1
152807,2,26,25,0.8461538461538461,7.153846153846154,1
152819,1,5,5,0.2,3.0,0
152821,1,10,10,0.5,5.5,0
152857,1,8,8,1.0,4.5,0
152877,2,22,19,0.9090909090909091,6.0,1
152889,1,9,9,0.4444444444444444,5.0,0
152899,1,8,8,1.0,4.5,0
152903,1,2,2,0.0,1.5,0
152922,1,11,11,0.5454545454545454,6.0,0
152929,1,17,17,0.8823529411764706,9.0,1
152931,2,20,16,0.9,5.95,1
152946,1,15,15,0.6666666666666666,8.0,1
152968,1,11,11,0.45454545454545453,6.0,0
152979,1,2,2,0.5,1.5,0
152985,1,5,5,0.0,3.0,0
152992,1,2,2,1.0,1.5,0
153024,1,5,5,1.0,3.0,0
153056,1,1,1,1.0,1.0,0
153069,1,13,13,0.0,7.0,0
153075,2,45,39,0.7555555555555555,11.88888888888889,1
153087,1,3,3,0.6666666666666666,2.0,0
153105,1,7,7,0.0,4.0,0
153133,1,29,29,0.4827586206896552,15.0,1
153139,1,20,20,0.2,10.5,1
153169,1,19,19,0.47368421052631576,10.0,1
153172,1,10,10,0.5,5.5,0
153214,1,15,15,0.4,8.0,1
153222,1,8,8,0.625,4.5,0
153226,1,4,4,0.25,2.5,0
153244,1,4,4,0.75,2.5,0
153249,1,3,3,0.6666666666666666,2.0,0
153264,2,6,5,0.5,2.1666666666666665,0
153274,1,1,1,1.0,1.0,0
153276,1,4,4,0.5,2.5,0
153285,1,10,10,0.4,5.5,0
153351,1,22,22,0.3181818181818182,11.5,1
153352,1,12,12,0.8333333333333334,6.5,0
153367,1,17,17,0.5882352941176471,9.0,1
153379,1,12,12,0.5833333333333334,6.5,0
153384,1,13,13,0.8461538461538461,7.0,0
153387,1,5,5,1.0,3.0,0
153394,1,22,22,0.7727272727272727,11.5,1
153404,1,8,8,0.25,4.5,0
153405,2,15,15,0.4666666666666667,4.266666666666667,1
153406,1,6,6,1.0,3.5,0
153407,1,25,25,0.56,13.0,1
153413,1,8,8,0.125,4.5,0
153416,1,15,15,1.0,8.0,1
153417,1,5,5,0.6,3.0,0
153422,1,23,23,0.13043478260869565,12.0,1
153424,1,7,7,0.0,4.0,0
153437,1,6,6,1.0,3.5,0
153445,1,3,3,1.0,2.0,0
153455,1,3,3,1.0,2.0,0
153460,1,18,18,0.1111111111111111,9.5,1
153465,1,6,6,0.5,3.5,0
153471,2,14,12,0.8571428571428571,4.642857142857143,0
153477,1,5,5,1.0,3.0,0
153481,1,2,2,1.0,1.5,0
153514,1,6,6,0.16666666666666666,3.5,0
153516,1,15,15,0.8666666666666667,8.0,1
153529,1,4,4,0.25,2.5,0
153543,1,10,10,0.8,5.5,0
153568,1,3,3,0.6666666666666666,2.0,0
153571,1,17,17,0.5882352941176471,9.0,1
153576,1,11,11,0.7272727272727273,6.0,0
153593,1,1,1,1.0,1.0,0
153604,1,3,3,1.0,2.0,0
153607,1,12,12,0.3333333333333333,6.5,0
153628,2,17,17,0.9411764705882353,4.882352941176471,1
153680,1,8,8,0.125,4.5,0
153706,2,47,36,0.7872340425531915,12.297872340425531,1
153721,1,8,8,0.75,4.5,0
153724,1,18,18,1.0,9.5,1
153736,1,10,10,0.0,5.5,0
153738,1,7,7,0.0,4.0,0
153817,1,10,10,0.4,5.5,0
153823,1,16,16,0.625,8.5,1
153850,1,14,14,0.5,7.5,0
153852,1,13,13,0.38461538461538464,7.0,0
153855,1,7,7,0.5714285714285714,4.0,0
153856,1,1,1,1.0,1.0,0
153862,2,10,7,1.0,3.1,0
153866,1,10,10,0.8,5.5,0
153869,1,8,8,0.75,4.5,0
153876,1,6,6,0.0,3.5,0
153895,1,10,10,0.0,5.5,0
153900,1,2,2,1.0,1.5,0
153902,1,20,20,0.95,10.5,1
153907,1,7,7,1.0,4.0,0
153910,1,7,7,0.7142857142857143,4.0,0
153962,1,17,17,0.8823529411764706,9.0,1
153972,1,18,18,0.2222222222222222,9.5,1
153981,1,19,19,0.3684210526315789,10.0,1
153989,1,19,19,0.0,10.0,1
153996,1,1,1,1.0,1.0,0
154000,1,24,24,0.625,12.5,1
154004,1,11,11,0.0,6.0,0
154014,1,15,15,1.0,8.0,1
154027,1,10,10,0.9,5.5,0
154040,1,2,2,0.0,1.5,0
154107,1,3,3,1.0,2.0,0
154162,1,7,7,0.5714285714285714,4.0,0
154183,1,4,4,0.5,2.5,0
154184,1,9,9,0.5555555555555556,5.0,0
154197,1,14,14,0.0,7.5,0
154201,1,4,4,0.75,2.5,0
154215,1,28,28,0.25,14.5,1
154273,1,2,2,0.5,1.5,0
154274,1,30,30,0.26666666666666666,15.5,1
154282,1,15,15,1.0,8.0,1
154286,1,6,6,0.16666666666666666,3.5,0
154287,1,3,3,0.3333333333333333,2.0,0
154298,1,12,12,0.4166666666666667,6.5,0
154311,1,10,10,0.4,5.5,0
154317,3,32,32,0.25,7.84375,1
154321,1,23,23,0.0,12.0,1
154331,1,18,18,0.5555555555555556,9.5,1
154361,1,2,2,1.0,1.5,0
154391,1,11,11,0.6363636363636364,6.0,0
154405,1,1,1,0.0,1.0,0
154412,2,10,10,0.5,3.4,0
154418,1,9,9,0.4444444444444444,5.0,0
154424,1,14,14,0.7857142857142857,7.5,0
154441,1,8,8,0.5,4.5,0
154442,1,7,7,0.5714285714285714,4.0,0
154464,1,18,18,0.2777777777777778,9.5,1
154465,1,16,16,0.75,8.5,1
154480,1,17,17,0.35294117647058826,9.0,1
154493,1,11,11,0.6363636363636364,6.0,0
154517,1,6,6,0.6666666666666666,3.5,0
154563,1,18,18,0.4444444444444444,9.5,1
154587,1,13,13,0.15384615384615385,7.0,0
154635,1,3,3,1.0,2.0,0
154636,1,1,1,0.0,1.0,0
154645,2,29,29,0.5862068965517241,11.551724137931034,1
154662,1,1,1,0.0,1.0,0
154663,1,6,6,0.8333333333333334,3.5,0
154667,1,6,6,0.8333333333333334,3.5,0
154678,1,12,12,0.5,6.5,0
154697,2,5,5,0.4,2.2,0
154699,1,9,9,0.0,5.0,0
154728,1,16,16,0.5625,8.5,1
154729,1,7,7,0.0,4.0,0
154734,1,4,4,0.5,2.5,0
154738,1,9,9,0.7777777777777778,5.0,0
154748,2,15,12,1.0,4.266666666666667,0
154766,1,1,1,0.0,1.0,0
154783,1,11,11,0.09090909090909091,6.0,0
154787,1,14,14,0.21428571428571427,7.5,0
154807,1,3,3,1.0,2.0,0
154827,1,17,17,0.5294117647058824,9.0,1
154832,1,10,10,0.9,5.5,0
154837,2,23,22,0.8695652173913043,6.521739130434782,1
154839,1,6,6,0.8333333333333334,3.5,0
154842,1,5,5,0.8,3.0,0
154860,1,9,9,0.6666666666666666,5.0,0
154880,1,9,9,0.4444444444444444,5.0,0
154881,1,11,11,0.45454545454545453,6.0,0
154895,1,4,4,0.75,2.5,0
154915,1,11,11,1.0,6.0,0
154921,1,9,9,0.2222222222222222,5.0,0
154926,1,9,9,0.3333333333333333,5.0,0
154934,1,9,9,0.0,5.0,0
154942,1,13,13,0.7692307692307693,7.0,0
154966,1,35,35,0.0,18.0,1
154977,1,4,4,1.0,2.5,0
154990,1,8,8,0.625,4.5,0
155017,1,17,17,0.9411764705882353,9.0,1
155022,2,18,17,0.5555555555555556,5.055555555555555,1
155027,2,30,29,0.5333333333333333,9.633333333333333,1
155032,1,6,6,1.0,3.5,0
155059,1,8,8,0.75,4.5,0
155061,1,10,10,0.9,5.5,0
155064,1,1,1,1.0,1.0,0
155075,1,12,12,0.5833333333333334,6.5,0
155077,1,10,10,1.0,5.5,0
155078,1,1,1,0.0,1.0,0
155080,1,18,18,0.7222222222222222,9.5,1
155087,1,1,1,1.0,1.0,0
155097,1,2,2,1.0,1.5,0
155154,1,12,12,0.6666666666666666,6.5,0
155155,1,10,10,0.0,5.5,0
155159,1,18,18,0.4444444444444444,9.5,1
155163,1,5,5,0.2,3.0,0
155173,1,15,15,0.0,8.0,1
155187,1,10,10,0.7,5.5,0
155188,1,25,25,0.4,13.0,1
155202,1,8,8,1.0,4.5,0
155209,1,5,5,0.8,3.0,0
155216,1,11,11,0.0,6.0,0
155229,1,14,14,0.9285714285714286,7.5,0
155234,1,16,16,0.4375,8.5,1
155246,1,6,6,0.6666666666666666,3.5,0
155252,2,29,28,0.6551724137931034,10.241379310344827,1
155262,1,3,3,0.0,2.0,0
155271,1,8,8,0.75,4.5,0
155276,1,3,3,0.3333333333333333,2.0,0
155280,1,6,6,0.6666666666666666,3.5,0
155314,1,5,5,0.2,3.0,0
155320,1,1,1,1.0,1.0,0
155344,1,8,8,0.25,4.5,0
155354,1,9,9,0.4444444444444444,5.0,0
155364,1,23,23,0.5217391304347826,12.0,1
155371,2,21,20,0.38095238095238093,6.0476190476190474,1
155376,1,13,13,0.46153846153846156,7.0,0
155379,1,7,7,0.14285714285714285,4.0,0
155412,1,2,2,0.5,1.5,0
155426,1,17,17,0.47058823529411764,9.0,1
155431,2,26,21,0.7692307692307693,7.153846153846154,1
155432,1,1,1,0.0,1.0,0
155441,1,18,18,0.6111111111111112,9.5,1
155468,1,3,3,1.0,2.0,0
155472,1,24,24,0.16666666666666666,12.5,1
155476,1,15,15,0.3333333333333333,8.0,1
155478,1,2,2,0.0,1.5,0
155496,1,6,6,0.3333333333333333,3.5,0
155497,1,9,9,0.7777777777777778,5.0,0
155501,1,12,12,0.75,6.5,0
155508,1,8,8,0.75,4.5,0
155513,1,2,2,1.0,1.5,0
155567,1,6,6,0.0,3.5,0
155588,1,5,5,0.8,3.0,0
155597,1,15,15,0.8,8.0,1
155608,1,22,22,0.7272727272727273,11.5,1
155612,1,6,6,1.0,3.5,0
155618,1,6,6,1.0,3.5,0
155621,1,35,35,0.8,18.0,1
155638,1,42,42,0.8809523809523809,21.5,1
155649,1,7,7,1.0,4.0,0
155658,1,18,18,0.5555555555555556,9.5,1
155674,1,4,4,1.0,2.5,0
155692,1,5,5,0.2,3.0,0
155694,1,8,8,0.375,4.5,0
155741,1,6,6,0.3333333333333333,3.5,0
155757,1,2,2,1.0,1.5,0
155763,1,1,1,1.0,1.0,0
155766,1,16,16,0.5,8.5,1
155773,1,12,12,0.5833333333333334,6.5,0
155777,1,4,4,0.75,2.5,0
155784,1,19,19,0.3684210526315789,10.0,1
155789,1,1,1,0.0,1.0,0
155801,1,2,2,0.0,1.5,0
155811,1,11,11,0.9090909090909091,6.0,0
155815,1,9,9,0.7777777777777778,5.0,0
155843,1,6,6,0.3333333333333333,3.5,0
155845,1,15,15,0.4666666666666667,8.0,1
155846,1,4,4,0.25,2.5,0
155858,1,11,11,0.5454545454545454,6.0,0
155875,1,32,32,0.5625,16.5,1
155891,1,16,16,0.8125,8.5,1
155941,1,8,8,0.875,4.5,0
155950,1,5,5,0.4,3.0,0
155985,1,17,17,0.9411764705882353,9.0,1
155992,1,17,17,0.7647058823529411,9.0,1
155997,1,2,2,0.5,1.5,0
156000,1,8,8,0.5,4.5,0
156007,1,9,9,1.0,5.0,0
156033,1,10,10,0.3,5.5,0
156042,1,4,4,0.75,2.5,0
156052,1,7,7,0.5714285714285714,4.0,0
156064,1,10,10,0.6,5.5,0
156069,1,13,13,0.8461538461538461,7.0,0
156103,1,8,8,0.625,4.5,0
156112,1,11,11,1.0,6.0,0
156116,1,13,13,0.6153846153846154,7.0,0
156122,1,26,26,0.8076923076923077,13.5,1
156130,1,8,8,0.375,4.5,0
156133,1,22,22,0.9090909090909091,11.5,1
156169,1,4,4,0.25,2.5,0
156182,1,6,6,0.5,3.5,0
156203,1,2,2,0.5,1.5,0
156213,2,20,19,0.55,5.55,1
156218,1,6,6,0.6666666666666666,3.5,0
156219,1,15,15,0.5333333333333333,8.0,1
156232,1,2,2,0.5,1.5,0
156235,1,9,9,1.0,5.0,0
156279,1,2,2,1.0,1.5,0
156292,1,7,7,1.0,4.0,0
156295,1,9,9,0.0,5.0,0
156311,2,22,21,0.6363636363636364,6.409090909090909,1
156327,1,3,3,0.0,2.0,0
156331,2,33,28,0.8181818181818182,10.93939393939394,1
156339,1,8,8,1.0,4.5,0
156344,1,11,11,0.9090909090909091,6.0,0
156350,1,17,17,0.8823529411764706,9.0,1
156359,1,16,16,0.8125,8.5,1
156366,2,8,8,0.75,3.0,0
156368,1,6,6,0.5,3.5,0
156376,1,9,9,0.7777777777777778,5.0,0
156395,1,6,6,1.0,3.5,0
156408,1,2,2,0.5,1.5,0
156413,1,6,6,0.6666666666666666,3.5,0
156418,1,2,2,1.0,1.5,0
156420,1,3,3,1.0,2.0,0
156422,1,24,24,0.75,12.5,1
156431,1,16,16,0.6875,8.5,1
156438,1,5,5,0.6,3.0,0
156439,1,12,12,0.5,6.5,0
156449,1,1,1,1.0,1.0,0
156454,1,2,2,0.5,1.5,0
156456,1,8,8,0.25,4.5,0
156462,1,31,31,0.4838709677419355,16.0,1
156467,1,12,12,1.0,6.5,0
156469,1,17,17,0.6470588235294118,9.0,1
156473,1,7,7,0.5714285714285714,4.0,0
156483,1,18,18,0.0,9.5,1
156500,1,11,11,0.09090909090909091,6.0,0
156505,2,62,56,0.8548387096774194,16.79032258064516,1
156511,1,7,7,0.2857142857142857,4.0,0
156520,1,3,3,0.0,2.0,0
156521,1,33,33,0.18181818181818182,17.0,1
156524,1,1,1,1.0,1.0,0
156531,1,8,8,1.0,4.5,0
156551,1,20,20,0.4,10.5,1
156554,1,12,12,0.6666666666666666,6.5,0
156555,1,6,6,1.0,3.5,0
156628,1,1,1,1.0,1.0,0
156633,1,24,24,0.25,12.5,1
156636,1,6,6,0.16666666666666666,3.5,0
156639,2,14,14,0.5,4.642857142857143,1
156645,1,9,9,0.8888888888888888,5.0,0
156652,1,20,20,0.35,10.5,1
156665,1,3,3,1.0,2.0,0
156700,2,25,22,0.88,7.24,1
156712,1,37,37,0.6216216216216216,19.0,1
156724,1,17,17,0.7058823529411765,9.0,1
156733,1,9,9,0.3333333333333333,5.0,0
156758,1,9,9,0.2222222222222222,5.0,0
156762,1,11,11,0.5454545454545454,6.0,0
156766,1,19,19,0.631578947368421,10.0,1
156770,1,4,4,0.75,2.5,0
156788,2,49,42,0.6938775510204082,12.755102040816327,1
156802,1,14,14,0.0,7.5,0
156807,2,13,13,0.07692307692307693,5.3076923076923075,1
156815,1,4,4,1.0,2.5,0
156817,1,21,21,0.9047619047619048,11.0,1
156831,1,8,8,0.625,4.5,0
156834,1,21,21,0.2857142857142857,11.0,1
156837,1,15,15,0.8,8.0,1
156876,1,10,10,0.8,5.5,0
156913,1,6,6,0.0,3.5,0
156916,1,14,14,0.7857142857142857,7.5,0
156927,1,12,12,0.6666666666666666,6.5,0
156936,1,25,25,0.0,13.0,1
156940,1,9,9,0.0,5.0,0
156949,1,9,9,0.3333333333333333,5.0,0
156953,2,6,6,0.6666666666666666,2.6666666666666665,0
156964,3,25,23,0.88,5.32,1
156975,1,15,15,0.9333333333333333,8.0,1
156980,1,18,18,0.7222222222222222,9.5,1
156989,1,5,5,0.2,3.0,0
157006,1,15,15,0.6,8.0,1
157016,1,18,18,0.6666666666666666,9.5,1
157026,1,8,8,0.875,4.5,0
157045,1,16,16,0.375,8.5,1
157072,1,1,1,1.0,1.0,0
157078,1,1,1,1.0,1.0,0
157084,1,1,1,1.0,1.0,0
157088,1,19,19,0.05263157894736842,10.0,1
157093,1,1,1,1.0,1.0,0
157094,1,24,24,0.6666666666666666,12.5,1
157129,1,6,6,0.3333333333333333,3.5,0
157142,1,8,8,0.875,4.5,0
157185,1,10,10,0.9,5.5,0
157226,1,8,8,0.875,4.5,0
157262,1,2,2,1.0,1.5,0
157295,1,7,7,0.8571428571428571,4.0,0
157318,1,3,3,0.0,2.0,0
157328,1,3,3,1.0,2.0,0
157339,1,4,4,0.25,2.5,0
157341,1,2,2,1.0,1.5,0
157346,1,2,2,1.0,1.5,0
157353,1,2,2,1.0,1.5,0
157357,1,21,21,0.5714285714285714,11.0,1
157392,1,37,37,0.0,19.0,1
157398,1,12,12,0.0,6.5,0
157419,1,8,8,0.75,4.5,0
157430,1,3,3,0.6666666666666666,2.0,0
157448,1,2,2,0.5,1.5,0
157481,1,10,10,1.0,5.5,0
157492,1,5,5,0.6,3.0,0
157506,1,2,2,1.0,1.5,0
157523,1,26,26,1.0,13.5,1
157556,1,6,6,0.8333333333333334,3.5,0
157564,1,10,10,0.6,5.5,0
157565,1,13,13,1.0,7.0,0
157575,1,4,4,1.0,2.5,0
157587,1,2,2,1.0,1.5,0
157593,1,4,4,1.0,2.5,0
157600,1,6,6,1.0,3.5,0
157607,1,16,16,0.9375,8.5,1
157616,2,5,5,0.8,1.8,0
157650,1,8,8,0.875,4.5,0
157655,1,13,13,0.07692307692307693,7.0,0
157658,1,3,3,1.0,2.0,0
157667,1,3,3,1.0,2.0,0
157670,1,3,3,1.0,2.0,0
157671,1,12,12,1.0,6.5,0
157673,1,9,9,0.2222222222222222,5.0,0
157687,1,3,3,0.3333333333333333,2.0,0
157696,1,2,2,0.5,1.5,0
157704,2,8,7,1.0,2.5,0
157710,1,23,23,0.08695652173913043,12.0,1
157715,1,24,24,0.6666666666666666,12.5,1
157719,1,21,21,1.0,11.0,1
157733,1,1,1,0.0,1.0,0
157759,1,1,1,1.0,1.0,0
157774,1,1,1,1.0,1.0,0
157786,1,15,15,0.13333333333333333,8.0,1
157790,1,1,1,0.0,1.0,0
157796,1,10,10,0.3,5.5,0
157805,1,6,6,0.5,3.5,0
157830,1,19,19,0.9473684210526315,10.0,1
157839,1,7,7,0.5714285714285714,4.0,0
157847,1,18,18,0.6666666666666666,9.5,1
157855,1,17,17,0.8823529411764706,9.0,1
157861,1,12,12,0.4166666666666667,6.5,0
157874,1,30,30,0.9333333333333333,15.5,1
157878,1,6,6,0.3333333333333333,3.5,0
157891,1,8,8,1.0,4.5,0
157906,1,8,8,0.5,4.5,0
157907,1,12,12,0.9166666666666666,6.5,0
157932,1,6,6,1.0,3.5,0
157936,1,4,4,0.75,2.5,0
157941,1,7,7,0.14285714285714285,4.0,0
157954,1,8,8,0.125,4.5,0
158000,1,6,6,1.0,3.5,0
158001,1,6,6,0.8333333333333334,3.5,0
158003,1,4,4,0.25,2.5,0
158077,1,12,12,0.08333333333333333,6.5,0
158084,1,1,1,1.0,1.0,0
158091,1,26,26,1.0,13.5,1
158094,1,10,10,0.2,5.5,0
158098,1,6,6,0.5,3.5,0
158125,1,7,7,0.14285714285714285,4.0,0
158145,1,11,11,0.9090909090909091,6.0,0
158156,1,12,12,0.5833333333333334,6.5,0
158164,1,4,4,1.0,2.5,0
158167,1,8,8,0.875,4.5,0
158202,1,7,7,0.8571428571428571,4.0,0
158216,1,5,5,0.0,3.0,0
158225,1,4,4,1.0,2.5,0
158251,1,10,10,0.0,5.5,0
158257,2,17,14,0.8823529411764706,4.764705882352941,1
158262,1,3,3,1.0,2.0,0
158268,1,12,12,0.4166666666666667,6.5,0
158276,1,6,6,0.16666666666666666,3.5,0
158302,1,6,6,1.0,3.5,0
158304,1,15,15,0.0,8.0,1
158318,1,1,1,0.0,1.0,0
158320,1,21,21,0.38095238095238093,11.0,1
158326,1,21,21,0.2857142857142857,11.0,1
158328,1,9,9,0.5555555555555556,5.0,0
158350,1,12,12,0.6666666666666666,6.5,0
158367,1,1,1,1.0,1.0,0
158376,1,14,14,1.0,7.5,0
158397,1,5,5,0.0,3.0,0
158411,1,9,9,0.3333333333333333,5.0,0
158412,1,5,5,0.6,3.0,0
158415,2,17,17,0.7647058823529411,5.117647058823529,1
158439,1,11,11,1.0,6.0,0
158441,1,22,22,0.36363636363636365,11.5,1
158444,1,1,1,1.0,1.0,0
158448,1,18,18,0.8333333333333334,9.5,1
158475,1,12,12,0.25,6.5,0
158482,2,30,24,0.9,8.133333333333333,1
158490,1,4,4,0.75,2.5,0
158494,1,7,7,1.0,4.0,0
158496,1,8,8,0.75,4.5,0
158497,1,6,6,0.3333333333333333,3.5,0
158513,1,4,4,1.0,2.5,0
158523,1,1,1,1.0,1.0,0
158524,2,25,24,0.24,7.96,1
158533,1,9,9,0.4444444444444444,5.0,0
158536,1,15,15,0.4666666666666667,8.0,1
158538,1,3,3,1.0,2.0,0
158542,1,13,13,0.8461538461538461,7.0,0
158543,1,5,5,0.8,3.0,0
158562,1,20,20,0.8,10.5,1
158572,1,7,7,0.8571428571428571,4.0,0
158575,1,8,8,0.0,4.5,0
158581,1,4,4,0.0,2.5,0
158603,1,1,1,0.0,1.0,0
158618,1,11,11,0.09090909090909091,6.0,0
158626,1,17,17,0.0,9.0,1
158631,2,11,11,0.2727272727272727,4.363636363636363,0
158635,1,5,5,0.8,3.0,0
158636,1,24,24,0.9166666666666666,12.5,1
158641,1,10,10,0.9,5.5,0
158648,1,23,23,1.0,12.0,1
158652,1,5,5,0.2,3.0,0
158655,1,20,20,0.6,10.5,1
158656,1,2,2,1.0,1.5,0
158663,1,19,19,0.7368421052631579,10.0,1
158668,1,43,43,0.13953488372093023,22.0,1
158669,1,5,5,0.8,3.0,0
158683,2,8,7,1.0,2.625,0
158689,1,11,11,0.45454545454545453,6.0,0
158695,1,7,7,0.14285714285714285,4.0,0
158697,1,11,11,0.5454545454545454,6.0,0
158707,1,9,9,0.5555555555555556,5.0,0
158728,1,7,7,0.2857142857142857,4.0,0
158735,1,1,1,1.0,1.0,0
158767,1,15,15,0.3333333333333333,8.0,1
158772,1,21,21,0.7619047619047619,11.0,1
158780,1,2,2,0.5,1.5,0
158791,1,20,20,0.6,10.5,1
158796,1,5,5,0.4,3.0,0
158806,1,2,2,1.0,1.5,0
158834,1,17,17,0.6470588235294118,9.0,1
158839,1,6,6,1.0,3.5,0
158881,1,10,10,0.9,5.5,0
158884,2,12,11,0.75,3.5,0
158890,1,12,12,0.16666666666666666,6.5,0
158894,2,8,8,0.625,3.625,0
158898,1,12,12,1.0,6.5,0
158906,1,9,9,1.0,5.0,0
158935,1,6,6,1.0,3.5,0
158936,1,3,3,1.0,2.0,0
158943,1,18,18,0.3333333333333333,9.5,1
158965,1,9,9,0.5555555555555556,5.0,0
158967,1,2,2,1.0,1.5,0
158972,1,6,6,0.5,3.5,0
158976,1,6,6,0.8333333333333334,3.5,0
159011,1,22,22,0.9090909090909091,11.5,1
159024,1,9,9,0.8888888888888888,5.0,0
159031,1,2,2,1.0,1.5,0
159033,2,6,6,0.16666666666666666,2.0,0
159043,2,5,5,0.4,1.8,0
159053,1,5,5,0.6,3.0,0
159057,1,6,6,0.8333333333333334,3.5,0
159091,1,5,5,0.6,3.0,0
159093,1,3,3,0.6666666666666666,2.0,0
159109,1,7,7,0.2857142857142857,4.0,0
159112,1,5,5,0.4,3.0,0
159136,1,5,5,1.0,3.0,0
159140,1,3,3,1.0,2.0,0
159152,1,2,2,1.0,1.5,0
159178,1,4,4,1.0,2.5,0
159183,1,5,5,1.0,3.0,0
159211,1,11,11,0.8181818181818182,6.0,0
159232,1,12,12,0.08333333333333333,6.5,0
159239,1,8,8,0.25,4.5,0
159243,1,12,12,0.5833333333333334,6.5,0
159262,1,5,5,0.0,3.0,0
159269,1,9,9,0.5555555555555556,5.0,0
159273,1,3,3,1.0,2.0,0
159280,1,15,15,0.8,8.0,1
159289,1,4,4,0.0,2.5,0
159329,2,27,27,0.5555555555555556,8.37037037037037,1
159336,1,1,1,0.0,1.0,0
159338,1,23,23,0.30434782608695654,12.0,1
159346,1,1,1,1.0,1.0,0
159349,1,9,9,0.4444444444444444,5.0,0
159377,1,9,9,0.6666666666666666,5.0,0
159379,1,5,5,0.4,3.0,0
159394,1,5,5,0.6,3.0,0
159397,2,37,32,0.6216216216216216,10.891891891891891,1
159402,1,35,35,0.7428571428571429,18.0,1
159419,1,5,5,0.8,3.0,0
159424,1,1,1,1.0,1.0,0
159446,1,19,19,0.21052631578947367,10.0,1
159475,1,16,16,1.0,8.5,1
159480,1,9,9,0.7777777777777778,5.0,0
159481,1,20,20,0.25,10.5,1
159487,1,9,9,0.3333333333333333,5.0,0
159527,1,6,6,0.5,3.5,0
159573,1,18,18,0.7777777777777778,9.5,1
159591,1,16,16,0.8125,8.5,1
159609,1,30,30,0.5666666666666667,15.5,1
159618,1,16,16,0.3125,8.5,1
159631,1,1,1,1.0,1.0,0
159648,1,12,12,0.5833333333333334,6.5,0
159651,1,14,14,0.7857142857142857,7.5,0
159689,1,6,6,0.8333333333333334,3.5,0
159690,1,15,15,0.5333333333333333,8.0,1
159694,1,13,13,0.6923076923076923,7.0,0
159695,1,7,7,1.0,4.0,0
159711,1,8,8,1.0,4.5,0
159747,1,16,16,0.0,8.5,1
159750,1,3,3,1.0,2.0,0
159756,2,6,4,0.8333333333333334,2.1666666666666665,0
159757,1,28,28,0.5357142857142857,14.5,1
159761,1,15,15,0.6,8.0,1
159768,1,4,4,1.0,2.5,0
159788,1,17,17,0.7058823529411765,9.0,1
159839,1,18,18,0.7777777777777778,9.5,1
159872,1,6,6,0.6666666666666666,3.5,0
159891,1,26,26,0.6923076923076923,13.5,1
159903,1,7,7,0.8571428571428571,4.0,0
159909,1,6,6,0.8333333333333334,3.5,0
159939,1,21,21,0.7619047619047619,11.0,1
159956,1,18,18,1.0,9.5,1
159978,1,12,12,0.25,6.5,0
159986,1,5,5,0.2,3.0,0
160007,1,7,7,0.2857142857142857,4.0,0
160011,2,13,11,0.6153846153846154,4.6923076923076925,0
160023,1,25,25,0.12,13.0,1
160053,1,11,11,0.0,6.0,0
160060,1,18,18,0.5555555555555556,9.5,1
160071,1,11,11,0.45454545454545453,6.0,0
160078,2,22,21,0.5,6.045454545454546,1
160090,1,16,16,0.8125,8.5,1
160092,1,11,11,0.18181818181818182,6.0,0
160098,1,9,9,1.0,5.0,0
160099,1,10,10,0.7,5.5,0
160116,1,4,4,0.25,2.5,0
160118,1,2,2,1.0,1.5,0
160132,1,4,4,1.0,2.5,0
160151,1,15,15,0.6,8.0,1
160167,2,2,2,0.0,1.0,0
160177,1,6,6,0.0,3.5,0
160194,1,11,11,0.2727272727272727,6.0,0
160223,1,15,15,0.26666666666666666,8.0,1
160226,2,13,12,0.7692307692307693,3.923076923076923,0
160339,1,5,5,0.0,3.0,0
160351,1,23,23,0.7391304347826086,12.0,1
160363,1,6,6,0.8333333333333334,3.5,0
160364,1,18,18,0.0,9.5,1
160381,1,9,9,1.0,5.0,0
160409,1,5,5,1.0,3.0,0
160418,1,5,5,0.0,3.0,0
160426,2,25,23,0.8,7.0,1
160441,1,10,10,0.4,5.5,0
160442,2,9,8,0.3333333333333333,2.7777777777777777,0
160452,1,4,4,1.0,2.5,0
160460,1,8,8,1.0,4.5,0
160475,1,7,7,0.0,4.0,0
160479,1,3,3,0.0,2.0,0
160502,1,11,11,1.0,6.0,0
160509,1,4,4,0.0,2.5,0
160519,1,9,9,0.1111111111111111,5.0,0
160521,1,27,27,0.2962962962962963,14.0,1
160530,1,5,5,0.0,3.0,0
160536,1,4,4,1.0,2.5,0
160538,1,9,9,1.0,5.0,0
160539,1,19,19,0.631578947368421,10.0,1
160546,1,6,6,0.3333333333333333,3.5,0
160548,1,18,18,0.5555555555555556,9.5,1
160553,2,29,23,0.7586206896551724,8.793103448275861,1
160556,1,23,23,0.4782608695652174,12.0,1
160559,1,8,8,0.0,4.5,0
160561,1,27,27,0.7037037037037037,14.0,1
160567,2,17,16,0.8823529411764706,4.882352941176471,1
160586,1,14,14,0.9285714285714286,7.5,0
160589,1,12,12,0.25,6.5,0
160599,1,4,4,0.5,2.5,0
160612,1,2,2,1.0,1.5,0
160617,2,26,25,0.7692307692307693,7.346153846153846,1
160625,2,6,5,0.8333333333333334,2.1666666666666665,0
160634,1,19,19,0.0,10.0,1
160646,1,11,11,0.9090909090909091,6.0,0
160648,1,5,5,0.4,3.0,0
160657,1,14,14,0.8571428571428571,7.5,0
160661,1,2,2,0.5,1.5,0
160667,1,14,14,0.35714285714285715,7.5,0
160699,1,20,20,1.0,10.5,1
160701,1,29,29,0.6896551724137931,15.0,1
160722,1,22,22,0.9090909090909091,11.5,1
160724,1,8,8,0.0,4.5,0
160727,1,2,2,0.5,1.5,0
160743,1,13,13,0.3076923076923077,7.0,0
160754,1,14,14,0.5,7.5,0
160773,2,58,46,0.8103448275862069,15.017241379310345,1
160776,1,4,4,0.0,2.5,0
160790,1,11,11,0.8181818181818182,6.0,0
160804,1,18,18,0.2777777777777778,9.5,1
160818,1,7,7,0.5714285714285714,4.0,0
160869,1,3,3,0.6666666666666666,2.0,0
160893,1,9,9,0.4444444444444444,5.0,0
160904,1,8,8,0.5,4.5,0
160913,1,1,1,1.0,1.0,0
160919,1,15,15,0.26666666666666666,8.0,1
160926,1,25,25,0.6,13.0,1
160959,1,9,9,0.3333333333333333,5.0,0
160960,1,7,7,0.5714285714285714,4.0,0
160961,1,23,23,0.7391304347826086,12.0,1
160964,1,3,3,0.0,2.0,0
160966,1,23,23,0.21739130434782608,12.0,1
160975,1,12,12,0.5833333333333334,6.5,0
160997,1,8,8,0.875,4.5,0
161002,2,9,9,1.0,4.111111111111111,0
161003,1,7,7,1.0,4.0,0
161043,4,27,22,0.8888888888888888,4.148148148148148,1
161065,1,13,13,1.0,7.0,0
161074,1,4,4,0.25,2.5,0
161096,1,18,18,0.9444444444444444,9.5,1
161106,1,13,13,0.7692307692307693,7.0,0
161119,1,1,1,0.0,1.0,0
161124,1,11,11,1.0,6.0,0
161131,3,27,22,0.8148148148148148,5.037037037037037,1
161137,1,6,6,0.6666666666666666,3.5,0
161140,1,7,7,0.14285714285714285,4.0,0
161148,2,22,19,0.18181818181818182,6.7272727272727275,1
161160,1,2,2,0.5,1.5,0
161181,1,2,2,1.0,1.5,0
161185,1,10,10,0.6,5.5,0
161208,1,14,14,0.6428571428571429,7.5,0
161209,1,27,27,0.8518518518518519,14.0,1
161214,1,34,34,0.7058823529411765,17.5,1
161232,1,4,4,1.0,2.5,0
161238,1,8,8,1.0,4.5,0
161245,1,5,5,0.0,3.0,0
161260,1,7,7,0.5714285714285714,4.0,0
161280,1,8,8,0.375,4.5,0
161290,2,17,16,0.8235294117647058,5.117647058823529,1
161298,1,6,6,0.5,3.5,0
161307,1,15,15,0.8,8.0,1
161332,1,7,7,0.5714285714285714,4.0,0
161333,1,14,14,0.35714285714285715,7.5,0
161343,2,18,17,0.8333333333333334,5.055555555555555,1
161353,1,4,4,1.0,2.5,0
161400,1,62,62,0.6451612903225806,31.5,1
161407,1,3,3,0.0,2.0,0
161427,1,14,14,0.5,7.5,0
161441,1,1,1,1.0,1.0,0
161446,1,12,12,0.5833333333333334,6.5,0
161451,1,6,6,0.8333333333333334,3.5,0
161469,1,25,25,0.32,13.0,1
161477,1,21,21,0.42857142857142855,11.0,1
161481,1,29,29,0.7931034482758621,15.0,1
161485,1,11,11,0.9090909090909091,6.0,0
161486,1,14,14,0.2857142857142857,7.5,0
161487,1,13,13,0.9230769230769231,7.0,0
161501,1,22,22,0.7727272727272727,11.5,1
161504,1,3,3,1.0,2.0,0
161507,1,20,20,0.15,10.5,1
161508,1,13,13,0.6153846153846154,7.0,0
161517,1,8,8,0.875,4.5,0
161537,1,16,16,0.4375,8.5,1
161543,1,30,30,0.06666666666666667,15.5,1
161549,1,16,16,0.25,8.5,1
161554,1,5,5,0.8,3.0,0
161556,1,16,16,0.9375,8.5,1
161563,1,33,33,0.6363636363636364,17.0,1
161568,1,11,11,1.0,6.0,0
161579,1,4,4,0.25,2.5,0
161585,1,12,12,0.8333333333333334,6.5,0
161617,1,5,5,0.8,3.0,0
161622,1,18,18,0.9444444444444444,9.5,1
161624,1,6,6,0.8333333333333334,3.5,0
161628,1,9,9,0.7777777777777778,5.0,0
161663,1,1,1,1.0,1.0,0
161670,1,15,15,0.6666666666666666,8.0,1
161686,1,19,19,0.631578947368421,10.0,1
161687,1,21,21,0.9523809523809523,11.0,1
161688,1,2,2,0.0,1.5,0
161695,1,26,26,0.46153846153846156,13.5,1
161700,1,3,3,0.6666666666666666,2.0,0
161711,1,1,1,1.0,1.0,0
161724,2,15,13,0.7333333333333333,4.4,0
161753,1,4,4,1.0,2.5,0
161762,1,9,9,0.6666666666666666,5.0,0
161787,1,6,6,0.6666666666666666,3.5,0
161788,2,4,3,1.0,1.5,0
161794,1,3,3,0.3333333333333333,2.0,0
161809,1,5,5,0.8,3.0,0
161826,1,5,5,0.8,3.0,0
161830,1,4,4,1.0,2.5,0
161837,1,9,9,0.8888888888888888,5.0,0
161856,1,23,23,0.30434782608695654,12.0,1
161860,1,3,3,0.6666666666666666,2.0,0
161861,1,6,6,1.0,3.5,0
161872,1,4,4,1.0,2.5,0
161873,1,12,12,0.25,6.5,0
161882,1,1,1,1.0,1.0,0
161885,2,31,29,0.6451612903225806,8.451612903225806,1
161886,1,12,12,0.25,6.5,0
161906,1,3,3,0.0,2.0,0
161912,1,17,17,0.23529411764705882,9.0,1
161925,1,15,15,0.7333333333333333,8.0,1
161928,1,8,8,0.5,4.5,0
161962,1,5,5,0.8,3.0,0
161968,2,49,44,0.8163265306122449,13.36734693877551,1
161994,1,7,7,0.8571428571428571,4.0,0
162029,1,4,4,0.75,2.5,0
162040,1,20,20,0.45,10.5,1
162047,1,11,11,0.9090909090909091,6.0,0
162054,1,18,18,0.16666666666666666,9.5,1
162058,1,3,3,1.0,2.0,0
162075,1,27,27,0.7407407407407407,14.0,1
162081,1,17,17,0.17647058823529413,9.0,1
162083,1,1,1,1.0,1.0,0
162085,1,2,2,1.0,1.5,0
162093,1,13,13,0.5384615384615384,7.0,0
162097,1,30,30,0.4666666666666667,15.5,1
162100,1,3,3,1.0,2.0,0
162101,1,7,7,0.5714285714285714,4.0,0
162137,1,21,21,0.8571428571428571,11.0,1
162140,1,10,10,0.8,5.5,0
162151,2,34,28,0.8823529411764706,9.029411764705882,1
162152,1,6,6,0.5,3.5,0
162153,1,21,21,0.09523809523809523,11.0,1
162178,1,8,8,0.375,4.5,0
162181,1,5,5,1.0,3.0,0
162189,1,9,9,0.3333333333333333,5.0,0
162196,1,10,10,0.5,5.5,0
162199,1,4,4,0.5,2.5,0
162205,1,7,7,1.0,4.0,0
162218,1,12,12,0.25,6.5,0
162224,2,12,12,0.8333333333333334,4.833333333333333,0
162230,1,6,6,0.0,3.5,0
162249,1,5,5,0.2,3.0,0
162310,1,6,6,1.0,3.5,0
162312,1,15,15,0.8,8.0,1
162329,1,9,9,0.6666666666666666,5.0,0
162331,1,10,10,0.8,5.5,0
162337,1,15,15,0.8,8.0,1
162340,1,5,5,1.0,3.0,0
162350,1,16,16,1.0,8.5,1
162360,1,15,15,0.3333333333333333,8.0,1
162363,1,7,7,0.8571428571428571,4.0,0
162374,1,10,10,0.6,5.5,0
162393,1,4,4,0.25,2.5,0
162397,1,8,8,1.0,4.5,0
162401,1,9,9,0.7777777777777778,5.0,0
162402,1,13,13,0.8461538461538461,7.0,0
162418,1,8,8,0.75,4.5,0
162421,1,1,1,0.0,1.0,0
162423,1,15,15,0.8666666666666667,8.0,1
162424,1,2,2,1.0,1.5,0
162439,1,8,8,0.125,4.5,0
162473,1,10,10,0.0,5.5,0
162476,1,5,5,0.2,3.0,0
162480,1,12,12,0.5,6.5,0
162484,1,14,14,0.5714285714285714,7.5,0
162488,1,24,24,0.7083333333333334,12.5,1
162518,1,6,6,0.6666666666666666,3.5,0
162529,1,8,8,0.5,4.5,0
162534,1,6,6,0.5,3.5,0
162544,1,3,3,0.0,2.0,0
162555,1,3,3,1.0,2.0,0
162572,1,9,9,0.8888888888888888,5.0,0
162584,1,7,7,1.0,4.0,0
162595,1,14,14,0.0,7.5,0
162598,1,9,9,0.4444444444444444,5.0,0
162611,1,18,18,0.8333333333333334,9.5,1
162625,1,4,4,0.75,2.5,0
162633,1,33,33,0.18181818181818182,17.0,1
162640,1,10,10,0.3,5.5,0
162652,1,4,4,0.75,2.5,0
162676,1,9,9,0.4444444444444444,5.0,0
162679,1,7,7,1.0,4.0,0
162681,1,8,8,0.875,4.5,0
162705,1,6,6,0.8333333333333334,3.5,0
162714,1,18,18,0.8888888888888888,9.5,1
162722,1,18,18,0.8888888888888888,9.5,1
162729,1,15,15,0.0,8.0,1
162731,2,13,13,0.8461538461538461,3.769230769230769,0
162741,1,12,12,0.9166666666666666,6.5,0
162744,1,5,5,1.0,3.0,0
162753,1,4,4,0.0,2.5,0
162754,1,9,9,0.7777777777777778,5.0,0
162759,2,37,36,0.4864864864864865,9.81081081081081,1
162762,1,10,10,0.8,5.5,0
162784,1,11,11,0.5454545454545454,6.0,0
162808,1,17,17,0.5294117647058824,9.0,1
162815,2,19,15,0.5263157894736842,5.368421052631579,1
162844,1,6,6,1.0,3.5,0
162860,1,21,21,0.8571428571428571,11.0,1
162888,1,6,6,0.8333333333333334,3.5,0
162889,1,17,17,0.7647058823529411,9.0,1
162894,1,6,6,0.6666666666666666,3.5,0
162902,1,10,10,0.0,5.5,0
162911,1,10,10,1.0,5.5,0
162920,1,3,3,0.0,2.0,0
162921,1,2,2,0.5,1.5,0
162923,1,3,3,0.0,2.0,0
162929,1,8,8,1.0,4.5,0
162940,2,30,29,0.9666666666666667,8.533333333333333,1
162954,1,15,15,0.8,8.0,1
162967,1,7,7,0.5714285714285714,4.0,0
162968,2,13,12,0.7692307692307693,4.230769230769231,0
162976,1,5,5,0.4,3.0,0
162980,1,4,4,0.75,2.5,0
162982,1,9,9,0.3333333333333333,5.0,0
162992,3,64,49,0.890625,11.1875,1
163003,1,8,8,0.875,4.5,0
163033,1,3,3,0.3333333333333333,2.0,0
163055,1,9,9,0.0,5.0,0
163059,1,1,1,1.0,1.0,0
163067,1,5,5,0.2,3.0,0
163072,1,7,7,0.2857142857142857,4.0,0
163078,1,5,5,0.0,3.0,0
163085,2,15,14,0.13333333333333333,4.266666666666667,1
163086,1,42,42,0.4523809523809524,21.5,1
163100,1,5,5,0.0,3.0,0
163101,1,4,4,0.5,2.5,0
163102,1,8,8,0.625,4.5,0
163105,1,3,3,1.0,2.0,0
163110,1,7,7,0.7142857142857143,4.0,0
163134,1,3,3,0.6666666666666666,2.0,0
163160,1,11,11,0.8181818181818182,6.0,0
163167,1,12,12,0.5833333333333334,6.5,0
163175,1,18,18,0.6666666666666666,9.5,1
163192,1,4,4,0.25,2.5,0
163197,1,5,5,0.0,3.0,0
163198,1,5,5,0.2,3.0,0
163200,1,12,12,0.8333333333333334,6.5,0
163217,1,18,18,0.5555555555555556,9.5,1
163220,1,2,2,0.0,1.5,0
163222,1,9,9,0.8888888888888888,5.0,0
163223,1,1,1,0.0,1.0,0
163228,2,25,25,0.8,8.44,1
163235,1,17,17,0.5294117647058824,9.0,1
163244,2,23,17,0.8260869565217391,6.782608695652174,1
163254,1,17,17,0.7647058823529411,9.0,1
163259,1,6,6,0.8333333333333334,3.5,0
163278,1,22,22,0.45454545454545453,11.5,1
163282,2,21,20,0.6190476190476191,7.190476190476191,1
163295,1,16,16,0.5625,8.5,1
163311,1,6,6,0.0,3.5,0
163314,2,12,11,0.16666666666666666,4.25,0
163322,1,5,5,0.8,3.0,0
163324,1,19,19,0.8947368421052632,10.0,1
163329,1,5,5,0.8,3.0,0
163333,1,15,15,0.6666666666666666,8.0,1
163336,2,5,4,1.0,1.8,0
163340,1,4,4,1.0,2.5,0
163348,1,6,6,1.0,3.5,0
163354,1,7,7,0.8571428571428571,4.0,0
163375,1,14,14,0.7142857142857143,7.5,0
163376,1,2,2,1.0,1.5,0
163383,1,19,19,0.6842105263157895,10.0,1
163395,1,23,23,1.0,12.0,1
163409,1,18,18,0.6666666666666666,9.5,1
163425,1,5,5,0.0,3.0,0
163438,1,10,10,0.2,5.5,0
163442,1,5,5,1.0,3.0,0
163460,1,13,13,0.46153846153846156,7.0,0
163473,1,21,21,0.5714285714285714,11.0,1
163484,1,18,18,0.05555555555555555,9.5,1
163506,1,32,32,0.875,16.5,1
163515,1,8,8,0.375,4.5,0
163535,1,16,16,0.0,8.5,1
163558,1,5,5,0.8,3.0,0
163562,1,9,9,0.2222222222222222,5.0,0
163579,1,11,11,0.8181818181818182,6.0,0
163606,1,14,14,0.5714285714285714,7.5,0
163618,1,7,7,1.0,4.0,0
163627,1,9,9,0.2222222222222222,5.0,0
163637,1,14,14,0.21428571428571427,7.5,0
163644,1,16,16,0.875,8.5,1
163656,1,6,6,0.8333333333333334,3.5,0
163662,2,10,10,0.4,3.1,0
163668,1,6,6,0.8333333333333334,3.5,0
163677,1,12,12,1.0,6.5,0
163678,1,3,3,0.0,2.0,0
163680,1,4,4,0.75,2.5,0
163690,1,8,8,0.875,4.5,0
163696,1,20,20,0.4,10.5,1
163731,1,6,6,0.5,3.5,0
163734,1,37,37,0.7027027027027027,19.0,1
163776,1,17,17,0.4117647058823529,9.0,1
163781,1,2,2,0.0,1.5,0
163789,1,28,28,0.75,14.5,1
163790,1,20,20,0.7,10.5,1
163791,1,32,32,0.65625,16.5,1
163794,1,11,11,0.7272727272727273,6.0,0
163795,1,14,14,0.5,7.5,0
163798,1,9,9,0.1111111111111111,5.0,0
163803,1,5,5,1.0,3.0,0
163819,1,15,15,0.9333333333333333,8.0,1
163822,1,7,7,0.42857142857142855,4.0,0
163831,1,12,12,0.0,6.5,0
163834,1,2,2,0.5,1.5,0
163836,1,3,3,0.6666666666666666,2.0,0
163837,1,4,4,1.0,2.5,0
163848,1,6,6,1.0,3.5,0
163857,2,27,24,0.6296296296296297,7.481481481481482,1
163860,1,6,6,1.0,3.5,0
163867,1,19,19,0.5263157894736842,10.0,1
163874,1,4,4,0.5,2.5,0
163895,1,24,24,0.9166666666666666,12.5,1
163907,1,11,11,0.18181818181818182,6.0,0
163919,1,2,2,1.0,1.5,0
163939,1,30,30,0.7333333333333333,15.5,1
163969,1,30,30,0.4,15.5,1
163993,1,9,9,1.0,5.0,0
164009,1,1,1,1.0,1.0,0
164019,1,8,8,0.0,4.5,0
164020,1,7,7,0.42857142857142855,4.0,0
164035,1,15,15,0.8,8.0,1
164038,1,14,14,0.0,7.5,0
164046,1,11,11,0.5454545454545454,6.0,0
164055,1,20,20,0.85,10.5,1
164056,1,1,1,1.0,1.0,0
164066,1,10,10,0.7,5.5,0
164070,1,3,3,0.0,2.0,0
164090,1,11,11,0.9090909090909091,6.0,0
164110,1,2,2,1.0,1.5,0
164113,1,5,5,0.6,3.0,0
164118,1,13,13,0.6923076923076923,7.0,0
164140,1,7,7,1.0,4.0,0
164141,1,8,8,0.875,4.5,0
164145,1,13,13,1.0,7.0,0
164176,1,6,6,0.5,3.5,0
164182,1,3,3,0.0,2.0,0
164271,1,13,13,0.38461538461538464,7.0,0
164292,1,11,11,0.45454545454545453,6.0,0
164298,1,4,4,0.5,2.5,0
164319,1,24,24,0.20833333333333334,12.5,1
164326,2,15,10,0.8666666666666667,4.4,0
164327,1,10,10,0.0,5.5,0
164359,1,9,9,0.5555555555555556,5.0,0
164360,1,2,2,0.5,1.5,0
164361,1,5,5,0.8,3.0,0
164364,1,15,15,0.6,8.0,1
164395,1,7,7,0.42857142857142855,4.0,0
164404,1,6,6,0.8333333333333334,3.5,0
164437,1,20,20,0.55,10.5,1
164465,1,21,21,0.19047619047619047,11.0,1
164469,1,2,2,1.0,1.5,0
164479,1,1,1,0.0,1.0,0
164484,1,17,17,0.4117647058823529,9.0,1
164494,1,9,9,1.0,5.0,0
164514,2,19,12,0.7368421052631579,5.2631578947368425,1
164517,1,1,1,1.0,1.0,0
164531,1,4,4,0.5,2.5,0
164542,1,6,6,0.8333333333333334,3.5,0
164576,1,14,14,0.42857142857142855,7.5,0
164581,1,10,10,0.8,5.5,0
164589,1,9,9,1.0,5.0,0
164612,1,15,15,0.9333333333333333,8.0,1
164622,1,10,10,0.5,5.5,0
164637,1,6,6,0.3333333333333333,3.5,0
164646,1,1,1,1.0,1.0,0
164650,1,18,18,0.05555555555555555,9.5,1
164657,2,54,50,0.5740740740740741,15.5,1
164668,1,8,8,0.0,4.5,0
164669,1,14,14,0.42857142857142855,7.5,0
164672,1,30,30,0.3,15.5,1
164674,1,13,13,0.6153846153846154,7.0,0
164699,2,19,18,0.631578947368421,5.368421052631579,1
164717,1,6,6,0.5,3.5,0
164721,1,2,2,1.0,1.5,0
164724,1,10,10,0.9,5.5,0
164732,1,2,2,0.5,1.5,0
164752,1,17,17,0.23529411764705882,9.0,1
164762,1,2,2,0.0,1.5,0
164764,1,4,4,1.0,2.5,0
164774,1,15,15,0.7333333333333333,8.0,1
164775,1,19,19,0.7894736842105263,10.0,1
164779,1,1,1,1.0,1.0,0
164785,1,2,2,0.5,1.5,0
164799,1,10,10,0.8,5.5,0
164806,1,10,10,0.1,5.5,0
164811,2,7,7,0.7142857142857143,3.142857142857143,0
164822,1,13,13,0.0,7.0,0
164823,1,12,12,0.4166666666666667,6.5,0
164847,1,9,9,1.0,5.0,0
164863,1,4,4,0.5,2.5,0
164868,2,9,8,0.2222222222222222,2.7777777777777777,0
164876,1,17,17,0.7058823529411765,9.0,1
164887,1,13,13,0.8461538461538461,7.0,0
164892,1,5,5,0.4,3.0,0
164894,1,5,5,0.8,3.0,0
164896,1,5,5,0.0,3.0,0
164908,1,15,15,0.8666666666666667,8.0,1
164921,1,1,1,1.0,1.0,0
164924,1,3,3,1.0,2.0,0
164941,2,25,21,0.92,6.76,1
164946,1,7,7,1.0,4.0,0
164949,1,14,14,0.8571428571428571,7.5,0
164956,2,57,51,0.21052631578947367,15.491228070175438,1
164962,1,2,2,0.0,1.5,0
164971,1,11,11,0.9090909090909091,6.0,0
164976,1,4,4,0.5,2.5,0
164991,1,11,11,1.0,6.0,0
165000,1,10,10,0.0,5.5,0
165005,1,9,9,1.0,5.0,0
165026,2,17,17,0.29411764705882354,5.470588235294118,1
165048,1,2,2,1.0,1.5,0
165049,1,4,4,1.0,2.5,0
165075,1,10,10,0.6,5.5,0
165076,2,29,26,0.9655172413793104,7.827586206896552,1
165094,1,3,3,0.6666666666666666,2.0,0
165106,1,10,10,0.1,5.5,0
165121,1,12,12,0.6666666666666666,6.5,0
165142,1,19,19,0.7894736842105263,10.0,1
165172,1,6,6,0.6666666666666666,3.5,0
165173,1,11,11,0.6363636363636364,6.0,0
165181,1,9,9,0.3333333333333333,5.0,0
165192,1,3,3,0.0,2.0,0
165194,1,1,1,1.0,1.0,0
165200,1,9,9,0.6666666666666666,5.0,0
165201,1,7,7,0.7142857142857143,4.0,0
165213,1,5,5,1.0,3.0,0
165222,1,32,32,0.71875,16.5,1
165230,1,11,11,0.5454545454545454,6.0,0
165233,1,6,6,1.0,3.5,0
165245,1,7,7,0.14285714285714285,4.0,0
165255,1,30,30,0.2,15.5,1
165258,1,4,4,0.0,2.5,0
165263,1,16,16,0.1875,8.5,1
165272,1,8,8,1.0,4.5,0
165275,1,11,11,0.8181818181818182,6.0,0
165287,1,3,3,1.0,2.0,0
165292,1,33,33,0.9393939393939394,17.0,1
165294,3,38,34,0.6842105263157895,7.815789473684211,1
165298,1,5,5,1.0,3.0,0
165302,1,11,11,0.8181818181818182,6.0,0
165317,1,15,15,0.9333333333333333,8.0,1
165337,1,35,35,0.8285714285714286,18.0,1
165347,1,1,1,1.0,1.0,0
165349,1,7,7,0.2857142857142857,4.0,0
165365,2,27,20,0.7407407407407407,7.703703703703703,1
165372,1,1,1,1.0,1.0,0
165375,1,11,11,1.0,6.0,0
165380,1,13,13,0.0,7.0,0
165398,1,1,1,1.0,1.0,0
165411,1,6,6,0.8333333333333334,3.5,0
165448,1,11,11,0.7272727272727273,6.0,0
165475,1,4,4,0.75,2.5,0
165488,1,1,1,1.0,1.0,0
165528,1,9,9,0.6666666666666666,5.0,0
165533,1,19,19,0.6842105263157895,10.0,1
165547,1,6,6,0.3333333333333333,3.5,0
165552,1,18,18,0.2222222222222222,9.5,1
165596,1,1,1,1.0,1.0,0
165606,1,10,10,0.9,5.5,0
165618,1,1,1,1.0,1.0,0
165654,1,10,10,0.6,5.5,0
165667,1,7,7,1.0,4.0,0
165671,1,7,7,0.5714285714285714,4.0,0
165684,1,3,3,0.6666666666666666,2.0,0
165704,1,18,18,0.9444444444444444,9.5,1
165709,1,1,1,1.0,1.0,0
165719,1,14,14,0.0,7.5,0
165735,1,13,13,0.6153846153846154,7.0,0
165777,1,7,7,0.42857142857142855,4.0,0
165796,1,9,9,0.8888888888888888,5.0,0
165810,1,17,17,1.0,9.0,1
165812,1,18,18,0.8888888888888888,9.5,1
165813,1,10,10,0.8,5.5,0
165814,1,7,7,1.0,4.0,0
165819,1,1,1,1.0,1.0,0
165820,1,9,9,1.0,5.0,0
165844,1,5,5,0.6,3.0,0
165851,1,7,7,1.0,4.0,0
165868,1,5,5,1.0,3.0,0
165873,1,19,19,0.0,10.0,1
165879,1,9,9,0.0,5.0,0
165925,1,8,8,0.0,4.5,0
165930,1,5,5,0.8,3.0,0
165953,1,6,6,1.0,3.5,0
165958,1,3,3,0.3333333333333333,2.0,0
165961,1,13,13,0.0,7.0,0
165966,1,8,8,0.0,4.5,0
166016,1,7,7,0.42857142857142855,4.0,0
166021,1,9,9,0.8888888888888888,5.0,0
166042,1,14,14,0.7142857142857143,7.5,0
166061,1,3,3,0.6666666666666666,2.0,0
166079,1,8,8,0.125,4.5,0
166086,1,8,8,0.0,4.5,0
166093,1,5,5,1.0,3.0,0
166102,1,12,12,0.6666666666666666,6.5,0
166118,1,9,9,0.2222222222222222,5.0,0
166125,1,11,11,0.36363636363636365,6.0,0
166136,2,21,18,0.9047619047619048,7.190476190476191,1
166141,2,9,9,0.4444444444444444,3.0,0
166157,1,5,5,1.0,3.0,0
166177,1,9,9,0.5555555555555556,5.0,0
166179,1,3,3,0.3333333333333333,2.0,0
166191,1,8,8,0.25,4.5,0
166208,1,2,2,1.0,1.5,0
166212,1,1,1,1.0,1.0,0
166220,1,6,6,0.3333333333333333,3.5,0
166226,1,17,17,0.4117647058823529,9.0,1
166231,1,6,6,1.0,3.5,0
166255,1,21,21,0.5238095238095238,11.0,1
166260,1,10,10,0.2,5.5,0
166270,1,31,31,0.22580645161290322,16.0,1
166292,1,6,6,0.6666666666666666,3.5,0
166301,1,16,16,0.375,8.5,1
166304,2,10,10,1.0,3.9,0
166310,1,8,8,0.625,4.5,0
166324,1,18,18,0.4444444444444444,9.5,1
166346,1,6,6,1.0,3.5,0
166348,1,5,5,0.0,3.0,0
166360,1,26,26,0.2692307692307692,13.5,1
166365,1,6,6,0.16666666666666666,3.5,0
166366,1,7,7,0.2857142857142857,4.0,0
166381,1,8,8,0.125,4.5,0
166385,1,1,1,1.0,1.0,0
166398,1,18,18,0.2222222222222222,9.5,1
166399,1,11,11,0.7272727272727273,6.0,0
166434,1,19,19,0.2631578947368421,10.0,1
166449,2,13,11,0.6923076923076923,3.923076923076923,0
166450,1,19,19,1.0,10.0,1
166458,1,4,4,0.0,2.5,0
166460,1,13,13,0.3076923076923077,7.0,0
166465,1,17,17,0.8823529411764706,9.0,1
166466,1,3,3,1.0,2.0,0
166469,1,6,6,0.16666666666666666,3.5,0
166492,2,15,14,0.4666666666666667,4.4,1
166512,1,9,9,1.0,5.0,0
166515,1,9,9,0.6666666666666666,5.0,0
166521,1,16,16,0.8125,8.5,1
166524,1,10,10,0.4,5.5,0
166534,2,45,42,0.6444444444444445,18.555555555555557,1
166538,1,5,5,0.0,3.0,0
166540,1,2,2,1.0,1.5,0
166548,1,18,18,1.0,9.5,1
166594,1,7,7,0.5714285714285714,4.0,0
166603,1,6,6,0.5,3.5,0
166608,1,4,4,1.0,2.5,0
166625,1,25,25,0.8,13.0,1
166632,1,5,5,0.6,3.0,0
166645,1,8,8,0.625,4.5,0
166654,1,34,34,0.9117647058823529,17.5,1
166655,2,31,24,0.967741935483871,8.32258064516129,1
166671,1,11,11,0.36363636363636365,6.0,0
166681,1,12,12,0.25,6.5,0
166694,1,8,8,0.0,4.5,0
166695,1,32,32,1.0,16.5,1
166700,1,4,4,1.0,2.5,0
166715,1,26,26,0.7307692307692307,13.5,1
166725,1,6,6,0.6666666666666666,3.5,0
166728,1,25,25,0.76,13.0,1
166743,1,43,43,0.5348837209302325,22.0,1
166748,1,21,21,0.19047619047619047,11.0,1
166785,2,13,13,0.5384615384615384,4.6923076923076925,0
166795,1,13,13,1.0,7.0,0
166804,1,2,2,1.0,1.5,0
166808,1,3,3,0.6666666666666666,2.0,0
166817,1,4,4,1.0,2.5,0
166828,1,11,11,0.36363636363636365,6.0,0
166835,1,11,11,0.45454545454545453,6.0,0
166836,1,19,19,0.631578947368421,10.0,1
166843,1,26,26,0.0,13.5,1
166866,2,18,17,0.6111111111111112,5.5,1
166894,1,21,21,0.47619047619047616,11.0,1
166902,1,9,9,0.4444444444444444,5.0,0
166905,1,3,3,0.3333333333333333,2.0,0
166908,1,12,12,0.4166666666666667,6.5,0
166917,1,11,11,0.45454545454545453,6.0,0
166919,1,6,6,0.5,3.5,0
166938,1,23,23,0.7391304347826086,12.0,1
166943,1,5,5,0.8,3.0,0
166959,1,6,6,0.0,3.5,0
166965,1,6,6,0.0,3.5,0
166968,1,22,22,0.7727272727272727,11.5,1
166980,1,6,6,0.6666666666666666,3.5,0
166982,1,1,1,1.0,1.0,0
166987,1,22,22,0.7272727272727273,11.5,1
167028,1,10,10,0.5,5.5,0
167030,1,11,11,0.9090909090909091,6.0,0
167037,1,20,20,0.45,10.5,1
167040,1,4,4,0.75,2.5,0
167046,1,10,10,0.7,5.5,0
167055,1,12,12,1.0,6.5,0
167088,1,29,29,0.6551724137931034,15.0,1
167114,1,18,18,0.16666666666666666,9.5,1
167125,1,3,3,0.6666666666666666,2.0,0
167139,1,8,8,0.75,4.5,0
167153,1,24,24,0.6666666666666666,12.5,1
167155,1,4,4,1.0,2.5,0
167156,1,13,13,0.9230769230769231,7.0,0
167159,1,4,4,0.25,2.5,0
167193,1,20,20,0.0,10.5,1
167208,1,5,5,1.0,3.0,0
167209,1,6,6,0.0,3.5,0
167224,1,20,20,0.85,10.5,1
167232,1,7,7,1.0,4.0,0
167233,1,7,7,1.0,4.0,0
167255,1,2,2,1.0,1.5,0
167262,1,1,1,1.0,1.0,0
167265,1,9,9,1.0,5.0,0
167267,1,12,12,1.0,6.5,0
167271,2,19,13,0.7894736842105263,5.368421052631579,1
167273,2,20,20,0.55,5.55,1
167275,1,7,7,0.5714285714285714,4.0,0
167284,1,1,1,0.0,1.0,0
167292,1,7,7,0.8571428571428571,4.0,0
167298,1,6,6,0.8333333333333334,3.5,0
167308,1,29,29,0.27586206896551724,15.0,1
167309,1,14,14,0.9285714285714286,7.5,0
167316,1,12,12,1.0,6.5,0
167325,1,8,8,0.125,4.5,0
167345,1,8,8,0.75,4.5,0
167350,1,10,10,0.4,5.5,0
167363,1,3,3,0.6666666666666666,2.0,0
167367,1,2,2,1.0,1.5,0
167372,1,11,11,0.8181818181818182,6.0,0
167386,1,2,2,1.0,1.5,0
167388,1,22,22,0.13636363636363635,11.5,1
167391,1,1,1,1.0,1.0,0
167392,1,10,10,0.2,5.5,0
167393,1,9,9,0.0,5.0,0
167410,1,6,6,0.5,3.5,0
167425,1,13,13,0.46153846153846156,7.0,0
167427,2,53,45,0.7924528301886793,13.79245283018868,1
167438,1,11,11,1.0,6.0,0
167449,1,17,17,0.7058823529411765,9.0,1
167461,2,27,19,0.8888888888888888,7.2592592592592595,1
167490,1,26,26,0.8846153846153846,13.5,1
167491,3,25,23,0.8,4.92,1
167495,1,16,16,0.9375,8.5,1
167504,1,18,18,0.7777777777777778,9.5,1
167506,1,2,2,0.5,1.5,0
167526,1,20,20,0.9,10.5,1
167532,1,6,6,0.16666666666666666,3.5,0
167548,1,4,4,1.0,2.5,0
167567,1,8,8,0.75,4.5,0
167586,1,4,4,0.0,2.5,0
167608,1,11,11,0.6363636363636364,6.0,0
167610,1,7,7,0.7142857142857143,4.0,0
167611,2,25,18,1.0,7.0,1
167613,1,24,24,0.20833333333333334,12.5,1
167628,1,20,20,0.0,10.5,1
167631,1,6,6,0.0,3.5,0
167641,1,11,11,0.7272727272727273,6.0,0
167649,1,13,13,0.7692307692307693,7.0,0
167664,1,2,2,0.5,1.5,0
167666,1,2,2,0.5,1.5,0
167671,1,4,4,1.0,2.5,0
167674,1,2,2,0.5,1.5,0
167677,1,6,6,0.8333333333333334,3.5,0
167689,1,2,2,1.0,1.5,0
167694,1,13,13,0.5384615384615384,7.0,0
167700,1,5,5,0.0,3.0,0
167717,1,2,2,1.0,1.5,0
167726,1,14,14,0.0,7.5,0
167728,1,2,2,0.0,1.5,0
167782,1,14,14,0.6428571428571429,7.5,0
167797,1,10,10,0.5,5.5,0
167804,1,1,1,0.0,1.0,0
167806,1,8,8,0.5,4.5,0
167817,1,7,7,0.5714285714285714,4.0,0
167874,1,3,3,1.0,2.0,0
167894,1,2,2,0.5,1.5,0
167899,2,10,10,0.8,3.0,0
167901,1,6,6,1.0,3.5,0
167932,1,12,12,0.8333333333333334,6.5,0
167951,1,1,1,0.0,1.0,0
167957,1,9,9,1.0,5.0,0
167970,1,8,8,0.0,4.5,0
167982,1,12,12,0.75,6.5,0
167990,1,2,2,1.0,1.5,0
168003,1,4,4,0.5,2.5,0
168005,1,11,11,0.6363636363636364,6.0,0
168006,2,23,22,0.043478260869565216,6.3478260869565215,1
168009,1,6,6,0.5,3.5,0
168014,1,33,33,0.6666666666666666,17.0,1
168033,1,10,10,0.1,5.5,0
168085,1,9,9,0.4444444444444444,5.0,0
168089,1,4,4,0.75,2.5,0
168134,1,15,15,0.4666666666666667,8.0,1
168155,1,4,4,1.0,2.5,0
168162,2,10,9,1.0,3.0,0
168164,1,9,9,0.3333333333333333,5.0,0
168173,1,27,27,0.5185185185185185,14.0,1
168180,1,22,22,0.36363636363636365,11.5,1
168186,1,23,23,0.5652173913043478,12.0,1
168187,1,8,8,0.5,4.5,0
168197,1,19,19,0.42105263157894735,10.0,1
168206,1,6,6,0.5,3.5,0
168208,1,22,22,0.45454545454545453,11.5,1
168219,1,3,3,0.3333333333333333,2.0,0
168223,1,2,2,0.5,1.5,0
168231,1,8,8,0.75,4.5,0
168274,2,15,15,0.3333333333333333,4.4,1
168312,1,6,6,0.0,3.5,0
168398,1,4,4,0.25,2.5,0
168403,1,5,5,1.0,3.0,0
168416,1,9,9,0.0,5.0,0
168424,1,11,11,0.8181818181818182,6.0,0
168426,1,5,5,0.0,3.0,0
168432,1,2,2,0.5,1.5,0
168436,1,19,19,0.6842105263157895,10.0,1
168438,1,5,5,1.0,3.0,0
168449,1,9,9,0.8888888888888888,5.0,0
168453,1,17,17,0.7058823529411765,9.0,1
168458,1,5,5,0.2,3.0,0
168463,1,3,3,0.0,2.0,0
168488,1,3,3,1.0,2.0,0
168493,1,5,5,0.4,3.0,0
168497,2,9,9,1.0,3.0,0
168508,1,12,12,0.9166666666666666,6.5,0
168542,1,8,8,0.875,4.5,0
168546,1,12,12,0.25,6.5,0
168565,1,12,12,0.5833333333333334,6.5,0
168570,1,22,22,0.9545454545454546,11.5,1
168588,1,2,2,0.0,1.5,0
168641,1,17,17,0.8823529411764706,9.0,1
168651,2,46,46,0.4782608695652174,15.130434782608695,1
168667,1,11,11,1.0,6.0,0
168673,1,4,4,0.0,2.5,0
168679,1,3,3,1.0,2.0,0
168706,1,18,18,0.6666666666666666,9.5,1
168708,1,6,6,0.6666666666666666,3.5,0
168721,1,4,4,0.25,2.5,0
168731,1,6,6,0.6666666666666666,3.5,0
168737,1,11,11,0.2727272727272727,6.0,0
168768,1,10,10,0.6,5.5,0
168799,2,15,14,0.5333333333333333,4.266666666666667,1
168811,1,15,15,0.7333333333333333,8.0,1
168818,1,8,8,1.0,4.5,0
168830,1,14,14,0.21428571428571427,7.5,0
168831,1,24,24,0.3333333333333333,12.5,1
168853,1,18,18,0.2222222222222222,9.5,1
168855,1,10,10,0.9,5.5,0
168862,1,11,11,0.6363636363636364,6.0,0
168864,1,16,16,0.0,8.5,1
168866,1,16,16,0.625,8.5,1
168879,1,6,6,0.5,3.5,0
168883,2,35,26,0.6285714285714286,9.314285714285715,1
168902,1,9,9,0.4444444444444444,5.0,0
168904,1,12,12,0.8333333333333334,6.5,0
168907,1,15,15,0.26666666666666666,8.0,1
168921,1,13,13,1.0,7.0,0
168925,1,4,4,1.0,2.5,0
168938,1,13,13,0.9230769230769231,7.0,0
168940,1,21,21,0.8571428571428571,11.0,1
168942,1,5,5,0.8,3.0,0
168985,2,7,7,0.5714285714285714,2.2857142857142856,0
168986,1,14,14,0.7142857142857143,7.5,0
169007,1,5,5,1.0,3.0,0
169009,1,6,6,0.16666666666666666,3.5,0
169032,1,24,24,0.9583333333333334,12.5,1
169036,1,8,8,0.375,4.5,0
169039,1,3,3,0.3333333333333333,2.0,0
169049,1,8,8,1.0,4.5,0
169068,1,6,6,0.3333333333333333,3.5,0
169071,1,13,13,0.8461538461538461,7.0,0
169080,1,4,4,0.5,2.5,0
169084,1,10,10,0.5,5.5,0
169098,1,18,18,0.2777777777777778,9.5,1
169114,1,3,3,0.3333333333333333,2.0,0
169148,1,6,6,0.3333333333333333,3.5,0
169163,1,6,6,0.5,3.5,0
169187,2,20,20,0.25,5.7,1
169198,1,19,19,0.3684210526315789,10.0,1
169199,1,4,4,1.0,2.5,0
169226,1,9,9,1.0,5.0,0
169231,1,6,6,0.6666666666666666,3.5,0
169246,1,8,8,0.25,4.5,0
169247,1,6,6,0.3333333333333333,3.5,0
169248,1,3,3,0.6666666666666666,2.0,0
169259,1,3,3,1.0,2.0,0
169266,1,39,39,0.46153846153846156,20.0,1
169271,1,6,6,0.5,3.5,0
169275,1,27,27,0.5925925925925926,14.0,1
169288,1,4,4,1.0,2.5,0
169290,1,18,18,0.8888888888888888,9.5,1
169292,1,9,9,0.3333333333333333,5.0,0
169302,1,6,6,0.6666666666666666,3.5,0
169314,1,20,20,0.0,10.5,1
169324,1,14,14,0.35714285714285715,7.5,0
169326,1,5,5,0.0,3.0,0
169329,1,11,11,0.18181818181818182,6.0,0
169338,1,7,7,0.8571428571428571,4.0,0
169344,1,5,5,1.0,3.0,0
169352,1,11,11,1.0,6.0,0
169368,2,19,18,0.6842105263157895,5.578947368421052,1
169380,1,28,28,0.5714285714285714,14.5,1
169384,1,7,7,0.0,4.0,0
169392,1,1,1,1.0,1.0,0
169398,2,4,4,0.75,1.75,0
169403,1,8,8,0.625,4.5,0
169404,1,1,1,0.0,1.0,0
169431,1,12,12,0.0,6.5,0
169444,1,11,11,0.0,6.0,0
169459,1,10,10,0.7,5.5,0
169467,1,18,18,0.5555555555555556,9.5,1
169474,1,6,6,0.6666666666666666,3.5,0
169480,1,19,19,0.631578947368421,10.0,1
169487,1,7,7,0.0,4.0,0
169500,1,3,3,1.0,2.0,0
169506,1,9,9,0.7777777777777778,5.0,0
169517,2,7,7,0.5714285714285714,2.5714285714285716,0
169542,1,2,2,1.0,1.5,0
169550,4,123,101,0.7723577235772358,16.195121951219512,1
169567,1,7,7,0.42857142857142855,4.0,0
169585,1,9,9,0.1111111111111111,5.0,0
169586,5,40,40,0.475,10.2,1
169597,1,12,12,0.5833333333333334,6.5,0
169598,1,12,12,0.0,6.5,0
169600,1,13,13,0.6153846153846154,7.0,0
169621,3,28,27,0.5714285714285714,5.75,1
169629,1,15,15,0.8,8.0,1
169638,2,23,21,0.782608695652174,7.130434782608695,1
169644,1,9,9,0.4444444444444444,5.0,0
169654,2,11,9,0.7272727272727273,3.272727272727273,0
169708,1,11,11,0.7272727272727273,6.0,0
169712,1,23,23,0.7391304347826086,12.0,1
169713,1,9,9,0.8888888888888888,5.0,0
169731,1,21,21,0.9523809523809523,11.0,1
169792,1,13,13,0.9230769230769231,7.0,0
169803,1,2,2,1.0,1.5,0
169816,1,16,16,0.5625,8.5,1
169818,1,19,19,0.7894736842105263,10.0,1
169832,2,13,13,0.6153846153846154,3.923076923076923,0
169845,1,3,3,0.3333333333333333,2.0,0
169857,2,53,48,0.5849056603773585,17.71698113207547,1
169912,1,20,20,0.0,10.5,1
169948,1,11,11,0.45454545454545453,6.0,0
169954,1,2,2,0.0,1.5,0
169956,1,26,26,0.0,13.5,1
169988,1,11,11,0.45454545454545453,6.0,0
169990,1,7,7,0.8571428571428571,4.0,0
169991,1,16,16,0.8125,8.5,1
169997,1,10,10,0.0,5.5,0
170007,2,21,21,0.6666666666666666,6.333333333333333,1
170010,1,12,12,0.0,6.5,0
170012,1,5,5,0.6,3.0,0
170023,1,1,1,0.0,1.0,0
170028,1,7,7,0.42857142857142855,4.0,0
170030,1,5,5,1.0,3.0,0
170039,1,7,7,1.0,4.0,0
170068,1,21,21,0.9047619047619048,11.0,1
170069,1,1,1,1.0,1.0,0
170071,1,10,10,0.7,5.5,0
170096,2,12,11,0.75,3.5,0
170100,2,23,19,0.8260869565217391,6.3478260869565215,1
170114,1,28,28,0.8214285714285714,14.5,1
170119,1,10,10,1.0,5.5,0
170157,1,7,7,0.8571428571428571,4.0,0
170202,1,21,21,0.42857142857142855,11.0,1
170217,1,15,15,1.0,8.0,1
170224,1,6,6,0.8333333333333334,3.5,0
170228,1,3,3,1.0,2.0,0
170233,1,13,13,0.5384615384615384,7.0,0
170242,1,9,9,0.5555555555555556,5.0,0
170243,1,6,6,0.0,3.5,0
170244,1,2,2,0.0,1.5,0
170246,1,3,3,1.0,2.0,0
170248,3,30,29,0.5,7.533333333333333,1
170261,1,10,10,0.0,5.5,0
170280,2,32,25,1.0,9.28125,1
170325,1,2,2,1.0,1.5,0
170363,1,10,10,0.3,5.5,0
170382,1,28,28,0.0,14.5,1
170383,1,10,10,0.3,5.5,0
170404,2,13,9,0.9230769230769231,3.769230769230769,0
170406,1,9,9,1.0,5.0,0
170433,1,11,11,0.0,6.0,0
170435,1,7,7,0.8571428571428571,4.0,0
170451,1,7,7,0.2857142857142857,4.0,0
170459,1,5,5,0.4,3.0,0
170461,1,10,10,0.8,5.5,0
170482,1,2,2,0.5,1.5,0
170494,1,17,17,0.6470588235294118,9.0,1
170504,1,1,1,1.0,1.0,0
170511,1,11,11,0.6363636363636364,6.0,0
170527,1,17,17,0.9411764705882353,9.0,1
170533,1,7,7,1.0,4.0,0
170536,1,3,3,1.0,2.0,0
170539,2,16,13,0.875,5.0625,1
170542,1,8,8,0.75,4.5,0
170548,2,36,33,0.6944444444444444,11.75,1
170552,1,20,20,0.65,10.5,1
170580,1,16,16,0.3125,8.5,1
170581,1,14,14,1.0,7.5,0
170588,1,2,2,1.0,1.5,0
170591,1,3,3,1.0,2.0,0
170615,1,25,25,0.76,13.0,1
170634,1,4,4,0.0,2.5,0
170664,1,1,1,1.0,1.0,0
170674,1,1,1,1.0,1.0,0
170679,1,10,10,0.8,5.5,0
170687,1,9,9,0.8888888888888888,5.0,0
170693,1,5,5,0.8,3.0,0
170700,1,47,47,0.9361702127659575,24.0,1
170703,1,11,11,0.6363636363636364,6.0,0
170704,1,16,16,0.5625,8.5,1
170711,1,9,9,0.0,5.0,0
170716,1,8,8,0.25,4.5,0
170722,1,6,6,1.0,3.5,0
170729,1,27,27,0.4444444444444444,14.0,1
170758,1,28,28,0.5357142857142857,14.5,1
170768,2,35,30,0.7142857142857143,9.314285714285715,1
170821,1,9,9,0.7777777777777778,5.0,0
170822,1,7,7,1.0,4.0,0
170824,1,28,28,0.8571428571428571,14.5,1
170825,1,3,3,0.3333333333333333,2.0,0
170829,1,24,24,0.0,12.5,1
170830,1,30,30,0.36666666666666664,15.5,1
170847,1,28,28,0.6428571428571429,14.5,1
170857,1,7,7,0.8571428571428571,4.0,0
170867,1,11,11,0.8181818181818182,6.0,0
170882,1,12,12,0.9166666666666666,6.5,0
170884,1,38,38,0.868421052631579,19.5,1
170887,1,11,11,1.0,6.0,0
170892,1,3,3,0.6666666666666666,2.0,0
170893,1,4,4,0.75,2.5,0
170906,1,27,27,0.18518518518518517,14.0,1
170909,1,15,15,0.4666666666666667,8.0,1
170911,1,6,6,0.16666666666666666,3.5,0
170918,1,6,6,0.8333333333333334,3.5,0
170930,1,10,10,0.1,5.5,0
170937,1,9,9,1.0,5.0,0
170941,1,30,30,0.8666666666666667,15.5,1
170946,1,1,1,0.0,1.0,0
170962,1,1,1,1.0,1.0,0
170975,1,18,18,0.7777777777777778,9.5,1
170977,1,20,20,0.9,10.5,1
170987,1,15,15,0.4,8.0,1
170996,1,5,5,0.2,3.0,0
170998,1,13,13,0.8461538461538461,7.0,0
171018,1,11,11,0.8181818181818182,6.0,0
171019,1,7,7,0.5714285714285714,4.0,0
171039,1,14,14,0.0,7.5,0
171041,1,3,3,1.0,2.0,0
171042,1,4,4,0.5,2.5,0
171046,1,16,16,0.5,8.5,1
171060,1,11,11,0.2727272727272727,6.0,0
171067,1,28,28,0.5,14.5,1
171075,1,10,10,0.3,5.5,0
171083,1,8,8,0.375,4.5,0
171096,1,8,8,0.875,4.5,0
171102,1,9,9,0.0,5.0,0
171109,2,15,13,0.7333333333333333,4.266666666666667,0
171125,1,17,17,0.8235294117647058,9.0,1
171143,1,7,7,1.0,4.0,0
171162,1,12,12,0.08333333333333333,6.5,0
171188,1,11,11,0.7272727272727273,6.0,0
171191,1,2,2,0.0,1.5,0
171195,1,4,4,0.0,2.5,0
171199,1,8,8,0.125,4.5,0
171207,1,1,1,1.0,1.0,0
171236,2,24,22,0.8333333333333334,6.666666666666667,1
171240,1,1,1,1.0,1.0,0
171244,1,12,12,0.16666666666666666,6.5,0
171248,1,12,12,0.75,6.5,0
171255,1,15,15,0.8666666666666667,8.0,1
171296,1,2,2,1.0,1.5,0
171301,1,7,7,0.0,4.0,0
171305,1,14,14,0.42857142857142855,7.5,0
171309,1,8,8,0.75,4.5,0
171318,2,15,14,0.26666666666666666,5.6,1
171337,1,24,24,0.6666666666666666,12.5,1
171338,1,6,6,1.0,3.5,0
171349,1,15,15,0.7333333333333333,8.0,1
171358,1,18,18,0.3333333333333333,9.5,1
171375,1,4,4,0.5,2.5,0
171380,1,12,12,0.5,6.5,0
171383,1,8,8,0.625,4.5,0
171398,1,2,2,1.0,1.5,0
171400,1,9,9,0.3333333333333333,5.0,0
171407,2,4,4,0.5,1.75,0
171416,1,13,13,0.6153846153846154,7.0,0
171417,2,13,10,0.7692307692307693,3.923076923076923,0
171433,1,9,9,0.1111111111111111,5.0,0
171441,1,20,20,0.55,10.5,1
171465,1,7,7,0.7142857142857143,4.0,0
171470,1,6,6,0.5,3.5,0
171480,1,9,9,0.6666666666666666,5.0,0
171485,1,14,14,0.0,7.5,0
171512,1,2,2,1.0,1.5,0
171519,1,4,4,0.0,2.5,0
171540,1,10,10,1.0,5.5,0
171542,1,11,11,0.9090909090909091,6.0,0
171551,1,10,10,0.6,5.5,0
171563,1,1,1,1.0,1.0,0
171566,1,15,15,0.6,8.0,1
171573,1,13,13,0.6923076923076923,7.0,0
171579,1,13,13,0.38461538461538464,7.0,0
171586,1,20,20,0.9,10.5,1
171596,1,2,2,0.5,1.5,0
171599,1,6,6,1.0,3.5,0
171603,1,5,5,0.0,3.0,0
171605,1,4,4,1.0,2.5,0
171615,1,4,4,0.75,2.5,0
171624,1,7,7,0.5714285714285714,4.0,0
171626,1,29,29,0.7931034482758621,15.0,1
171661,1,24,24,0.875,12.5,1
171666,1,7,7,1.0,4.0,0
171667,1,25,25,0.12,13.0,1
171671,1,9,9,0.5555555555555556,5.0,0
171676,1,6,6,0.5,3.5,0
171677,1,11,11,0.9090909090909091,6.0,0
171684,1,5,5,1.0,3.0,0
171699,1,21,21,0.14285714285714285,11.0,1
171703,1,6,6,0.5,3.5,0
171704,1,1,1,1.0,1.0,0
171712,1,10,10,0.0,5.5,0
171723,1,14,14,0.6428571428571429,7.5,0
171731,1,9,9,0.8888888888888888,5.0,0
171736,1,28,28,0.75,14.5,1
171747,1,3,3,0.6666666666666666,2.0,0
171756,1,2,2,1.0,1.5,0
171757,1,19,19,0.0,10.0,1
171771,2,35,29,0.7142857142857143,9.6,1
171781,1,11,11,0.36363636363636365,6.0,0
171782,1,7,7,0.14285714285714285,4.0,0
171785,2,8,8,0.625,3.625,0
171790,1,2,2,0.0,1.5,0
171807,1,4,4,1.0,2.5,0
171820,1,6,6,0.5,3.5,0
171836,1,7,7,0.2857142857142857,4.0,0
171850,2,14,13,0.8571428571428571,4.642857142857143,0
171861,1,12,12,0.75,6.5,0
171888,1,14,14,0.8571428571428571,7.5,0
171905,1,29,29,0.7241379310344828,15.0,1
171918,1,11,11,1.0,6.0,0
171931,1,5,5,0.4,3.0,0
171945,1,8,8,0.0,4.5,0
171956,1,18,18,1.0,9.5,1
171969,1,9,9,0.7777777777777778,5.0,0
171971,1,10,10,0.0,5.5,0
171972,1,2,2,0.0,1.5,0
171983,1,8,8,1.0,4.5,0
171999,1,12,12,0.25,6.5,0
172004,1,6,6,0.0,3.5,0
172032,1,33,33,0.696969696969697,17.0,1
172034,1,15,15,0.8666666666666667,8.0,1
172036,1,14,14,0.7142857142857143,7.5,0
172065,2,45,36,0.6888888888888889,11.755555555555556,1
172070,1,26,26,0.7692307692307693,13.5,1
172071,1,7,7,0.2857142857142857,4.0,0
172083,1,9,9,0.0,5.0,0
172088,2,43,40,0.7441860465116279,11.953488372093023,1
172096,1,4,4,1.0,2.5,0
172098,1,8,8,1.0,4.5,0
172134,1,1,1,1.0,1.0,0
172140,1,5,5,0.0,3.0,0
172155,1,15,15,0.3333333333333333,8.0,1
172170,1,3,3,0.0,2.0,0
172171,1,3,3,0.6666666666666666,2.0,0
172204,1,28,28,0.9642857142857143,14.5,1
172223,1,4,4,1.0,2.5,0
172226,1,19,19,0.5789473684210527,10.0,1
172259,1,4,4,0.75,2.5,0
172275,1,1,1,1.0,1.0,0
172302,1,11,11,0.09090909090909091,6.0,0
172325,1,7,7,0.5714285714285714,4.0,0
172327,1,8,8,0.75,4.5,0
172340,1,18,18,0.8333333333333334,9.5,1
172345,1,9,9,1.0,5.0,0
172384,1,7,7,0.14285714285714285,4.0,0
172387,1,6,6,0.8333333333333334,3.5,0
172391,1,4,4,0.25,2.5,0
172407,1,2,2,1.0,1.5,0
172410,1,12,12,1.0,6.5,0
172418,1,1,1,0.0,1.0,0
172420,2,30,30,0.13333333333333333,8.533333333333333,1
172427,1,16,16,0.3125,8.5,1
172432,1,4,4,0.25,2.5,0
172481,1,18,18,0.8333333333333334,9.5,1
172491,1,7,7,0.5714285714285714,4.0,0
172509,1,5,5,0.4,3.0,0
172522,1,14,14,0.7142857142857143,7.5,0
172548,1,17,17,0.8235294117647058,9.0,1
172558,1,7,7,0.8571428571428571,4.0,0
172572,1,3,3,1.0,2.0,0
172607,1,21,21,0.9047619047619048,11.0,1
172610,1,6,6,0.0,3.5,0
172621,2,13,11,0.23076923076923078,4.6923076923076925,0
172633,1,18,18,0.0,9.5,1
172642,3,22,13,0.9545454545454546,4.181818181818182,1
172653,1,11,11,1.0,6.0,0
172656,1,19,19,0.7894736842105263,10.0,1
172660,1,4,4,0.0,2.5,0
172673,1,9,9,0.6666666666666666,5.0,0
172697,1,20,20,0.0,10.5,1
172702,1,7,7,0.2857142857142857,4.0,0
172715,1,4,4,0.0,2.5,0
172721,1,5,5,1.0,3.0,0
172736,1,5,5,0.8,3.0,0
172748,1,7,7,0.8571428571428571,4.0,0
172752,1,7,7,1.0,4.0,0
172760,1,19,19,0.42105263157894735,10.0,1
172775,1,11,11,0.18181818181818182,6.0,0
172780,1,8,8,0.5,4.5,0
172786,1,8,8,0.25,4.5,0
172788,1,4,4,0.25,2.5,0
172789,1,31,31,0.5483870967741935,16.0,1
172793,1,10,10,0.3,5.5,0
172801,1,8,8,0.75,4.5,0
172810,1,6,6,0.8333333333333334,3.5,0
172828,1,14,14,0.42857142857142855,7.5,0
172855,1,35,35,0.34285714285714286,18.0,1
172866,1,13,13,0.8461538461538461,7.0,0
172867,1,3,3,0.6666666666666666,2.0,0
172868,1,3,3,1.0,2.0,0
172872,1,5,5,0.8,3.0,0
172883,1,6,6,1.0,3.5,0
172885,1,8,8,1.0,4.5,0
172890,1,6,6,0.5,3.5,0
172891,1,4,4,1.0,2.5,0
172900,1,1,1,0.0,1.0,0
172904,1,9,9,0.3333333333333333,5.0,0
172909,2,7,5,1.0,2.2857142857142856,0
172925,1,1,1,1.0,1.0,0
172935,1,1,1,1.0,1.0,0
172955,1,7,7,1.0,4.0,0
172959,1,6,6,1.0,3.5,0
173004,1,12,12,0.75,6.5,0
173018,1,10,10,0.2,5.5,0
173020,2,4,3,1.0,1.75,0
173027,1,10,10,1.0,5.5,0
173029,1,17,17,0.6470588235294118,9.0,1
173054,1,9,9,0.3333333333333333,5.0,0
173056,1,5,5,0.2,3.0,0
173079,2,28,26,0.7142857142857143,8.392857142857142,1
173092,1,15,15,0.4,8.0,1
173105,1,7,7,0.0,4.0,0
173132,2,4,4,0.5,1.75,0
173133,1,23,23,0.6086956521739131,12.0,1
173137,1,23,23,0.0,12.0,1
173138,2,21,21,0.9047619047619048,5.761904761904762,1
173144,1,17,17,0.11764705882352941,9.0,1
173145,1,4,4,0.5,2.5,0
173152,1,2,2,1.0,1.5,0
173155,1,25,25,0.52,13.0,1
173158,1,12,12,0.5833333333333334,6.5,0
173186,1,40,40,1.0,20.5,1
173187,1,17,17,0.7647058823529411,9.0,1
173213,1,40,40,0.925,20.5,1
173214,1,15,15,1.0,8.0,1
173242,1,8,8,0.5,4.5,0
173247,1,26,26,0.0,13.5,1
173284,1,7,7,0.2857142857142857,4.0,0
173318,1,7,7,0.8571428571428571,4.0,0
173328,1,11,11,0.45454545454545453,6.0,0
173329,1,10,10,0.7,5.5,0
173339,1,12,12,0.0,6.5,0
173344,1,4,4,0.5,2.5,0
173376,1,8,8,0.375,4.5,0
173379,1,10,10,0.5,5.5,0
173381,1,19,19,1.0,10.0,1
173401,1,1,1,1.0,1.0,0
173413,1,21,21,0.19047619047619047,11.0,1
173442,1,8,8,0.5,4.5,0
173447,1,3,3,0.0,2.0,0
173450,1,10,10,0.9,5.5,0
173453,1,19,19,0.5789473684210527,10.0,1
173501,1,9,9,1.0,5.0,0
173504,1,13,13,0.8461538461538461,7.0,0
173509,1,2,2,1.0,1.5,0
173520,2,16,16,0.1875,5.0625,1
173524,2,27,24,0.7037037037037037,7.2592592592592595,1
173598,1,12,12,0.5833333333333334,6.5,0
173603,1,11,11,1.0,6.0,0
173605,1,19,19,0.3684210526315789,10.0,1
173624,1,7,7,1.0,4.0,0
173632,1,2,2,0.0,1.5,0
173664,1,16,16,0.0,8.5,1
173679,1,8,8,0.75,4.5,0
173692,1,12,12,0.25,6.5,0
173699,1,17,17,0.5294117647058824,9.0,1
173708,1,6,6,0.5,3.5,0
173714,1,20,20,0.55,10.5,1
173721,1,11,11,0.45454545454545453,6.0,0
173723,1,7,7,0.8571428571428571,4.0,0
173731,1,5,5,0.4,3.0,0
173737,1,5,5,0.6,3.0,0
173750,1,9,9,0.8888888888888888,5.0,0
173759,1,12,12,0.8333333333333334,6.5,0
173775,1,10,10,0.7,5.5,0
173779,1,6,6,0.6666666666666666,3.5,0
173812,1,15,15,0.6666666666666666,8.0,1
173842,1,2,2,1.0,1.5,0
173850,1,14,14,0.35714285714285715,7.5,0
173861,1,23,23,0.6521739130434783,12.0,1
173867,1,16,16,0.5,8.5,1
173871,1,7,7,0.8571428571428571,4.0,0
173874,1,12,12,1.0,6.5,0
173883,1,3,3,1.0,2.0,0
173884,1,10,10,0.9,5.5,0
173886,1,4,4,0.5,2.5,0
173893,1,13,13,0.38461538461538464,7.0,0
173909,1,4,4,1.0,2.5,0
173913,1,9,9,0.0,5.0,0
173924,1,10,10,0.6,5.5,0
173927,3,9,8,0.8888888888888888,2.111111111111111,0
173946,1,27,27,0.48148148148148145,14.0,1
174019,1,15,15,0.6,8.0,1
174028,1,4,4,1.0,2.5,0
174039,1,2,2,0.5,1.5,0
174041,1,4,4,0.75,2.5,0
174044,1,4,4,1.0,2.5,0
174063,2,29,27,0.7931034482758621,9.206896551724139,1
174065,1,18,18,0.8888888888888888,9.5,1
174066,1,43,43,0.8604651162790697,22.0,1
174072,1,6,6,0.8333333333333334,3.5,0
174084,1,6,6,1.0,3.5,0
174089,1,7,7,0.2857142857142857,4.0,0
174092,1,6,6,0.5,3.5,0
174117,1,3,3,1.0,2.0,0
174133,2,20,16,0.65,5.95,1
174147,1,1,1,0.0,1.0,0
174162,1,11,11,0.0,6.0,0
174194,1,4,4,0.75,2.5,0
174195,1,6,6,0.0,3.5,0
174206,1,10,10,0.8,5.5,0
174207,1,7,7,1.0,4.0,0
174219,1,11,11,0.45454545454545453,6.0,0
174221,1,2,2,0.0,1.5,0
174230,1,3,3,0.6666666666666666,2.0,0
174233,1,1,1,0.0,1.0,0
174240,1,10,10,0.7,5.5,0
174245,1,14,14,0.42857142857142855,7.5,0
174253,1,3,3,0.0,2.0,0
174262,1,5,5,0.6,3.0,0
174264,1,14,14,0.21428571428571427,7.5,0
174276,1,16,16,0.1875,8.5,1
174277,1,5,5,0.2,3.0,0
174279,1,21,21,0.5238095238095238,11.0,1
174301,1,30,30,0.7333333333333333,15.5,1
174321,1,5,5,0.6,3.0,0
174335,1,6,6,1.0,3.5,0
174342,1,9,9,0.1111111111111111,5.0,0
174358,1,13,13,0.23076923076923078,7.0,0
174363,1,1,1,1.0,1.0,0
174384,1,4,4,0.75,2.5,0
174388,1,2,2,0.0,1.5,0
174389,1,6,6,0.6666666666666666,3.5,0
174400,2,25,19,0.8,7.56,1
174407,1,15,15,0.2,8.0,1
174412,1,42,42,0.7857142857142857,21.5,1
174416,1,11,11,0.45454545454545453,6.0,0
174428,1,8,8,0.75,4.5,0
174439,1,6,6,0.6666666666666666,3.5,0
174440,1,1,1,1.0,1.0,0
174445,1,11,11,0.09090909090909091,6.0,0
174448,1,21,21,0.6190476190476191,11.0,1
174451,1,21,21,0.0,11.0,1
174454,1,10,10,0.9,5.5,0
174461,2,15,15,0.13333333333333333,5.6,1
174464,1,3,3,0.6666666666666666,2.0,0
174496,1,3,3,1.0,2.0,0
174508,1,7,7,0.7142857142857143,4.0,0
174517,1,5,5,1.0,3.0,0
174534,1,17,17,0.5882352941176471,9.0,1
174545,1,3,3,0.6666666666666666,2.0,0
174555,2,17,17,0.6470588235294118,5.9411764705882355,1
174569,1,3,3,0.3333333333333333,2.0,0
174573,1,7,7,1.0,4.0,0
174586,1,1,1,1.0,1.0,0
174598,1,3,3,1.0,2.0,0
174617,1,5,5,1.0,3.0,0
174622,1,12,12,0.16666666666666666,6.5,0
174628,1,4,4,1.0,2.5,0
174647,2,16,9,0.75,4.5,0
174649,1,6,6,0.16666666666666666,3.5,0
174652,1,4,4,0.5,2.5,0
174664,1,10,10,0.9,5.5,0
174680,2,12,12,0.5833333333333334,3.5,0
174683,3,32,24,1.0,7.84375,1
174684,1,8,8,0.375,4.5,0
174700,1,1,1,1.0,1.0,0
174705,1,5,5,0.0,3.0,0
174706,1,6,6,0.8333333333333334,3.5,0
174708,2,10,10,0.7,3.1,0
174741,1,18,18,1.0,9.5,1
174778,1,8,8,0.875,4.5,0
174785,1,17,17,0.9411764705882353,9.0,1
174802,2,11,11,1.0,3.272727272727273,0
174807,1,18,18,0.0,9.5,1
174819,1,18,18,0.7222222222222222,9.5,1
174827,1,33,33,0.5757575757575758,17.0,1
174840,1,3,3,0.3333333333333333,2.0,0
174846,1,13,13,0.7692307692307693,7.0,0
174847,1,6,6,0.6666666666666666,3.5,0
174860,1,11,11,0.18181818181818182,6.0,0
174861,1,3,3,1.0,2.0,0
174869,1,17,17,0.7058823529411765,9.0,1
174871,1,4,4,0.5,2.5,0
174880,1,8,8,0.125,4.5,0
174921,1,12,12,0.6666666666666666,6.5,0
174923,1,5,5,0.0,3.0,0
174934,2,57,51,0.6842105263157895,14.964912280701755,1
174943,1,2,2,0.0,1.5,0
174948,1,22,22,0.9545454545454546,11.5,1
174955,1,8,8,0.0,4.5,0
174957,1,8,8,0.25,4.5,0
174966,1,1,1,0.0,1.0,0
174975,1,27,27,0.7777777777777778,14.0,1
175003,1,6,6,0.8333333333333334,3.5,0
175015,1,7,7,0.2857142857142857,4.0,0
175023,1,25,25,0.88,13.0,1
175026,1,2,2,1.0,1.5,0
175033,1,7,7,0.2857142857142857,4.0,0
175057,1,8,8,1.0,4.5,0
175087,1,36,36,0.3611111111111111,18.5,1
175090,1,8,8,0.375,4.5,0
175099,2,12,11,0.9166666666666666,3.8333333333333335,0
175108,1,11,11,0.9090909090909091,6.0,0
175112,1,9,9,0.4444444444444444,5.0,0
175139,1,7,7,0.5714285714285714,4.0,0
175147,1,19,19,0.6842105263157895,10.0,1
175158,1,2,2,1.0,1.5,0
175162,1,3,3,1.0,2.0,0
175166,1,6,6,0.8333333333333334,3.5,0
175167,1,8,8,1.0,4.5,0
175168,1,9,9,0.5555555555555556,5.0,0
175182,1,15,15,0.26666666666666666,8.0,1
175214,1,2,2,1.0,1.5,0
175216,2,8,8,0.75,2.625,0
175224,1,14,14,1.0,7.5,0
175232,1,17,17,0.47058823529411764,9.0,1
175234,1,8,8,0.5,4.5,0
175237,1,6,6,0.6666666666666666,3.5,0
175242,2,14,14,0.5714285714285714,4.071428571428571,0
175245,1,4,4,0.75,2.5,0
175250,1,1,1,1.0,1.0,0
175251,1,17,17,1.0,9.0,1
175288,1,8,8,0.5,4.5,0
175294,1,28,28,1.0,14.5,1
175298,1,17,17,0.9411764705882353,9.0,1
175299,1,17,17,0.0,9.0,1
175304,1,14,14,0.8571428571428571,7.5,0
175306,1,7,7,0.42857142857142855,4.0,0
175312,1,11,11,0.09090909090909091,6.0,0
175316,1,2,2,0.0,1.5,0
175323,1,29,29,0.3448275862068966,15.0,1
175326,1,12,12,0.6666666666666666,6.5,0
175330,1,15,15,0.0,8.0,1
175344,1,15,15,0.2,8.0,1
175349,1,10,10,0.3,5.5,0
175353,1,26,26,0.9230769230769231,13.5,1
175356,1,7,7,0.8571428571428571,4.0,0
175361,1,2,2,0.5,1.5,0
175365,1,10,10,0.6,5.5,0
175382,1,4,4,0.0,2.5,0
175410,1,2,2,1.0,1.5,0
175441,1,3,3,0.6666666666666666,2.0,0
175448,1,9,9,0.5555555555555556,5.0,0
175450,1,26,26,0.6153846153846154,13.5,1
175451,1,12,12,0.9166666666666666,6.5,0
175453,1,13,13,0.3076923076923077,7.0,0
175456,1,1,1,0.0,1.0,0
175472,1,5,5,0.8,3.0,0
175475,1,4,4,0.0,2.5,0
175491,1,26,26,0.6538461538461539,13.5,1
175519,1,4,4,1.0,2.5,0
175523,1,7,7,0.2857142857142857,4.0,0
175533,1,4,4,0.5,2.5,0
175536,1,4,4,1.0,2.5,0
175546,1,15,15,0.6,8.0,1
175560,1,18,18,0.9444444444444444,9.5,1
175565,1,14,14,0.8571428571428571,7.5,0
175598,1,3,3,1.0,2.0,0
175611,1,4,4,1.0,2.5,0
175629,1,12,12,0.0,6.5,0
175635,1,24,24,0.5416666666666666,12.5,1
175643,1,17,17,0.9411764705882353,9.0,1
175647,1,13,13,0.6923076923076923,7.0,0
175656,1,8,8,0.875,4.5,0
175659,1,12,12,0.25,6.5,0
175707,2,6,5,1.0,2.1666666666666665,0
175724,2,20,19,0.95,6.3,1
175729,1,6,6,0.8333333333333334,3.5,0
175732,1,11,11,0.2727272727272727,6.0,0
175734,1,10,10,0.4,5.5,0
175742,1,6,6,1.0,3.5,0
175744,1,3,3,1.0,2.0,0
175765,1,17,17,0.47058823529411764,9.0,1
175768,2,36,33,0.8888888888888888,9.61111111111111,1
175771,1,18,18,0.8888888888888888,9.5,1
175786,1,3,3,1.0,2.0,0
175790,1,8,8,0.75,4.5,0
175809,1,8,8,0.0,4.5,0
175810,1,11,11,0.6363636363636364,6.0,0
175812,1,3,3,0.3333333333333333,2.0,0
175813,2,13,13,0.5384615384615384,3.769230769230769,0
175817,1,4,4,0.25,2.5,0
175831,1,8,8,0.75,4.5,0
175836,1,5,5,0.0,3.0,0
175839,1,3,3,1.0,2.0,0
175887,1,4,4,0.0,2.5,0
175903,1,4,4,1.0,2.5,0
175913,1,1,1,1.0,1.0,0
175918,1,27,27,0.7037037037037037,14.0,1
175936,1,4,4,0.5,2.5,0
175958,1,3,3,1.0,2.0,0
175965,1,22,22,0.45454545454545453,11.5,1
175970,1,9,9,0.7777777777777778,5.0,0
175980,1,30,30,0.9333333333333333,15.5,1
175995,1,2,2,1.0,1.5,0
176010,2,29,26,0.7586206896551724,8.172413793103448,1
176039,2,103,88,0.6407766990291263,26.271844660194176,1
176040,1,16,16,0.5625,8.5,1
176055,1,12,12,0.8333333333333334,6.5,0
176067,1,12,12,0.75,6.5,0
176093,1,10,10,1.0,5.5,0
176101,1,5,5,0.0,3.0,0
176108,2,14,12,0.9285714285714286,4.071428571428571,0
176117,1,13,13,0.15384615384615385,7.0,0
176152,1,9,9,0.2222222222222222,5.0,0
176158,1,5,5,1.0,3.0,0
176182,1,33,33,0.3333333333333333,17.0,1
176195,1,20,20,0.7,10.5,1
176211,1,28,28,0.17857142857142858,14.5,1
176212,3,22,21,0.6818181818181818,4.590909090909091,1
176228,1,9,9,0.8888888888888888,5.0,0
176232,1,10,10,0.7,5.5,0
176246,1,1,1,1.0,1.0,0
176261,1,6,6,1.0,3.5,0
176272,1,17,17,0.0,9.0,1
176278,1,8,8,1.0,4.5,0
176281,1,5,5,0.0,3.0,0
176284,1,13,13,0.3076923076923077,7.0,0
176290,1,3,3,0.3333333333333333,2.0,0
176295,1,1,1,1.0,1.0,0
176297,1,9,9,0.0,5.0,0
176310,1,19,19,0.5263157894736842,10.0,1
176369,1,1,1,0.0,1.0,0
176386,1,18,18,0.9444444444444444,9.5,1
176388,1,9,9,0.8888888888888888,5.0,0
176408,1,3,3,0.6666666666666666,2.0,0
176417,2,12,10,0.9166666666666666,3.5833333333333335,0
176436,1,1,1,1.0,1.0,0
176449,1,29,29,0.5172413793103449,15.0,1
176465,1,3,3,0.6666666666666666,2.0,0
176475,1,19,19,0.631578947368421,10.0,1
176477,1,8,8,0.5,4.5,0
176497,1,9,9,0.5555555555555556,5.0,0
176504,1,14,14,0.7857142857142857,7.5,0
176509,1,4,4,0.0,2.5,0
176517,1,10,10,0.8,5.5,0
176528,1,3,3,1.0,2.0,0
176560,1,13,13,0.5384615384615384,7.0,0
176570,1,17,17,0.29411764705882354,9.0,1
176571,1,3,3,0.0,2.0,0
176576,1,8,8,0.875,4.5,0
176580,1,18,18,0.8333333333333334,9.5,1
176604,1,9,9,0.8888888888888888,5.0,0
176605,1,6,6,0.0,3.5,0
176615,2,12,12,0.5,3.8333333333333335,0
176622,1,21,21,0.3333333333333333,11.0,1
176638,2,28,23,0.7142857142857143,7.5,1
176640,1,4,4,1.0,2.5,0
176646,1,4,4,0.25,2.5,0
176649,1,5,5,0.4,3.0,0
176662,1,6,6,0.16666666666666666,3.5,0
176664,1,13,13,1.0,7.0,0
176677,1,25,25,0.12,13.0,1
176698,1,25,25,0.48,13.0,1
176704,2,12,12,1.0,3.8333333333333335,0
176710,1,7,7,0.8571428571428571,4.0,0
176714,1,10,10,0.5,5.5,0
176719,2,8,6,0.625,2.625,0
176720,1,4,4,0.75,2.5,0
176736,1,1,1,0.0,1.0,0
176737,1,1,1,0.0,1.0,0
176738,1,11,11,0.36363636363636365,6.0,0
176741,1,7,7,0.5714285714285714,4.0,0
176750,1,11,11,0.7272727272727273,6.0,0
176763,1,3,3,0.0,2.0,0
176776,1,11,11,0.8181818181818182,6.0,0
176781,1,6,6,0.8333333333333334,3.5,0
176785,1,7,7,0.5714285714285714,4.0,0
176855,1,19,19,0.5263157894736842,10.0,1
176865,1,6,6,1.0,3.5,0
176866,1,42,42,0.5952380952380952,21.5,1
176869,1,15,15,0.8666666666666667,8.0,1
176886,1,15,15,0.4,8.0,1
176896,1,7,7,1.0,4.0,0
176906,1,21,21,0.2857142857142857,11.0,1
176946,1,3,3,0.6666666666666666,2.0,0
176951,2,13,9,1.0,3.769230769230769,0
176959,1,7,7,1.0,4.0,0
176977,1,2,2,1.0,1.5,0
177001,1,12,12,0.5833333333333334,6.5,0
177004,1,2,2,0.5,1.5,0
177031,1,8,8,0.75,4.5,0
177032,2,13,12,0.9230769230769231,4.6923076923076925,0
177063,1,9,9,0.1111111111111111,5.0,0
177097,1,6,6,1.0,3.5,0
177100,1,1,1,0.0,1.0,0
177110,2,21,17,0.9047619047619048,5.857142857142857,1
177113,1,10,10,0.3,5.5,0
177115,1,1,1,0.0,1.0,0
177122,1,14,14,0.5,7.5,0
177129,1,2,2,1.0,1.5,0
177138,1,24,24,0.5416666666666666,12.5,1
177162,1,3,3,0.3333333333333333,2.0,0
177179,1,6,6,1.0,3.5,0
177201,2,23,18,0.9565217391304348,6.782608695652174,1
177216,1,2,2,1.0,1.5,0
177238,1,11,11,1.0,6.0,0
177244,2,19,19,0.5263157894736842,6.315789473684211,1
177310,1,6,6,1.0,3.5,0
177319,1,3,3,0.3333333333333333,2.0,0
177324,1,5,5,1.0,3.0,0
177336,1,15,15,1.0,8.0,1
177337,1,7,7,1.0,4.0,0
177340,1,14,14,0.42857142857142855,7.5,0
177370,1,4,4,0.0,2.5,0
177388,2,12,11,0.3333333333333333,3.8333333333333335,0
177405,1,9,9,0.7777777777777778,5.0,0
177411,1,7,7,1.0,4.0,0
177418,1,15,15,0.4666666666666667,8.0,1
177438,1,8,8,1.0,4.5,0
177458,1,2,2,1.0,1.5,0
177470,1,9,9,0.7777777777777778,5.0,0
177494,2,20,19,0.8,5.55,1
177513,2,14,14,0.9285714285714286,5.785714285714286,1
177518,1,18,18,0.6111111111111112,9.5,1
177537,1,5,5,1.0,3.0,0
177562,1,8,8,0.875,4.5,0
177570,1,8,8,0.125,4.5,0
177610,1,11,11,0.7272727272727273,6.0,0
177632,1,3,3,0.0,2.0,0
177661,1,5,5,0.8,3.0,0
177663,1,10,10,0.1,5.5,0
177677,1,26,26,0.8461538461538461,13.5,1
177710,1,4,4,1.0,2.5,0
177718,1,16,16,0.75,8.5,1
177719,1,3,3,0.6666666666666666,2.0,0
177777,1,5,5,0.6,3.0,0
177780,1,10,10,1.0,5.5,0
177787,1,3,3,1.0,2.0,0
177789,1,8,8,0.25,4.5,0
177808,1,6,6,0.6666666666666666,3.5,0
177810,1,3,3,0.6666666666666666,2.0,0
177821,1,9,9,0.2222222222222222,5.0,0
177822,1,6,6,1.0,3.5,0
177827,1,2,2,0.5,1.5,0
177830,1,16,16,0.4375,8.5,1
177846,1,12,12,0.0,6.5,0
177849,1,5,5,0.2,3.0,0
177851,1,2,2,0.0,1.5,0
177853,1,2,2,1.0,1.5,0
177855,1,10,10,0.4,5.5,0
177863,1,14,14,0.2857142857142857,7.5,0
177870,1,4,4,1.0,2.5,0
177873,1,10,10,0.9,5.5,0
177879,1,4,4,0.5,2.5,0
177885,1,2,2,0.5,1.5,0
177891,1,7,7,0.2857142857142857,4.0,0
177896,1,7,7,0.7142857142857143,4.0,0
177907,1,15,15,0.0,8.0,1
177909,1,1,1,0.0,1.0,0
177922,1,15,15,0.4,8.0,1
177940,1,11,11,0.36363636363636365,6.0,0
177943,1,14,14,0.7142857142857143,7.5,0
177947,1,9,9,0.0,5.0,0
177950,1,10,10,0.0,5.5,0
177971,1,3,3,0.0,2.0,0
177976,1,17,17,0.7058823529411765,9.0,1
178006,1,4,4,0.0,2.5,0
178021,1,6,6,1.0,3.5,0
178030,2,11,10,0.9090909090909091,3.272727272727273,0
178034,1,5,5,0.4,3.0,0
178055,1,33,33,0.8787878787878788,17.0,1
178060,1,7,7,0.14285714285714285,4.0,0
178065,1,9,9,0.2222222222222222,5.0,0
178074,1,1,1,1.0,1.0,0
178101,2,12,11,0.5833333333333334,3.5833333333333335,0
178107,1,9,9,1.0,5.0,0
178116,1,2,2,1.0,1.5,0
178139,1,24,24,0.8333333333333334,12.5,1
178144,1,11,11,0.5454545454545454,6.0,0
178145,1,13,13,0.46153846153846156,7.0,0
178175,1,6,6,1.0,3.5,0
178188,1,21,21,0.3333333333333333,11.0,1
178209,3,21,20,0.5714285714285714,7.0,1
178236,1,4,4,0.75,2.5,0
178247,1,7,7,0.2857142857142857,4.0,0
178252,1,2,2,1.0,1.5,0
178268,1,7,7,0.14285714285714285,4.0,0
178273,1,10,10,0.8,5.5,0
178279,1,10,10,0.9,5.5,0
178298,1,12,12,0.0,6.5,0
178323,1,7,7,0.42857142857142855,4.0,0
178325,1,28,28,0.9642857142857143,14.5,1
178339,1,6,6,1.0,3.5,0
178341,1,1,1,0.0,1.0,0
178356,1,4,4,0.0,2.5,0
178357,1,21,21,0.14285714285714285,11.0,1
178359,1,3,3,0.6666666666666666,2.0,0
178380,1,3,3,0.6666666666666666,2.0,0
178395,1,14,14,0.6428571428571429,7.5,0
178407,1,16,16,1.0,8.5,1
178435,1,4,4,0.0,2.5,0
178460,1,2,2,1.0,1.5,0
178465,1,2,2,1.0,1.5,0
178483,1,11,11,0.0,6.0,0
178503,1,19,19,0.0,10.0,1
178511,1,10,10,0.1,5.5,0
178520,1,13,13,0.9230769230769231,7.0,0
178532,1,4,4,1.0,2.5,0
178540,1,8,8,1.0,4.5,0
178546,1,16,16,0.4375,8.5,1
178562,1,5,5,0.2,3.0,0
178573,1,6,6,1.0,3.5,0
178578,1,1,1,0.0,1.0,0
178590,1,6,6,1.0,3.5,0
178601,1,9,9,0.5555555555555556,5.0,0
178610,1,3,3,1.0,2.0,0
178618,1,12,12,0.9166666666666666,6.5,0
178630,1,13,13,0.38461538461538464,7.0,0
178667,1,17,17,0.5882352941176471,9.0,1
178686,1,7,7,1.0,4.0,0
178736,1,27,27,0.8888888888888888,14.0,1
178750,1,15,15,0.3333333333333333,8.0,1
178753,1,2,2,0.5,1.5,0
178761,1,15,15,0.6,8.0,1
178785,1,19,19,0.42105263157894735,10.0,1
178797,1,32,32,0.46875,16.5,1
178811,1,2,2,0.0,1.5,0
178819,1,10,10,0.4,5.5,0
178821,2,15,14,1.0,7.066666666666666,1
178824,1,28,28,0.9642857142857143,14.5,1
178827,1,1,1,1.0,1.0,0
178831,2,47,40,0.5106382978723404,12.297872340425531,1
178838,1,1,1,1.0,1.0,0
178842,1,6,6,1.0,3.5,0
178850,1,4,4,1.0,2.5,0
178852,1,7,7,0.14285714285714285,4.0,0
178860,1,30,30,0.6666666666666666,15.5,1
178864,1,20,20,0.5,10.5,1
178866,1,24,24,0.8333333333333334,12.5,1
178889,2,17,16,0.7647058823529411,4.764705882352941,1
178894,1,10,10,0.5,5.5,0
178899,1,7,7,0.8571428571428571,4.0,0
178906,1,10,10,0.7,5.5,0
178914,1,3,3,0.3333333333333333,2.0,0
178916,1,5,5,0.8,3.0,0
178918,1,37,37,0.9459459459459459,19.0,1
178920,1,3,3,1.0,2.0,0
178931,1,10,10,0.5,5.5,0
178948,1,19,19,0.5789473684210527,10.0,1
178958,1,12,12,0.6666666666666666,6.5,0
178966,2,17,17,0.35294117647058826,5.117647058823529,1
178971,1,5,5,0.6,3.0,0
178974,1,8,8,0.875,4.5,0
178979,1,6,6,0.0,3.5,0
178981,1,19,19,0.42105263157894735,10.0,1
178989,1,5,5,1.0,3.0,0
179033,1,7,7,0.8571428571428571,4.0,0
179043,1,9,9,0.2222222222222222,5.0,0
179062,1,3,3,1.0,2.0,0
179084,1,5,5,0.8,3.0,0
179123,2,18,16,0.7777777777777778,5.222222222222222,1
179131,1,16,16,0.6875,8.5,1
179133,1,16,16,0.375,8.5,1
179138,1,5,5,0.0,3.0,0
179158,1,5,5,1.0,3.0,0
179163,1,7,7,0.7142857142857143,4.0,0
179171,1,3,3,1.0,2.0,0
179175,1,20,20,0.3,10.5,1
179187,1,6,6,0.8333333333333334,3.5,0
179192,1,3,3,1.0,2.0,0
179211,1,27,27,0.8518518518518519,14.0,1
179220,1,4,4,1.0,2.5,0
179228,1,8,8,1.0,4.5,0
179269,1,20,20,0.9,10.5,1
179284,1,2,2,1.0,1.5,0
179294,1,16,16,0.0,8.5,1
179300,2,20,19,0.55,6.3,1
179304,1,11,11,0.5454545454545454,6.0,0
179306,2,17,17,0.47058823529411764,4.882352941176471,1
179307,1,7,7,0.5714285714285714,4.0,0
179314,2,3,2,0.3333333333333333,1.3333333333333333,0
179324,1,2,2,0.5,1.5,0
179333,1,14,14,0.14285714285714285,7.5,0
179340,1,5,5,0.4,3.0,0
179342,3,21,17,0.8095238095238095,4.142857142857143,1
179347,1,44,44,0.5454545454545454,22.5,1
179348,2,14,14,0.5,5.142857142857143,1
179358,1,22,22,0.4090909090909091,11.5,1
179373,2,9,8,0.4444444444444444,3.0,0
179379,1,32,32,0.8125,16.5,1
179391,1,6,6,0.5,3.5,0
179406,1,20,20,0.0,10.5,1
179408,1,2,2,0.5,1.5,0
179410,1,7,7,1.0,4.0,0
179413,1,1,1,1.0,1.0,0
179431,1,8,8,0.75,4.5,0
179433,1,25,25,0.4,13.0,1
179435,1,12,12,0.0,6.5,0
179437,1,6,6,1.0,3.5,0
179448,1,2,2,0.5,1.5,0
179469,1,21,21,0.047619047619047616,11.0,1
179477,1,2,2,1.0,1.5,0
179481,1,10,10,0.2,5.5,0
179488,1,16,16,0.5,8.5,1
179508,1,10,10,0.3,5.5,0
179516,1,5,5,0.8,3.0,0
179519,1,8,8,0.0,4.5,0
179520,1,5,5,0.4,3.0,0
179526,2,34,33,0.7352941176470589,13.235294117647058,1
179528,2,24,23,0.08333333333333333,6.541666666666667,1
179529,1,22,22,0.9090909090909091,11.5,1
179548,1,8,8,0.875,4.5,0
179554,1,4,4,0.25,2.5,0
179560,1,1,1,1.0,1.0,0
179569,1,13,13,0.23076923076923078,7.0,0
179588,1,24,24,0.9166666666666666,12.5,1
179595,1,3,3,1.0,2.0,0
179598,1,6,6,0.5,3.5,0
179601,1,15,15,0.6,8.0,1
179606,1,24,24,0.9166666666666666,12.5,1
179610,1,1,1,1.0,1.0,0
179616,1,4,4,0.0,2.5,0
179624,1,6,6,1.0,3.5,0
179629,1,14,14,0.6428571428571429,7.5,0
179640,2,22,21,0.7272727272727273,6.181818181818182,1
179651,1,4,4,0.75,2.5,0
179653,1,11,11,0.8181818181818182,6.0,0
179661,1,3,3,1.0,2.0,0
179667,1,8,8,1.0,4.5,0
179684,1,35,35,0.0,18.0,1
179685,1,16,16,0.625,8.5,1
179687,1,23,23,1.0,12.0,1
179715,1,16,16,0.5625,8.5,1
179730,1,7,7,0.5714285714285714,4.0,0
179752,2,8,6,1.0,2.625,0
179756,1,8,8,0.625,4.5,0
179762,1,6,6,1.0,3.5,0
179765,1,1,1,1.0,1.0,0
179774,1,3,3,0.3333333333333333,2.0,0
179778,1,19,19,0.8947368421052632,10.0,1
179779,1,3,3,0.6666666666666666,2.0,0
179790,1,10,10,0.8,5.5,0
179792,1,6,6,0.8333333333333334,3.5,0
179806,1,2,2,0.0,1.5,0
179827,1,11,11,0.2727272727272727,6.0,0
179835,1,8,8,1.0,4.5,0
179837,1,5,5,1.0,3.0,0
179839,1,12,12,0.6666666666666666,6.5,0
179842,1,11,11,0.36363636363636365,6.0,0
179845,1,11,11,1.0,6.0,0
179886,1,12,12,0.5833333333333334,6.5,0
179895,2,34,30,0.11764705882352941,12.558823529411764,1
179905,1,15,15,1.0,8.0,1
179912,1,7,7,0.42857142857142855,4.0,0
179929,1,7,7,1.0,4.0,0
179931,1,25,25,0.28,13.0,1
179935,1,2,2,1.0,1.5,0
179937,1,10,10,0.8,5.5,0
179942,1,15,15,0.8,8.0,1
179958,1,7,7,0.42857142857142855,4.0,0
179960,1,8,8,0.125,4.5,0
179961,1,8,8,0.125,4.5,0
179965,2,15,12,0.7333333333333333,4.4,0
179966,1,7,7,0.7142857142857143,4.0,0
179968,1,19,19,0.42105263157894735,10.0,1
179973,1,12,12,0.08333333333333333,6.5,0
180010,1,15,15,0.13333333333333333,8.0,1
180013,1,6,6,0.0,3.5,0
180019,1,12,12,0.0,6.5,0
180023,1,10,10,0.9,5.5,0
180031,1,3,3,0.0,2.0,0
180032,1,9,9,0.1111111111111111,5.0,0
180039,1,8,8,0.125,4.5,0
180059,1,30,30,0.0,15.5,1
180074,1,11,11,0.7272727272727273,6.0,0
180075,1,13,13,0.6923076923076923,7.0,0
180095,1,1,1,0.0,1.0,0
180098,1,10,10,0.5,5.5,0
180103,1,13,13,1.0,7.0,0
180135,1,7,7,0.8571428571428571,4.0,0
180141,2,17,12,1.0,4.764705882352941,1
180167,2,22,19,0.9090909090909091,6.181818181818182,1
180175,1,5,5,0.0,3.0,0
180188,1,11,11,0.18181818181818182,6.0,0
180191,1,2,2,0.5,1.5,0
180205,1,22,22,0.5,11.5,1
180214,1,9,9,1.0,5.0,0
180231,1,1,1,0.0,1.0,0
180237,1,4,4,1.0,2.5,0
180266,1,9,9,0.6666666666666666,5.0,0
180267,1,14,14,0.2857142857142857,7.5,0
180275,1,4,4,0.75,2.5,0
180301,1,5,5,0.4,3.0,0
180310,1,11,11,0.45454545454545453,6.0,0
180314,1,6,6,1.0,3.5,0
180332,1,18,18,0.7777777777777778,9.5,1
180342,1,16,16,0.1875,8.5,1
180348,1,19,19,0.5263157894736842,10.0,1
180351,1,33,33,0.6666666666666666,17.0,1
180352,1,10,10,0.8,5.5,0
180353,1,26,26,0.8461538461538461,13.5,1
180365,1,18,18,0.2222222222222222,9.5,1
180397,1,4,4,0.75,2.5,0
180414,1,16,16,1.0,8.5,1
180419,1,14,14,0.5714285714285714,7.5,0
180426,1,4,4,0.0,2.5,0
180444,1,4,4,0.5,2.5,0
180453,1,13,13,0.5384615384615384,7.0,0
180454,2,29,29,0.6206896551724138,10.241379310344827,1
180461,1,5,5,1.0,3.0,0
180480,1,4,4,0.5,2.5,0
180489,1,10,10,0.5,5.5,0
180515,1,11,11,0.9090909090909091,6.0,0
180518,1,4,4,0.75,2.5,0
180543,1,4,4,0.75,2.5,0
180544,1,8,8,0.375,4.5,0
180551,2,9,9,0.3333333333333333,3.0,0
180562,1,1,1,0.0,1.0,0
180563,1,25,25,0.88,13.0,1
180570,1,11,11,0.2727272727272727,6.0,0
180583,2,5,5,0.2,2.2,0
180621,1,5,5,1.0,3.0,0
180624,1,6,6,0.0,3.5,0
180635,1,12,12,0.5833333333333334,6.5,0
180640,1,9,9,0.0,5.0,0
180649,2,45,44,0.6222222222222222,12.2,1
180717,1,3,3,1.0,2.0,0
180719,1,14,14,0.8571428571428571,7.5,0
180724,1,7,7,0.5714285714285714,4.0,0
180734,1,12,12,0.8333333333333334,6.5,0
180735,2,17,15,0.7647058823529411,4.764705882352941,1
180785,1,6,6,0.8333333333333334,3.5,0
180788,1,16,16,0.5,8.5,1
180793,2,10,9,1.0,4.6,0
180796,1,5,5,0.6,3.0,0
180797,1,23,23,0.8260869565217391,12.0,1
180800,1,12,12,1.0,6.5,0
180825,1,9,9,0.7777777777777778,5.0,0
180826,1,25,25,0.64,13.0,1
180828,1,14,14,0.5,7.5,0
180838,1,3,3,1.0,2.0,0
180849,1,13,13,0.46153846153846156,7.0,0
180851,2,13,12,0.6923076923076923,3.923076923076923,0
180855,1,1,1,1.0,1.0,0
180877,1,5,5,0.4,3.0,0
180882,1,2,2,0.5,1.5,0
180886,1,13,13,0.38461538461538464,7.0,0
180891,1,7,7,1.0,4.0,0
180895,1,21,21,0.0,11.0,1
180905,2,53,47,0.22641509433962265,16.245283018867923,1
180912,1,3,3,0.0,2.0,0
180914,1,8,8,0.125,4.5,0
180919,1,10,10,0.2,5.5,0
180962,1,8,8,0.875,4.5,0
180985,1,10,10,1.0,5.5,0
181004,1,11,11,0.5454545454545454,6.0,0
181035,1,16,16,0.375,8.5,1
181039,1,4,4,0.75,2.5,0
181049,1,5,5,0.0,3.0,0
181050,1,19,19,0.47368421052631576,10.0,1
181051,2,11,10,0.45454545454545453,3.4545454545454546,0
181055,1,25,25,0.44,13.0,1
181067,1,4,4,0.0,2.5,0
181070,1,2,2,0.5,1.5,0
181086,1,14,14,0.9285714285714286,7.5,0
181111,1,7,7,0.2857142857142857,4.0,0
181116,2,12,8,0.9166666666666666,3.5,0
181121,2,30,26,0.6333333333333333,8.533333333333333,1
181127,1,10,10,0.9,5.5,0
181134,1,2,2,1.0,1.5,0
181137,1,14,14,0.5,7.5,0
181153,1,5,5,1.0,3.0,0
181163,1,5,5,0.6,3.0,0
181167,1,26,26,0.19230769230769232,13.5,1
181176,1,1,1,1.0,1.0,0
181193,1,6,6,0.8333333333333334,3.5,0
181206,1,7,7,0.8571428571428571,4.0,0
181210,1,10,10,0.8,5.5,0
181225,1,15,15,0.7333333333333333,8.0,1
181263,1,15,15,0.7333333333333333,8.0,1
181265,1,24,24,0.9166666666666666,12.5,1
181267,1,19,19,0.5263157894736842,10.0,1
181324,1,3,3,1.0,2.0,0
181327,1,12,12,0.5,6.5,0
181330,1,5,5,0.2,3.0,0
181342,1,4,4,1.0,2.5,0
181348,1,7,7,0.5714285714285714,4.0,0
181350,1,13,13,0.46153846153846156,7.0,0
181360,1,8,8,0.375,4.5,0
181365,1,14,14,0.7857142857142857,7.5,0
181385,1,12,12,0.5833333333333334,6.5,0
181402,1,21,21,0.23809523809523808,11.0,1
181406,1,23,23,0.0,12.0,1
181443,1,5,5,1.0,3.0,0
181456,1,9,9,0.8888888888888888,5.0,0
181472,1,2,2,0.0,1.5,0
181476,1,4,4,1.0,2.5,0
181484,1,12,12,0.3333333333333333,6.5,0
181492,1,6,6,0.8333333333333334,3.5,0
181548,1,1,1,0.0,1.0,0
181552,1,10,10,0.9,5.5,0
181555,1,7,7,1.0,4.0,0
181563,2,14,12,0.2857142857142857,4.285714285714286,0
181566,2,16,16,0.75,4.5,1
181567,1,1,1,0.0,1.0,0
181574,1,23,23,0.5217391304347826,12.0,1
181596,2,12,12,0.4166666666666667,5.583333333333333,0
181630,1,2,2,0.0,1.5,0
181653,1,19,19,0.6842105263157895,10.0,1
181663,1,6,6,0.16666666666666666,3.5,0
181667,1,14,14,0.5,7.5,0
181671,1,21,21,0.7619047619047619,11.0,1
181678,1,16,16,1.0,8.5,1
181681,2,51,36,0.7450980392156863,13.372549019607844,1
181687,1,5,5,1.0,3.0,0
181691,1,10,10,0.5,5.5,0
181700,3,12,10,0.5833333333333334,2.5833333333333335,0
181719,1,23,23,0.2608695652173913,12.0,1
181729,1,11,11,0.9090909090909091,6.0,0
181747,1,5,5,1.0,3.0,0
181754,1,17,17,0.47058823529411764,9.0,1
181765,2,10,10,0.6,3.0,0
181773,1,5,5,1.0,3.0,0
181774,1,20,20,0.25,10.5,1
181778,2,13,8,0.8461538461538461,3.769230769230769,0
181787,1,14,14,0.42857142857142855,7.5,0
181791,1,16,16,0.8125,8.5,1
181796,2,6,5,0.8333333333333334,2.1666666666666665,0
181815,1,3,3,0.6666666666666666,2.0,0
181819,1,21,21,0.0,11.0,1
181833,1,10,10,0.3,5.5,0
181841,1,8,8,0.875,4.5,0
181857,1,4,4,1.0,2.5,0
181862,2,16,15,0.375,4.5,1
181873,3,19,16,0.6842105263157895,3.8947368421052633,1
181881,1,24,24,0.9583333333333334,12.5,1
181910,1,6,6,0.16666666666666666,3.5,0
181935,1,23,23,0.34782608695652173,12.0,1
181936,1,10,10,0.6,5.5,0
181942,1,1,1,1.0,1.0,0
181943,2,19,16,0.8947368421052632,5.2631578947368425,1
181944,1,10,10,1.0,5.5,0
181970,1,9,9,1.0,5.0,0
182004,1,1,1,1.0,1.0,0
182009,1,4,4,0.0,2.5,0
182020,1,3,3,0.0,2.0,0
182041,2,4,4,0.75,1.75,0
182042,1,2,2,0.5,1.5,0
182061,1,8,8,0.625,4.5,0
182067,2,24,21,0.5,6.666666666666667,1
182080,1,5,5,0.6,3.0,0
182090,1,23,23,0.34782608695652173,12.0,1
182105,1,5,5,0.2,3.0,0
182109,1,6,6,0.3333333333333333,3.5,0
182129,1,13,13,0.46153846153846156,7.0,0
182130,2,8,8,0.875,2.5,0
182159,1,2,2,0.5,1.5,0
182179,2,38,28,0.8947368421052632,10.105263157894736,1
182183,1,15,15,0.9333333333333333,8.0,1
182193,1,11,11,0.6363636363636364,6.0,0
182205,1,30,30,0.8333333333333334,15.5,1
182212,1,11,11,1.0,6.0,0
182215,1,16,16,0.875,8.5,1
182217,1,19,19,0.9473684210526315,10.0,1
182261,1,6,6,0.6666666666666666,3.5,0
182265,1,24,24,0.9166666666666666,12.5,1
182290,1,9,9,0.6666666666666666,5.0,0
182306,2,11,11,0.8181818181818182,3.8181818181818183,0
182313,1,7,7,0.5714285714285714,4.0,0
182318,1,3,3,0.0,2.0,0
182324,1,2,2,1.0,1.5,0
182325,1,3,3,0.0,2.0,0
182327,1,5,5,1.0,3.0,0
182328,1,1,1,1.0,1.0,0
182331,1,6,6,0.16666666666666666,3.5,0
182332,1,9,9,1.0,5.0,0
182345,1,14,14,0.0,7.5,0
182350,1,23,23,0.8695652173913043,12.0,1
182368,1,8,8,0.25,4.5,0
182397,1,20,20,0.6,10.5,1
182399,1,3,3,1.0,2.0,0
182455,1,20,20,0.25,10.5,1
182458,1,16,16,0.9375,8.5,1
182461,1,3,3,0.0,2.0,0
182463,1,13,13,0.7692307692307693,7.0,0
182506,1,12,12,1.0,6.5,0
182530,2,32,29,0.8125,10.03125,1
182537,1,6,6,0.5,3.5,0
182561,2,9,6,0.7777777777777778,3.0,0
182566,1,5,5,0.4,3.0,0
182574,1,7,7,0.0,4.0,0
182586,1,7,7,1.0,4.0,0
182595,1,11,11,1.0,6.0,0
182599,1,11,11,0.0,6.0,0
182612,1,12,12,0.75,6.5,0
182616,1,8,8,0.875,4.5,0
182641,1,3,3,1.0,2.0,0
182642,3,24,19,0.9583333333333334,4.625,1
182644,1,15,15,0.4666666666666667,8.0,1
182652,2,8,8,1.0,3.0,0
182658,1,4,4,1.0,2.5,0
182671,1,8,8,0.0,4.5,0
182689,2,19,17,0.6842105263157895,5.578947368421052,1
182706,1,4,4,0.75,2.5,0
182749,1,18,18,1.0,9.5,1
182757,1,4,4,0.5,2.5,0
182765,1,7,7,0.14285714285714285,4.0,0
182772,1,14,14,0.7857142857142857,7.5,0
182778,2,36,35,0.4444444444444444,10.194444444444445,1
182780,1,16,16,0.6875,8.5,1
182784,1,10,10,0.5,5.5,0
182792,1,4,4,0.5,2.5,0
182817,1,6,6,0.16666666666666666,3.5,0
182821,1,31,31,0.41935483870967744,16.0,1
182851,1,3,3,0.0,2.0,0
182912,1,8,8,0.0,4.5,0
182914,2,13,13,0.3076923076923077,3.769230769230769,0
182915,1,8,8,0.625,4.5,0
182939,1,2,2,0.0,1.5,0
182942,1,8,8,0.125,4.5,0
182949,1,2,2,1.0,1.5,0
182957,1,3,3,0.3333333333333333,2.0,0
182958,1,1,1,1.0,1.0,0
182964,1,5,5,0.6,3.0,0
183006,1,2,2,0.0,1.5,0
183022,1,2,2,0.5,1.5,0
183024,1,14,14,0.5714285714285714,7.5,0
183036,1,4,4,1.0,2.5,0
183044,1,8,8,0.375,4.5,0
183045,1,2,2,0.0,1.5,0
183051,1,25,25,0.56,13.0,1
183076,1,24,24,0.125,12.5,1
183077,1,12,12,0.75,6.5,0
183080,1,25,25,0.84,13.0,1
183117,1,6,6,0.0,3.5,0
183126,1,10,10,1.0,5.5,0
183139,1,4,4,0.75,2.5,0
183143,1,11,11,0.8181818181818182,6.0,0
183146,2,12,11,0.8333333333333334,3.8333333333333335,0
183151,2,18,16,0.8888888888888888,5.888888888888889,1
183158,1,30,30,0.6,15.5,1
183173,1,18,18,0.7222222222222222,9.5,1
183175,1,10,10,0.7,5.5,0
183176,1,6,6,0.3333333333333333,3.5,0
183181,1,13,13,0.5384615384615384,7.0,0
183267,1,3,3,0.6666666666666666,2.0,0
183286,1,13,13,0.38461538461538464,7.0,0
183288,1,9,9,0.6666666666666666,5.0,0
183299,1,18,18,1.0,9.5,1
183302,1,17,17,0.7058823529411765,9.0,1
183305,1,2,2,1.0,1.5,0
183329,1,8,8,0.75,4.5,0
183333,1,6,6,0.5,3.5,0
183334,1,15,15,0.8,8.0,1
183354,1,41,41,0.1951219512195122,21.0,1
183379,1,18,18,0.4444444444444444,9.5,1
183399,1,32,32,0.90625,16.5,1
183402,1,6,6,1.0,3.5,0
183419,1,6,6,0.0,3.5,0
183425,2,9,9,0.6666666666666666,3.0,0
183430,1,13,13,0.9230769230769231,7.0,0
183433,1,15,15,0.26666666666666666,8.0,1
183436,2,34,30,0.6470588235294118,9.117647058823529,1
183475,1,2,2,0.0,1.5,0
183489,1,5,5,1.0,3.0,0
183497,1,19,19,0.631578947368421,10.0,1
183499,1,11,11,0.8181818181818182,6.0,0
183519,2,13,13,0.5384615384615384,4.6923076923076925,0
183532,1,33,33,0.3333333333333333,17.0,1
183535,1,6,6,0.3333333333333333,3.5,0
183539,2,12,12,0.8333333333333334,3.5833333333333335,0
183546,1,11,11,0.6363636363636364,6.0,0
183550,1,7,7,0.42857142857142855,4.0,0
183552,1,17,17,0.8235294117647058,9.0,1
183565,2,8,8,0.125,3.625,0
183568,1,5,5,0.4,3.0,0
183569,1,20,20,0.8,10.5,1
183587,1,4,4,0.0,2.5,0
183595,1,2,2,1.0,1.5,0
183604,1,13,13,0.6923076923076923,7.0,0
183606,2,13,11,0.7692307692307693,3.923076923076923,0
183613,1,6,6,0.8333333333333334,3.5,0
183620,1,10,10,0.3,5.5,0
183623,1,14,14,0.7142857142857143,7.5,0
183636,1,2,2,1.0,1.5,0
183638,1,6,6,0.6666666666666666,3.5,0
183641,1,15,15,0.4666666666666667,8.0,1
183659,1,1,1,0.0,1.0,0
183663,1,6,6,0.8333333333333334,3.5,0
183670,1,11,11,0.0,6.0,0
183695,1,5,5,0.0,3.0,0
183697,1,1,1,1.0,1.0,0
183736,1,10,10,0.9,5.5,0
183742,1,7,7,0.14285714285714285,4.0,0
183765,1,15,15,0.6,8.0,1
183768,2,29,25,0.7241379310344828,7.758620689655173,1
183780,1,6,6,0.6666666666666666,3.5,0
183781,1,9,9,0.5555555555555556,5.0,0
183791,1,16,16,0.375,8.5,1
183800,1,5,5,0.0,3.0,0
183833,1,10,10,0.3,5.5,0
183836,1,13,13,0.23076923076923078,7.0,0
183838,1,9,9,1.0,5.0,0
183844,1,3,3,1.0,2.0,0
183849,1,5,5,0.8,3.0,0
183865,1,26,26,0.8846153846153846,13.5,1
183871,1,6,6,0.3333333333333333,3.5,0
183882,1,17,17,0.23529411764705882,9.0,1
183887,1,8,8,0.875,4.5,0
183890,1,3,3,0.6666666666666666,2.0,0
183906,1,5,5,0.8,3.0,0
183918,1,2,2,1.0,1.5,0
183926,1,6,6,1.0,3.5,0
183945,1,4,4,0.75,2.5,0
183953,2,27,25,0.6296296296296297,7.2592592592592595,1
183968,1,11,11,0.9090909090909091,6.0,0
183969,1,2,2,0.0,1.5,0
183971,1,7,7,0.5714285714285714,4.0,0
183972,1,5,5,0.8,3.0,0
183981,1,11,11,0.9090909090909091,6.0,0
183991,1,10,10,0.8,5.5,0
184011,1,6,6,0.8333333333333334,3.5,0
184014,1,9,9,0.8888888888888888,5.0,0
184017,1,6,6,0.6666666666666666,3.5,0
184020,1,13,13,1.0,7.0,0
184021,3,18,18,0.7222222222222222,4.555555555555555,1
184024,1,10,10,0.8,5.5,0
184027,1,10,10,0.2,5.5,0
184048,1,1,1,0.0,1.0,0
184051,1,7,7,0.8571428571428571,4.0,0
184054,1,9,9,0.8888888888888888,5.0,0
184061,1,7,7,1.0,4.0,0
184079,2,13,13,0.46153846153846156,4.6923076923076925,0
184085,1,4,4,1.0,2.5,0
184089,1,4,4,0.5,2.5,0
184091,1,14,14,0.0,7.5,0
184111,1,23,23,0.17391304347826086,12.0,1
184112,1,4,4,1.0,2.5,0
184119,1,10,10,0.9,5.5,0
184135,1,3,3,0.0,2.0,0
184175,2,11,10,0.7272727272727273,4.363636363636363,0
184183,1,2,2,1.0,1.5,0
184200,1,9,9,0.7777777777777778,5.0,0
184203,1,6,6,0.16666666666666666,3.5,0
184205,1,9,9,0.1111111111111111,5.0,0
184215,1,4,4,1.0,2.5,0
184216,1,4,4,0.75,2.5,0
184224,1,17,17,0.5882352941176471,9.0,1
184232,1,19,19,0.6842105263157895,10.0,1
184235,1,3,3,0.3333333333333333,2.0,0
184248,1,11,11,1.0,6.0,0
184251,1,4,4,1.0,2.5,0
184277,1,3,3,0.0,2.0,0
184284,1,7,7,0.42857142857142855,4.0,0
184296,1,15,15,0.7333333333333333,8.0,1
184304,1,6,6,0.5,3.5,0
184328,1,18,18,0.6666666666666666,9.5,1
184353,1,8,8,0.875,4.5,0
184355,1,4,4,0.0,2.5,0
184360,1,3,3,1.0,2.0,0
184364,1,5,5,0.2,3.0,0
184371,1,5,5,0.8,3.0,0
184382,1,11,11,0.6363636363636364,6.0,0
184385,1,24,24,0.625,12.5,1
184410,1,15,15,0.0,8.0,1
184415,1,9,9,0.4444444444444444,5.0,0
184426,1,6,6,0.8333333333333334,3.5,0
184451,1,13,13,0.9230769230769231,7.0,0
184452,1,13,13,0.0,7.0,0
184498,1,1,1,1.0,1.0,0
184501,1,4,4,1.0,2.5,0
184517,3,9,3,1.0,2.0,0
184522,1,9,9,0.0,5.0,0
184524,1,4,4,0.75,2.5,0
184536,1,5,5,1.0,3.0,0
184567,1,11,11,1.0,6.0,0
184598,1,15,15,0.6,8.0,1
184606,1,4,4,0.5,2.5,0
184607,1,15,15,0.0,8.0,1
184625,1,12,12,1.0,6.5,0
184628,1,6,6,1.0,3.5,0
184635,1,1,1,1.0,1.0,0
184658,1,7,7,1.0,4.0,0
184663,1,3,3,0.3333333333333333,2.0,0
184674,1,3,3,1.0,2.0,0
184689,1,35,35,0.0,18.0,1
184691,2,13,11,0.9230769230769231,3.769230769230769,0
184695,1,22,22,0.5909090909090909,11.5,1
184699,1,14,14,0.7857142857142857,7.5,0
184705,1,6,6,0.8333333333333334,3.5,0
184721,1,3,3,1.0,2.0,0
184723,1,10,10,0.0,5.5,0
184735,1,18,18,1.0,9.5,1
184755,1,7,7,1.0,4.0,0
184763,1,9,9,0.0,5.0,0
184769,1,20,20,0.95,10.5,1
184771,1,7,7,1.0,4.0,0
184773,1,6,6,0.16666666666666666,3.5,0
184776,1,17,17,0.8235294117647058,9.0,1
184797,1,14,14,0.7142857142857143,7.5,0
184803,1,8,8,0.0,4.5,0
184815,1,1,1,0.0,1.0,0
184837,1,13,13,0.8461538461538461,7.0,0
184851,1,20,20,0.75,10.5,1
184855,1,15,15,0.4666666666666667,8.0,1
184858,1,4,4,0.75,2.5,0
184879,1,6,6,1.0,3.5,0
184886,1,5,5,0.2,3.0,0
184913,1,10,10,0.9,5.5,0
184924,1,1,1,1.0,1.0,0
184938,1,5,5,0.8,3.0,0
184962,1,2,2,0.5,1.5,0
184971,1,24,24,0.7083333333333334,12.5,1
184972,1,5,5,0.0,3.0,0
184974,2,27,22,0.8518518518518519,8.37037037037037,1
184991,1,21,21,0.14285714285714285,11.0,1
184992,1,2,2,1.0,1.5,0
184996,1,6,6,0.0,3.5,0
184998,1,13,13,0.9230769230769231,7.0,0
185000,1,11,11,0.8181818181818182,6.0,0
185004,1,6,6,0.6666666666666666,3.5,0
185013,1,5,5,0.8,3.0,0
185023,1,1,1,1.0,1.0,0
185031,1,11,11,1.0,6.0,0
185032,1,14,14,0.7857142857142857,7.5,0
185041,1,8,8,0.125,4.5,0
185049,1,8,8,1.0,4.5,0
185050,1,22,22,0.0,11.5,1
185082,2,15,15,0.0,4.666666666666667,1
185084,2,17,17,0.47058823529411764,4.764705882352941,1
185104,1,18,18,0.8888888888888888,9.5,1
185111,1,14,14,0.5,7.5,0
185114,1,15,15,0.4,8.0,1
185128,2,25,21,0.84,7.96,1
185136,1,7,7,0.5714285714285714,4.0,0
185148,1,2,2,0.5,1.5,0
185164,1,3,3,0.0,2.0,0
185174,1,4,4,1.0,2.5,0
185178,1,13,13,0.5384615384615384,7.0,0
185187,1,11,11,0.36363636363636365,6.0,0
185196,1,2,2,0.5,1.5,0
185205,1,16,16,0.0,8.5,1
185208,1,5,5,1.0,3.0,0
185209,1,6,6,0.0,3.5,0
185230,1,3,3,1.0,2.0,0
185247,1,24,24,0.7083333333333334,12.5,1
185271,1,13,13,0.46153846153846156,7.0,0
185286,1,6,6,0.8333333333333334,3.5,0
185289,1,5,5,1.0,3.0,0
185298,1,8,8,0.625,4.5,0
185301,1,6,6,0.8333333333333334,3.5,0
185304,1,16,16,0.25,8.5,1
185318,1,5,5,1.0,3.0,0
185334,1,5,5,0.8,3.0,0
185341,1,2,2,1.0,1.5,0
185345,1,11,11,0.2727272727272727,6.0,0
185360,1,12,12,0.25,6.5,0
185363,1,5,5,0.8,3.0,0
185374,1,5,5,0.2,3.0,0
185406,2,7,6,1.0,3.142857142857143,0
185420,1,11,11,0.8181818181818182,6.0,0
185428,1,6,6,1.0,3.5,0
185432,2,32,24,0.9375,8.53125,1
185440,1,8,8,0.125,4.5,0
185441,1,10,10,0.7,5.5,0
185452,2,8,7,0.625,2.625,0
185454,1,10,10,0.8,5.5,0
185457,1,6,6,0.0,3.5,0
185460,1,10,10,0.8,5.5,0
185479,1,10,10,0.8,5.5,0
185488,1,9,9,0.6666666666666666,5.0,0
185491,1,25,25,0.76,13.0,1
185493,1,19,19,0.3157894736842105,10.0,1
185502,1,1,1,0.0,1.0,0
185516,1,21,21,0.9047619047619048,11.0,1
185517,2,17,17,0.5294117647058824,4.882352941176471,1
185524,1,4,4,0.75,2.5,0
185537,1,7,7,0.2857142857142857,4.0,0
185560,1,14,14,0.0,7.5,0
185562,1,17,17,1.0,9.0,1
185565,1,4,4,1.0,2.5,0
185576,1,7,7,0.0,4.0,0
185577,1,13,13,0.6153846153846154,7.0,0
185581,1,11,11,0.7272727272727273,6.0,0
185583,1,9,9,0.5555555555555556,5.0,0
185591,1,2,2,0.5,1.5,0
185594,2,35,31,0.6285714285714286,9.6,1
185629,1,4,4,0.25,2.5,0
185632,1,34,34,0.5588235294117647,17.5,1
185634,1,27,27,0.4444444444444444,14.0,1
185641,2,15,13,0.8,4.266666666666667,0
185677,1,7,7,1.0,4.0,0
185692,2,30,24,0.9333333333333333,10.133333333333333,1
185694,1,12,12,0.6666666666666666,6.5,0
185698,1,14,14,0.6428571428571429,7.5,0
185706,1,9,9,0.0,5.0,0
185711,1,19,19,0.3157894736842105,10.0,1
185730,1,4,4,1.0,2.5,0
185758,1,11,11,0.0,6.0,0
185763,1,12,12,0.6666666666666666,6.5,0
185769,1,8,8,0.875,4.5,0
185777,1,20,20,0.75,10.5,1
185789,1,4,4,0.0,2.5,0
185797,1,5,5,0.0,3.0,0
185801,1,6,6,0.6666666666666666,3.5,0
185804,1,1,1,0.0,1.0,0
185813,1,2,2,1.0,1.5,0
185815,1,17,17,0.7058823529411765,9.0,1
185820,1,10,10,0.0,5.5,0
185828,1,3,3,0.0,2.0,0
185843,1,9,9,0.0,5.0,0
185845,1,9,9,0.7777777777777778,5.0,0
185852,1,3,3,1.0,2.0,0
185857,1,4,4,0.25,2.5,0
185877,1,8,8,0.375,4.5,0
185884,1,6,6,0.8333333333333334,3.5,0
185894,2,7,5,1.0,2.5714285714285716,0
185919,1,35,35,0.8571428571428571,18.0,1
185953,1,3,3,0.0,2.0,0
185970,1,8,8,0.0,4.5,0
185977,1,26,26,0.11538461538461539,13.5,1
185999,1,8,8,0.5,4.5,0
186000,1,13,13,0.7692307692307693,7.0,0
186001,1,14,14,0.42857142857142855,7.5,0
186006,1,3,3,1.0,2.0,0
186009,1,15,15,0.5333333333333333,8.0,1
186021,1,8,8,1.0,4.5,0
186033,1,11,11,0.0,6.0,0
186034,1,3,3,0.0,2.0,0
186044,1,11,11,0.2727272727272727,6.0,0
186051,1,8,8,0.25,4.5,0
186053,1,10,10,0.2,5.5,0
186065,1,10,10,0.6,5.5,0
186078,1,12,12,0.4166666666666667,6.5,0
186129,2,11,11,0.8181818181818182,3.272727272727273,0
186133,1,7,7,0.2857142857142857,4.0,0
186138,1,5,5,0.8,3.0,0
186142,1,15,15,0.5333333333333333,8.0,1
186155,1,16,16,0.5625,8.5,1
186161,1,18,18,0.7777777777777778,9.5,1
186164,1,11,11,0.0,6.0,0
186214,1,3,3,0.0,2.0,0
186224,1,3,3,0.6666666666666666,2.0,0
186227,1,18,18,0.7777777777777778,9.5,1
186231,1,4,4,0.25,2.5,0
186233,1,29,29,0.8275862068965517,15.0,1
186234,1,8,8,0.875,4.5,0
186236,2,9,8,0.2222222222222222,2.7777777777777777,0
186260,2,10,7,0.8,3.4,0
186271,2,19,17,0.6842105263157895,6.315789473684211,1
186274,1,12,12,0.6666666666666666,6.5,0
186279,1,11,11,0.09090909090909091,6.0,0
186291,1,8,8,0.5,4.5,0
186331,1,20,20,1.0,10.5,1
186333,1,8,8,0.0,4.5,0
186335,1,12,12,0.8333333333333334,6.5,0
186337,1,11,11,0.8181818181818182,6.0,0
186338,1,13,13,0.7692307692307693,7.0,0
186362,1,13,13,0.15384615384615385,7.0,0
186377,1,9,9,0.8888888888888888,5.0,0
186379,1,11,11,0.6363636363636364,6.0,0
186383,1,15,15,0.26666666666666666,8.0,1
186406,1,3,3,1.0,2.0,0
186407,1,4,4,0.0,2.5,0
186408,1,4,4,0.75,2.5,0
186410,1,6,6,0.5,3.5,0
186412,1,1,1,0.0,1.0,0
186419,2,14,14,0.5714285714285714,4.071428571428571,0
186442,2,6,6,0.6666666666666666,2.1666666666666665,0
186444,1,11,11,0.8181818181818182,6.0,0
186448,1,4,4,1.0,2.5,0
186450,1,8,8,0.5,4.5,0
186453,1,4,4,1.0,2.5,0
186464,1,20,20,0.0,10.5,1
186478,1,16,16,0.9375,8.5,1
186480,1,3,3,0.6666666666666666,2.0,0
186493,1,9,9,0.7777777777777778,5.0,0
186507,1,7,7,0.8571428571428571,4.0,0
186524,2,11,11,0.18181818181818182,3.4545454545454546,0
186558,1,4,4,0.0,2.5,0
186559,1,29,29,0.6551724137931034,15.0,1
186568,1,9,9,0.0,5.0,0
186570,1,23,23,0.391304347826087,12.0,1
186576,1,13,13,0.46153846153846156,7.0,0
186595,1,7,7,0.7142857142857143,4.0,0
186597,1,8,8,0.0,4.5,0
186601,1,8,8,0.375,4.5,0
186603,1,8,8,1.0,4.5,0
186605,1,8,8,0.875,4.5,0
186610,1,6,6,1.0,3.5,0
186616,1,7,7,1.0,4.0,0
186623,1,6,6,1.0,3.5,0
186630,1,6,6,1.0,3.5,0
186648,1,18,18,0.9444444444444444,9.5,1
186663,1,6,6,0.3333333333333333,3.5,0
186666,1,2,2,1.0,1.5,0
186671,1,11,11,0.0,6.0,0
186693,1,4,4,0.0,2.5,0
186721,1,7,7,0.14285714285714285,4.0,0
186739,1,16,16,0.0,8.5,1
186747,1,8,8,0.5,4.5,0
186751,1,6,6,0.6666666666666666,3.5,0
186753,1,7,7,0.14285714285714285,4.0,0
186762,1,6,6,0.5,3.5,0
186764,1,2,2,0.0,1.5,0
186792,1,8,8,0.375,4.5,0
186815,1,1,1,1.0,1.0,0
186816,1,27,27,0.7777777777777778,14.0,1
186836,2,12,11,0.75,4.833333333333333,0
186841,1,25,25,0.68,13.0,1
186847,1,5,5,0.8,3.0,0
186854,1,4,4,0.5,2.5,0
186859,1,1,1,0.0,1.0,0
186873,1,4,4,0.75,2.5,0
186883,1,12,12,0.08333333333333333,6.5,0
186945,1,13,13,0.8461538461538461,7.0,0
186968,1,7,7,0.14285714285714285,4.0,0
186986,1,13,13,0.38461538461538464,7.0,0
187018,1,1,1,1.0,1.0,0
187020,1,12,12,0.0,6.5,0
187027,1,7,7,0.14285714285714285,4.0,0
187029,1,7,7,1.0,4.0,0
187038,1,4,4,0.5,2.5,0
187046,1,7,7,0.8571428571428571,4.0,0
187052,1,8,8,0.625,4.5,0
187056,1,13,13,1.0,7.0,0
187059,1,5,5,0.4,3.0,0
187075,1,17,17,0.7058823529411765,9.0,1
187083,1,12,12,0.8333333333333334,6.5,0
187100,1,6,6,0.5,3.5,0
187108,1,13,13,0.8461538461538461,7.0,0
187118,1,3,3,1.0,2.0,0
187156,1,2,2,1.0,1.5,0
187157,2,8,6,0.875,2.625,0
187188,1,5,5,0.4,3.0,0
187190,1,3,3,0.0,2.0,0
187191,1,9,9,0.0,5.0,0
187208,1,4,4,0.25,2.5,0
187209,1,9,9,0.5555555555555556,5.0,0
187232,1,8,8,0.625,4.5,0
187244,2,20,19,0.7,5.7,1
187247,1,22,22,0.8636363636363636,11.5,1
187261,1,2,2,1.0,1.5,0
187286,1,8,8,0.625,4.5,0
187288,1,16,16,0.4375,8.5,1
187293,1,12,12,0.5833333333333334,6.5,0
187296,1,7,7,0.7142857142857143,4.0,0
187305,1,13,13,0.9230769230769231,7.0,0
187324,1,3,3,1.0,2.0,0
187334,1,2,2,1.0,1.5,0
187335,1,12,12,0.9166666666666666,6.5,0
187362,1,6,6,1.0,3.5,0
187364,1,5,5,0.4,3.0,0
187378,1,19,19,0.9473684210526315,10.0,1
187387,1,3,3,0.3333333333333333,2.0,0
187400,1,4,4,0.75,2.5,0
187404,1,14,14,0.35714285714285715,7.5,0
187426,1,13,13,0.0,7.0,0
187431,1,10,10,0.5,5.5,0
187445,1,6,6,0.5,3.5,0
187458,1,9,9,0.8888888888888888,5.0,0
187459,1,6,6,1.0,3.5,0
187464,1,9,9,0.2222222222222222,5.0,0
187490,1,6,6,0.5,3.5,0
187500,1,1,1,0.0,1.0,0
187504,1,18,18,1.0,9.5,1
187539,1,11,11,0.6363636363636364,6.0,0
187556,1,6,6,0.5,3.5,0
187558,1,4,4,1.0,2.5,0
187560,2,29,25,0.20689655172413793,8.448275862068966,1
187567,1,7,7,0.5714285714285714,4.0,0
187572,1,12,12,0.9166666666666666,6.5,0
187585,1,24,24,0.3333333333333333,12.5,1
187589,2,37,32,0.7567567567567568,9.81081081081081,1
187599,1,3,3,0.6666666666666666,2.0,0
187605,1,4,4,1.0,2.5,0
187609,1,6,6,1.0,3.5,0
187619,1,8,8,0.25,4.5,0
187620,1,15,15,0.7333333333333333,8.0,1
187637,1,4,4,0.75,2.5,0
187653,1,14,14,0.2857142857142857,7.5,0
187657,1,17,17,0.4117647058823529,9.0,1
187665,1,13,13,1.0,7.0,0
187671,1,17,17,0.11764705882352941,9.0,1
187684,1,6,6,0.0,3.5,0
187689,1,10,10,0.9,5.5,0
187697,1,11,11,0.7272727272727273,6.0,0
187706,2,23,22,0.6521739130434783,6.521739130434782,1
187712,1,10,10,1.0,5.5,0
187724,1,1,1,1.0,1.0,0
187726,1,19,19,1.0,10.0,1
187729,1,13,13,0.15384615384615385,7.0,0
187742,1,14,14,0.8571428571428571,7.5,0
187743,1,6,6,0.0,3.5,0
187747,1,4,4,1.0,2.5,0
187750,1,12,12,0.4166666666666667,6.5,0
187753,1,3,3,0.0,2.0,0
187757,1,4,4,0.5,2.5,0
187760,1,18,18,0.6111111111111112,9.5,1
187764,2,12,10,0.75,4.25,0
187817,1,16,16,0.0,8.5,1
187825,1,3,3,0.6666666666666666,2.0,0
187843,1,10,10,0.4,5.5,0
187848,1,19,19,0.6842105263157895,10.0,1
187853,2,24,21,0.75,6.541666666666667,1
187854,1,20,20,0.7,10.5,1
187864,1,31,31,0.41935483870967744,16.0,1
187865,1,26,26,0.46153846153846156,13.5,1
187873,1,8,8,0.0,4.5,0
187900,1,10,10,0.8,5.5,0
187910,1,14,14,0.6428571428571429,7.5,0
187915,1,6,6,0.5,3.5,0
187930,1,10,10,0.9,5.5,0
187932,1,15,15,0.8,8.0,1
187952,1,9,9,0.5555555555555556,5.0,0
187966,1,2,2,0.5,1.5,0
188004,1,7,7,1.0,4.0,0
188008,1,11,11,0.8181818181818182,6.0,0
188014,1,10,10,1.0,5.5,0
188017,1,7,7,1.0,4.0,0
188020,1,13,13,0.7692307692307693,7.0,0
188031,1,1,1,0.0,1.0,0
188045,1,15,15,0.6666666666666666,8.0,1
188062,1,7,7,0.7142857142857143,4.0,0
188067,2,20,18,0.8,5.7,1
188068,1,19,19,0.10526315789473684,10.0,1
188071,1,7,7,0.7142857142857143,4.0,0
188108,1,2,2,0.0,1.5,0
188112,1,10,10,0.6,5.5,0
188138,1,5,5,0.8,3.0,0
188141,1,12,12,0.5,6.5,0
188153,1,9,9,0.0,5.0,0
188156,1,37,37,0.8918918918918919,19.0,1
188178,1,33,33,0.9696969696969697,17.0,1
188187,1,15,15,0.0,8.0,1
188192,3,14,12,0.9285714285714286,3.142857142857143,1
188194,1,8,8,0.375,4.5,0
188222,1,2,2,1.0,1.5,0
188236,1,23,23,0.6086956521739131,12.0,1
188246,1,1,1,1.0,1.0,0
188255,1,5,5,1.0,3.0,0
188259,1,15,15,0.3333333333333333,8.0,1
188264,1,13,13,0.0,7.0,0
188272,1,12,12,0.9166666666666666,6.5,0
188278,1,23,23,0.6086956521739131,12.0,1
188279,1,15,15,0.13333333333333333,8.0,1
188291,2,27,27,0.5925925925925926,7.2592592592592595,1
188300,1,23,23,0.34782608695652173,12.0,1
188307,1,4,4,0.25,2.5,0
188318,1,13,13,0.7692307692307693,7.0,0
188346,1,13,13,0.6923076923076923,7.0,0
188349,1,9,9,0.8888888888888888,5.0,0
188360,1,8,8,0.625,4.5,0
188386,1,3,3,0.0,2.0,0
188390,1,15,15,0.4666666666666667,8.0,1
188398,1,17,17,0.5882352941176471,9.0,1
188405,2,24,20,0.9166666666666666,6.541666666666667,1
188409,1,4,4,0.25,2.5,0
188413,2,15,14,0.8666666666666667,4.266666666666667,1
188417,1,5,5,0.6,3.0,0
188446,1,9,9,0.7777777777777778,5.0,0
188447,1,17,17,0.17647058823529413,9.0,1
188454,1,17,17,0.0,9.0,1
188494,1,2,2,1.0,1.5,0
188521,1,26,26,0.0,13.5,1
188525,2,10,7,1.0,3.1,0
188528,1,45,45,0.6666666666666666,23.0,1
188532,1,9,9,1.0,5.0,0
188534,2,15,14,0.6666666666666666,4.666666666666667,1
188560,1,20,20,0.0,10.5,1
188561,1,23,23,0.6521739130434783,12.0,1
188562,1,2,2,0.5,1.5,0
188587,1,20,20,0.15,10.5,1
188598,1,19,19,0.2631578947368421,10.0,1
188602,1,4,4,0.25,2.5,0
188603,1,5,5,0.0,3.0,0
188608,1,24,24,0.0,12.5,1
188633,1,1,1,0.0,1.0,0
188635,1,11,11,0.0,6.0,0
188659,1,7,7,1.0,4.0,0
188671,1,13,13,0.3076923076923077,7.0,0
188677,2,40,37,0.575,15.4,1
188687,2,22,17,0.8636363636363636,6.0,1
188715,1,1,1,0.0,1.0,0
188727,2,26,24,0.8461538461538461,7.961538461538462,1
188741,1,12,12,0.4166666666666667,6.5,0
188750,1,2,2,1.0,1.5,0
188776,1,20,20,0.9,10.5,1
188781,1,10,10,1.0,5.5,0
188782,1,10,10,0.1,5.5,0
188792,1,19,19,0.2631578947368421,10.0,1
188839,1,24,24,0.7083333333333334,12.5,1
188841,1,9,9,0.3333333333333333,5.0,0
188860,1,2,2,1.0,1.5,0
188924,1,6,6,0.0,3.5,0
188973,1,11,11,0.36363636363636365,6.0,0
188977,1,21,21,0.7142857142857143,11.0,1
188982,1,12,12,0.8333333333333334,6.5,0
188998,2,26,24,0.8461538461538461,9.461538461538462,1
189003,1,4,4,0.75,2.5,0
189015,1,6,6,0.8333333333333334,3.5,0
189025,1,15,15,0.9333333333333333,8.0,1
189034,1,6,6,0.8333333333333334,3.5,0
189051,1,9,9,0.5555555555555556,5.0,0
189062,1,8,8,0.75,4.5,0
189063,1,14,14,0.35714285714285715,7.5,0
189078,1,3,3,0.6666666666666666,2.0,0
189089,2,14,14,0.42857142857142855,4.285714285714286,0
189099,1,2,2,0.0,1.5,0
189109,1,24,24,0.375,12.5,1
189116,1,33,33,0.7878787878787878,17.0,1
189125,1,5,5,0.8,3.0,0
189134,1,12,12,0.75,6.5,0
189144,1,26,26,0.8076923076923077,13.5,1
189157,1,11,11,0.09090909090909091,6.0,0
189175,1,20,20,0.3,10.5,1
189187,1,6,6,0.3333333333333333,3.5,0
189220,1,13,13,1.0,7.0,0
189234,1,7,7,0.42857142857142855,4.0,0
189237,1,6,6,0.3333333333333333,3.5,0
189246,1,14,14,0.9285714285714286,7.5,0
189247,1,12,12,0.3333333333333333,6.5,0
189258,1,23,23,0.5652173913043478,12.0,1
189274,1,9,9,0.7777777777777778,5.0,0
189282,1,8,8,0.0,4.5,0
189297,1,6,6,1.0,3.5,0
189302,1,12,12,0.6666666666666666,6.5,0
189304,1,5,5,0.8,3.0,0
189312,1,8,8,0.125,4.5,0
189315,1,2,2,0.0,1.5,0
189319,1,15,15,0.5333333333333333,8.0,1
189336,1,17,17,0.058823529411764705,9.0,1
189337,1,2,2,0.5,1.5,0
189338,1,9,9,0.0,5.0,0
189348,1,1,1,0.0,1.0,0
189351,2,5,5,0.4,1.8,0
189365,1,20,20,0.05,10.5,1
189367,1,6,6,0.16666666666666666,3.5,0
189401,1,33,33,0.0,17.0,1
189402,1,16,16,0.25,8.5,1
189408,1,17,17,1.0,9.0,1
189409,1,5,5,0.0,3.0,0
189413,1,23,23,0.6086956521739131,12.0,1
189424,1,21,21,0.38095238095238093,11.0,1
189427,1,26,26,0.9230769230769231,13.5,1
189430,1,1,1,1.0,1.0,0
189438,1,22,22,0.9545454545454546,11.5,1
189460,1,10,10,0.9,5.5,0
189471,1,1,1,1.0,1.0,0
189496,1,4,4,0.75,2.5,0
189499,1,7,7,0.7142857142857143,4.0,0
189500,1,5,5,0.2,3.0,0
189531,1,6,6,0.0,3.5,0
189545,1,8,8,0.75,4.5,0
189546,1,11,11,1.0,6.0,0
189552,1,19,19,0.6842105263157895,10.0,1
189557,1,9,9,1.0,5.0,0
189560,1,1,1,1.0,1.0,0
189565,1,6,6,0.6666666666666666,3.5,0
189576,1,10,10,0.6,5.5,0
189632,1,13,13,0.6923076923076923,7.0,0
189640,1,33,33,0.45454545454545453,17.0,1
189641,1,6,6,0.6666666666666666,3.5,0
189651,1,9,9,0.3333333333333333,5.0,0
189669,1,13,13,0.46153846153846156,7.0,0
189696,1,1,1,0.0,1.0,0
189737,1,11,11,0.9090909090909091,6.0,0
189753,1,4,4,0.5,2.5,0
189762,1,2,2,1.0,1.5,0
189766,1,1,1,1.0,1.0,0
189782,1,7,7,0.7142857142857143,4.0,0
189808,1,15,15,0.6666666666666666,8.0,1
189829,1,16,16,0.375,8.5,1
189831,1,1,1,1.0,1.0,0
189838,1,3,3,1.0,2.0,0
189858,1,12,12,1.0,6.5,0
189870,1,23,23,0.782608695652174,12.0,1
189925,1,2,2,1.0,1.5,0
189943,1,7,7,0.2857142857142857,4.0,0
189949,1,17,17,0.0,9.0,1
189954,1,15,15,0.4666666666666667,8.0,1
189955,1,13,13,0.6923076923076923,7.0,0
189974,1,8,8,0.875,4.5,0
189993,1,19,19,0.7368421052631579,10.0,1
190024,1,28,28,0.42857142857142855,14.5,1
190054,1,10,10,0.0,5.5,0
190055,1,6,6,0.5,3.5,0
190059,1,2,2,0.0,1.5,0
190098,1,21,21,0.5238095238095238,11.0,1
190103,1,10,10,0.5,5.5,0
190126,1,4,4,1.0,2.5,0
190132,1,7,7,0.8571428571428571,4.0,0
190133,1,5,5,1.0,3.0,0
190158,1,15,15,0.9333333333333333,8.0,1
190162,1,21,21,0.3333333333333333,11.0,1
190181,1,9,9,0.8888888888888888,5.0,0
190184,1,9,9,0.7777777777777778,5.0,0
190205,1,13,13,0.8461538461538461,7.0,0
190207,2,54,42,0.9444444444444444,14.074074074074074,1
190230,1,14,14,0.2857142857142857,7.5,0
190231,1,4,4,0.75,2.5,0
190232,1,6,6,0.0,3.5,0
190234,1,2,2,1.0,1.5,0
190239,1,26,26,0.07692307692307693,13.5,1
190248,1,2,2,0.5,1.5,0
190269,1,14,14,1.0,7.5,0
190294,1,2,2,0.0,1.5,0
190301,1,2,2,1.0,1.5,0
190310,1,9,9,0.3333333333333333,5.0,0
190318,1,17,17,0.0,9.0,1
190321,1,4,4,0.5,2.5,0
190322,2,22,20,0.6363636363636364,6.045454545454546,1
190326,1,4,4,1.0,2.5,0
190338,1,8,8,0.0,4.5,0
190339,1,15,15,0.5333333333333333,8.0,1
190349,1,15,15,0.9333333333333333,8.0,1
190389,1,4,4,0.5,2.5,0
190391,1,7,7,0.42857142857142855,4.0,0
190409,1,18,18,1.0,9.5,1
190414,1,10,10,0.9,5.5,0
190416,1,4,4,0.5,2.5,0
190428,1,1,1,1.0,1.0,0
190431,1,5,5,1.0,3.0,0
190433,1,7,7,0.8571428571428571,4.0,0
190445,1,6,6,1.0,3.5,0
190463,2,33,29,0.8787878787878788,10.030303030303031,1
190474,1,1,1,1.0,1.0,0
190496,1,2,2,0.0,1.5,0
190502,1,9,9,0.4444444444444444,5.0,0
190516,2,7,5,1.0,2.5714285714285716,0
190519,1,4,4,1.0,2.5,0
190529,1,2,2,0.0,1.5,0
190542,2,34,32,0.6764705882352942,10.882352941176471,1
190558,1,1,1,0.0,1.0,0
190560,1,3,3,1.0,2.0,0
190561,1,11,11,0.6363636363636364,6.0,0
190581,1,7,7,0.7142857142857143,4.0,0
190584,1,8,8,0.375,4.5,0
190592,1,16,16,0.875,8.5,1
190593,1,17,17,0.35294117647058826,9.0,1
190599,2,13,11,0.6923076923076923,3.769230769230769,0
190615,1,6,6,1.0,3.5,0
190652,1,13,13,0.5384615384615384,7.0,0
190662,1,2,2,0.0,1.5,0
190667,1,7,7,0.7142857142857143,4.0,0
190670,1,4,4,0.0,2.5,0
190673,1,11,11,0.5454545454545454,6.0,0
190678,1,2,2,0.5,1.5,0
190688,1,10,10,0.4,5.5,0
190709,1,3,3,1.0,2.0,0
190713,1,6,6,0.6666666666666666,3.5,0
190726,1,5,5,0.6,3.0,0
190732,1,2,2,1.0,1.5,0
190736,1,43,43,0.9302325581395349,22.0,1
190742,1,22,22,0.8636363636363636,11.5,1
190746,1,6,6,0.8333333333333334,3.5,0
190761,1,17,17,0.29411764705882354,9.0,1
190797,1,7,7,0.8571428571428571,4.0,0
190813,1,3,3,0.6666666666666666,2.0,0
190816,1,6,6,0.6666666666666666,3.5,0
190853,1,6,6,0.6666666666666666,3.5,0
190854,1,20,20,0.45,10.5,1
190870,1,5,5,0.2,3.0,0
190883,2,20,14,0.8,5.95,1
190898,1,15,15,1.0,8.0,1
190899,1,4,4,0.5,2.5,0
190923,1,16,16,1.0,8.5,1
190930,2,30,28,0.9333333333333333,10.7,1
190937,1,11,11,0.9090909090909091,6.0,0
190945,1,7,7,0.2857142857142857,4.0,0
190953,1,5,5,0.8,3.0,0
190964,1,16,16,0.5,8.5,1
190990,1,3,3,0.0,2.0,0
190994,1,5,5,0.4,3.0,0
191003,1,9,9,0.0,5.0,0
191025,1,9,9,0.3333333333333333,5.0,0
191042,1,6,6,0.3333333333333333,3.5,0
191054,1,12,12,1.0,6.5,0
191063,1,15,15,0.13333333333333333,8.0,1
191064,1,26,26,0.8076923076923077,13.5,1
191070,1,11,11,0.09090909090909091,6.0,0
191084,1,5,5,0.0,3.0,0
191102,1,12,12,0.25,6.5,0
191106,1,8,8,0.75,4.5,0
191112,1,3,3,0.6666666666666666,2.0,0
191124,1,15,15,0.9333333333333333,8.0,1
191131,1,6,6,0.3333333333333333,3.5,0
191132,1,4,4,0.5,2.5,0
191140,1,5,5,0.8,3.0,0
191170,1,3,3,0.6666666666666666,2.0,0
191181,1,1,1,0.0,1.0,0
191185,1,18,18,0.2222222222222222,9.5,1
191191,1,9,9,0.4444444444444444,5.0,0
191198,1,5,5,0.6,3.0,0
191199,1,11,11,0.9090909090909091,6.0,0
191233,2,11,9,0.45454545454545453,3.272727272727273,0
191242,1,14,14,0.0,7.5,0
191250,1,31,31,0.7741935483870968,16.0,1
191277,1,9,9,0.6666666666666666,5.0,0
191278,1,13,13,0.9230769230769231,7.0,0
191280,1,6,6,0.6666666666666666,3.5,0
191283,1,4,4,0.25,2.5,0
191299,1,6,6,0.8333333333333334,3.5,0
191301,1,26,26,0.9230769230769231,13.5,1
191302,1,11,11,0.8181818181818182,6.0,0
191318,1,5,5,1.0,3.0,0
191319,1,15,15,0.4666666666666667,8.0,1
191324,1,10,10,0.7,5.5,0
191326,1,24,24,0.7083333333333334,12.5,1
191334,3,70,60,0.7857142857142857,15.4,1
191343,1,11,11,0.2727272727272727,6.0,0
191375,1,2,2,0.5,1.5,0
191377,1,14,14,0.21428571428571427,7.5,0
191381,1,7,7,0.42857142857142855,4.0,0
191383,1,11,11,0.45454545454545453,6.0,0
191401,2,10,9,0.4,3.1,0
191410,2,10,9,0.8,4.6,0
191447,1,12,12,1.0,6.5,0
191460,1,29,29,0.3793103448275862,15.0,1
191465,2,19,16,1.0,5.578947368421052,1
191489,1,11,11,0.6363636363636364,6.0,0
191511,2,38,37,0.8157894736842105,10.657894736842104,1
191528,1,1,1,1.0,1.0,0
191535,1,7,7,0.0,4.0,0
191571,1,7,7,0.8571428571428571,4.0,0
191593,1,15,15,0.4,8.0,1
191597,1,5,5,0.6,3.0,0
191605,1,12,12,0.5,6.5,0
191631,2,24,22,0.375,6.875,1
191672,3,33,24,0.7878787878787878,6.393939393939394,1
191675,1,3,3,0.6666666666666666,2.0,0
191704,1,6,6,0.6666666666666666,3.5,0
191710,1,2,2,1.0,1.5,0
191711,1,19,19,0.9473684210526315,10.0,1
191715,1,8,8,1.0,4.5,0
191729,1,8,8,0.0,4.5,0
191750,1,19,19,0.7894736842105263,10.0,1
191755,1,23,23,0.8260869565217391,12.0,1
191762,1,18,18,0.5,9.5,1
191763,1,19,19,0.47368421052631576,10.0,1
191767,1,2,2,1.0,1.5,0
191773,1,13,13,0.0,7.0,0
191811,1,7,7,1.0,4.0,0
191814,1,8,8,0.375,4.5,0
191817,1,11,11,0.2727272727272727,6.0,0
191821,1,15,15,0.9333333333333333,8.0,1
191838,1,4,4,0.0,2.5,0
191847,1,2,2,0.0,1.5,0
191853,1,6,6,1.0,3.5,0
191876,1,9,9,0.3333333333333333,5.0,0
191877,1,14,14,0.5714285714285714,7.5,0
191886,2,3,3,0.3333333333333333,1.3333333333333333,0
191890,1,13,13,0.15384615384615385,7.0,0
191894,1,14,14,0.0,7.5,0
191912,2,11,10,0.7272727272727273,3.272727272727273,0
191916,1,13,13,1.0,7.0,0
191934,1,12,12,0.6666666666666666,6.5,0
191937,1,20,20,0.0,10.5,1
191950,1,11,11,0.9090909090909091,6.0,0
191959,1,3,3,0.0,2.0,0
191961,1,9,9,0.5555555555555556,5.0,0
191962,1,14,14,0.42857142857142855,7.5,0
191973,1,6,6,0.16666666666666666,3.5,0
192010,1,9,9,0.1111111111111111,5.0,0
192015,1,9,9,0.3333333333333333,5.0,0
192029,1,10,10,0.6,5.5,0
192056,1,6,6,0.16666666666666666,3.5,0
192059,1,2,2,0.5,1.5,0
192073,1,45,45,0.4222222222222222,23.0,1
192081,1,10,10,0.2,5.5,0
192083,3,42,31,0.9523809523809523,7.666666666666667,1
192122,1,2,2,0.5,1.5,0
192127,1,14,14,1.0,7.5,0
192128,1,6,6,0.5,3.5,0
192130,1,6,6,0.0,3.5,0
192144,1,20,20,0.45,10.5,1
192171,1,16,16,0.4375,8.5,1
192194,1,5,5,0.8,3.0,0
192210,1,2,2,1.0,1.5,0
192223,1,11,11,0.7272727272727273,6.0,0
192245,1,2,2,1.0,1.5,0
192264,1,3,3,0.6666666666666666,2.0,0
192267,1,24,24,0.5,12.5,1
192287,1,38,38,1.0,19.5,1
192347,1,9,9,0.4444444444444444,5.0,0
192372,1,13,13,0.0,7.0,0
192382,1,5,5,0.2,3.0,0
192396,1,23,23,0.7391304347826086,12.0,1
192398,1,26,26,0.8846153846153846,13.5,1
192430,1,12,12,0.25,6.5,0
192439,1,17,17,0.9411764705882353,9.0,1
192444,2,14,13,0.9285714285714286,4.285714285714286,0
192485,1,7,7,1.0,4.0,0
192507,1,3,3,0.3333333333333333,2.0,0
192550,1,7,7,0.42857142857142855,4.0,0
192551,1,10,10,0.7,5.5,0
192552,1,14,14,0.6428571428571429,7.5,0
192589,1,5,5,0.6,3.0,0
192596,3,9,8,0.6666666666666666,2.4444444444444446,0
192612,1,9,9,0.5555555555555556,5.0,0
192626,1,19,19,0.47368421052631576,10.0,1
192631,1,4,4,0.25,2.5,0
192647,1,1,1,1.0,1.0,0
192657,1,14,14,0.14285714285714285,7.5,0
192672,1,5,5,0.8,3.0,0
192691,2,2,2,0.0,1.0,0
192692,1,4,4,1.0,2.5,0
192695,1,2,2,1.0,1.5,0
192698,1,9,9,0.4444444444444444,5.0,0
192725,1,9,9,0.8888888888888888,5.0,0
192727,1,6,6,0.0,3.5,0
192734,2,34,28,0.7352941176470589,10.058823529411764,1
192747,1,17,17,0.7647058823529411,9.0,1
192752,1,4,4,1.0,2.5,0
192756,1,18,18,0.1111111111111111,9.5,1
192795,2,4,4,0.75,1.75,0
192803,2,14,13,0.7857142857142857,4.071428571428571,0
192812,1,6,6,0.6666666666666666,3.5,0
192816,1,9,9,0.7777777777777778,5.0,0
192819,1,14,14,0.21428571428571427,7.5,0
192821,1,4,4,0.25,2.5,0
192831,1,28,28,1.0,14.5,1
192836,1,16,16,0.3125,8.5,1
192868,1,2,2,0.5,1.5,0
192906,1,9,9,0.6666666666666666,5.0,0
192932,1,12,12,0.5833333333333334,6.5,0
192934,1,7,7,0.5714285714285714,4.0,0
192948,1,13,13,0.8461538461538461,7.0,0
192953,1,17,17,0.5882352941176471,9.0,1
192962,1,10,10,0.0,5.5,0
192963,1,5,5,0.0,3.0,0
192971,1,13,13,0.0,7.0,0
192992,1,3,3,1.0,2.0,0
193003,1,4,4,0.75,2.5,0
193008,1,2,2,0.0,1.5,0
193012,3,16,14,0.6875,3.75,1
193016,1,15,15,1.0,8.0,1
193056,2,46,40,0.9782608695652174,13.065217391304348,1
193063,1,5,5,0.0,3.0,0
193074,1,4,4,0.5,2.5,0
193075,1,7,7,0.0,4.0,0
193089,1,6,6,0.3333333333333333,3.5,0
193090,1,8,8,0.125,4.5,0
193104,2,17,16,0.6470588235294118,5.117647058823529,1
193111,1,10,10,0.8,5.5,0
193112,1,16,16,0.8125,8.5,1
193125,1,5,5,0.4,3.0,0
193126,1,3,3,1.0,2.0,0
193164,2,18,13,1.0,5.055555555555555,1
193173,1,20,20,0.65,10.5,1
193177,1,16,16,0.9375,8.5,1
193181,1,4,4,0.25,2.5,0
193189,1,17,17,0.47058823529411764,9.0,1
193200,1,15,15,0.0,8.0,1
193210,1,6,6,0.16666666666666666,3.5,0
193212,1,18,18,0.5,9.5,1
193223,2,36,33,0.4444444444444444,9.944444444444445,1
193226,1,6,6,0.6666666666666666,3.5,0
193232,1,1,1,0.0,1.0,0
193236,1,6,6,0.0,3.5,0
193238,1,8,8,1.0,4.5,0
193263,1,24,24,0.7083333333333334,12.5,1
193268,1,25,25,0.8,13.0,1
193273,1,24,24,0.4583333333333333,12.5,1
193282,1,33,33,0.8484848484848485,17.0,1
193321,1,8,8,0.875,4.5,0
193347,1,2,2,0.5,1.5,0
193352,1,14,14,0.5,7.5,0
193369,1,10,10,1.0,5.5,0
193372,1,11,11,0.7272727272727273,6.0,0
193382,1,9,9,0.8888888888888888,5.0,0
193397,1,5,5,0.8,3.0,0
193398,1,9,9,1.0,5.0,0
193408,1,4,4,1.0,2.5,0
193442,1,3,3,1.0,2.0,0
193446,1,12,12,0.0,6.5,0
193451,1,15,15,0.7333333333333333,8.0,1
193453,1,18,18,0.5555555555555556,9.5,1
193461,1,4,4,0.0,2.5,0
193462,1,16,16,0.1875,8.5,1
193480,1,2,2,0.0,1.5,0
193481,1,20,20,0.7,10.5,1
193488,1,9,9,0.8888888888888888,5.0,0
193508,1,5,5,0.6,3.0,0
193521,1,4,4,1.0,2.5,0
193535,1,18,18,0.0,9.5,1
193539,1,5,5,0.6,3.0,0
193549,1,7,7,0.42857142857142855,4.0,0
193550,1,13,13,0.6923076923076923,7.0,0
193551,1,8,8,0.625,4.5,0
193557,1,2,2,1.0,1.5,0
193562,1,8,8,0.875,4.5,0
193591,1,3,3,0.6666666666666666,2.0,0
193602,1,28,28,0.6071428571428571,14.5,1
193606,2,43,36,0.7441860465116279,11.255813953488373,1
193626,1,11,11,0.18181818181818182,6.0,0
193635,1,3,3,0.0,2.0,0
193653,2,24,23,0.375,8.541666666666666,1
193672,1,5,5,1.0,3.0,0
193676,1,6,6,1.0,3.5,0
193686,1,7,7,0.2857142857142857,4.0,0
193689,1,11,11,0.0,6.0,0
193700,1,12,12,0.8333333333333334,6.5,0
193730,1,3,3,1.0,2.0,0
193748,1,8,8,0.875,4.5,0
193777,1,9,9,0.6666666666666666,5.0,0
193784,1,1,1,1.0,1.0,0
193796,1,19,19,0.6842105263157895,10.0,1
193798,1,7,7,0.2857142857142857,4.0,0
193808,1,15,15,1.0,8.0,1
193815,2,9,8,1.0,3.4444444444444446,0
193817,1,6,6,0.6666666666666666,3.5,0
193819,1,2,2,0.0,1.5,0
193842,1,10,10,0.2,5.5,0
193843,1,6,6,1.0,3.5,0
193844,1,25,25,0.0,13.0,1
193852,1,3,3,1.0,2.0,0
193873,1,6,6,1.0,3.5,0
193876,1,14,14,0.6428571428571429,7.5,0
193879,1,16,16,0.75,8.5,1
193905,2,16,15,0.375,4.5625,1
193909,1,16,16,0.5625,8.5,1
193914,1,5,5,0.4,3.0,0
193919,1,8,8,1.0,4.5,0
193938,1,7,7,1.0,4.0,0
193939,1,7,7,0.8571428571428571,4.0,0
193962,1,15,15,0.13333333333333333,8.0,1
193963,1,24,24,0.3333333333333333,12.5,1
193971,1,3,3,0.6666666666666666,2.0,0
193972,1,11,11,0.36363636363636365,6.0,0
193977,1,47,47,0.6595744680851063,24.0,1
193980,1,19,19,0.7894736842105263,10.0,1
193981,1,7,7,0.42857142857142855,4.0,0
194012,1,24,24,0.5416666666666666,12.5,1
194023,1,24,24,0.125,12.5,1
194025,1,3,3,0.3333333333333333,2.0,0
194026,2,33,30,0.48484848484848486,8.93939393939394,1
194031,1,16,16,1.0,8.5,1
194040,1,1,1,1.0,1.0,0
194042,1,7,7,0.8571428571428571,4.0,0
194044,1,18,18,0.2222222222222222,9.5,1
194072,1,8,8,0.125,4.5,0
194075,1,8,8,0.25,4.5,0
194081,1,6,6,0.3333333333333333,3.5,0
194089,1,10,10,0.6,5.5,0
194109,2,21,20,0.9523809523809523,5.857142857142857,1
194112,1,3,3,1.0,2.0,0
194118,1,19,19,0.42105263157894735,10.0,1
194128,1,16,16,0.4375,8.5,1
194132,1,3,3,0.6666666666666666,2.0,0
194162,1,14,14,1.0,7.5,0
194166,1,2,2,1.0,1.5,0
194173,1,10,10,0.6,5.5,0
194178,1,13,13,0.38461538461538464,7.0,0
194187,1,16,16,0.75,8.5,1
194216,1,6,6,0.16666666666666666,3.5,0
194218,1,26,26,0.07692307692307693,13.5,1
194230,1,4,4,0.0,2.5,0
194232,1,24,24,0.9166666666666666,12.5,1
194290,1,2,2,0.5,1.5,0
194301,1,5,5,0.4,3.0,0
194309,1,3,3,0.6666666666666666,2.0,0
194310,1,2,2,1.0,1.5,0
194316,1,9,9,0.6666666666666666,5.0,0
194339,1,9,9,0.5555555555555556,5.0,0
194370,1,9,9,0.4444444444444444,5.0,0
194375,1,17,17,0.7058823529411765,9.0,1
194394,1,5,5,1.0,3.0,0
194400,1,14,14,0.35714285714285715,7.5,0
194401,1,12,12,0.5,6.5,0
194408,1,14,14,0.42857142857142855,7.5,0
194440,2,7,5,1.0,2.2857142857142856,0
194445,1,2,2,0.0,1.5,0
194466,1,7,7,0.14285714285714285,4.0,0
194491,1,14,14,0.07142857142857142,7.5,0
194495,2,10,8,0.7,3.9,0
194499,1,6,6,0.3333333333333333,3.5,0
194503,1,25,25,0.76,13.0,1
194505,1,13,13,0.6153846153846154,7.0,0
194507,1,13,13,0.6153846153846154,7.0,0
194533,1,15,15,0.6,8.0,1
194559,1,8,8,0.875,4.5,0
194562,1,23,23,0.6086956521739131,12.0,1
194567,1,3,3,0.6666666666666666,2.0,0
194573,1,15,15,0.7333333333333333,8.0,1
194575,1,13,13,0.5384615384615384,7.0,0
194587,1,7,7,1.0,4.0,0
194605,1,5,5,1.0,3.0,0
194615,1,9,9,1.0,5.0,0
194618,1,7,7,0.0,4.0,0
194620,1,18,18,0.9444444444444444,9.5,1
194628,2,24,20,0.4166666666666667,7.166666666666667,1
194629,1,5,5,0.6,3.0,0
194639,1,11,11,0.36363636363636365,6.0,0
194653,1,6,6,0.6666666666666666,3.5,0
194661,1,7,7,0.8571428571428571,4.0,0
194685,1,4,4,0.0,2.5,0
194704,1,17,17,0.0,9.0,1
194708,1,18,18,0.3333333333333333,9.5,1
194744,1,13,13,0.7692307692307693,7.0,0
194758,2,24,20,0.7916666666666666,7.541666666666667,1
194762,1,1,1,1.0,1.0,0
194799,1,14,14,0.7857142857142857,7.5,0
194805,1,9,9,0.4444444444444444,5.0,0
194812,1,2,2,0.5,1.5,0
194824,1,2,2,0.0,1.5,0
194831,1,9,9,0.3333333333333333,5.0,0
194861,1,9,9,0.0,5.0,0
194864,1,20,20,0.35,10.5,1
194896,1,12,12,0.0,6.5,0
194899,1,6,6,0.6666666666666666,3.5,0
194902,1,2,2,1.0,1.5,0
194906,1,7,7,0.2857142857142857,4.0,0
194908,1,22,22,0.2727272727272727,11.5,1
194914,1,15,15,0.3333333333333333,8.0,1
194917,1,4,4,0.0,2.5,0
194925,1,2,2,1.0,1.5,0
194931,1,6,6,1.0,3.5,0
194934,1,11,11,0.9090909090909091,6.0,0
194935,1,11,11,0.45454545454545453,6.0,0
194943,2,12,12,0.08333333333333333,4.833333333333333,0
194956,1,16,16,0.4375,8.5,1
194964,1,5,5,1.0,3.0,0
194974,1,12,12,0.5833333333333334,6.5,0
194995,1,13,13,0.8461538461538461,7.0,0
195040,1,4,4,1.0,2.5,0
195043,1,7,7,0.7142857142857143,4.0,0
195071,1,11,11,1.0,6.0,0
195080,1,15,15,1.0,8.0,1
195096,1,2,2,0.5,1.5,0
195112,1,13,13,0.3076923076923077,7.0,0
195126,1,4,4,0.25,2.5,0
195138,1,21,21,0.047619047619047616,11.0,1
195142,1,13,13,0.8461538461538461,7.0,0
195147,1,10,10,0.7,5.5,0
195148,1,3,3,0.6666666666666666,2.0,0
195168,1,8,8,1.0,4.5,0
195172,1,3,3,0.0,2.0,0
195186,1,8,8,1.0,4.5,0
195187,1,5,5,0.4,3.0,0
195228,1,10,10,1.0,5.5,0
195229,1,4,4,0.0,2.5,0
195237,1,11,11,1.0,6.0,0
195253,2,10,10,1.0,3.1,0
195259,1,6,6,0.0,3.5,0
195268,1,12,12,0.6666666666666666,6.5,0
195289,1,15,15,0.4,8.0,1
195304,1,9,9,0.5555555555555556,5.0,0
195323,1,2,2,1.0,1.5,0
195331,1,3,3,0.6666666666666666,2.0,0
195377,1,4,4,0.75,2.5,0
195391,1,10,10,0.1,5.5,0
195392,1,3,3,0.6666666666666666,2.0,0
195399,1,20,20,0.95,10.5,1
195423,1,6,6,0.0,3.5,0
195426,1,6,6,0.6666666666666666,3.5,0
195443,2,9,8,0.8888888888888888,3.0,0
195444,1,1,1,0.0,1.0,0
195456,1,9,9,0.7777777777777778,5.0,0
195472,1,1,1,0.0,1.0,0
195485,1,1,1,0.0,1.0,0
195500,1,22,22,0.8181818181818182,11.5,1
195543,1,4,4,0.75,2.5,0
195560,1,20,20,0.95,10.5,1
195586,1,5,5,0.2,3.0,0
195608,1,4,4,1.0,2.5,0
195613,1,11,11,0.2727272727272727,6.0,0
195650,1,8,8,1.0,4.5,0
195657,1,26,26,0.8461538461538461,13.5,1
195673,1,22,22,0.3181818181818182,11.5,1
195683,1,7,7,0.2857142857142857,4.0,0
195701,1,8,8,0.25,4.5,0
195705,1,7,7,0.7142857142857143,4.0,0
195709,1,7,7,0.0,4.0,0
195734,1,10,10,0.7,5.5,0
195738,1,3,3,1.0,2.0,0
195760,1,8,8,0.375,4.5,0
195762,1,13,13,0.9230769230769231,7.0,0
195769,1,16,16,0.0,8.5,1
195804,1,6,6,1.0,3.5,0
195811,1,7,7,1.0,4.0,0
195841,1,2,2,1.0,1.5,0
195846,1,15,15,0.6,8.0,1
195868,1,14,14,0.9285714285714286,7.5,0
195877,1,21,21,0.6190476190476191,11.0,1
195878,1,3,3,0.3333333333333333,2.0,0
195889,1,14,14,0.8571428571428571,7.5,0
195892,1,11,11,0.5454545454545454,6.0,0
195901,1,6,6,0.3333333333333333,3.5,0
195916,1,12,12,0.5,6.5,0
195922,1,6,6,0.3333333333333333,3.5,0
195928,1,30,30,0.43333333333333335,15.5,1
195941,1,10,10,0.2,5.5,0
195978,1,18,18,0.8888888888888888,9.5,1
196002,1,12,12,1.0,6.5,0
196015,1,6,6,0.16666666666666666,3.5,0
196028,1,12,12,0.5,6.5,0
196038,1,9,9,0.7777777777777778,5.0,0
196043,1,8,8,1.0,4.5,0
196055,1,5,5,0.6,3.0,0
196057,1,2,2,0.5,1.5,0
196065,1,3,3,0.6666666666666666,2.0,0
196072,2,2,1,1.0,1.0,0
196075,1,8,8,0.25,4.5,0
196080,2,30,26,0.7666666666666667,8.0,1
196082,2,7,7,0.14285714285714285,3.142857142857143,0
196088,1,29,29,0.1724137931034483,15.0,1
196099,2,10,10,0.6,3.4,0
196104,1,8,8,0.375,4.5,0
196122,2,25,23,0.76,6.76,1
196132,1,24,24,0.375,12.5,1
196148,2,15,14,0.8666666666666667,5.066666666666666,1
196163,1,5,5,0.8,3.0,0
196174,2,22,22,0.45454545454545453,7.136363636363637,1
196177,1,3,3,0.0,2.0,0
196185,1,21,21,0.0,11.0,1
196204,1,4,4,1.0,2.5,0
196208,1,3,3,0.3333333333333333,2.0,0
196209,1,14,14,0.5,7.5,0
196224,3,12,8,0.9166666666666666,3.0833333333333335,0
196227,1,20,20,0.4,10.5,1
196239,1,2,2,1.0,1.5,0
196271,2,56,47,0.6964285714285714,14.785714285714286,1
196296,1,16,16,0.0,8.5,1
196307,1,4,4,0.25,2.5,0
196314,1,9,9,0.4444444444444444,5.0,0
196317,1,12,12,0.6666666666666666,6.5,0
196331,1,3,3,1.0,2.0,0
196341,1,11,11,0.0,6.0,0
196344,1,13,13,0.9230769230769231,7.0,0
196355,1,6,6,1.0,3.5,0
196369,1,1,1,1.0,1.0,0
196396,1,2,2,1.0,1.5,0
196408,1,15,15,0.6666666666666666,8.0,1
196415,1,7,7,1.0,4.0,0
196418,1,20,20,0.9,10.5,1
196421,1,13,13,0.8461538461538461,7.0,0
196423,1,9,9,0.5555555555555556,5.0,0
196436,1,21,21,0.42857142857142855,11.0,1
196456,1,3,3,1.0,2.0,0
196472,1,16,16,0.8125,8.5,1
196481,1,10,10,0.3,5.5,0
196488,1,12,12,0.4166666666666667,6.5,0
196504,1,6,6,0.0,3.5,0
196518,1,11,11,0.6363636363636364,6.0,0
196526,1,10,10,0.4,5.5,0
196548,1,2,2,0.5,1.5,0
196573,1,6,6,0.16666666666666666,3.5,0
196585,1,6,6,1.0,3.5,0
196588,1,29,29,0.41379310344827586,15.0,1
196591,1,8,8,0.25,4.5,0
196595,1,12,12,0.6666666666666666,6.5,0
196604,1,2,2,1.0,1.5,0
196622,1,2,2,1.0,1.5,0
196626,1,4,4,0.0,2.5,0
196665,1,10,10,0.6,5.5,0
196692,1,9,9,0.5555555555555556,5.0,0
196710,2,54,49,0.7962962962962963,14.296296296296296,1
196712,2,9,9,0.7777777777777778,3.4444444444444446,0
196714,1,2,2,1.0,1.5,0
196736,1,15,15,0.06666666666666667,8.0,1
196758,1,3,3,1.0,2.0,0
196760,1,3,3,1.0,2.0,0
196761,1,16,16,0.1875,8.5,1
196766,1,13,13,0.15384615384615385,7.0,0
196769,1,12,12,0.5833333333333334,6.5,0
196770,1,4,4,0.75,2.5,0
196772,1,26,26,0.038461538461538464,13.5,1
196788,1,2,2,0.5,1.5,0
196804,1,6,6,0.3333333333333333,3.5,0
196836,4,47,32,0.7446808510638298,7.0638297872340425,1
196875,1,9,9,1.0,5.0,0
196877,2,19,19,0.47368421052631576,5.894736842105263,1
196890,1,17,17,0.0,9.0,1
196893,1,2,2,1.0,1.5,0
196898,1,12,12,0.0,6.5,0
196912,1,5,5,0.0,3.0,0
196913,1,33,33,0.8787878787878788,17.0,1
196915,1,7,7,0.7142857142857143,4.0,0
196929,1,16,16,1.0,8.5,1
196941,2,14,13,0.9285714285714286,4.0,0
196953,1,15,15,0.4666666666666667,8.0,1
196968,1,15,15,0.6666666666666666,8.0,1
197006,1,25,25,0.68,13.0,1
197007,1,6,6,1.0,3.5,0
197011,1,28,28,0.5714285714285714,14.5,1
197022,2,7,6,0.7142857142857143,2.2857142857142856,0
197029,3,10,7,0.9,2.4,0
197036,1,4,4,0.0,2.5,0
197040,1,6,6,0.0,3.5,0
197056,1,5,5,0.0,3.0,0
197060,1,9,9,0.4444444444444444,5.0,0
197067,1,1,1,1.0,1.0,0
197075,2,33,32,0.6060606060606061,8.757575757575758,1
197085,1,11,11,0.5454545454545454,6.0,0
197103,1,8,8,0.75,4.5,0
197110,1,2,2,1.0,1.5,0
197113,1,5,5,0.0,3.0,0
197127,1,9,9,0.1111111111111111,5.0,0
197129,3,47,36,0.40425531914893614,10.46808510638298,1
197151,1,11,11,0.45454545454545453,6.0,0
197155,1,12,12,0.0,6.5,0
197161,1,7,7,0.0,4.0,0
197162,1,9,9,0.7777777777777778,5.0,0
197171,1,8,8,0.375,4.5,0
197205,1,6,6,1.0,3.5,0
197262,1,13,13,0.46153846153846156,7.0,0
197263,1,1,1,1.0,1.0,0
197300,1,19,19,0.9473684210526315,10.0,1
197303,1,19,19,0.9473684210526315,10.0,1
197306,1,2,2,1.0,1.5,0
197328,1,25,25,1.0,13.0,1
197332,1,5,5,0.0,3.0,0
197356,1,10,10,0.4,5.5,0
197381,1,9,9,1.0,5.0,0
197402,1,5,5,0.2,3.0,0
197422,1,6,6,0.8333333333333334,3.5,0
197426,1,14,14,0.5,7.5,0
197427,2,30,26,0.8333333333333334,8.133333333333333,1
197432,2,21,20,0.42857142857142855,6.333333333333333,1
197433,1,4,4,0.5,2.5,0
197483,1,15,15,0.06666666666666667,8.0,1
197505,1,10,10,0.6,5.5,0
197520,1,7,7,0.0,4.0,0
197521,1,16,16,0.8125,8.5,1
197523,2,9,7,0.7777777777777778,3.4444444444444446,0
197527,1,5,5,1.0,3.0,0
197533,1,6,6,1.0,3.5,0
197560,1,1,1,0.0,1.0,0
197581,1,6,6,0.0,3.5,0
197585,1,6,6,0.8333333333333334,3.5,0
197591,1,6,6,0.6666666666666666,3.5,0
197599,1,10,10,0.0,5.5,0
197610,2,15,14,0.8,5.066666666666666,1
197612,1,8,8,0.875,4.5,0
197624,1,5,5,0.0,3.0,0
197640,1,25,25,0.72,13.0,1
197658,1,24,24,0.5,12.5,1
197669,1,10,10,0.5,5.5,0
197673,1,13,13,0.5384615384615384,7.0,0
197686,1,19,19,0.2631578947368421,10.0,1
197703,1,24,24,0.7916666666666666,12.5,1
197726,1,6,6,0.6666666666666666,3.5,0
197740,1,6,6,0.0,3.5,0
197745,2,12,9,0.9166666666666666,3.8333333333333335,0
197767,1,12,12,0.4166666666666667,6.5,0
197781,1,3,3,0.0,2.0,0
197792,1,11,11,0.45454545454545453,6.0,0
197798,1,11,11,0.45454545454545453,6.0,0
197799,1,18,18,0.5,9.5,1
197827,1,4,4,0.75,2.5,0
197832,1,20,20,0.9,10.5,1
197835,1,13,13,0.07692307692307693,7.0,0
197842,1,9,9,1.0,5.0,0
197857,1,12,12,0.9166666666666666,6.5,0
197870,1,14,14,0.35714285714285715,7.5,0
197900,1,28,28,0.8571428571428571,14.5,1
197905,1,12,12,0.0,6.5,0
197919,1,6,6,0.3333333333333333,3.5,0
197949,1,4,4,0.0,2.5,0
197956,1,23,23,0.30434782608695654,12.0,1
197962,1,2,2,0.0,1.5,0
197984,1,10,10,0.4,5.5,0
197994,1,23,23,0.6086956521739131,12.0,1
197996,1,4,4,0.0,2.5,0
198004,1,9,9,0.5555555555555556,5.0,0
198015,1,6,6,1.0,3.5,0
198021,1,8,8,0.25,4.5,0
198029,1,5,5,1.0,3.0,0
198043,1,19,19,0.42105263157894735,10.0,1
198045,2,18,18,0.7777777777777778,5.5,1
198065,1,9,9,0.8888888888888888,5.0,0
198071,1,5,5,0.2,3.0,0
198085,4,33,24,0.6363636363636364,5.363636363636363,1
198103,2,11,7,1.0,3.272727272727273,0
198106,1,17,17,0.35294117647058826,9.0,1
198113,1,14,14,0.5714285714285714,7.5,0
198120,2,14,12,0.7857142857142857,4.071428571428571,0
198151,1,6,6,0.8333333333333334,3.5,0
198153,1,9,9,0.6666666666666666,5.0,0
198157,1,19,19,0.631578947368421,10.0,1
198159,1,6,6,0.5,3.5,0
198165,2,10,7,0.9,3.1,0
198169,1,9,9,0.2222222222222222,5.0,0
198180,1,19,19,0.8421052631578947,10.0,1
198183,1,23,23,0.4782608695652174,12.0,1
198191,1,9,9,1.0,5.0,0
198205,1,12,12,0.75,6.5,0
198222,1,11,11,0.2727272727272727,6.0,0
198240,1,3,3,0.6666666666666666,2.0,0
198251,1,42,42,0.8809523809523809,21.5,1
198263,1,34,34,0.4411764705882353,17.5,1
198305,1,24,24,0.9583333333333334,12.5,1
198342,1,4,4,1.0,2.5,0
198349,1,10,10,0.0,5.5,0
198354,1,6,6,1.0,3.5,0
198363,1,18,18,0.6666666666666666,9.5,1
198396,1,23,23,0.9565217391304348,12.0,1
198397,1,1,1,0.0,1.0,0
198405,1,13,13,0.8461538461538461,7.0,0
198428,1,15,15,0.0,8.0,1
198434,1,8,8,0.875,4.5,0
198444,1,2,2,1.0,1.5,0
198453,1,22,22,0.5,11.5,1
198454,1,10,10,0.5,5.5,0
198456,1,12,12,0.75,6.5,0
198488,1,34,34,0.7941176470588235,17.5,1
198496,1,2,2,1.0,1.5,0
198500,1,34,34,0.7941176470588235,17.5,1
198502,2,3,3,1.0,1.3333333333333333,0
198536,1,10,10,0.7,5.5,0
198542,1,16,16,0.6875,8.5,1
198543,1,18,18,0.8333333333333334,9.5,1
198555,1,1,1,1.0,1.0,0
198557,1,29,29,0.20689655172413793,15.0,1
198559,1,4,4,0.75,2.5,0
198563,1,21,21,0.7619047619047619,11.0,1
198567,2,20,18,0.8,5.7,1
198571,1,9,9,0.7777777777777778,5.0,0
198584,1,8,8,0.375,4.5,0
198597,2,23,21,0.4782608695652174,6.782608695652174,1
198614,1,12,12,0.4166666666666667,6.5,0
198621,1,4,4,1.0,2.5,0
198626,1,17,17,1.0,9.0,1
198690,1,12,12,0.0,6.5,0
198691,1,13,13,0.5384615384615384,7.0,0
198708,1,3,3,1.0,2.0,0
198709,1,7,7,0.42857142857142855,4.0,0
198729,1,9,9,0.8888888888888888,5.0,0
198770,1,7,7,0.7142857142857143,4.0,0
198806,1,6,6,0.0,3.5,0
198823,1,13,13,0.9230769230769231,7.0,0
198824,1,4,4,0.5,2.5,0
198832,1,8,8,0.375,4.5,0
198839,1,2,2,0.5,1.5,0
198844,1,14,14,0.2857142857142857,7.5,0
198846,1,6,6,0.8333333333333334,3.5,0
198854,1,6,6,0.6666666666666666,3.5,0
198862,1,13,13,0.46153846153846156,7.0,0
198873,2,36,32,0.7222222222222222,10.86111111111111,1
198884,1,6,6,0.8333333333333334,3.5,0
198885,1,7,7,0.7142857142857143,4.0,0
198887,1,13,13,0.23076923076923078,7.0,0
198888,1,36,36,0.5555555555555556,18.5,1
198896,1,3,3,1.0,2.0,0
198910,1,4,4,1.0,2.5,0
198921,1,15,15,0.7333333333333333,8.0,1
198930,2,15,15,0.2,4.666666666666667,1
198948,1,8,8,0.25,4.5,0
199004,1,4,4,0.25,2.5,0
199005,2,24,24,0.375,7.166666666666667,1
199027,1,13,13,0.7692307692307693,7.0,0
199125,1,14,14,0.07142857142857142,7.5,0
199143,1,19,19,0.21052631578947367,10.0,1
199149,1,8,8,0.125,4.5,0
199163,1,12,12,0.9166666666666666,6.5,0
199182,1,2,2,0.0,1.5,0
199212,1,9,9,1.0,5.0,0
199224,1,9,9,0.7777777777777778,5.0,0
199241,1,3,3,0.0,2.0,0
199259,1,4,4,0.5,2.5,0
199275,1,13,13,0.0,7.0,0
199280,1,4,4,0.5,2.5,0
199306,1,7,7,0.8571428571428571,4.0,0
199311,1,25,25,0.44,13.0,1
199333,1,10,10,0.3,5.5,0
199349,1,4,4,0.5,2.5,0
199366,1,2,2,1.0,1.5,0
199379,1,8,8,0.875,4.5,0
199382,1,24,24,0.5416666666666666,12.5,1
199393,1,15,15,0.06666666666666667,8.0,1
199399,1,20,20,0.2,10.5,1
199417,1,1,1,0.0,1.0,0
199432,1,9,9,1.0,5.0,0
199439,1,15,15,0.3333333333333333,8.0,1
199454,3,52,50,0.21153846153846154,10.557692307692308,1
199470,1,6,6,0.3333333333333333,3.5,0
199491,1,4,4,1.0,2.5,0
199505,1,22,22,0.2727272727272727,11.5,1
199519,1,4,4,0.75,2.5,0
199522,1,11,11,0.7272727272727273,6.0,0
199528,1,3,3,1.0,2.0,0
199532,1,3,3,0.6666666666666666,2.0,0
199539,1,10,10,0.8,5.5,0
199594,1,8,8,0.375,4.5,0
199597,2,7,5,0.8571428571428571,2.2857142857142856,0
199614,1,7,7,0.0,4.0,0
199625,1,4,4,1.0,2.5,0
199630,1,2,2,0.5,1.5,0
199634,1,22,22,1.0,11.5,1
199659,1,7,7,0.42857142857142855,4.0,0
199664,1,12,12,0.6666666666666666,6.5,0
199675,1,4,4,0.75,2.5,0
199688,2,20,17,0.85,5.55,1
199690,1,4,4,0.75,2.5,0
199705,1,4,4,0.25,2.5,0
199709,1,8,8,0.875,4.5,0
199714,1,2,2,1.0,1.5,0
199715,1,6,6,1.0,3.5,0
199735,1,5,5,0.8,3.0,0
199752,1,2,2,1.0,1.5,0
199763,1,22,22,0.9090909090909091,11.5,1
199780,2,37,34,0.8108108108108109,11.27027027027027,1
199796,1,17,17,0.8823529411764706,9.0,1
199800,2,14,10,0.7142857142857143,4.0,0
199802,1,6,6,1.0,3.5,0
199803,1,5,5,0.8,3.0,0
199805,1,7,7,0.42857142857142855,4.0,0
199808,1,2,2,1.0,1.5,0
199817,1,12,12,0.75,6.5,0
199824,1,13,13,0.23076923076923078,7.0,0
199850,1,2,2,0.5,1.5,0
199854,1,14,14,0.9285714285714286,7.5,0
199861,1,2,2,0.5,1.5,0
199862,1,65,65,0.3076923076923077,33.0,1
199885,1,6,6,1.0,3.5,0
199886,1,4,4,0.5,2.5,0
199892,1,7,7,0.2857142857142857,4.0,0
199894,1,5,5,0.2,3.0,0
199895,1,9,9,1.0,5.0,0
199896,1,1,1,1.0,1.0,0
199902,1,9,9,0.3333333333333333,5.0,0
199918,1,5,5,1.0,3.0,0
199940,1,7,7,0.42857142857142855,4.0,0
199951,1,3,3,1.0,2.0,0
199959,1,3,3,1.0,2.0,0
199963,1,5,5,0.8,3.0,0
199969,2,7,7,0.14285714285714285,2.2857142857142856,0
199973,1,7,7,0.42857142857142855,4.0,0
199989,1,14,14,0.8571428571428571,7.5,0
199997,1,8,8,0.5,4.5,0
200002,1,10,10,0.8,5.5,0
200005,1,1,1,1.0,1.0,0
200008,1,10,10,0.2,5.5,0
200013,1,7,7,0.7142857142857143,4.0,0
200021,2,10,9,0.8,4.6,0
200034,1,21,21,0.8095238095238095,11.0,1
200041,1,6,6,0.5,3.5,0
200062,3,26,21,0.8846153846153846,5.461538461538462,1
200065,1,12,12,0.4166666666666667,6.5,0
200105,1,3,3,0.6666666666666666,2.0,0
200112,2,26,24,0.6153846153846154,7.153846153846154,1
200118,1,3,3,1.0,2.0,0
200154,1,23,23,0.6521739130434783,12.0,1
200156,2,21,21,0.8571428571428571,6.714285714285714,1
200178,1,16,16,0.4375,8.5,1
200185,1,9,9,0.4444444444444444,5.0,0
200193,1,13,13,0.3076923076923077,7.0,0
200203,1,3,3,0.0,2.0,0
200222,1,6,6,0.5,3.5,0
200245,1,14,14,0.8571428571428571,7.5,0
200246,1,13,13,0.23076923076923078,7.0,0
200249,1,2,2,0.0,1.5,0
200277,1,6,6,0.6666666666666666,3.5,0
200287,1,6,6,0.16666666666666666,3.5,0
200297,1,6,6,1.0,3.5,0
200310,1,1,1,0.0,1.0,0
200316,1,10,10,0.9,5.5,0
200318,2,26,26,0.07692307692307693,7.038461538461538,1
200352,1,3,3,0.3333333333333333,2.0,0
200356,1,3,3,0.6666666666666666,2.0,0
200367,1,10,10,0.0,5.5,0
200394,2,15,15,0.26666666666666666,6.266666666666667,1
200407,1,13,13,1.0,7.0,0
200408,1,8,8,0.0,4.5,0
200418,1,6,6,0.5,3.5,0
200427,1,6,6,1.0,3.5,0
200429,1,3,3,0.6666666666666666,2.0,0
200434,1,22,22,0.22727272727272727,11.5,1
200447,1,9,9,1.0,5.0,0
200470,1,1,1,1.0,1.0,0
200502,1,5,5,0.8,3.0,0
200504,1,6,6,0.5,3.5,0
200507,1,4,4,0.5,2.5,0
200509,1,4,4,0.75,2.5,0
200519,1,3,3,0.6666666666666666,2.0,0
200531,1,4,4,1.0,2.5,0
200546,1,8,8,0.0,4.5,0
200556,1,9,9,0.4444444444444444,5.0,0
200563,1,10,10,1.0,5.5,0
200577,1,16,16,1.0,8.5,1
200619,1,1,1,1.0,1.0,0
200634,1,2,2,1.0,1.5,0
200688,1,7,7,0.0,4.0,0
200701,1,6,6,0.6666666666666666,3.5,0
200705,1,8,8,0.5,4.5,0
200727,1,11,11,0.9090909090909091,6.0,0
200739,1,4,4,0.0,2.5,0
200747,1,13,13,0.9230769230769231,7.0,0
200755,1,5,5,0.8,3.0,0
200790,1,6,6,0.6666666666666666,3.5,0
200793,1,8,8,0.5,4.5,0
200800,2,3,3,1.0,1.3333333333333333,0
200807,1,13,13,0.9230769230769231,7.0,0
200840,1,3,3,0.0,2.0,0
200860,1,17,17,0.8235294117647058,9.0,1
200866,1,7,7,0.42857142857142855,4.0,0
200898,1,7,7,0.7142857142857143,4.0,0
200901,1,3,3,0.0,2.0,0
200904,1,12,12,0.8333333333333334,6.5,0
200907,1,8,8,0.375,4.5,0
200922,1,14,14,0.0,7.5,0
200940,2,26,24,0.7692307692307693,8.884615384615385,1
200942,1,7,7,0.2857142857142857,4.0,0
201006,1,12,12,0.5,6.5,0
201012,1,16,16,0.5625,8.5,1
201022,1,12,12,0.4166666666666667,6.5,0
201026,2,9,9,0.7777777777777778,2.7777777777777777,0
201033,2,19,16,0.631578947368421,6.315789473684211,1
201034,1,1,1,1.0,1.0,0
201039,1,8,8,0.25,4.5,0
201081,1,2,2,1.0,1.5,0
201085,1,5,5,1.0,3.0,0
201099,1,1,1,0.0,1.0,0
201102,1,6,6,0.8333333333333334,3.5,0
201122,1,8,8,1.0,4.5,0
201135,2,9,9,0.3333333333333333,2.7777777777777777,0
201162,1,7,7,0.5714285714285714,4.0,0
201183,2,7,6,0.7142857142857143,2.5714285714285716,0
201201,1,4,4,1.0,2.5,0
201210,1,9,9,1.0,5.0,0
201221,1,1,1,1.0,1.0,0
201226,1,3,3,0.6666666666666666,2.0,0
201229,1,12,12,1.0,6.5,0
201242,1,3,3,1.0,2.0,0
201248,1,15,15,1.0,8.0,1
201274,1,7,7,0.7142857142857143,4.0,0
201330,1,13,13,0.8461538461538461,7.0,0
201358,1,8,8,1.0,4.5,0
201359,1,13,13,0.8461538461538461,7.0,0
201385,1,6,6,0.6666666666666666,3.5,0
201412,2,19,17,0.9473684210526315,5.578947368421052,1
201414,1,14,14,0.21428571428571427,7.5,0
201430,1,10,10,1.0,5.5,0
201435,1,5,5,0.4,3.0,0
201446,2,5,5,0.4,1.8,0
201453,1,2,2,0.5,1.5,0
201498,1,2,2,1.0,1.5,0
201517,1,6,6,0.0,3.5,0
201528,1,2,2,0.5,1.5,0
201547,1,6,6,0.0,3.5,0
201554,1,12,12,0.25,6.5,0
201561,1,6,6,0.16666666666666666,3.5,0
201572,1,9,9,0.0,5.0,0
201587,1,3,3,0.6666666666666666,2.0,0
201593,1,2,2,1.0,1.5,0
201612,1,3,3,1.0,2.0,0
201623,3,71,57,0.9577464788732394,14.929577464788732,1
201629,2,17,17,0.8235294117647058,5.117647058823529,1
201639,1,15,15,0.26666666666666666,8.0,1
201640,1,11,11,0.2727272727272727,6.0,0
201648,1,5,5,1.0,3.0,0
201652,1,31,31,0.25806451612903225,16.0,1
201665,1,5,5,0.0,3.0,0
201679,1,13,13,0.9230769230769231,7.0,0
201680,1,13,13,0.3076923076923077,7.0,0
201684,1,4,4,0.25,2.5,0
201724,1,8,8,0.75,4.5,0
201741,1,24,24,1.0,12.5,1
201744,1,10,10,0.9,5.5,0
201748,1,10,10,0.0,5.5,0
201770,1,10,10,0.1,5.5,0
201779,1,12,12,0.6666666666666666,6.5,0
201788,1,1,1,1.0,1.0,0
201799,1,17,17,0.7058823529411765,9.0,1
201818,1,7,7,0.5714285714285714,4.0,0
201845,1,11,11,0.36363636363636365,6.0,0
201850,1,12,12,0.5,6.5,0
201852,1,2,2,1.0,1.5,0
201861,1,8,8,0.75,4.5,0
201869,1,11,11,0.0,6.0,0
201885,1,11,11,0.0,6.0,0
201887,1,1,1,1.0,1.0,0
201891,2,5,5,0.2,1.8,0
201913,1,29,29,0.7586206896551724,15.0,1
201918,1,3,3,1.0,2.0,0
201923,1,5,5,0.2,3.0,0
201962,1,1,1,1.0,1.0,0
201966,1,23,23,0.9130434782608695,12.0,1
201968,1,4,4,0.5,2.5,0
201980,1,10,10,0.3,5.5,0
201982,1,13,13,0.38461538461538464,7.0,0
201988,1,13,13,0.8461538461538461,7.0,0
202002,1,5,5,1.0,3.0,0
202035,1,11,11,0.8181818181818182,6.0,0
202045,1,5,5,0.8,3.0,0
202059,1,23,23,0.6086956521739131,12.0,1
202090,1,9,9,0.4444444444444444,5.0,0
202101,1,13,13,0.46153846153846156,7.0,0
202108,1,7,7,0.0,4.0,0
202132,1,4,4,0.0,2.5,0
202158,1,4,4,0.25,2.5,0
202159,2,41,40,0.8780487804878049,15.195121951219512,1
202163,2,5,5,0.8,2.2,0
202166,1,11,11,0.6363636363636364,6.0,0
202169,1,7,7,0.7142857142857143,4.0,0
202209,1,6,6,1.0,3.5,0
202214,1,15,15,0.7333333333333333,8.0,1
202217,1,34,34,0.20588235294117646,17.5,1
202223,1,13,13,1.0,7.0,0
202229,1,1,1,1.0,1.0,0
202255,1,5,5,0.6,3.0,0
202276,1,1,1,0.0,1.0,0
202279,1,9,9,0.6666666666666666,5.0,0
202282,1,13,13,0.8461538461538461,7.0,0
202290,1,4,4,0.75,2.5,0
202292,1,8,8,1.0,4.5,0
202293,1,16,16,0.9375,8.5,1
202303,1,11,11,0.5454545454545454,6.0,0
202304,2,9,8,0.4444444444444444,3.4444444444444446,0
202313,1,15,15,0.9333333333333333,8.0,1
202319,1,1,1,1.0,1.0,0
202321,1,2,2,1.0,1.5,0
202322,1,3,3,0.0,2.0,0
202334,1,4,4,0.0,2.5,0
202343,1,10,10,0.5,5.5,0
202347,1,1,1,1.0,1.0,0
202349,1,7,7,1.0,4.0,0
202359,1,3,3,1.0,2.0,0
202364,1,15,15,0.6666666666666666,8.0,1
202373,1,10,10,0.3,5.5,0
202392,1,8,8,0.75,4.5,0
202394,2,6,6,1.0,2.1666666666666665,0
202432,1,16,16,0.0,8.5,1
202434,1,7,7,0.5714285714285714,4.0,0
202447,1,8,8,0.0,4.5,0
202448,1,5,5,1.0,3.0,0
202451,1,4,4,0.25,2.5,0
202464,1,2,2,1.0,1.5,0
202465,1,5,5,1.0,3.0,0
202478,1,2,2,1.0,1.5,0
202496,1,8,8,0.75,4.5,0
202521,1,6,6,1.0,3.5,0
202527,1,5,5,0.0,3.0,0
202530,1,1,1,1.0,1.0,0
202532,1,11,11,0.18181818181818182,6.0,0
202555,1,14,14,0.9285714285714286,7.5,0
202580,1,7,7,0.42857142857142855,4.0,0
202616,1,5,5,1.0,3.0,0
202640,1,14,14,0.5,7.5,0
202641,1,16,16,0.5,8.5,1
202642,1,12,12,0.0,6.5,0
202650,1,8,8,0.875,4.5,0
202657,1,10,10,0.8,5.5,0
202658,1,6,6,0.3333333333333333,3.5,0
202663,1,7,7,0.0,4.0,0
202676,1,12,12,0.8333333333333334,6.5,0
202689,1,1,1,1.0,1.0,0
202697,1,1,1,1.0,1.0,0
202713,2,29,27,0.7586206896551724,7.9655172413793105,1
202733,1,11,11,0.7272727272727273,6.0,0
202735,1,8,8,0.5,4.5,0
202736,1,1,1,1.0,1.0,0
202741,1,1,1,1.0,1.0,0
202773,1,8,8,0.0,4.5,0
202775,1,19,19,0.0,10.0,1
202779,1,3,3,0.6666666666666666,2.0,0
202833,1,25,25,0.76,13.0,1
202867,1,1,1,1.0,1.0,0
202872,1,17,17,0.4117647058823529,9.0,1
202885,1,6,6,1.0,3.5,0
202890,1,6,6,0.5,3.5,0
202896,1,6,6,0.8333333333333334,3.5,0
202902,1,16,16,0.375,8.5,1
202939,1,1,1,1.0,1.0,0
202947,1,10,10,0.4,5.5,0
202989,1,5,5,1.0,3.0,0
203002,1,8,8,0.5,4.5,0
203019,1,1,1,1.0,1.0,0
203020,1,6,6,0.5,3.5,0
203025,1,14,14,0.0,7.5,0
203031,1,7,7,0.8571428571428571,4.0,0
203035,1,7,7,0.2857142857142857,4.0,0
203072,1,10,10,0.7,5.5,0
203077,1,5,5,0.8,3.0,0
203083,1,13,13,1.0,7.0,0
203085,2,17,16,0.9411764705882353,4.764705882352941,1
203098,1,5,5,0.6,3.0,0
203115,1,1,1,1.0,1.0,0
203121,1,6,6,1.0,3.5,0
203125,1,10,10,0.3,5.5,0
203126,1,16,16,0.4375,8.5,1
203143,1,1,1,1.0,1.0,0
203159,1,12,12,0.5833333333333334,6.5,0
203166,1,20,20,0.5,10.5,1
203167,1,21,21,0.19047619047619047,11.0,1
203173,1,25,25,0.88,13.0,1
203178,1,15,15,0.4,8.0,1
203183,1,11,11,0.8181818181818182,6.0,0
203185,1,9,9,0.4444444444444444,5.0,0
203186,1,23,23,0.21739130434782608,12.0,1
203194,2,41,38,0.8292682926829268,11.487804878048781,1
203195,1,8,8,0.375,4.5,0
203202,1,9,9,0.0,5.0,0
203218,1,25,25,0.24,13.0,1
203241,1,19,19,0.7894736842105263,10.0,1
203251,2,28,27,0.35714285714285715,7.821428571428571,1
203256,1,14,14,0.7142857142857143,7.5,0
203259,1,6,6,0.3333333333333333,3.5,0
203264,1,14,14,0.14285714285714285,7.5,0
203266,1,9,9,0.8888888888888888,5.0,0
203270,1,13,13,0.7692307692307693,7.0,0
203271,1,3,3,1.0,2.0,0
203287,1,16,16,0.5,8.5,1
203300,1,3,3,1.0,2.0,0
203325,1,11,11,0.8181818181818182,6.0,0
203326,2,26,17,0.8461538461538461,7.346153846153846,1
203353,1,6,6,0.3333333333333333,3.5,0
203356,1,5,5,1.0,3.0,0
203360,2,6,4,1.0,2.0,0
203381,1,13,13,0.7692307692307693,7.0,0
203404,1,16,16,1.0,8.5,1
203412,1,12,12,0.3333333333333333,6.5,0
203421,1,23,23,0.6521739130434783,12.0,1
203443,1,5,5,0.0,3.0,0
203450,1,8,8,0.75,4.5,0
203455,1,2,2,1.0,1.5,0
203463,1,16,16,0.5625,8.5,1
203473,1,20,20,0.55,10.5,1
203482,1,28,28,0.6071428571428571,14.5,1
203490,1,7,7,0.0,4.0,0
203503,1,9,9,0.8888888888888888,5.0,0
203512,2,38,31,0.868421052631579,11.68421052631579,1
203540,1,9,9,0.3333333333333333,5.0,0
203543,1,20,20,0.75,10.5,1
203545,1,5,5,0.8,3.0,0
203552,1,5,5,0.6,3.0,0
203557,1,29,29,0.4482758620689655,15.0,1
203575,1,3,3,0.0,2.0,0
203588,1,4,4,0.75,2.5,0
203589,1,16,16,0.375,8.5,1
203595,1,12,12,0.4166666666666667,6.5,0
203614,1,7,7,0.5714285714285714,4.0,0
203650,1,15,15,0.9333333333333333,8.0,1
203656,1,13,13,0.15384615384615385,7.0,0
203673,2,6,6,1.0,2.0,0
203687,1,1,1,1.0,1.0,0
203698,1,8,8,0.5,4.5,0
203714,1,21,21,0.5714285714285714,11.0,1
203720,1,15,15,0.3333333333333333,8.0,1
203734,1,9,9,0.2222222222222222,5.0,0
203773,1,7,7,0.14285714285714285,4.0,0
203779,1,6,6,1.0,3.5,0
203785,1,5,5,0.8,3.0,0
203787,1,2,2,1.0,1.5,0
203794,1,7,7,0.0,4.0,0
203804,1,24,24,0.041666666666666664,12.5,1
203811,1,2,2,1.0,1.5,0
203815,1,8,8,0.5,4.5,0
203838,1,24,24,0.16666666666666666,12.5,1
203843,1,11,11,0.18181818181818182,6.0,0
203849,1,2,2,1.0,1.5,0
203858,1,4,4,1.0,2.5,0
203868,1,4,4,0.5,2.5,0
203870,1,10,10,0.5,5.5,0
203884,1,3,3,1.0,2.0,0
203896,1,15,15,0.7333333333333333,8.0,1
203909,1,1,1,1.0,1.0,0
203911,1,2,2,0.0,1.5,0
203914,1,6,6,0.6666666666666666,3.5,0
203919,1,16,16,1.0,8.5,1
203927,1,21,21,0.9047619047619048,11.0,1
203931,1,14,14,0.7857142857142857,7.5,0
203952,2,21,21,0.7142857142857143,6.0476190476190474,1
203958,1,1,1,1.0,1.0,0
203969,1,3,3,1.0,2.0,0
203976,1,4,4,0.0,2.5,0
203977,1,6,6,0.3333333333333333,3.5,0
204007,1,21,21,0.8095238095238095,11.0,1
204012,1,5,5,0.8,3.0,0
204023,1,11,11,0.36363636363636365,6.0,0
204039,1,14,14,0.8571428571428571,7.5,0
204040,1,5,5,0.6,3.0,0
204048,1,5,5,0.4,3.0,0
204057,1,13,13,0.46153846153846156,7.0,0
204063,1,13,13,0.0,7.0,0
204069,2,27,21,0.9629629629629629,7.703703703703703,1
204086,2,5,4,0.6,1.8,0
204099,2,6,6,0.16666666666666666,2.6666666666666665,0
204108,1,9,9,0.7777777777777778,5.0,0
204111,1,8,8,0.375,4.5,0
204112,1,34,34,0.9705882352941176,17.5,1
204114,1,5,5,0.0,3.0,0
204142,1,13,13,0.6153846153846154,7.0,0
204159,1,2,2,1.0,1.5,0
204184,1,2,2,0.0,1.5,0
204204,1,10,10,0.0,5.5,0
204211,1,14,14,0.5714285714285714,7.5,0
204233,1,8,8,0.875,4.5,0
204249,1,21,21,0.7142857142857143,11.0,1
204257,1,15,15,0.0,8.0,1
204271,1,11,11,0.36363636363636365,6.0,0
204305,1,7,7,0.5714285714285714,4.0,0
204312,1,18,18,0.1111111111111111,9.5,1
204313,1,1,1,0.0,1.0,0
204314,1,10,10,1.0,5.5,0
204317,1,3,3,0.0,2.0,0
204322,1,7,7,0.8571428571428571,4.0,0
204327,1,16,16,0.4375,8.5,1
204335,1,20,20,0.3,10.5,1
204342,1,25,25,0.12,13.0,1
204345,1,1,1,1.0,1.0,0
204354,2,24,23,0.8333333333333334,7.541666666666667,1
204358,1,11,11,0.9090909090909091,6.0,0
204366,1,4,4,0.75,2.5,0
204375,1,18,18,0.7777777777777778,9.5,1
204378,1,4,4,0.75,2.5,0
204384,1,9,9,0.3333333333333333,5.0,0
204401,1,11,11,0.6363636363636364,6.0,0
204446,1,10,10,0.7,5.5,0
204447,1,14,14,0.2857142857142857,7.5,0
204457,1,3,3,0.3333333333333333,2.0,0
204462,1,6,6,0.3333333333333333,3.5,0
204467,1,2,2,0.0,1.5,0
204484,2,16,10,0.9375,4.5625,0
204486,1,6,6,0.6666666666666666,3.5,0
204495,1,3,3,1.0,2.0,0
204548,1,31,31,0.5483870967741935,16.0,1
204555,1,12,12,1.0,6.5,0
204560,1,4,4,0.75,2.5,0
204571,1,8,8,0.875,4.5,0
204584,1,8,8,0.5,4.5,0
204605,1,15,15,0.8666666666666667,8.0,1
204612,1,24,24,0.75,12.5,1
204630,1,9,9,0.4444444444444444,5.0,0
204633,1,11,11,0.9090909090909091,6.0,0
204652,1,19,19,0.2631578947368421,10.0,1
204675,1,11,11,0.8181818181818182,6.0,0
204681,1,10,10,1.0,5.5,0
204721,1,16,16,0.125,8.5,1
204726,1,13,13,0.5384615384615384,7.0,0
204751,1,8,8,0.125,4.5,0
204752,1,8,8,0.0,4.5,0
204778,1,10,10,0.3,5.5,0
204793,2,10,9,0.6,3.1,0
204802,1,13,13,0.6153846153846154,7.0,0
204829,1,16,16,0.0,8.5,1
204848,1,37,37,0.5945945945945946,19.0,1
204853,1,17,17,0.29411764705882354,9.0,1
204854,2,15,13,0.8,4.4,0
204858,1,21,21,0.5714285714285714,11.0,1
204863,1,14,14,0.21428571428571427,7.5,0
204868,1,11,11,0.09090909090909091,6.0,0
204886,1,4,4,0.0,2.5,0
204912,1,4,4,0.75,2.5,0
204919,2,30,27,0.7666666666666667,8.033333333333333,1
204944,1,7,7,0.7142857142857143,4.0,0
204962,1,2,2,1.0,1.5,0
204967,2,5,4,1.0,1.8,0
204999,1,13,13,0.15384615384615385,7.0,0
205031,1,5,5,0.0,3.0,0
205060,1,12,12,0.4166666666666667,6.5,0
205062,1,2,2,1.0,1.5,0
205064,1,1,1,1.0,1.0,0
205084,1,3,3,0.6666666666666666,2.0,0
205096,1,16,16,0.75,8.5,1
205097,1,1,1,1.0,1.0,0
205101,1,15,15,0.0,8.0,1
205102,1,11,11,0.2727272727272727,6.0,0
205107,1,12,12,1.0,6.5,0
205123,1,22,22,0.22727272727272727,11.5,1
205139,1,11,11,1.0,6.0,0
205147,1,7,7,1.0,4.0,0
205151,1,7,7,0.7142857142857143,4.0,0
205156,1,16,16,0.0,8.5,1
205173,1,4,4,1.0,2.5,0
205177,2,22,22,0.6363636363636364,8.227272727272727,1
205181,1,1,1,0.0,1.0,0
205200,1,9,9,0.5555555555555556,5.0,0
205218,1,7,7,0.14285714285714285,4.0,0
205228,1,3,3,1.0,2.0,0
205233,1,3,3,0.0,2.0,0
205237,1,12,12,0.5833333333333334,6.5,0
205262,1,16,16,0.8125,8.5,1
205264,1,10,10,0.0,5.5,0
205267,2,5,4,0.8,1.8,0
205287,1,12,12,0.8333333333333334,6.5,0
205321,1,33,33,0.6060606060606061,17.0,1
205326,1,8,8,1.0,4.5,0
205369,1,9,9,0.2222222222222222,5.0,0
205388,2,13,12,0.15384615384615385,3.923076923076923,0
205398,1,2,2,0.5,1.5,0
205442,1,21,21,0.38095238095238093,11.0,1
205454,2,16,15,1.0,4.5625,1
205459,1,1,1,0.0,1.0,0
205471,1,13,13,0.7692307692307693,7.0,0
205517,1,18,18,0.9444444444444444,9.5,1
205543,1,13,13,0.15384615384615385,7.0,0
205550,1,11,11,0.0,6.0,0
205552,1,2,2,0.5,1.5,0
205557,1,26,26,0.38461538461538464,13.5,1
205619,1,8,8,0.25,4.5,0
205647,1,6,6,0.8333333333333334,3.5,0
205650,1,20,20,0.8,10.5,1
205684,1,9,9,0.8888888888888888,5.0,0
205691,1,2,2,1.0,1.5,0
205695,1,13,13,0.9230769230769231,7.0,0
205700,1,2,2,1.0,1.5,0
205709,1,8,8,0.875,4.5,0
205713,1,12,12,0.3333333333333333,6.5,0
205729,2,26,21,0.9615384615384616,7.038461538461538,1
205741,1,18,18,0.0,9.5,1
205745,1,12,12,0.3333333333333333,6.5,0
205754,1,37,37,0.8648648648648649,19.0,1
205761,1,11,11,0.5454545454545454,6.0,0
205767,1,12,12,0.16666666666666666,6.5,0
205780,1,8,8,0.75,4.5,0
205784,2,16,15,0.75,6.0625,1
205787,2,16,15,1.0,4.5625,1
205794,1,3,3,1.0,2.0,0
205801,1,21,21,0.23809523809523808,11.0,1
205811,1,23,23,0.5217391304347826,12.0,1
205852,1,10,10,0.5,5.5,0
205853,1,4,4,0.0,2.5,0
205878,1,8,8,1.0,4.5,0
205888,1,5,5,0.8,3.0,0
205908,1,4,4,1.0,2.5,0
205943,1,5,5,1.0,3.0,0
205947,1,15,15,0.0,8.0,1
205968,1,4,4,1.0,2.5,0
205970,1,8,8,1.0,4.5,0
205990,1,5,5,0.8,3.0,0
206043,2,27,24,0.48148148148148145,7.481481481481482,1
206045,1,11,11,0.36363636363636365,6.0,0
206052,1,7,7,0.14285714285714285,4.0,0
206082,1,20,20,0.6,10.5,1
206084,1,2,2,0.0,1.5,0
206104,1,18,18,0.8333333333333334,9.5,1
206105,2,8,8,1.0,2.625,0
206158,1,4,4,0.75,2.5,0
206162,1,8,8,0.875,4.5,0
206187,1,14,14,0.9285714285714286,7.5,0
206206,1,4,4,1.0,2.5,0
206207,1,8,8,0.875,4.5,0
206208,1,16,16,0.75,8.5,1
