user_id,orders,products,unique_products,reorder_rate,mean_cart_position,cluster
13,1,5,5,0.6,3.0,1
23,1,9,9,0.0,5.0,1
27,1,13,13,0.46153846153846156,7.0,1
36,1,3,3,0.3333333333333333,2.0,1
42,1,6,6,0.16666666666666666,3.5,1
66,1,5,5,0.2,3.0,1
75,1,11,11,0.6363636363636364,6.0,1
90,1,12,12,0.8333333333333334,6.5,1
118,1,7,7,0.5714285714285714,4.0,1
137,1,12,12,1.0,6.5,1
150,2,25,25,0.56,7.0,0
155,1,12,12,0.9166666666666666,6.5,1
173,1,1,1,0.0,1.0,1
206,1,5,5,0.6,3.0,1
208,1,5,5,0.8,3.0,1
210,1,23,23,0.5652173913043478,12.0,0
214,1,24,24,0.75,12.5,0
218,1,1,1,0.0,1.0,1
222,1,5,5,0.8,3.0,1
226,1,12,12,0.6666666666666666,6.5,1
233,1,16,16,0.875,8.5,0
236,1,19,19,0.6842105263157895,10.0,0
248,1,5,5,0.6,3.0,1
323,1,10,10,1.0,5.5,1
334,1,6,6,0.8333333333333334,3.5,1
355,1,7,7,1.0,4.0,1
370,1,11,11,0.36363636363636365,6.0,1
378,1,3,3,0.0,2.0,1
381,1,13,13,0.3076923076923077,7.0,1
382,1,4,4,1.0,2.5,1
396,1,19,19,0.2631578947368421,10.0,0
417,1,4,4,0.75,2.5,1
422,1,15,15,0.8666666666666667,8.0,1
423,1,1,1,1.0,1.0,1
440,1,3,3,0.6666666666666666,2.0,1
451,1,7,7,1.0,4.0,1
453,1,8,8,0.625,4.5,1
481,1,16,16,1.0,8.5,0
496,1,5,5,0.2,3.0,1
503,1,9,9,0.3333333333333333,5.0,1
508,1,1,1,1.0,1.0,1
521,1,7,7,0.7142857142857143,4.0,1
529,1,14,14,0.0,7.5,1
568,1,15,15,0.4666666666666667,8.0,1
583,1,27,27,0.7407407407407407,14.0,0
585,1,5,5,0.0,3.0,1
593,1,2,2,1.0,1.5,1
635,1,5,5,0.6,3.0,1
649,1,16,16,0.9375,8.5,0
650,1,13,13,0.8461538461538461,7.0,1
652,1,4,4,0.5,2.5,1
653,1,6,6,1.0,3.5,1
655,1,13,13,0.6923076923076923,7.0,1
667,1,1,1,1.0,1.0,1
678,1,17,17,0.8823529411764706,9.0,0
688,1,6,6,1.0,3.5,1
756,2,18,18,0.7777777777777778,5.888888888888889,0
773,1,9,9,0.2222222222222222,5.0,1
787,2,10,7,0.9,3.0,1
800,1,3,3,0.6666666666666666,2.0,1
818,1,4,4,0.75,2.5,1
824,1,3,3,1.0,2.0,1
854,1,12,12,0.16666666666666666,6.5,1
857,1,15,15,1.0,8.0,1
868,1,5,5,0.4,3.0,1
892,1,13,13,0.3076923076923077,7.0,1
911,1,13,13,0.8461538461538461,7.0,1
917,1,18,18,0.9444444444444444,9.5,0
920,1,5,5,1.0,3.0,1
933,1,5,5,1.0,3.0,1
938,1,1,1,1.0,1.0,1
961,1,7,7,1.0,4.0,1
963,1,8,8,0.875,4.5,1
964,1,7,7,0.8571428571428571,4.0,1
967,1,12,12,0.08333333333333333,6.5,1
971,1,2,2,0.5,1.5,1
978,1,28,28,0.32142857142857145,14.5,0
999,1,25,25,0.64,13.0,0
1000,1,15,15,0.7333333333333333,8.0,1
1044,1,5,5,0.6,3.0,1
1050,1,2,2,1.0,1.5,1
1059,1,29,29,0.9310344827586207,15.0,0
1072,1,13,13,0.38461538461538464,7.0,1
1082,1,4,4,0.5,2.5,1
1095,1,15,15,0.4666666666666667,8.0,1
1103,1,3,3,0.6666666666666666,2.0,1
1105,1,13,13,0.3076923076923077,7.0,1
1120,1,13,13,0.8461538461538461,7.0,1
1122,1,17,17,0.5882352941176471,9.0,0
1139,1,20,20,0.45,10.5,0
1156,1,22,22,0.0,11.5,0
1164,2,15,15,0.7333333333333333,4.666666666666667,0
1177,1,6,6,0.6666666666666666,3.5,1
1191,1,5,5,0.6,3.0,1
1202,1,6,6,1.0,3.5,1
1203,1,7,7,0.7142857142857143,4.0,1
1223,1,13,13,0.7692307692307693,7.0,1
1225,1,16,16,0.375,8.5,0
1235,2,15,14,0.26666666666666666,4.266666666666667,1
1237,1,25,25,0.8,13.0,0
1240,1,12,12,0.9166666666666666,6.5,1
1241,1,8,8,0.5,4.5,1
1242,1,2,2,0.0,1.5,1
1246,1,8,8,0.625,4.5,1
1263,1,5,5,0.0,3.0,1
1264,1,11,11,0.9090909090909091,6.0,1
1271,1,21,21,0.38095238095238093,11.0,0
1274,1,7,7,0.8571428571428571,4.0,1
1302,1,20,20,0.05,10.5,0
1344,1,3,3,0.6666666666666666,2.0,1
1368,1,3,3,0.6666666666666666,2.0,1
1372,1,33,33,0.42424242424242425,17.0,0
1373,1,2,2,0.5,1.5,1
1378,1,28,28,0.5357142857142857,14.5,0
1381,1,24,24,0.5833333333333334,12.5,0
1387,1,3,3,0.6666666666666666,2.0,1
1402,1,2,2,0.5,1.5,1
1417,1,1,1,0.0,1.0,1
1423,1,32,32,0.875,16.5,0
1427,1,2,2,0.0,1.5,1
1440,1,16,16,0.375,8.5,0
1487,2,9,9,0.1111111111111111,2.7777777777777777,1
1498,1,15,15,0.6666666666666666,8.0,1
1503,1,6,6,0.8333333333333334,3.5,1
1519,1,3,3,1.0,2.0,1
1531,1,8,8,1.0,4.5,1
1548,1,19,19,0.5789473684210527,10.0,0
1579,1,10,10,0.7,5.5,1
1602,1,6,6,0.6666666666666666,3.5,1
1615,1,13,13,1.0,7.0,1
1617,1,7,7,1.0,4.0,1
1623,2,5,5,0.8,2.2,1
1627,1,17,17,0.0,9.0,0
1629,1,8,8,0.875,4.5,1
1632,1,8,8,0.75,4.5,1
1642,1,5,5,0.6,3.0,1
1657,1,2,2,0.0,1.5,1
1658,1,3,3,0.6666666666666666,2.0,1
1667,1,10,10,0.0,5.5,1
1676,1,15,15,0.8,8.0,1
1679,1,9,9,1.0,5.0,1
1683,1,12,12,0.5833333333333334,6.5,1
1696,1,6,6,0.16666666666666666,3.5,1
1697,1,4,4,0.75,2.5,1
1710,1,13,13,0.0,7.0,1
1712,1,16,16,0.0,8.5,0
1727,1,13,13,0.9230769230769231,7.0,1
1746,1,8,8,0.25,4.5,1
1750,2,25,25,0.72,9.0,0
1753,1,10,10,0.8,5.5,1
1767,1,3,3,0.6666666666666666,2.0,1
1778,1,4,4,0.25,2.5,1
1815,1,16,16,0.8125,8.5,0
1828,1,20,20,0.5,10.5,0
1850,2,40,31,0.95,10.5,0
1867,1,4,4,0.5,2.5,1
1868,1,11,11,1.0,6.0,1
1873,1,8,8,0.25,4.5,1
1874,1,6,6,1.0,3.5,1
1899,1,25,25,0.6,13.0,0
1901,1,14,14,0.8571428571428571,7.5,1
1920,2,41,34,0.3902439024390244,10.902439024390244,0
1922,1,7,7,0.0,4.0,1
1923,1,12,12,0.9166666666666666,6.5,1
1948,1,12,12,0.75,6.5,1
1955,1,7,7,0.5714285714285714,4.0,1
1958,1,6,6,1.0,3.5,1
1976,1,3,3,0.6666666666666666,2.0,1
2011,1,7,7,1.0,4.0,1
2013,1,7,7,0.14285714285714285,4.0,1
2022,1,13,13,0.3076923076923077,7.0,1
2033,1,10,10,1.0,5.5,1
2049,1,3,3,0.3333333333333333,2.0,1
2055,1,1,1,0.0,1.0,1
2059,1,8,8,0.0,4.5,1
2075,1,6,6,0.6666666666666666,3.5,1
2083,1,3,3,0.6666666666666666,2.0,1
2086,1,13,13,0.6923076923076923,7.0,1
2092,1,1,1,0.0,1.0,1
2103,1,1,1,1.0,1.0,1
2121,1,19,19,0.42105263157894735,10.0,0
2130,1,5,5,0.8,3.0,1
2173,1,4,4,0.25,2.5,1
2175,1,3,3,0.6666666666666666,2.0,1
2184,1,6,6,0.3333333333333333,3.5,1
2201,1,20,20,0.55,10.5,0
2211,1,17,17,0.9411764705882353,9.0,0
2215,1,1,1,1.0,1.0,1
2225,1,5,5,0.8,3.0,1
2229,1,6,6,0.8333333333333334,3.5,1
2237,1,4,4,0.5,2.5,1
2258,1,14,14,0.0,7.5,1
2262,1,11,11,0.2727272727272727,6.0,1
2282,1,1,1,1.0,1.0,1
2286,1,13,13,0.8461538461538461,7.0,1
2299,1,4,4,0.5,2.5,1
2312,1,11,11,0.2727272727272727,6.0,1
2313,1,7,7,0.2857142857142857,4.0,1
2334,1,5,5,1.0,3.0,1
2335,1,52,52,0.9615384615384616,26.5,0
2342,1,18,18,0.5,9.5,0
2344,1,10,10,0.8,5.5,1
2371,1,7,7,0.0,4.0,1
2375,1,6,6,0.3333333333333333,3.5,1
2383,2,9,9,0.7777777777777778,4.111111111111111,1
2408,1,6,6,0.0,3.5,1
2423,1,21,21,0.7142857142857143,11.0,0
2440,1,25,25,0.72,13.0,0
2462,1,32,32,0.875,16.5,0
2475,1,6,6,1.0,3.5,1
2496,1,12,12,1.0,6.5,1
2531,1,5,5,0.6,3.0,1
2535,1,18,18,0.5555555555555556,9.5,0
2539,1,4,4,1.0,2.5,1
2547,1,1,1,1.0,1.0,1
2555,1,2,2,1.0,1.5,1
2556,1,1,1,1.0,1.0,1
2565,1,22,22,0.7727272727272727,11.5,0
2590,1,3,3,0.3333333333333333,2.0,1
2593,1,28,28,0.32142857142857145,14.5,0
2599,1,18,18,0.5,9.5,0
2604,1,22,22,0.5,11.5,0
2609,1,6,6,0.5,3.5,1
2614,1,13,13,0.07692307692307693,7.0,1
2627,1,10,10,0.7,5.5,1
2638,1,13,13,0.9230769230769231,7.0,1
2642,1,2,2,0.0,1.5,1
2646,1,7,7,1.0,4.0,1
2650,1,7,7,1.0,4.0,1
2655,1,6,6,1.0,3.5,1
2658,1,5,5,0.2,3.0,1
2668,1,13,13,0.46153846153846156,7.0,1
2676,1,18,18,0.5555555555555556,9.5,0
2688,2,28,28,0.6785714285714286,8.392857142857142,0
2698,1,8,8,0.75,4.5,1
2700,1,1,1,1.0,1.0,1
2754,1,5,5,0.4,3.0,1
2777,1,6,6,1.0,3.5,1
2785,1,8,8,0.5,4.5,1
2797,1,5,5,0.2,3.0,1
2807,1,2,2,1.0,1.5,1
2822,2,14,13,0.2857142857142857,4.071428571428571,1
2823,1,13,13,0.0,7.0,1
2833,1,2,2,1.0,1.5,1
2838,1,6,6,0.16666666666666666,3.5,1
2839,1,13,13,0.0,7.0,1
2849,1,5,5,1.0,3.0,1
2868,1,19,19,0.3157894736842105,10.0,0
2880,1,2,2,0.5,1.5,1
2899,1,8,8,0.75,4.5,1
2917,1,10,10,1.0,5.5,1
2947,1,10,10,0.4,5.5,1
2985,1,9,9,0.7777777777777778,5.0,1
3001,1,6,6,1.0,3.5,1
3002,1,6,6,0.0,3.5,1
3004,1,13,13,0.9230769230769231,7.0,1
3007,1,5,5,0.2,3.0,1
3040,1,7,7,0.0,4.0,1
3051,1,17,17,0.0,9.0,0
3060,1,3,3,0.0,2.0,1
3106,1,3,3,1.0,2.0,1
3107,1,1,1,1.0,1.0,1
3148,1,16,16,1.0,8.5,0
3192,1,7,7,0.7142857142857143,4.0,1
3219,2,15,15,0.5333333333333333,4.666666666666667,0
3242,1,22,22,0.5,11.5,0
3243,1,14,14,0.8571428571428571,7.5,1
3252,1,2,2,0.5,1.5,1
3257,1,4,4,0.75,2.5,1
3269,1,4,4,1.0,2.5,1
3273,1,15,15,0.7333333333333333,8.0,1
3280,1,7,7,0.0,4.0,1
3319,1,23,23,0.30434782608695654,12.0,0
3321,1,11,11,1.0,6.0,1
3326,1,13,13,0.7692307692307693,7.0,1
3351,1,12,12,0.25,6.5,1
3357,1,6,6,0.3333333333333333,3.5,1
3358,1,8,8,0.625,4.5,1
3366,1,6,6,0.16666666666666666,3.5,1
3375,1,2,2,1.0,1.5,1
3387,1,3,3,0.6666666666666666,2.0,1
3393,1,1,1,1.0,1.0,1
3394,1,4,4,0.75,2.5,1
3412,2,14,14,0.7857142857142857,4.071428571428571,1
3417,1,11,11,0.18181818181818182,6.0,1
3422,1,10,10,0.9,5.5,1
3428,1,16,16,0.875,8.5,0
3434,1,4,4,0.0,2.5,1
3435,1,7,7,1.0,4.0,1
3453,1,1,1,1.0,1.0,1
3456,1,10,10,0.8,5.5,1
3459,1,16,16,0.0,8.5,0
3475,1,6,6,0.6666666666666666,3.5,1
3481,1,6,6,0.6666666666666666,3.5,1
3485,1,9,9,0.8888888888888888,5.0,1
3493,1,7,7,0.5714285714285714,4.0,1
3536,1,22,22,1.0,11.5,0
3550,1,5,5,1.0,3.0,1
3558,1,3,3,0.6666666666666666,2.0,1
3562,1,1,1,1.0,1.0,1
3579,1,14,14,0.9285714285714286,7.5,1
3583,1,2,2,0.5,1.5,1
3593,1,6,6,1.0,3.5,1
3597,1,15,15,0.8666666666666667,8.0,1
3599,1,3,3,0.0,2.0,1
3615,1,2,2,1.0,1.5,1
3616,1,10,10,0.0,5.5,1
3626,1,11,11,0.8181818181818182,6.0,1
3634,1,9,9,1.0,5.0,1
3646,1,13,13,0.0,7.0,1
3648,1,8,8,1.0,4.5,1
3651,1,11,11,0.7272727272727273,6.0,1
3657,1,4,4,0.0,2.5,1
3667,1,1,1,1.0,1.0,1
3671,2,17,14,0.35294117647058826,6.529411764705882,0
3680,1,4,4,0.25,2.5,1
3683,1,10,10,0.9,5.5,1
3688,1,3,3,0.6666666666666666,2.0,1
3708,1,10,10,0.0,5.5,1
3725,1,9,9,0.7777777777777778,5.0,1
3741,1,1,1,1.0,1.0,1
3758,1,4,4,0.5,2.5,1
3770,1,7,7,1.0,4.0,1
3782,3,27,22,0.7037037037037037,5.481481481481482,0
3787,1,5,5,0.8,3.0,1
3789,2,12,12,0.25,4.25,1
3804,1,1,1,1.0,1.0,1
3807,1,13,13,1.0,7.0,1
3818,1,13,13,0.15384615384615385,7.0,1
3823,1,14,14,1.0,7.5,1
3828,1,5,5,0.0,3.0,1
3830,1,19,19,0.7894736842105263,10.0,0
3905,1,4,4,1.0,2.5,1
3947,1,4,4,0.0,2.5,1
3962,2,13,13,0.6153846153846154,3.769230769230769,1
3963,1,17,17,0.4117647058823529,9.0,0
3964,1,23,23,0.6956521739130435,12.0,0
3974,1,13,13,0.8461538461538461,7.0,1
3985,1,8,8,0.625,4.5,1
3990,1,22,22,0.3181818181818182,11.5,0
3994,1,6,6,0.0,3.5,1
4041,1,9,9,0.3333333333333333,5.0,1
4048,1,17,17,0.11764705882352941,9.0,0
4057,1,14,14,0.0,7.5,1
4061,1,12,12,0.3333333333333333,6.5,1
4067,1,7,7,0.2857142857142857,4.0,1
4069,1,4,4,0.5,2.5,1
4076,1,15,15,0.7333333333333333,8.0,1
4087,1,12,12,0.9166666666666666,6.5,1
4090,1,14,14,0.5714285714285714,7.5,1
4099,1,7,7,0.14285714285714285,4.0,1
4111,1,9,9,0.5555555555555556,5.0,1
4121,1,12,12,0.4166666666666667,6.5,1
4122,1,2,2,0.5,1.5,1
4129,1,6,6,1.0,3.5,1
4130,1,12,12,0.25,6.5,1
4141,1,10,10,0.6,5.5,1
4166,1,15,15,0.9333333333333333,8.0,1
4171,1,3,3,0.0,2.0,1
4176,1,12,12,0.5,6.5,1
4178,1,27,27,0.37037037037037035,14.0,0
4189,1,7,7,0.2857142857142857,4.0,1
4199,1,12,12,0.5833333333333334,6.5,1
4200,1,10,10,0.1,5.5,1
4201,1,15,15,0.7333333333333333,8.0,1
4209,1,10,10,0.6,5.5,1
4216,1,13,13,0.0,7.0,1
4218,2,29,26,0.7931034482758621,8.448275862068966,0
4220,1,4,4,1.0,2.5,1
4252,1,4,4,0.75,2.5,1
4267,1,8,8,0.75,4.5,1
4280,1,1,1,1.0,1.0,1
4281,1,1,1,1.0,1.0,1
4282,1,14,14,0.9285714285714286,7.5,1
4297,1,26,26,0.6923076923076923,13.5,0
4312,1,4,4,0.75,2.5,1
4313,1,16,16,0.75,8.5,0
4315,1,6,6,0.6666666666666666,3.5,1
4325,1,4,4,1.0,2.5,1
4326,1,10,10,1.0,5.5,1
4336,2,42,42,0.30952380952380953,11.023809523809524,0
4344,1,9,9,0.6666666666666666,5.0,1
4356,1,28,28,0.9285714285714286,14.5,0
4363,1,22,22,0.7272727272727273,11.5,0
4368,1,7,7,1.0,4.0,1
4376,1,21,21,0.7619047619047619,11.0,0
4394,1,1,1,1.0,1.0,1
4416,1,17,17,0.11764705882352941,9.0,0
4433,1,1,1,1.0,1.0,1
4436,1,9,9,0.7777777777777778,5.0,1
4441,1,4,4,0.0,2.5,1
4443,1,8,8,0.0,4.5,1
4459,1,7,7,0.0,4.0,1
4477,1,14,14,0.5,7.5,1
4484,1,7,7,0.7142857142857143,4.0,1
4490,1,10,10,0.9,5.5,1
4499,1,10,10,0.9,5.5,1
4520,1,14,14,0.5,7.5,1
4531,1,5,5,0.6,3.0,1
4544,1,17,17,0.7058823529411765,9.0,0
4549,1,18,18,0.0,9.5,0
4558,1,2,2,1.0,1.5,1
4584,1,5,5,0.8,3.0,1
4588,1,9,9,0.6666666666666666,5.0,1
4597,1,5,5,0.2,3.0,1
4599,1,6,6,0.6666666666666666,3.5,1
4604,1,19,19,0.631578947368421,10.0,0
4612,1,3,3,0.6666666666666666,2.0,1
4623,1,25,25,0.0,13.0,0
4629,1,5,5,1.0,3.0,1
4631,1,17,17,0.9411764705882353,9.0,0
4645,1,4,4,0.75,2.5,1
4647,1,10,10,0.8,5.5,1
4652,1,7,7,0.8571428571428571,4.0,1
4661,1,7,7,0.5714285714285714,4.0,1
4693,1,10,10,0.9,5.5,1
4697,1,9,9,0.5555555555555556,5.0,1
4703,1,19,19,0.5263157894736842,10.0,0
4711,1,15,15,1.0,8.0,1
4724,1,35,35,0.7142857142857143,18.0,0
4730,1,4,4,0.5,2.5,1
4731,1,12,12,0.8333333333333334,6.5,1
4762,1,3,3,1.0,2.0,1
4764,1,4,4,0.25,2.5,1
4787,1,11,11,0.18181818181818182,6.0,1
4789,2,38,33,0.8157894736842105,10.026315789473685,0
4793,1,9,9,0.5555555555555556,5.0,1
4820,1,12,12,0.4166666666666667,6.5,1
4823,1,4,4,0.75,2.5,1
4851,1,12,12,0.6666666666666666,6.5,1
4865,1,6,6,0.8333333333333334,3.5,1
4869,1,5,5,1.0,3.0,1
4881,1,9,9,0.7777777777777778,5.0,1
4900,1,17,17,0.8235294117647058,9.0,0
4931,1,15,15,0.26666666666666666,8.0,1
4937,1,7,7,0.42857142857142855,4.0,1
4948,1,18,18,0.6666666666666666,9.5,0
4949,1,19,19,0.8947368421052632,10.0,0
4966,1,7,7,1.0,4.0,1
4971,1,15,15,0.13333333333333333,8.0,1
4974,1,21,21,0.9523809523809523,11.0,0
4988,1,10,10,0.3,5.5,1
4993,1,6,6,0.6666666666666666,3.5,1
5006,1,7,7,0.0,4.0,1
5010,1,5,5,0.2,3.0,1
5030,1,10,10,0.8,5.5,1
5036,1,16,16,0.3125,8.5,0
5045,1,9,9,0.3333333333333333,5.0,1
5057,1,15,15,0.4666666666666667,8.0,1
5070,1,8,8,0.0,4.5,1
5085,1,4,4,0.25,2.5,1
5098,1,2,2,0.0,1.5,1
5101,2,10,10,0.9,3.1,1
5103,1,6,6,0.8333333333333334,3.5,1
5110,1,14,14,0.07142857142857142,7.5,1
5149,1,2,2,0.5,1.5,1
5152,1,7,7,0.7142857142857143,4.0,1
5189,1,6,6,1.0,3.5,1
5206,1,12,12,0.0,6.5,1
5211,1,8,8,0.375,4.5,1
5217,1,7,7,0.5714285714285714,4.0,1
5236,1,1,1,1.0,1.0,1
5241,1,13,13,1.0,7.0,1
5255,1,3,3,0.3333333333333333,2.0,1
5266,1,6,6,0.5,3.5,1
5285,1,16,16,0.4375,8.5,0
5286,1,13,13,0.46153846153846156,7.0,1
5296,1,15,15,1.0,8.0,1
5303,1,15,15,0.8,8.0,1
5307,1,17,17,0.8823529411764706,9.0,0
5314,1,8,8,1.0,4.5,1
5315,1,11,11,0.09090909090909091,6.0,1
5321,1,15,15,0.6666666666666666,8.0,1
5326,1,8,8,0.25,4.5,1
5330,1,19,19,0.0,10.0,0
5346,1,14,14,0.35714285714285715,7.5,1
5360,2,73,65,0.8493150684931506,19.164383561643834,0
5361,1,18,18,0.7222222222222222,9.5,0
5365,1,6,6,0.8333333333333334,3.5,1
5374,1,8,8,0.375,4.5,1
5387,1,1,1,1.0,1.0,1
5392,1,3,3,1.0,2.0,1
5394,1,3,3,0.0,2.0,1
5408,1,3,3,0.0,2.0,1
5409,1,6,6,0.0,3.5,1
5412,1,6,6,0.8333333333333334,3.5,1
5430,1,5,5,1.0,3.0,1
5436,1,19,19,0.0,10.0,0
5439,1,11,11,0.45454545454545453,6.0,1
5441,2,26,25,0.2692307692307692,12.538461538461538,0
5449,1,6,6,0.5,3.5,1
5453,1,17,17,0.7647058823529411,9.0,0
5473,1,8,8,0.125,4.5,1
5474,1,12,12,0.0,6.5,1
5493,2,31,30,0.5161290322580645,8.64516129032258,0
5502,1,8,8,1.0,4.5,1
5536,1,3,3,1.0,2.0,1
5543,2,51,51,0.35294117647058826,13.647058823529411,0
5552,1,6,6,0.3333333333333333,3.5,1
5575,1,10,10,0.0,5.5,1
5587,1,14,14,0.5714285714285714,7.5,1
5588,1,26,26,0.9615384615384616,13.5,0
5591,1,6,6,0.0,3.5,1
5610,1,27,27,0.4074074074074074,14.0,0
5613,1,23,23,0.782608695652174,12.0,0
5629,1,6,6,0.8333333333333334,3.5,1
5642,1,20,20,0.8,10.5,0
5647,1,10,10,0.2,5.5,1
5674,1,2,2,0.5,1.5,1
5692,2,15,14,0.6666666666666666,4.4,1
5718,1,2,2,1.0,1.5,1
5721,1,3,3,0.3333333333333333,2.0,1
5729,1,7,7,0.14285714285714285,4.0,1
5738,1,8,8,0.75,4.5,1
5745,1,11,11,1.0,6.0,1
5758,1,9,9,0.1111111111111111,5.0,1
5777,1,1,1,1.0,1.0,1
5779,2,20,20,0.55,5.7,0
5782,1,2,2,1.0,1.5,1
5785,1,5,5,0.4,3.0,1
5788,1,11,11,0.0,6.0,1
5789,1,9,9,0.5555555555555556,5.0,1
5801,1,15,15,0.6666666666666666,8.0,1
5802,1,2,2,1.0,1.5,1
5808,1,10,10,0.3,5.5,1
5818,1,5,5,0.6,3.0,1
5824,1,10,10,0.0,5.5,1
5848,1,18,18,0.9444444444444444,9.5,0
5860,1,7,7,1.0,4.0,1
5897,2,29,29,0.5517241379310345,10.241379310344827,0
5902,1,2,2,1.0,1.5,1
5910,1,6,6,0.0,3.5,1
5927,1,19,19,0.7368421052631579,10.0,0
5937,1,7,7,0.5714285714285714,4.0,1
5938,1,7,7,0.0,4.0,1
5942,1,3,3,1.0,2.0,1
5946,1,2,2,1.0,1.5,1
5963,1,14,14,0.9285714285714286,7.5,1
5970,1,13,13,0.07692307692307693,7.0,1
5978,1,10,10,1.0,5.5,1
5992,1,2,2,1.0,1.5,1
6003,1,7,7,0.42857142857142855,4.0,1
6020,1,7,7,0.8571428571428571,4.0,1
6031,1,3,3,1.0,2.0,1
6035,1,6,6,1.0,3.5,1
6045,1,2,2,0.5,1.5,1
6060,1,10,10,0.9,5.5,1
6069,1,1,1,1.0,1.0,1
6077,1,13,13,0.38461538461538464,7.0,1
6085,1,10,10,0.5,5.5,1
6092,1,11,11,0.5454545454545454,6.0,1
6094,2,11,11,0.8181818181818182,4.363636363636363,1
6099,1,31,31,0.7096774193548387,16.0,0
6101,1,1,1,1.0,1.0,1
6103,1,3,3,1.0,2.0,1
6118,2,21,21,0.8571428571428571,9.19047619047619,0
6126,1,20,20,0.6,10.5,0
6131,2,15,13,0.6,4.4,1
6136,1,17,17,0.47058823529411764,9.0,0
6139,1,26,26,0.5,13.5,0
6141,2,30,30,0.1,8.033333333333333,0
6163,1,15,15,0.6666666666666666,8.0,1
6175,1,11,11,0.7272727272727273,6.0,1
6216,1,14,14,0.9285714285714286,7.5,1
6228,1,1,1,0.0,1.0,1
6241,1,35,35,0.5142857142857142,18.0,0
6246,1,5,5,0.2,3.0,1
6320,1,2,2,1.0,1.5,1
6329,1,6,6,0.0,3.5,1
6344,1,10,10,0.9,5.5,1
6362,1,18,18,0.2777777777777778,9.5,0
6371,1,1,1,1.0,1.0,1
6390,1,1,1,1.0,1.0,1
6392,1,3,3,0.0,2.0,1
6401,1,5,5,0.6,3.0,1
6405,1,15,15,0.6,8.0,1
6409,4,125,56,0.944,16.312,0
6413,1,4,4,0.0,2.5,1
6417,1,9,9,0.7777777777777778,5.0,1
6418,1,13,13,0.0,7.0,1
6419,1,2,2,0.5,1.5,1
6441,1,6,6,0.0,3.5,1
6448,1,8,8,1.0,4.5,1
6462,1,6,6,0.6666666666666666,3.5,1
6463,1,1,1,1.0,1.0,1
6467,1,14,14,0.2857142857142857,7.5,1
6468,1,15,15,0.5333333333333333,8.0,1
6482,1,2,2,1.0,1.5,1
6492,1,8,8,0.875,4.5,1
6501,2,17,14,0.8235294117647058,4.882352941176471,0
6517,1,27,27,0.2962962962962963,14.0,0
6532,1,6,6,0.8333333333333334,3.5,1
6537,1,5,5,0.6,3.0,1
6560,1,2,2,0.0,1.5,1
6567,1,10,10,0.6,5.5,1
6573,1,6,6,1.0,3.5,1
6577,1,22,22,0.5454545454545454,11.5,0
6613,1,5,5,1.0,3.0,1
6634,1,4,4,1.0,2.5,1
6636,1,7,7,1.0,4.0,1
6654,1,16,16,0.1875,8.5,0
6688,1,3,3,1.0,2.0,1
6689,1,14,14,0.5714285714285714,7.5,1
6692,1,21,21,0.5238095238095238,11.0,0
6696,1,4,4,0.5,2.5,1
6697,1,20,20,0.65,10.5,0
6698,1,13,13,0.6923076923076923,7.0,1
6705,1,15,15,0.13333333333333333,8.0,1
6709,1,6,6,0.3333333333333333,3.5,1
6721,1,11,11,0.8181818181818182,6.0,1
6735,1,14,14,0.8571428571428571,7.5,1
6739,1,7,7,0.8571428571428571,4.0,1
6754,2,21,16,0.6190476190476191,5.761904761904762,0
6756,1,5,5,1.0,3.0,1
6766,1,10,10,0.0,5.5,1
6778,1,18,18,0.8888888888888888,9.5,0
6801,2,17,17,0.8823529411764706,4.764705882352941,0
6803,1,4,4,0.75,2.5,1
6808,1,11,11,1.0,6.0,1
6810,1,9,9,0.7777777777777778,5.0,1
6812,1,2,2,1.0,1.5,1
6820,1,5,5,0.4,3.0,1
6821,1,4,4,1.0,2.5,1
6822,1,5,5,0.6,3.0,1
6832,1,14,14,0.7142857142857143,7.5,1
6841,1,8,8,0.875,4.5,1
6851,2,20,20,0.65,6.3,0
6856,1,10,10,0.5,5.5,1
6877,1,9,9,0.2222222222222222,5.0,1
6895,1,9,9,0.8888888888888888,5.0,1
6915,2,4,4,0.0,1.75,1
6933,1,8,8,0.125,4.5,1
6956,1,4,4,1.0,2.5,1
6990,1,7,7,0.5714285714285714,4.0,1
7004,1,4,4,0.75,2.5,1
7020,1,9,9,0.2222222222222222,5.0,1
7044,1,27,27,0.7407407407407407,14.0,0
7105,1,3,3,0.0,2.0,1
7114,1,7,7,1.0,4.0,1
7116,1,2,2,0.5,1.5,1
7144,1,4,4,0.75,2.5,1
7149,1,15,15,0.6,8.0,1
7151,1,7,7,1.0,4.0,1
7156,1,11,11,0.8181818181818182,6.0,1
7166,1,2,2,0.0,1.5,1
7175,1,5,5,1.0,3.0,1
7185,1,3,3,1.0,2.0,1
7203,1,15,15,0.0,8.0,1
7205,1,2,2,1.0,1.5,1
7206,1,5,5,0.8,3.0,1
7228,1,6,6,0.3333333333333333,3.5,1
7229,1,2,2,0.0,1.5,1
7233,1,11,11,0.8181818181818182,6.0,1
7236,1,6,6,0.6666666666666666,3.5,1
7245,2,16,16,0.9375,4.5,0
7278,1,20,20,0.5,10.5,0
7287,1,8,8,0.5,4.5,1
7293,1,24,24,0.8333333333333334,12.5,0
7301,1,1,1,1.0,1.0,1
7309,1,10,10,0.4,5.5,1
7331,1,4,4,0.0,2.5,1
7333,1,3,3,1.0,2.0,1
7334,1,19,19,0.5789473684210527,10.0,0
7351,1,1,1,0.0,1.0,1
7358,1,13,13,0.23076923076923078,7.0,1
7359,1,17,17,0.7647058823529411,9.0,0
7372,1,8,8,0.5,4.5,1
7374,1,1,1,1.0,1.0,1
7402,1,1,1,0.0,1.0,1
7404,1,7,7,0.8571428571428571,4.0,1
7415,1,5,5,0.2,3.0,1
7427,1,4,4,0.75,2.5,1
7439,1,12,12,0.4166666666666667,6.5,1
7440,1,10,10,0.9,5.5,1
7448,1,9,9,0.4444444444444444,5.0,1
7449,1,8,8,0.875,4.5,1
7465,1,1,1,0.0,1.0,1
7492,1,23,23,0.8260869565217391,12.0,0
7497,2,30,27,0.5,8.3,0
7503,1,21,21,1.0,11.0,0
7520,1,12,12,0.8333333333333334,6.5,1
7524,1,1,1,1.0,1.0,1
7543,3,16,15,0.375,3.8125,0
7562,2,8,8,1.0,3.0,1
7565,1,4,4,1.0,2.5,1
7569,1,13,13,0.23076923076923078,7.0,1
7580,1,3,3,0.3333333333333333,2.0,1
7593,1,6,6,0.0,3.5,1
7608,1,9,9,0.1111111111111111,5.0,1
7610,1,15,15,0.4666666666666667,8.0,1
7618,1,9,9,0.3333333333333333,5.0,1
7622,1,3,3,0.6666666666666666,2.0,1
7625,1,6,6,0.0,3.5,1
7636,1,13,13,1.0,7.0,1
7653,1,21,21,0.47619047619047616,11.0,0
7658,1,2,2,1.0,1.5,1
7663,1,4,4,0.0,2.5,1
7677,1,10,10,0.5,5.5,1
7682,1,4,4,0.5,2.5,1
7695,1,18,18,0.5555555555555556,9.5,0
7701,2,35,35,0.9428571428571428,9.314285714285715,0
7706,1,12,12,0.9166666666666666,6.5,1
7717,1,8,8,0.0,4.5,1
7743,1,6,6,0.5,3.5,1
7744,1,15,15,1.0,8.0,1
7746,1,32,32,0.28125,16.5,0
7755,1,9,9,0.5555555555555556,5.0,1
7775,1,4,4,1.0,2.5,1
7792,2,40,40,0.525,16.9,0
7806,1,6,6,0.8333333333333334,3.5,1
7809,1,4,4,0.75,2.5,1
7810,1,17,17,0.47058823529411764,9.0,0
7818,1,17,17,0.7058823529411765,9.0,0
7831,1,6,6,0.5,3.5,1
7832,1,11,11,0.9090909090909091,6.0,1
7848,1,5,5,0.8,3.0,1
7864,1,11,11,0.36363636363636365,6.0,1
7870,1,11,11,0.18181818181818182,6.0,1
7886,1,3,3,0.6666666666666666,2.0,1
7892,1,4,4,0.25,2.5,1
7903,1,17,17,0.6470588235294118,9.0,0
7911,1,7,7,0.8571428571428571,4.0,1
7913,1,7,7,0.42857142857142855,4.0,1
7917,1,9,9,0.4444444444444444,5.0,1
7927,2,11,10,0.36363636363636365,3.272727272727273,1
7934,1,10,10,0.0,5.5,1
7952,1,2,2,0.5,1.5,1
7962,1,8,8,0.5,4.5,1
7966,1,5,5,0.8,3.0,1
7981,1,3,3,0.0,2.0,1
7982,2,3,3,1.0,1.3333333333333333,1
7983,1,9,9,0.3333333333333333,5.0,1
7988,1,19,19,0.0,10.0,0
7991,1,14,14,0.7142857142857143,7.5,1
8018,1,2,2,0.0,1.5,1
8022,1,6,6,0.8333333333333334,3.5,1
8037,1,13,13,0.23076923076923078,7.0,1
8046,1,12,12,1.0,6.5,1
8047,1,32,32,0.5,16.5,0
8054,1,2,2,1.0,1.5,1
8059,1,14,14,0.7857142857142857,7.5,1
8061,2,35,30,0.7714285714285715,10.114285714285714,0
8068,1,5,5,0.2,3.0,1
8075,1,4,4,1.0,2.5,1
8076,1,4,4,0.0,2.5,1
8084,1,7,7,0.42857142857142855,4.0,1
8088,1,7,7,0.42857142857142855,4.0,1
8089,2,6,6,0.8333333333333334,2.1666666666666665,1
8092,1,1,1,0.0,1.0,1
8100,1,3,3,0.3333333333333333,2.0,1
8129,1,8,8,1.0,4.5,1
8154,1,3,3,0.0,2.0,1
8170,1,10,10,1.0,5.5,1
8175,1,5,5,0.6,3.0,1
8189,1,3,3,1.0,2.0,1
8198,1,12,12,1.0,6.5,1
8216,1,13,13,0.6923076923076923,7.0,1
8236,1,8,8,0.75,4.5,1
8241,1,9,9,0.7777777777777778,5.0,1
8245,1,9,9,0.8888888888888888,5.0,1
8260,1,17,17,0.4117647058823529,9.0,0
8265,1,4,4,1.0,2.5,1
8273,1,18,18,0.9444444444444444,9.5,0
8309,1,3,3,0.6666666666666666,2.0,1
8323,1,2,2,1.0,1.5,1
8337,1,1,1,0.0,1.0,1
8340,1,20,20,0.85,10.5,0
8356,1,2,2,1.0,1.5,1
8359,1,19,19,1.0,10.0,0
8378,1,11,11,0.18181818181818182,6.0,1
8379,1,9,9,0.0,5.0,1
8384,1,1,1,1.0,1.0,1
8405,1,14,14,0.5714285714285714,7.5,1
8406,1,9,9,1.0,5.0,1
8411,1,14,14,0.0,7.5,1
8417,1,9,9,0.6666666666666666,5.0,1
8420,1,7,7,1.0,4.0,1
8421,2,10,10,0.7,4.6,1
8422,1,8,8,0.75,4.5,1
8432,1,21,21,0.9047619047619048,11.0,0
8456,1,4,4,0.5,2.5,1
8470,1,5,5,0.4,3.0,1
8485,1,13,13,0.46153846153846156,7.0,1
8492,1,28,28,0.5,14.5,0
8502,1,17,17,0.8235294117647058,9.0,0
8506,1,29,29,0.6896551724137931,15.0,0
8509,1,11,11,0.36363636363636365,6.0,1
8516,1,11,11,0.0,6.0,1
8535,2,15,15,1.0,7.066666666666666,0
8544,1,20,20,0.6,10.5,0
8547,1,7,7,0.5714285714285714,4.0,1
8574,1,15,15,0.8,8.0,1
8627,1,16,16,0.6875,8.5,0
8634,1,3,3,0.6666666666666666,2.0,1
8637,1,10,10,0.8,5.5,1
8656,1,14,14,1.0,7.5,1
8657,1,3,3,0.6666666666666666,2.0,1
8661,1,12,12,0.5833333333333334,6.5,1
8664,2,16,16,0.8125,5.5,0
8672,1,4,4,1.0,2.5,1
8677,1,5,5,0.8,3.0,1
8687,1,10,10,0.2,5.5,1
8691,1,6,6,0.16666666666666666,3.5,1
8703,1,5,5,1.0,3.0,1
8716,1,10,10,0.5,5.5,1
8719,1,22,22,0.0,11.5,0
8747,1,5,5,0.2,3.0,1
8748,1,3,3,0.6666666666666666,2.0,1
8759,1,2,2,0.5,1.5,1
8770,2,8,6,0.75,2.625,1
8777,1,6,6,1.0,3.5,1
8794,1,4,4,0.25,2.5,1
8806,1,11,11,0.9090909090909091,6.0,1
8839,1,11,11,0.45454545454545453,6.0,1
8841,1,7,7,1.0,4.0,1
8849,1,23,23,0.17391304347826086,12.0,0
8859,1,2,2,0.0,1.5,1
8875,1,3,3,0.0,2.0,1
8910,1,2,2,1.0,1.5,1
8911,1,1,1,1.0,1.0,1
8926,1,6,6,1.0,3.5,1
8931,1,9,9,0.6666666666666666,5.0,1
8941,1,13,13,0.6923076923076923,7.0,1
8962,1,11,11,0.6363636363636364,6.0,1
8967,1,25,25,0.0,13.0,0
8975,1,11,11,0.9090909090909091,6.0,1
8999,1,14,14,0.7142857142857143,7.5,1
9006,1,10,10,0.7,5.5,1
9007,1,15,15,0.8,8.0,1
9026,1,7,7,0.2857142857142857,4.0,1
9036,1,50,50,0.9,25.5,0
9063,1,17,17,0.0,9.0,0
9070,1,10,10,1.0,5.5,1
9077,1,4,4,0.0,2.5,1
9083,1,4,4,1.0,2.5,1
9094,1,8,8,0.0,4.5,1
9095,1,10,10,0.2,5.5,1
9097,1,7,7,1.0,4.0,1
9109,1,1,1,1.0,1.0,1
9119,1,4,4,0.75,2.5,1
9124,1,11,11,0.7272727272727273,6.0,1
9159,1,26,26,0.07692307692307693,13.5,0
9160,1,11,11,0.45454545454545453,6.0,1
9161,1,13,13,0.7692307692307693,7.0,1
9170,1,21,21,0.0,11.0,0
9180,1,1,1,0.0,1.0,1
9182,1,8,8,0.875,4.5,1
9185,1,5,5,0.0,3.0,1
9220,1,2,2,1.0,1.5,1
9221,1,5,5,0.6,3.0,1
9227,1,34,34,0.47058823529411764,17.5,0
9239,1,11,11,0.9090909090909091,6.0,1
9266,1,15,15,0.4,8.0,1
9271,1,2,2,1.0,1.5,1
9278,1,12,12,0.6666666666666666,6.5,1
9291,1,13,13,1.0,7.0,1
9321,2,38,38,0.42105263157894735,15.157894736842104,0
9330,1,5,5,1.0,3.0,1
9339,1,2,2,1.0,1.5,1
9347,2,13,13,0.15384615384615385,3.769230769230769,1
9364,1,14,14,0.7857142857142857,7.5,1
9365,1,20,20,0.6,10.5,0
9380,1,11,11,0.45454545454545453,6.0,1
9382,1,11,11,0.36363636363636365,6.0,1
9390,1,8,8,0.875,4.5,1
9401,1,15,15,0.8666666666666667,8.0,1
9432,1,6,6,1.0,3.5,1
9452,1,19,19,0.5789473684210527,10.0,0
9479,2,19,15,0.42105263157894735,5.368421052631579,0
9486,2,34,34,0.6176470588235294,9.0,0
9492,1,20,20,0.0,10.5,0
9493,1,3,3,1.0,2.0,1
9501,1,8,8,0.75,4.5,1
9509,1,3,3,0.6666666666666666,2.0,1
9526,1,9,9,0.0,5.0,1
9579,1,5,5,0.0,3.0,1
9608,1,10,10,0.4,5.5,1
9615,1,9,9,1.0,5.0,1
9637,1,5,5,0.6,3.0,1
9650,1,10,10,0.5,5.5,1
9675,1,22,22,0.9545454545454546,11.5,0
9682,1,10,10,1.0,5.5,1
9719,1,40,40,0.0,20.5,0
9734,1,6,6,1.0,3.5,1
9757,1,23,23,0.8695652173913043,12.0,0
9790,1,10,10,0.2,5.5,1
9793,1,13,13,0.8461538461538461,7.0,1
9829,1,4,4,1.0,2.5,1
9841,1,9,9,1.0,5.0,1
9850,1,8,8,0.0,4.5,1
9852,1,9,9,0.6666666666666666,5.0,1
9868,1,12,12,0.5833333333333334,6.5,1
9902,1,9,9,0.8888888888888888,5.0,1
9929,1,11,11,1.0,6.0,1
9945,1,3,3,1.0,2.0,1
9950,1,1,1,1.0,1.0,1
10000,1,13,13,0.23076923076923078,7.0,1
10020,1,10,10,0.4,5.5,1
10031,1,3,3,0.3333333333333333,2.0,1
10068,1,2,2,0.5,1.5,1
10105,1,19,19,0.7368421052631579,10.0,0
10114,1,6,6,1.0,3.5,1
10124,1,3,3,0.6666666666666666,2.0,1
10126,1,10,10,0.7,5.5,1
10130,1,5,5,0.0,3.0,1
10156,1,18,18,0.16666666666666666,9.5,0
10159,1,6,6,0.5,3.5,1
10170,1,13,13,0.9230769230769231,7.0,1
10171,1,2,2,0.5,1.5,1
10193,1,8,8,0.375,4.5,1
10221,1,4,4,0.75,2.5,1
10228,1,13,13,0.23076923076923078,7.0,1
10236,1,8,8,0.5,4.5,1
10241,1,25,25,0.8,13.0,0
10291,1,19,19,0.8947368421052632,10.0,0
10293,1,5,5,0.8,3.0,1
10339,1,5,5,0.4,3.0,1
10343,1,12,12,0.3333333333333333,6.5,1
10344,1,2,2,0.5,1.5,1
10351,1,5,5,1.0,3.0,1
10358,1,14,14,0.5714285714285714,7.5,1
10397,1,23,23,0.7391304347826086,12.0,0
10412,2,5,5,0.2,2.2,1
10419,1,4,4,1.0,2.5,1
10429,1,14,14,0.7142857142857143,7.5,1
10434,1,8,8,0.25,4.5,1
10441,1,4,4,0.5,2.5,1
10446,1,40,40,0.45,20.5,0
10461,1,10,10,0.6,5.5,1
10493,1,12,12,0.6666666666666666,6.5,1
10518,1,17,17,0.47058823529411764,9.0,0
10527,1,3,3,1.0,2.0,1
10535,1,4,4,0.5,2.5,1
10541,1,5,5,1.0,3.0,1
10542,1,15,15,0.4666666666666667,8.0,1
10546,1,7,7,0.5714285714285714,4.0,1
10548,1,16,16,0.6875,8.5,0
10570,1,8,8,0.0,4.5,1
10580,1,9,9,0.7777777777777778,5.0,1
10585,2,63,63,0.5396825396825397,16.285714285714285,0
10592,1,7,7,1.0,4.0,1
10597,1,18,18,0.6111111111111112,9.5,0
10600,3,15,15,0.6,3.2666666666666666,0
10627,1,4,4,0.75,2.5,1
10632,1,7,7,0.2857142857142857,4.0,1
10640,1,19,19,0.5263157894736842,10.0,0
10649,1,20,20,0.8,10.5,0
10660,1,10,10,0.8,5.5,1
10669,1,4,4,0.0,2.5,1
10671,1,15,15,0.2,8.0,1
10696,1,12,12,0.08333333333333333,6.5,1
10699,1,4,4,0.75,2.5,1
10704,1,13,13,0.5384615384615384,7.0,1
10712,1,7,7,1.0,4.0,1
10718,1,3,3,0.0,2.0,1
10722,1,11,11,0.09090909090909091,6.0,1
10747,1,8,8,1.0,4.5,1
10779,1,14,14,0.35714285714285715,7.5,1
10782,1,5,5,0.0,3.0,1
10783,1,1,1,0.0,1.0,1
10790,1,5,5,0.0,3.0,1
10799,1,2,2,0.5,1.5,1
10830,1,32,32,0.8125,16.5,0
10868,1,7,7,0.14285714285714285,4.0,1
10875,1,1,1,1.0,1.0,1
10877,1,7,7,0.0,4.0,1
10882,1,10,10,0.2,5.5,1
10888,1,10,10,0.9,5.5,1
10919,1,17,17,0.8235294117647058,9.0,0
10934,1,13,13,0.8461538461538461,7.0,1
10951,1,20,20,0.5,10.5,0
10988,1,5,5,0.0,3.0,1
11001,1,3,3,0.6666666666666666,2.0,1
11010,1,15,15,0.4666666666666667,8.0,1
11018,1,7,7,0.0,4.0,1
11026,1,4,4,1.0,2.5,1
11027,1,4,4,0.5,2.5,1
11036,1,8,8,0.625,4.5,1
11039,1,6,6,0.6666666666666666,3.5,1
11047,1,9,9,0.8888888888888888,5.0,1
11060,1,10,10,0.8,5.5,1
11062,1,7,7,1.0,4.0,1
11068,1,10,10,0.5,5.5,1
11082,1,11,11,0.6363636363636364,6.0,1
11111,1,8,8,0.625,4.5,1
11116,1,16,16,0.75,8.5,0
11121,1,11,11,0.2727272727272727,6.0,1
11122,1,28,28,0.6785714285714286,14.5,0
11141,1,2,2,0.0,1.5,1
11146,1,8,8,0.5,4.5,1
11152,1,8,8,0.75,4.5,1
11171,1,9,9,0.0,5.0,1
11176,2,12,11,0.75,3.5,1
11196,1,9,9,0.3333333333333333,5.0,1
11208,1,4,4,0.5,2.5,1
11210,1,12,12,1.0,6.5,1
11216,2,8,8,0.5,3.0,1
11222,1,4,4,0.5,2.5,1
11223,1,13,13,0.6923076923076923,7.0,1
11225,1,6,6,0.8333333333333334,3.5,1
11231,2,49,40,0.6938775510204082,13.36734693877551,0
11236,3,22,18,0.7272727272727273,6.181818181818182,0
11241,1,35,35,0.17142857142857143,18.0,0
11286,1,3,3,0.6666666666666666,2.0,1
11288,1,14,14,0.8571428571428571,7.5,1
11319,1,3,3,0.3333333333333333,2.0,1
11323,1,10,10,0.1,5.5,1
11334,1,4,4,0.5,2.5,1
11335,1,44,44,0.8863636363636364,22.5,0
11337,1,10,10,0.8,5.5,1
11344,1,11,11,0.09090909090909091,6.0,1
11365,1,9,9,0.0,5.0,1
11374,1,14,14,0.35714285714285715,7.5,1
11378,1,17,17,0.5882352941176471,9.0,0
11387,1,8,8,0.25,4.5,1
11418,1,4,4,0.75,2.5,1
11419,1,5,5,0.4,3.0,1
11450,1,33,33,0.48484848484848486,17.0,0
11455,1,9,9,0.4444444444444444,5.0,1
11457,1,16,16,0.875,8.5,0
11485,1,11,11,0.36363636363636365,6.0,1
11496,1,1,1,1.0,1.0,1
11499,1,8,8,0.5,4.5,1
11511,1,16,16,0.8125,8.5,0
11523,1,16,16,0.8125,8.5,0
11529,1,8,8,0.625,4.5,1
11547,2,5,5,0.8,1.8,1
11562,1,9,9,0.4444444444444444,5.0,1
11566,1,2,2,0.0,1.5,1
11574,1,6,6,0.8333333333333334,3.5,1
11588,2,27,22,0.8888888888888888,8.814814814814815,0
11592,1,10,10,0.6,5.5,1
11603,1,7,7,0.8571428571428571,4.0,1
11604,1,8,8,0.0,4.5,1
11635,1,14,14,0.5,7.5,1
11650,1,9,9,1.0,5.0,1
11661,1,9,9,0.6666666666666666,5.0,1
11665,1,17,17,0.0,9.0,0
11685,1,8,8,1.0,4.5,1
11689,1,7,7,0.0,4.0,1
11698,1,9,9,0.4444444444444444,5.0,1
11712,1,3,3,1.0,2.0,1
11716,1,11,11,0.9090909090909091,6.0,1
11724,1,3,3,0.6666666666666666,2.0,1
11729,1,49,49,0.7959183673469388,25.0,0
11742,1,4,4,1.0,2.5,1
11752,1,7,7,0.42857142857142855,4.0,1
11755,1,7,7,0.8571428571428571,4.0,1
11785,2,19,16,0.5263157894736842,5.2631578947368425,0
11789,1,21,21,0.047619047619047616,11.0,0
11808,1,25,25,0.84,13.0,0
11828,1,7,7,0.14285714285714285,4.0,1
11845,2,22,22,0.9090909090909091,9.681818181818182,0
11852,2,31,31,0.12903225806451613,13.290322580645162,0
11866,1,8,8,0.5,4.5,1
11907,2,30,30,0.7,8.033333333333333,0
11912,1,41,41,0.9024390243902439,21.0,0
11914,1,16,16,0.75,8.5,0
11924,1,4,4,1.0,2.5,1
11931,1,6,6,0.16666666666666666,3.5,1
11953,1,10,10,1.0,5.5,1
11961,1,14,14,0.2857142857142857,7.5,1
11998,1,10,10,0.4,5.5,1
12007,1,26,26,0.6153846153846154,13.5,0
12010,2,20,20,0.3,8.7,0
12016,2,29,29,0.3103448275862069,7.827586206896552,0
12025,1,1,1,1.0,1.0,1
12026,1,19,19,0.8421052631578947,10.0,0
12042,1,5,5,1.0,3.0,1
12043,1,11,11,0.45454545454545453,6.0,1
12044,1,13,13,0.9230769230769231,7.0,1
12046,1,19,19,0.0,10.0,0
12050,1,3,3,0.3333333333333333,2.0,1
12081,1,7,7,0.0,4.0,1
12084,1,9,9,0.2222222222222222,5.0,1
12090,1,20,20,0.45,10.5,0
12091,1,9,9,0.6666666666666666,5.0,1
12094,1,15,15,0.6,8.0,1
12102,2,51,51,0.9803921568627451,14.666666666666666,0
12114,1,17,17,0.5882352941176471,9.0,0
12123,1,13,13,0.23076923076923078,7.0,1
12126,1,6,6,0.6666666666666666,3.5,1
12132,1,34,34,0.0,17.5,0
12190,1,10,10,0.7,5.5,1
12191,1,12,12,0.8333333333333334,6.5,1
12205,2,8,8,1.0,3.0,1
12208,1,7,7,0.2857142857142857,4.0,1
12239,1,2,2,1.0,1.5,1
12249,1,18,18,0.8888888888888888,9.5,0
12269,1,12,12,0.9166666666666666,6.5,1
12295,1,12,12,0.9166666666666666,6.5,1
12300,1,60,60,0.85,30.5,0
12324,1,4,4,0.0,2.5,1
12325,1,30,30,0.7666666666666667,15.5,0
12326,1,9,9,0.5555555555555556,5.0,1
12329,1,7,7,0.42857142857142855,4.0,1
12374,1,28,28,0.39285714285714285,14.5,0
12394,1,19,19,0.7368421052631579,10.0,0
12407,2,5,5,1.0,1.8,1
12424,1,9,9,1.0,5.0,1
12433,2,31,31,0.06451612903225806,13.290322580645162,0
12445,1,1,1,1.0,1.0,1
12446,2,18,18,0.7222222222222222,5.0,0
12469,1,10,10,0.8,5.5,1
12477,1,18,18,0.0,9.5,0
12479,1,12,12,0.5,6.5,1
12486,1,1,1,1.0,1.0,1
12496,1,27,27,0.2962962962962963,14.0,0
12514,3,39,34,0.8974358974358975,7.17948717948718,0
12520,1,10,10,0.6,5.5,1
12523,1,17,17,0.47058823529411764,9.0,0
12533,1,13,13,0.3076923076923077,7.0,1
12590,1,8,8,0.0,4.5,1
12629,1,9,9,0.5555555555555556,5.0,1
12640,1,3,3,0.0,2.0,1
12657,1,4,4,0.75,2.5,1
12662,2,6,6,1.0,2.1666666666666665,1
12664,1,5,5,0.4,3.0,1
12666,1,30,30,0.7666666666666667,15.5,0
12670,1,8,8,0.875,4.5,1
12672,1,4,4,1.0,2.5,1
12691,1,13,13,0.6153846153846154,7.0,1
12702,1,11,11,0.9090909090909091,6.0,1
12710,1,16,16,0.5,8.5,0
12711,2,48,41,0.9166666666666666,13.833333333333334,0
12726,2,41,34,0.8780487804878049,12.121951219512194,0
12735,1,12,12,0.3333333333333333,6.5,1
12739,1,17,17,0.5294117647058824,9.0,0
12759,1,2,2,1.0,1.5,1
12775,1,9,9,0.7777777777777778,5.0,1
12782,1,4,4,0.25,2.5,1
12784,1,1,1,1.0,1.0,1
12788,1,13,13,0.38461538461538464,7.0,1
12807,1,5,5,0.0,3.0,1
12824,2,11,10,0.7272727272727273,3.272727272727273,1
12840,1,3,3,0.0,2.0,1
12856,1,13,13,0.9230769230769231,7.0,1
12863,1,2,2,1.0,1.5,1
12884,1,9,9,0.6666666666666666,5.0,1
12886,2,16,13,0.5625,4.75,0
12889,1,10,10,0.6,5.5,1
12899,2,25,25,1.0,9.64,0
12904,1,3,3,0.6666666666666666,2.0,1
12906,2,29,27,0.7931034482758621,7.758620689655173,0
12913,1,7,7,0.5714285714285714,4.0,1
12918,1,4,4,0.5,2.5,1
12924,1,12,12,0.8333333333333334,6.5,1
12951,1,5,5,1.0,3.0,1
12960,1,20,20,0.85,10.5,0
12978,1,3,3,0.6666666666666666,2.0,1
13009,1,6,6,1.0,3.5,1
13010,1,6,6,1.0,3.5,1
13018,1,5,5,0.6,3.0,1
13019,1,13,13,0.23076923076923078,7.0,1
13038,1,8,8,0.0,4.5,1
13053,2,2,2,1.0,1.0,1
13055,1,7,7,0.8571428571428571,4.0,1
13073,1,1,1,1.0,1.0,1
13107,1,8,8,1.0,4.5,1
13112,1,6,6,1.0,3.5,1
13120,1,14,14,0.7857142857142857,7.5,1
13127,3,15,15,0.4,3.466666666666667,0
13131,1,25,25,0.92,13.0,0
13141,2,21,21,0.42857142857142855,5.857142857142857,0
13149,1,6,6,1.0,3.5,1
13152,1,3,3,0.6666666666666666,2.0,1
13161,1,24,24,0.4583333333333333,12.5,0
13181,1,2,2,0.0,1.5,1
13212,1,7,7,0.2857142857142857,4.0,1
13275,1,5,5,0.4,3.0,1
13276,1,13,13,0.5384615384615384,7.0,1
13285,1,5,5,0.6,3.0,1
13288,1,13,13,0.0,7.0,1
13289,1,4,4,0.5,2.5,1
13315,1,15,15,1.0,8.0,1
13326,1,5,5,1.0,3.0,1
13334,1,4,4,0.5,2.5,1
13337,1,4,4,0.75,2.5,1
13346,1,9,9,0.2222222222222222,5.0,1
13347,1,5,5,1.0,3.0,1
13349,2,26,21,0.8461538461538461,8.384615384615385,0
13350,1,31,31,0.7096774193548387,16.0,0
13354,1,5,5,0.8,3.0,1
13375,1,20,20,0.55,10.5,0
13385,1,14,14,0.14285714285714285,7.5,1
13406,2,18,18,0.8333333333333334,5.5,0
13421,1,3,3,0.3333333333333333,2.0,1
13440,1,15,15,0.5333333333333333,8.0,1
13442,1,6,6,0.8333333333333334,3.5,1
13443,1,17,17,0.29411764705882354,9.0,0
13444,1,5,5,0.6,3.0,1
13445,1,12,12,0.9166666666666666,6.5,1
13446,1,13,13,0.8461538461538461,7.0,1
13451,1,12,12,0.4166666666666667,6.5,1
13476,1,3,3,0.0,2.0,1
13485,1,15,15,0.26666666666666666,8.0,1
13509,2,13,12,0.6923076923076923,3.769230769230769,1
13513,1,8,8,0.125,4.5,1
13516,1,8,8,0.25,4.5,1
13517,1,6,6,0.3333333333333333,3.5,1
13523,1,13,13,0.9230769230769231,7.0,1
13531,2,20,19,0.65,6.3,0
13536,1,1,1,0.0,1.0,1
13554,2,16,16,0.9375,4.5,0
13559,1,6,6,0.6666666666666666,3.5,1
13570,1,12,12,0.0,6.5,1
13596,1,6,6,0.5,3.5,1
13598,1,6,6,0.6666666666666666,3.5,1
13607,1,20,20,0.85,10.5,0
13616,1,14,14,0.0,7.5,1
13623,1,2,2,0.0,1.5,1
13649,1,6,6,0.16666666666666666,3.5,1
13656,1,24,24,0.625,12.5,0
13657,1,8,8,0.0,4.5,1
13665,1,2,2,0.0,1.5,1
13681,1,19,19,0.3684210526315789,10.0,0
13701,3,79,75,0.8734177215189873,13.721518987341772,0
13721,1,2,2,1.0,1.5,1
13731,1,7,7,0.7142857142857143,4.0,1
13739,1,7,7,0.2857142857142857,4.0,1
13748,1,1,1,0.0,1.0,1
13749,2,14,12,0.6428571428571429,4.071428571428571,1
13776,1,5,5,0.6,3.0,1
13782,1,9,9,0.1111111111111111,5.0,1
13796,1,1,1,1.0,1.0,1
13807,1,1,1,0.0,1.0,1
13841,1,4,4,0.75,2.5,1
13870,1,17,17,0.4117647058823529,9.0,0
13927,1,11,11,1.0,6.0,1
13943,1,5,5,1.0,3.0,1
13998,1,6,6,1.0,3.5,1
13999,1,11,11,0.7272727272727273,6.0,1
14003,1,23,23,0.8260869565217391,12.0,0
14012,1,8,8,0.875,4.5,1
14021,1,25,25,0.72,13.0,0
14027,1,13,13,0.46153846153846156,7.0,1
14043,2,18,18,0.3888888888888889,5.222222222222222,0
14052,1,5,5,0.6,3.0,1
14075,1,8,8,0.625,4.5,1
14078,1,20,20,0.45,10.5,0
14082,1,6,6,0.6666666666666666,3.5,1
14091,1,25,25,0.6,13.0,0
14092,1,5,5,0.8,3.0,1
14111,1,4,4,0.25,2.5,1
14139,1,1,1,0.0,1.0,1
14151,1,19,19,0.9473684210526315,10.0,0
14160,1,5,5,0.6,3.0,1
14172,1,9,9,1.0,5.0,1
14212,1,4,4,0.0,2.5,1
14218,1,3,3,1.0,2.0,1
14221,1,2,2,1.0,1.5,1
14226,1,1,1,1.0,1.0,1
14249,2,34,34,0.6176470588235294,9.735294117647058,0
14260,1,6,6,0.5,3.5,1
14264,1,25,25,0.76,13.0,0
14275,1,2,2,1.0,1.5,1
14288,1,20,20,0.0,10.5,0
14289,1,10,10,0.2,5.5,1
14293,1,12,12,0.6666666666666666,6.5,1
14303,1,13,13,0.8461538461538461,7.0,1
14321,1,13,13,1.0,7.0,1
14332,1,1,1,0.0,1.0,1
14348,1,4,4,0.0,2.5,1
14357,1,3,3,0.3333333333333333,2.0,1
14358,1,7,7,0.8571428571428571,4.0,1
14367,4,66,58,0.7121212121212122,9.909090909090908,0
14373,1,3,3,1.0,2.0,1
14386,1,7,7,0.2857142857142857,4.0,1
14410,1,12,12,0.9166666666666666,6.5,1
14413,1,12,12,1.0,6.5,1
14416,1,13,13,0.9230769230769231,7.0,1
14421,1,5,5,0.2,3.0,1
14423,1,14,14,0.35714285714285715,7.5,1
14437,1,6,6,1.0,3.5,1
14448,1,13,13,0.8461538461538461,7.0,1
14453,1,3,3,0.6666666666666666,2.0,1
14459,1,4,4,1.0,2.5,1
14473,1,9,9,0.0,5.0,1
14477,1,5,5,0.6,3.0,1
14489,2,34,30,0.8235294117647058,9.735294117647058,0
14490,1,3,3,0.3333333333333333,2.0,1
14494,1,14,14,0.42857142857142855,7.5,1
14502,1,7,7,0.7142857142857143,4.0,1
14509,1,14,14,0.6428571428571429,7.5,1
14530,1,2,2,0.5,1.5,1
14537,1,2,2,0.0,1.5,1
14540,1,3,3,1.0,2.0,1
14572,1,2,2,0.5,1.5,1
14579,1,7,7,0.5714285714285714,4.0,1
14584,1,12,12,0.8333333333333334,6.5,1
14588,1,4,4,0.5,2.5,1
14594,1,1,1,0.0,1.0,1
14598,1,25,25,0.88,13.0,0
14600,1,10,10,0.3,5.5,1
14630,1,8,8,0.875,4.5,1
14631,1,35,35,0.8,18.0,0
14634,1,10,10,0.3,5.5,1
14663,1,3,3,0.3333333333333333,2.0,1
14664,1,9,9,0.0,5.0,1
14668,1,8,8,0.625,4.5,1
14684,1,8,8,0.75,4.5,1
14689,1,1,1,1.0,1.0,1
14695,1,10,10,0.8,5.5,1
14700,1,2,2,0.0,1.5,1
14702,2,9,9,0.5555555555555556,3.4444444444444446,1
14709,1,9,9,0.6666666666666666,5.0,1
14714,1,1,1,1.0,1.0,1
14723,1,1,1,1.0,1.0,1
14725,1,1,1,1.0,1.0,1
14734,1,13,13,0.9230769230769231,7.0,1
14737,1,14,14,0.5714285714285714,7.5,1
14746,1,6,6,0.6666666666666666,3.5,1
14748,2,2,2,1.0,1.0,1
14766,1,12,12,0.4166666666666667,6.5,1
14773,1,3,3,0.6666666666666666,2.0,1
14776,1,3,3,1.0,2.0,1
14777,1,6,6,0.16666666666666666,3.5,1
14781,1,13,13,0.6923076923076923,7.0,1
14787,1,7,7,0.0,4.0,1
14809,1,2,2,0.0,1.5,1
14817,1,22,22,0.0,11.5,0
14821,1,16,16,0.0,8.5,0
14825,1,6,6,0.5,3.5,1
14857,2,50,50,0.88,14.28,0
14867,1,4,4,0.5,2.5,1
14868,3,43,41,0.8837209302325582,9.162790697674419,0
14872,1,13,13,0.7692307692307693,7.0,1
14873,2,51,51,0.7254901960784313,13.294117647058824,0
14882,1,9,9,0.7777777777777778,5.0,1
14892,1,7,7,0.0,4.0,1
14895,1,3,3,0.0,2.0,1
14900,1,1,1,1.0,1.0,1
14920,1,9,9,1.0,5.0,1
14934,1,3,3,1.0,2.0,1
14936,1,4,4,0.25,2.5,1
14941,1,7,7,0.8571428571428571,4.0,1
14955,1,5,5,1.0,3.0,1
14981,1,1,1,1.0,1.0,1
14987,1,4,4,0.5,2.5,1
14990,1,21,21,0.0,11.0,0
14996,1,8,8,0.5,4.5,1
15003,1,14,14,0.8571428571428571,7.5,1
15030,1,4,4,1.0,2.5,1
15032,1,5,5,0.8,3.0,1
15036,1,11,11,0.45454545454545453,6.0,1
15038,1,13,13,0.0,7.0,1
15059,1,11,11,0.0,6.0,1
15060,1,6,6,0.8333333333333334,3.5,1
15068,1,7,7,0.42857142857142855,4.0,1
15083,1,19,19,0.0,10.0,0
15112,1,17,17,0.4117647058823529,9.0,0
15124,1,4,4,1.0,2.5,1
15147,1,10,10,0.9,5.5,1
15154,1,9,9,0.0,5.0,1
15160,1,9,9,0.7777777777777778,5.0,1
15161,1,1,1,1.0,1.0,1
15165,1,5,5,0.4,3.0,1
15169,1,9,9,0.5555555555555556,5.0,1
15170,1,12,12,0.08333333333333333,6.5,1
15177,1,9,9,0.0,5.0,1
15182,1,3,3,1.0,2.0,1
15194,1,12,12,0.3333333333333333,6.5,1
15196,1,9,9,0.4444444444444444,5.0,1
15197,1,11,11,0.2727272727272727,6.0,1
15202,1,3,3,0.0,2.0,1
15234,1,2,2,0.5,1.5,1
15273,1,3,3,0.3333333333333333,2.0,1
15297,1,1,1,1.0,1.0,1
15302,1,9,9,0.0,5.0,1
15314,1,6,6,0.8333333333333334,3.5,1
15322,1,34,34,0.4411764705882353,17.5,0
15332,1,8,8,0.5,4.5,1
15356,1,11,11,0.7272727272727273,6.0,1
15380,1,11,11,0.0,6.0,1
15392,1,11,11,0.0,6.0,1
15411,1,11,11,1.0,6.0,1
15428,1,6,6,0.5,3.5,1
15445,1,8,8,0.375,4.5,1
15447,3,10,8,1.0,2.3,1
15460,1,7,7,1.0,4.0,1
15461,1,9,9,0.3333333333333333,5.0,1
15463,1,10,10,0.2,5.5,1
15466,1,15,15,0.8666666666666667,8.0,1
15474,1,8,8,1.0,4.5,1
15479,1,10,10,0.5,5.5,1
15501,1,18,18,1.0,9.5,0
15505,1,6,6,0.6666666666666666,3.5,1
15514,1,5,5,0.4,3.0,1
15521,1,10,10,0.6,5.5,1
15527,1,18,18,0.6666666666666666,9.5,0
15528,1,20,20,0.5,10.5,0
15539,1,10,10,0.8,5.5,1
15540,2,14,14,0.7857142857142857,4.285714285714286,1
15556,1,15,15,0.2,8.0,1
15572,1,6,6,0.5,3.5,1
15579,1,10,10,1.0,5.5,1
15589,1,1,1,0.0,1.0,1
15592,1,2,2,1.0,1.5,1
15608,1,17,17,0.9411764705882353,9.0,0
15621,1,12,12,0.9166666666666666,6.5,1
15626,1,4,4,0.75,2.5,1
15634,1,10,10,0.9,5.5,1
15652,1,30,30,0.6,15.5,0
15673,1,3,3,0.3333333333333333,2.0,1
15682,2,16,13,0.8125,4.5,0
15700,1,6,6,0.16666666666666666,3.5,1
15733,1,13,13,0.15384615384615385,7.0,1
15741,1,19,19,0.8421052631578947,10.0,0
15744,2,12,12,0.08333333333333333,3.5,1
15754,1,17,17,0.7647058823529411,9.0,0
15755,1,5,5,0.8,3.0,1
15765,1,5,5,1.0,3.0,1
15785,1,17,17,1.0,9.0,0
15791,1,15,15,0.4,8.0,1
15803,1,6,6,1.0,3.5,1
15811,2,32,28,0.84375,8.5,0
15819,1,13,13,0.3076923076923077,7.0,1
15835,1,15,15,0.6,8.0,1
15857,1,17,17,0.6470588235294118,9.0,0
15864,2,18,17,0.3888888888888889,5.0,0
15885,1,15,15,0.5333333333333333,8.0,1
15896,1,20,20,0.95,10.5,0
15899,1,18,18,0.6111111111111112,9.5,0
15906,1,18,18,0.8333333333333334,9.5,0
15943,1,9,9,1.0,5.0,1
15946,1,12,12,0.6666666666666666,6.5,1
15956,1,7,7,0.42857142857142855,4.0,1
15957,1,2,2,1.0,1.5,1
15959,1,18,18,0.4444444444444444,9.5,0
15962,1,25,25,0.72,13.0,0
15968,1,33,33,0.7878787878787878,17.0,0
15977,1,9,9,0.0,5.0,1
15979,1,10,10,0.2,5.5,1
15981,1,18,18,1.0,9.5,0
15999,1,11,11,0.6363636363636364,6.0,1
16000,1,6,6,0.0,3.5,1
16001,1,7,7,1.0,4.0,1
16011,1,10,10,0.9,5.5,1
16013,1,11,11,0.2727272727272727,6.0,1
16017,1,6,6,0.5,3.5,1
16022,1,12,12,0.0,6.5,1
16024,1,3,3,0.6666666666666666,2.0,1
16030,1,22,22,0.5454545454545454,11.5,0
16032,1,37,37,0.4594594594594595,19.0,0
16066,1,16,16,0.5625,8.5,0
16072,1,10,10,0.5,5.5,1
16103,1,10,10,0.4,5.5,1
16108,1,3,3,0.3333333333333333,2.0,1
16111,1,11,11,0.7272727272727273,6.0,1
16136,1,12,12,0.8333333333333334,6.5,1
16137,1,3,3,0.6666666666666666,2.0,1
16152,1,17,17,0.11764705882352941,9.0,0
16165,1,6,6,0.3333333333333333,3.5,1
16166,1,12,12,0.8333333333333334,6.5,1
16181,1,23,23,0.6956521739130435,12.0,0
16184,1,3,3,1.0,2.0,1
16196,1,1,1,1.0,1.0,1
16204,1,14,14,0.2857142857142857,7.5,1
16225,1,11,11,0.0,6.0,1
16226,2,14,14,0.7857142857142857,4.071428571428571,1
16227,1,8,8,0.0,4.5,1
16247,1,7,7,0.7142857142857143,4.0,1
16256,1,12,12,0.6666666666666666,6.5,1
16261,1,5,5,0.2,3.0,1
16272,1,17,17,0.47058823529411764,9.0,0
16278,1,8,8,0.75,4.5,1
16286,1,4,4,0.75,2.5,1
16288,1,14,14,0.0,7.5,1
16298,2,17,16,0.8823529411764706,5.117647058823529,0
16307,1,3,3,1.0,2.0,1
16315,1,3,3,1.0,2.0,1
16345,1,17,17,0.9411764705882353,9.0,0
16356,1,20,20,0.55,10.5,0
16357,2,19,19,0.631578947368421,5.578947368421052,0
16364,1,8,8,0.625,4.5,1
16370,1,5,5,1.0,3.0,1
16390,1,19,19,0.631578947368421,10.0,0
16397,1,1,1,1.0,1.0,1
16400,1,2,2,1.0,1.5,1
16401,1,19,19,0.8947368421052632,10.0,0
16408,2,37,37,0.13513513513513514,11.702702702702704,0
16428,1,9,9,0.7777777777777778,5.0,1
16429,1,5,5,1.0,3.0,1
16456,1,1,1,0.0,1.0,1
16482,1,25,25,0.68,13.0,0
16492,1,9,9,0.4444444444444444,5.0,1
16502,1,3,3,0.6666666666666666,2.0,1
16504,1,17,17,1.0,9.0,0
16554,1,6,6,0.6666666666666666,3.5,1
16567,1,6,6,0.0,3.5,1
16570,1,13,13,0.6923076923076923,7.0,1
16573,1,2,2,1.0,1.5,1
16578,1,12,12,0.0,6.5,1
16581,1,2,2,1.0,1.5,1
16583,2,22,17,0.7727272727272727,6.0,0
16592,1,2,2,1.0,1.5,1
16600,1,13,13,1.0,7.0,1
16612,1,19,19,0.3684210526315789,10.0,0
16615,1,12,12,0.75,6.5,1
16624,1,14,14,0.0,7.5,1
16656,1,20,20,0.8,10.5,0
16669,1,8,8,0.875,4.5,1
16674,1,6,6,0.0,3.5,1
16680,1,6,6,1.0,3.5,1
16686,1,4,4,0.0,2.5,1
16694,1,4,4,0.0,2.5,1
16708,2,28,27,0.2857142857142857,7.821428571428571,0
16712,1,1,1,1.0,1.0,1
16716,1,15,15,0.7333333333333333,8.0,1
16722,1,14,14,0.5,7.5,1
16734,1,10,10,0.8,5.5,1
16754,2,9,8,0.4444444444444444,2.7777777777777777,1
16803,1,3,3,1.0,2.0,1
16810,1,7,7,0.42857142857142855,4.0,1
16826,1,13,13,0.3076923076923077,7.0,1
16837,1,27,27,0.6666666666666666,14.0,0
16848,2,10,10,0.7,3.1,1
16850,1,21,21,0.42857142857142855,11.0,0
16860,1,4,4,0.25,2.5,1
16864,1,8,8,0.0,4.5,1
16866,2,23,21,0.6521739130434783,6.782608695652174,0
16869,1,16,16,0.5,8.5,0
16874,1,7,7,0.42857142857142855,4.0,1
16879,1,17,17,0.8235294117647058,9.0,0
16883,1,5,5,1.0,3.0,1
16884,1,7,7,0.2857142857142857,4.0,1
16916,1,4,4,0.0,2.5,1
16928,1,11,11,0.45454545454545453,6.0,1
16933,1,2,2,0.0,1.5,1
16948,1,6,6,0.6666666666666666,3.5,1
16954,1,8,8,0.625,4.5,1
16976,1,9,9,0.4444444444444444,5.0,1
16986,1,23,23,0.8695652173913043,12.0,0
16989,1,6,6,1.0,3.5,1
16992,1,4,4,0.5,2.5,1
17000,1,7,7,0.5714285714285714,4.0,1
17001,1,4,4,1.0,2.5,1
17005,1,6,6,0.6666666666666666,3.5,1
17006,1,26,26,0.5,13.5,0
17029,1,19,19,0.8947368421052632,10.0,0
17031,1,26,26,0.23076923076923078,13.5,0
17056,1,3,3,0.3333333333333333,2.0,1
17076,1,9,9,0.0,5.0,1
17086,1,9,9,1.0,5.0,1
17096,1,12,12,0.75,6.5,1
17108,1,46,46,0.6304347826086957,23.5,0
17152,1,5,5,1.0,3.0,1
17155,2,37,35,0.8108108108108109,10.297297297297296,0
17163,1,10,10,0.5,5.5,1
17166,1,10,10,0.7,5.5,1
17168,1,24,24,0.4583333333333333,12.5,0
17170,1,6,6,0.8333333333333334,3.5,1
17173,1,17,17,0.9411764705882353,9.0,0
17202,2,5,5,0.8,1.8,1
17207,1,5,5,0.4,3.0,1
17221,1,12,12,0.8333333333333334,6.5,1
17224,1,21,21,0.5238095238095238,11.0,0
17238,1,11,11,0.45454545454545453,6.0,1
17242,1,4,4,0.5,2.5,1
17253,1,10,10,0.5,5.5,1
17282,1,19,19,0.8421052631578947,10.0,0
17317,1,12,12,0.75,6.5,1
17323,1,11,11,0.5454545454545454,6.0,1
17338,2,23,22,0.7391304347826086,7.565217391304348,0
17356,2,15,15,0.5333333333333333,4.266666666666667,0
17370,1,6,6,0.0,3.5,1
17383,1,13,13,0.9230769230769231,7.0,1
17391,2,5,5,0.4,2.2,1
17403,1,3,3,1.0,2.0,1
17406,1,27,27,0.6296296296296297,14.0,0
17420,1,14,14,1.0,7.5,1
17450,1,8,8,1.0,4.5,1
17454,1,8,8,0.75,4.5,1
17461,1,10,10,0.9,5.5,1
17472,2,16,15,0.25,4.75,0
17485,1,10,10,0.4,5.5,1
17493,1,13,13,0.6153846153846154,7.0,1
17501,1,3,3,0.3333333333333333,2.0,1
17507,2,17,17,0.5882352941176471,6.529411764705882,0
17521,1,9,9,0.2222222222222222,5.0,1
17538,1,11,11,0.09090909090909091,6.0,1
17544,1,23,23,0.6956521739130435,12.0,0
17547,1,4,4,0.75,2.5,1
17551,1,9,9,0.7777777777777778,5.0,1
17575,1,12,12,0.5,6.5,1
17579,1,8,8,1.0,4.5,1
17582,1,13,13,0.3076923076923077,7.0,1
17609,1,15,15,0.4666666666666667,8.0,1
17610,2,17,16,0.5882352941176471,4.882352941176471,0
17617,1,6,6,0.8333333333333334,3.5,1
17669,1,6,6,0.0,3.5,1
17684,1,5,5,0.8,3.0,1
17694,1,5,5,1.0,3.0,1
17740,2,12,12,0.5,3.8333333333333335,1
17742,1,21,21,1.0,11.0,0
17752,1,6,6,0.8333333333333334,3.5,1
17776,1,14,14,0.42857142857142855,7.5,1
17778,1,20,20,0.7,10.5,0
17783,1,9,9,1.0,5.0,1
17806,1,17,17,0.5294117647058824,9.0,0
17839,1,15,15,0.3333333333333333,8.0,1
17841,1,24,24,0.4583333333333333,12.5,0
17856,1,1,1,1.0,1.0,1
17861,1,2,2,0.5,1.5,1
17870,2,9,9,0.6666666666666666,3.0,1
17884,2,20,17,0.75,5.95,0
17886,2,17,17,0.7058823529411765,5.9411764705882355,0
17892,1,1,1,0.0,1.0,1
17896,2,18,17,0.9444444444444444,8.555555555555555,0
17900,1,18,18,0.8888888888888888,9.5,0
17901,1,26,26,0.7307692307692307,13.5,0
17911,1,6,6,0.3333333333333333,3.5,1
17926,1,10,10,0.4,5.5,1
17930,2,22,22,0.9090909090909091,6.045454545454546,0
17962,2,21,20,0.47619047619047616,5.857142857142857,0
17964,2,25,25,0.76,7.96,0
17965,1,2,2,0.0,1.5,1
17967,2,22,22,0.5909090909090909,6.045454545454546,0
17968,1,3,3,1.0,2.0,1
17974,1,3,3,1.0,2.0,1
17985,1,11,11,0.2727272727272727,6.0,1
17994,1,7,7,0.42857142857142855,4.0,1
18000,1,2,2,1.0,1.5,1
18011,1,4,4,1.0,2.5,1
18018,1,3,3,0.6666666666666666,2.0,1
18044,1,18,18,0.7777777777777778,9.5,0
18055,1,9,9,0.6666666666666666,5.0,1
18067,1,15,15,0.4,8.0,1
18075,1,9,9,0.5555555555555556,5.0,1
18085,1,9,9,0.8888888888888888,5.0,1
18089,1,1,1,0.0,1.0,1
18093,1,2,2,0.0,1.5,1
18094,1,7,7,0.8571428571428571,4.0,1
18097,1,11,11,0.09090909090909091,6.0,1
18098,1,5,5,0.4,3.0,1
18107,1,18,18,0.3333333333333333,9.5,0
18116,1,7,7,0.7142857142857143,4.0,1
18124,1,12,12,0.16666666666666666,6.5,1
18128,1,1,1,0.0,1.0,1
18130,1,9,9,1.0,5.0,1
18177,1,8,8,0.75,4.5,1
18192,1,17,17,0.7058823529411765,9.0,0
18194,1,11,11,0.8181818181818182,6.0,1
18201,2,16,16,0.625,5.5,0
18215,1,15,15,0.26666666666666666,8.0,1
18219,1,8,8,0.625,4.5,1
18237,1,11,11,0.36363636363636365,6.0,1
18239,1,7,7,0.2857142857142857,4.0,1
18244,1,17,17,0.0,9.0,0
18261,1,17,17,0.17647058823529413,9.0,0
18270,1,2,2,1.0,1.5,1
18275,2,6,6,1.0,2.1666666666666665,1
18283,1,7,7,0.2857142857142857,4.0,1
18287,1,4,4,0.25,2.5,1
18291,1,7,7,0.42857142857142855,4.0,1
18311,1,9,9,0.7777777777777778,5.0,1
18312,1,9,9,0.6666666666666666,5.0,1
18327,1,1,1,1.0,1.0,1
18332,1,23,23,1.0,12.0,0
18342,1,1,1,0.0,1.0,1
18355,1,2,2,0.5,1.5,1
18374,2,15,15,0.4,5.066666666666666,0
18393,1,8,8,0.375,4.5,1
18409,1,8,8,0.375,4.5,1
18432,1,11,11,0.36363636363636365,6.0,1
18433,1,14,14,0.8571428571428571,7.5,1
18435,1,13,13,0.0,7.0,1
18440,1,9,9,0.8888888888888888,5.0,1
18457,1,3,3,0.6666666666666666,2.0,1
18462,1,21,21,0.3333333333333333,11.0,0
18464,2,10,10,0.3,3.4,1
18471,1,6,6,0.8333333333333334,3.5,1
18473,1,8,8,0.375,4.5,1
18474,1,8,8,0.75,4.5,1
18488,1,7,7,0.7142857142857143,4.0,1
18491,3,21,19,0.8095238095238095,4.142857142857143,0
18499,1,12,12,0.25,6.5,1
18532,1,9,9,1.0,5.0,1
18536,1,20,20,0.75,10.5,0
18550,1,24,24,0.4166666666666667,12.5,0
18606,1,5,5,0.4,3.0,1
18607,1,5,5,0.0,3.0,1
18631,1,8,8,1.0,4.5,1
18632,1,7,7,1.0,4.0,1
18633,1,19,19,0.6842105263157895,10.0,0
18640,1,9,9,0.1111111111111111,5.0,1
18650,1,22,22,0.0,11.5,0
18658,1,23,23,0.43478260869565216,12.0,0
18664,1,3,3,0.6666666666666666,2.0,1
18669,1,18,18,0.3888888888888889,9.5,0
18679,1,6,6,1.0,3.5,1
18683,2,29,29,0.8620689655172413,8.172413793103448,0
18685,1,10,10,0.8,5.5,1
18688,1,3,3,1.0,2.0,1
18692,1,3,3,0.6666666666666666,2.0,1
18698,1,12,12,0.0,6.5,1
18700,1,6,6,0.0,3.5,1
18702,1,4,4,0.5,2.5,1
18745,1,24,24,0.4166666666666667,12.5,0
18751,1,11,11,0.0,6.0,1
18775,2,9,9,0.5555555555555556,2.7777777777777777,1
18781,1,10,10,0.9,5.5,1
18782,1,6,6,0.16666666666666666,3.5,1
18783,2,22,22,0.7272727272727273,6.045454545454546,0
18795,1,4,4,1.0,2.5,1
18816,1,1,1,1.0,1.0,1
18817,1,4,4,0.25,2.5,1
18831,1,18,18,1.0,9.5,0
18859,1,3,3,1.0,2.0,1
18866,2,7,7,0.5714285714285714,2.2857142857142856,1
18926,1,4,4,0.75,2.5,1
18948,1,11,11,0.7272727272727273,6.0,1
18978,1,14,14,1.0,7.5,1
18981,1,3,3,1.0,2.0,1
18984,1,1,1,0.0,1.0,1
19006,1,8,8,1.0,4.5,1
19010,1,10,10,1.0,5.5,1
19019,1,3,3,1.0,2.0,1
19020,1,5,5,0.4,3.0,1
19028,1,22,22,0.0,11.5,0
19029,1,10,10,0.2,5.5,1
19038,1,9,9,0.8888888888888888,5.0,1
19043,1,8,8,0.25,4.5,1
19074,1,12,12,0.0,6.5,1
19102,1,34,34,0.9705882352941176,17.5,0
19119,1,29,29,0.896551724137931,15.0,0
19129,1,11,11,0.0,6.0,1
19143,1,9,9,0.8888888888888888,5.0,1
19183,1,11,11,0.7272727272727273,6.0,1
19186,1,11,11,0.9090909090909091,6.0,1
19192,1,10,10,0.5,5.5,1
19227,1,13,13,0.7692307692307693,7.0,1
19229,1,17,17,0.0,9.0,0
19251,1,8,8,0.75,4.5,1
19259,1,9,9,0.8888888888888888,5.0,1
19323,1,12,12,0.6666666666666666,6.5,1
19348,2,13,12,0.46153846153846156,3.769230769230769,1
19351,1,11,11,0.0,6.0,1
19364,1,8,8,0.75,4.5,1
19389,1,1,1,1.0,1.0,1
19415,1,7,7,0.8571428571428571,4.0,1
19432,1,17,17,0.9411764705882353,9.0,0
19439,1,8,8,0.75,4.5,1
19464,1,11,11,0.2727272727272727,6.0,1
19468,2,12,12,0.16666666666666666,4.833333333333333,1
19478,1,11,11,0.7272727272727273,6.0,1
19481,1,14,14,0.35714285714285715,7.5,1
19482,1,7,7,0.14285714285714285,4.0,1
19492,1,4,4,1.0,2.5,1
19500,1,10,10,0.8,5.5,1
19501,1,1,1,1.0,1.0,1
19512,1,18,18,0.7777777777777778,9.5,0
19522,1,9,9,0.5555555555555556,5.0,1
19528,1,10,10,1.0,5.5,1
19556,1,6,6,0.6666666666666666,3.5,1
19569,1,1,1,0.0,1.0,1
19601,1,13,13,0.7692307692307693,7.0,1
19625,1,6,6,0.8333333333333334,3.5,1
19626,1,15,15,0.26666666666666666,8.0,1
19668,1,15,15,1.0,8.0,1
19686,2,11,9,0.7272727272727273,3.272727272727273,1
19693,1,11,11,0.7272727272727273,6.0,1
19731,2,38,37,0.39473684210526316,10.421052631578947,0
19741,1,8,8,1.0,4.5,1
19775,1,6,6,0.0,3.5,1
19781,1,3,3,0.3333333333333333,2.0,1
19785,1,10,10,0.3,5.5,1
19823,1,6,6,0.0,3.5,1
19832,1,1,1,1.0,1.0,1
19849,1,4,4,0.5,2.5,1
19867,1,15,15,0.0,8.0,1
19868,1,2,2,0.0,1.5,1
19875,1,7,7,0.42857142857142855,4.0,1
19879,1,9,9,0.7777777777777778,5.0,1
19896,1,1,1,0.0,1.0,1
19918,2,22,22,0.9545454545454546,6.045454545454546,0
19933,1,2,2,0.5,1.5,1
19963,2,16,16,0.3125,5.0625,0
20008,2,15,14,0.7333333333333333,5.066666666666666,0
20013,1,18,18,0.0,9.5,0
20014,1,4,4,0.5,2.5,1
20017,1,11,11,0.45454545454545453,6.0,1
20018,1,7,7,0.7142857142857143,4.0,1
20029,1,4,4,0.0,2.5,1
20038,2,14,10,0.8571428571428571,4.071428571428571,1
20044,1,7,7,0.5714285714285714,4.0,1
20047,1,12,12,0.6666666666666666,6.5,1
20053,1,12,12,0.16666666666666666,6.5,1
20096,1,5,5,1.0,3.0,1
20126,1,5,5,1.0,3.0,1
20130,2,12,12,0.25,5.583333333333333,1
20149,1,14,14,0.8571428571428571,7.5,1
20150,1,2,2,0.5,1.5,1
20152,1,1,1,1.0,1.0,1
20189,1,12,12,0.8333333333333334,6.5,1
20197,1,2,2,0.5,1.5,1
20215,1,10,10,0.9,5.5,1
20216,1,1,1,1.0,1.0,1
20225,1,13,13,0.38461538461538464,7.0,1
20275,1,19,19,0.8421052631578947,10.0,0
20278,1,8,8,1.0,4.5,1
20280,1,6,6,0.5,3.5,1
20283,3,54,50,0.8333333333333334,9.851851851851851,0
20300,2,8,8,0.875,2.5,1
20306,1,11,11,0.7272727272727273,6.0,1
20342,1,8,8,1.0,4.5,1
20361,1,5,5,1.0,3.0,1
20374,1,3,3,0.3333333333333333,2.0,1
20383,2,19,19,0.8421052631578947,6.315789473684211,0
20388,1,1,1,1.0,1.0,1
20396,1,7,7,1.0,4.0,1
20414,1,8,8,0.25,4.5,1
20424,1,3,3,0.3333333333333333,2.0,1
20429,1,21,21,0.9523809523809523,11.0,0
20442,1,2,2,1.0,1.5,1
20454,1,29,29,0.7586206896551724,15.0,0
20456,1,4,4,0.0,2.5,1
20463,1,10,10,0.4,5.5,1
20468,2,8,8,0.625,3.0,1
20487,1,3,3,0.6666666666666666,2.0,1
20498,3,54,41,0.8148148148148148,10.407407407407407,0
20509,1,4,4,0.5,2.5,1
20513,1,8,8,0.0,4.5,1
20537,1,3,3,0.6666666666666666,2.0,1
20548,1,8,8,1.0,4.5,1
20555,1,20,20,0.9,10.5,0
20558,1,5,5,1.0,3.0,1
20561,1,8,8,0.375,4.5,1
20563,1,23,23,0.6086956521739131,12.0,0
20571,1,23,23,0.9130434782608695,12.0,0
20610,1,5,5,0.8,3.0,1
20645,1,5,5,0.6,3.0,1
20663,1,8,8,0.75,4.5,1
20687,1,4,4,1.0,2.5,1
20689,1,17,17,0.5882352941176471,9.0,0
20690,1,8,8,0.75,4.5,1
20712,1,9,9,0.7777777777777778,5.0,1
20719,1,12,12,0.25,6.5,1
20726,1,4,4,0.75,2.5,1
20730,3,44,40,0.7954545454545454,8.045454545454545,0
20731,1,10,10,0.8,5.5,1
20733,1,18,18,0.6666666666666666,9.5,0
20744,1,16,16,0.9375,8.5,0
20773,1,26,26,0.7307692307692307,13.5,0
20796,1,12,12,0.3333333333333333,6.5,1
20813,1,28,28,0.21428571428571427,14.5,0
20818,1,4,4,0.75,2.5,1
20822,1,14,14,0.7857142857142857,7.5,1
20825,1,11,11,0.6363636363636364,6.0,1
20829,1,19,19,0.5789473684210527,10.0,0
20831,1,3,3,1.0,2.0,1
20835,1,10,10,0.7,5.5,1
20879,1,2,2,0.5,1.5,1
20885,1,6,6,1.0,3.5,1
20907,1,5,5,0.4,3.0,1
20908,1,7,7,1.0,4.0,1
20924,3,18,18,0.3888888888888889,4.555555555555555,0
20930,1,2,2,1.0,1.5,1
20944,1,10,10,0.9,5.5,1
20965,1,4,4,1.0,2.5,1
20966,1,12,12,0.5833333333333334,6.5,1
20972,1,3,3,1.0,2.0,1
20993,1,14,14,0.9285714285714286,7.5,1
21000,2,48,48,0.7083333333333334,13.020833333333334,0
21002,1,8,8,0.375,4.5,1
21021,2,44,44,0.7045454545454546,12.318181818181818,0
21024,1,14,14,0.6428571428571429,7.5,1
21026,1,7,7,0.7142857142857143,4.0,1
21030,1,5,5,0.8,3.0,1
21061,1,10,10,0.2,5.5,1
21089,1,21,21,0.42857142857142855,11.0,0
21110,1,7,7,0.2857142857142857,4.0,1
21116,1,7,7,0.0,4.0,1
21117,1,2,2,1.0,1.5,1
21119,1,22,22,0.8181818181818182,11.5,0
21126,1,3,3,1.0,2.0,1
21134,1,7,7,0.42857142857142855,4.0,1
21143,1,24,24,0.4166666666666667,12.5,0
21151,1,5,5,1.0,3.0,1
21157,1,10,10,0.0,5.5,1
21163,1,4,4,0.5,2.5,1
21166,2,18,18,0.6111111111111112,5.055555555555555,0
21167,2,14,14,0.5,4.285714285714286,1
21169,1,9,9,0.4444444444444444,5.0,1
21170,1,1,1,1.0,1.0,1
21174,1,1,1,0.0,1.0,1
21191,1,23,23,0.8260869565217391,12.0,0
21192,1,4,4,0.5,2.5,1
21195,1,3,3,0.6666666666666666,2.0,1
21211,1,7,7,0.5714285714285714,4.0,1
21221,1,26,26,0.6153846153846154,13.5,0
21237,1,12,12,1.0,6.5,1
21240,1,7,7,1.0,4.0,1
21269,1,9,9,0.6666666666666666,5.0,1
21280,1,18,18,0.16666666666666666,9.5,0
21284,1,8,8,1.0,4.5,1
21289,1,10,10,0.3,5.5,1
21310,1,8,8,0.0,4.5,1
21314,1,15,15,0.06666666666666667,8.0,1
21318,1,4,4,1.0,2.5,1
21332,1,5,5,0.8,3.0,1
21334,1,15,15,0.06666666666666667,8.0,1
21335,1,21,21,0.42857142857142855,11.0,0
21336,1,10,10,0.5,5.5,1
21343,1,13,13,0.9230769230769231,7.0,1
21347,1,4,4,0.0,2.5,1
21356,1,9,9,1.0,5.0,1
21358,1,20,20,0.55,10.5,0
21361,1,13,13,0.7692307692307693,7.0,1
21366,1,16,16,0.0,8.5,0
21389,1,10,10,0.9,5.5,1
21425,1,3,3,0.3333333333333333,2.0,1
21456,2,40,40,0.325,13.0,0
21463,1,10,10,0.3,5.5,1
21469,1,3,3,0.6666666666666666,2.0,1
21470,2,5,5,0.6,1.8,1
21471,1,7,7,0.5714285714285714,4.0,1
21489,1,10,10,0.0,5.5,1
21516,2,23,23,0.8260869565217391,6.260869565217392,0
21519,1,8,8,0.75,4.5,1
21535,1,4,4,0.75,2.5,1
21551,2,44,44,0.8636363636363636,15.340909090909092,0
21560,1,17,17,0.47058823529411764,9.0,0
21574,1,3,3,0.6666666666666666,2.0,1
21582,2,9,9,0.8888888888888888,3.0,1
21587,1,9,9,0.5555555555555556,5.0,1
21616,1,9,9,0.6666666666666666,5.0,1
21626,1,14,14,0.6428571428571429,7.5,1
21630,1,16,16,0.8125,8.5,0
21632,1,19,19,0.9473684210526315,10.0,0
21633,1,2,2,1.0,1.5,1
21637,2,18,18,0.8888888888888888,5.0,0
21641,1,5,5,1.0,3.0,1
21642,1,9,9,0.4444444444444444,5.0,1
21643,2,6,5,1.0,2.0,1
21653,1,9,9,1.0,5.0,1
21666,1,32,32,0.5625,16.5,0
21677,1,9,9,0.0,5.0,1
21729,1,11,11,0.45454545454545453,6.0,1
21782,1,8,8,1.0,4.5,1
21789,1,9,9,0.6666666666666666,5.0,1
21803,1,10,10,0.5,5.5,1
21807,1,8,8,1.0,4.5,1
21819,3,25,24,0.92,5.64,0
21823,1,8,8,0.25,4.5,1
21828,1,10,10,0.9,5.5,1
21835,1,8,8,0.625,4.5,1
21854,1,25,25,0.68,13.0,0
21879,1,12,12,0.5,6.5,1
21887,1,2,2,1.0,1.5,1
21929,1,26,26,0.6153846153846154,13.5,0
21931,1,43,43,0.7209302325581395,22.0,0
21936,1,5,5,0.6,3.0,1
21946,1,25,25,0.32,13.0,0
21959,1,47,47,0.6595744680851063,24.0,0
21986,1,10,10,0.6,5.5,1
22005,1,14,14,0.8571428571428571,7.5,1
22028,1,1,1,1.0,1.0,1
22031,2,8,8,1.0,2.625,1
22035,1,17,17,0.8235294117647058,9.0,0
22037,1,5,5,0.8,3.0,1
22055,1,3,3,0.0,2.0,1
22068,1,5,5,0.8,3.0,1
22093,1,8,8,0.375,4.5,1
22104,3,12,11,0.9166666666666666,2.75,0
22108,1,2,2,1.0,1.5,1
22122,1,1,1,0.0,1.0,1
22129,1,13,13,0.3076923076923077,7.0,1
22133,1,7,7,1.0,4.0,1
22168,1,4,4,1.0,2.5,1
22180,1,3,3,1.0,2.0,1
22187,1,1,1,1.0,1.0,1
22198,1,1,1,1.0,1.0,1
22205,2,15,14,0.3333333333333333,4.666666666666667,0
22211,1,4,4,0.75,2.5,1
22240,1,9,9,0.2222222222222222,5.0,1
22243,2,28,28,0.6071428571428571,8.785714285714286,0
22246,1,9,9,0.8888888888888888,5.0,1
22263,1,5,5,0.4,3.0,1
22270,1,10,10,0.7,5.5,1
22274,4,20,19,0.6,3.1,0
22285,2,16,16,0.25,6.75,0
22317,1,11,11,0.18181818181818182,6.0,1
22318,1,10,10,0.6,5.5,1
22322,1,12,12,0.8333333333333334,6.5,1
22337,2,3,2,1.0,1.3333333333333333,1
22344,1,1,1,1.0,1.0,1
22350,1,5,5,0.0,3.0,1
22351,1,2,2,0.5,1.5,1
22352,1,3,3,0.0,2.0,1
22357,1,7,7,0.42857142857142855,4.0,1
22364,1,16,16,0.3125,8.5,0
22373,1,14,14,1.0,7.5,1
22375,1,17,17,0.47058823529411764,9.0,0
22385,1,10,10,0.3,5.5,1
22395,1,8,8,0.625,4.5,1
22401,1,14,14,0.5,7.5,1
22418,1,2,2,1.0,1.5,1
22421,1,7,7,0.14285714285714285,4.0,1
22433,1,5,5,0.0,3.0,1
22440,1,8,8,1.0,4.5,1
22447,1,17,17,0.7058823529411765,9.0,0
22459,1,9,9,0.4444444444444444,5.0,1
22466,1,9,9,0.5555555555555556,5.0,1
22488,1,10,10,0.8,5.5,1
22505,1,27,27,0.2962962962962963,14.0,0
22506,1,14,14,0.7142857142857143,7.5,1
22507,1,7,7,0.42857142857142855,4.0,1
22517,1,9,9,0.3333333333333333,5.0,1
22519,2,46,46,0.45652173913043476,12.347826086956522,0
22520,1,15,15,0.7333333333333333,8.0,1
22524,1,11,11,0.45454545454545453,6.0,1
22530,1,15,15,0.9333333333333333,8.0,1
22562,1,9,9,0.5555555555555556,5.0,1
22570,1,5,5,0.8,3.0,1
22606,1,22,22,0.9545454545454546,11.5,0
22616,1,10,10,0.2,5.5,1
22619,1,20,20,0.9,10.5,0
22621,1,25,25,0.64,13.0,0
22624,1,1,1,1.0,1.0,1
22652,1,2,2,1.0,1.5,1
22664,1,10,10,0.9,5.5,1
22674,1,17,17,0.0,9.0,0
22684,1,4,4,0.0,2.5,1
22686,1,14,14,0.42857142857142855,7.5,1
22698,1,16,16,0.625,8.5,0
22728,1,4,4,0.0,2.5,1
22756,1,12,12,0.16666666666666666,6.5,1
22757,1,7,7,0.8571428571428571,4.0,1
22758,1,3,3,0.3333333333333333,2.0,1
22773,2,22,21,0.6363636363636364,7.636363636363637,0
22778,1,14,14,0.7142857142857143,7.5,1
22824,1,6,6,0.8333333333333334,3.5,1
22835,3,31,24,0.4838709677419355,6.387096774193548,0
22836,1,11,11,0.6363636363636364,6.0,1
22842,1,3,3,1.0,2.0,1
22845,1,4,4,0.75,2.5,1
22852,1,14,14,0.42857142857142855,7.5,1
22865,1,5,5,1.0,3.0,1
22869,1,3,3,1.0,2.0,1
22904,2,21,15,0.8095238095238095,5.761904761904762,0
22909,2,27,27,0.7037037037037037,8.0,0
22914,2,22,21,0.8181818181818182,7.136363636363637,0
22926,1,25,25,0.56,13.0,0
22927,1,9,9,0.3333333333333333,5.0,1
22937,1,6,6,1.0,3.5,1
22948,1,6,6,0.6666666666666666,3.5,1
22961,1,15,15,0.7333333333333333,8.0,1
22962,1,1,1,0.0,1.0,1
22963,2,23,18,0.6956521739130435,7.130434782608695,0
22967,1,12,12,0.5,6.5,1
22983,1,7,7,0.7142857142857143,4.0,1
22986,1,10,10,0.9,5.5,1
22995,1,9,9,0.3333333333333333,5.0,1
23001,1,14,14,0.0,7.5,1
23011,1,18,18,0.3333333333333333,9.5,0
23023,1,19,19,0.631578947368421,10.0,0
23033,1,8,8,1.0,4.5,1
23040,1,11,11,0.45454545454545453,6.0,1
23047,1,9,9,0.1111111111111111,5.0,1
23053,1,12,12,0.9166666666666666,6.5,1
23057,1,13,13,0.6153846153846154,7.0,1
23061,1,3,3,1.0,2.0,1
23096,1,1,1,0.0,1.0,1
23106,1,13,13,0.0,7.0,1
23107,1,16,16,1.0,8.5,0
23122,1,6,6,0.16666666666666666,3.5,1
23140,1,12,12,0.75,6.5,1
23150,1,17,17,0.0,9.0,0
23162,1,14,14,0.14285714285714285,7.5,1
23170,1,15,15,1.0,8.0,1
23172,1,5,5,1.0,3.0,1
23198,1,9,9,0.3333333333333333,5.0,1
23208,1,2,2,1.0,1.5,1
23224,1,6,6,1.0,3.5,1
23244,1,41,41,0.7804878048780488,21.0,0
23264,1,13,13,0.7692307692307693,7.0,1
23266,1,3,3,0.6666666666666666,2.0,1
23275,1,14,14,0.7857142857142857,7.5,1
23278,1,29,29,0.41379310344827586,15.0,0
23297,1,20,20,0.8,10.5,0
23332,1,6,6,0.5,3.5,1
23341,1,21,21,0.9047619047619048,11.0,0
23346,1,4,4,0.25,2.5,1
23351,1,10,10,0.7,5.5,1
23370,1,7,7,0.8571428571428571,4.0,1
23371,1,14,14,1.0,7.5,1
23372,1,30,30,0.0,15.5,0
23378,2,23,23,0.7391304347826086,6.260869565217392,0
23379,1,1,1,1.0,1.0,1
23391,1,6,6,1.0,3.5,1
23397,1,7,7,0.2857142857142857,4.0,1
23405,1,32,32,0.125,16.5,0
23415,1,14,14,0.8571428571428571,7.5,1
23425,1,15,15,0.5333333333333333,8.0,1
23470,1,2,2,1.0,1.5,1
23475,1,20,20,0.35,10.5,0
23492,1,2,2,1.0,1.5,1
23498,1,7,7,0.8571428571428571,4.0,1
23524,1,11,11,0.6363636363636364,6.0,1
23535,1,6,6,0.5,3.5,1
23548,1,8,8,1.0,4.5,1
23563,1,10,10,0.6,5.5,1
23566,1,14,14,0.7857142857142857,7.5,1
23568,1,16,16,0.875,8.5,0
23584,1,25,25,0.68,13.0,0
23601,1,21,21,0.19047619047619047,11.0,0
23618,1,13,13,0.0,7.0,1
23627,1,20,20,0.5,10.5,0
23630,1,10,10,0.6,5.5,1
23642,1,1,1,1.0,1.0,1
23644,2,6,6,0.8333333333333334,2.6666666666666665,1
23663,1,22,22,0.0,11.5,0
23664,1,5,5,1.0,3.0,1
23695,1,2,2,1.0,1.5,1
23711,1,19,19,0.9473684210526315,10.0,0
23750,1,16,16,0.0,8.5,0
23753,1,1,1,1.0,1.0,1
23783,1,7,7,0.8571428571428571,4.0,1
23832,2,33,33,0.9090909090909091,9.666666666666666,0
23841,1,7,7,1.0,4.0,1
23845,1,4,4,0.25,2.5,1
23851,1,5,5,0.4,3.0,1
23875,2,19,19,0.7368421052631579,5.368421052631579,0
23878,1,12,12,0.8333333333333334,6.5,1
23897,1,5,5,0.4,3.0,1
23931,1,4,4,0.25,2.5,1
23933,1,11,11,0.6363636363636364,6.0,1
23974,1,3,3,0.6666666666666666,2.0,1
24014,1,14,14,0.5714285714285714,7.5,1
24019,1,14,14,0.5714285714285714,7.5,1
24034,1,35,35,0.6285714285714286,18.0,0
24065,1,68,68,0.7352941176470589,34.5,0
24079,1,7,7,0.7142857142857143,4.0,1
24081,1,14,14,0.0,7.5,1
24085,1,8,8,0.5,4.5,1
24106,1,9,9,0.3333333333333333,5.0,1
24113,1,10,10,0.8,5.5,1
24124,1,3,3,0.6666666666666666,2.0,1
24135,1,47,47,0.8936170212765957,24.0,0
24146,1,7,7,0.8571428571428571,4.0,1
24147,1,5,5,0.8,3.0,1
24157,1,12,12,0.0,6.5,1
24166,1,3,3,1.0,2.0,1
24167,1,14,14,0.5714285714285714,7.5,1
24170,1,8,8,1.0,4.5,1
24173,1,9,9,0.4444444444444444,5.0,1
24195,1,9,9,0.5555555555555556,5.0,1
24205,1,15,15,0.5333333333333333,8.0,1
24206,2,15,13,0.4666666666666667,4.666666666666667,1
24213,1,24,24,0.5416666666666666,12.5,0
24226,1,8,8,0.0,4.5,1
24258,1,1,1,0.0,1.0,1
24261,1,1,1,1.0,1.0,1
24272,1,13,13,0.0,7.0,1
24299,1,3,3,0.0,2.0,1
24301,1,13,13,0.6153846153846154,7.0,1
24305,1,10,10,0.5,5.5,1
24312,1,4,4,1.0,2.5,1
24319,1,14,14,0.0,7.5,1
24366,1,4,4,0.5,2.5,1
24406,2,13,13,0.6923076923076923,3.923076923076923,1
24415,1,7,7,0.42857142857142855,4.0,1
24434,1,5,5,0.4,3.0,1
24447,1,23,23,0.5652173913043478,12.0,0
24448,1,10,10,0.4,5.5,1
24466,1,2,2,0.5,1.5,1
24486,1,11,11,0.2727272727272727,6.0,1
24504,1,12,12,0.0,6.5,1
24508,1,3,3,0.6666666666666666,2.0,1
24511,1,25,25,0.92,13.0,0
24530,1,23,23,0.782608695652174,12.0,0
24548,1,2,2,0.5,1.5,1
24565,3,32,24,0.96875,6.15625,0
24575,1,33,33,0.5151515151515151,17.0,0
24576,1,5,5,0.8,3.0,1
24609,1,12,12,0.9166666666666666,6.5,1
24621,1,27,27,0.8148148148148148,14.0,0
24622,1,5,5,0.0,3.0,1
24631,1,13,13,0.5384615384615384,7.0,1
24634,1,6,6,0.3333333333333333,3.5,1
24657,1,17,17,0.5294117647058824,9.0,0
24659,1,7,7,1.0,4.0,1
24667,2,15,15,0.4,4.266666666666667,0
24681,1,7,7,1.0,4.0,1
24693,1,6,6,1.0,3.5,1
24704,1,4,4,0.75,2.5,1
24706,2,21,21,0.42857142857142855,6.0476190476190474,0
24719,1,5,5,0.4,3.0,1
24721,1,8,8,0.75,4.5,1
24738,1,3,3,0.3333333333333333,2.0,1
24742,1,1,1,1.0,1.0,1
24768,1,5,5,0.0,3.0,1
24789,1,5,5,0.4,3.0,1
24792,1,7,7,0.42857142857142855,4.0,1
24823,1,35,35,0.6285714285714286,18.0,0
24847,1,6,6,0.0,3.5,1
24848,1,2,2,0.0,1.5,1
24860,1,3,3,0.3333333333333333,2.0,1
24882,1,7,7,0.8571428571428571,4.0,1
24913,1,6,6,1.0,3.5,1
24914,1,6,6,0.8333333333333334,3.5,1
24930,1,4,4,0.75,2.5,1
25013,1,1,1,0.0,1.0,1
25023,1,5,5,0.4,3.0,1
25033,1,22,22,0.5909090909090909,11.5,0
25041,1,13,13,0.6153846153846154,7.0,1
25063,1,3,3,0.6666666666666666,2.0,1
25085,2,11,11,0.9090909090909091,3.272727272727273,1
25090,1,13,13,0.8461538461538461,7.0,1
25099,1,4,4,0.0,2.5,1
25116,1,7,7,0.7142857142857143,4.0,1
25121,1,5,5,0.6,3.0,1
25122,1,5,5,0.2,3.0,1
25136,1,12,12,0.6666666666666666,6.5,1
25141,1,1,1,1.0,1.0,1
25149,1,28,28,0.75,14.5,0
25167,1,24,24,0.9166666666666666,12.5,0
25193,1,3,3,1.0,2.0,1
25242,2,12,12,0.5,3.8333333333333335,1
25254,1,2,2,0.0,1.5,1
25261,1,16,16,0.0,8.5,0
25287,1,1,1,0.0,1.0,1
25295,1,13,13,0.8461538461538461,7.0,1
25306,1,6,6,1.0,3.5,1
25321,1,19,19,1.0,10.0,0
25322,2,26,26,0.7307692307692307,7.346153846153846,0
25347,2,17,17,1.0,5.470588235294118,0
25351,1,5,5,0.0,3.0,1
25358,1,12,12,0.3333333333333333,6.5,1
25368,1,12,12,0.4166666666666667,6.5,1
25388,1,3,3,0.0,2.0,1
25396,1,22,22,0.45454545454545453,11.5,0
25397,1,9,9,0.3333333333333333,5.0,1
25401,1,13,13,0.46153846153846156,7.0,1
25409,1,1,1,1.0,1.0,1
25412,1,30,30,0.6666666666666666,15.5,0
25414,2,16,15,0.5625,4.5625,0
25416,1,6,6,1.0,3.5,1
25433,1,5,5,0.8,3.0,1
25440,1,21,21,0.8571428571428571,11.0,0
25466,1,22,22,1.0,11.5,0
25472,1,16,16,0.8125,8.5,0
25482,1,1,1,1.0,1.0,1
25503,1,3,3,1.0,2.0,1
25508,1,5,5,0.4,3.0,1
25517,2,19,15,0.47368421052631576,5.2631578947368425,0
25532,1,12,12,0.5833333333333334,6.5,1
25538,1,25,25,0.4,13.0,0
25539,1,3,3,0.3333333333333333,2.0,1
25540,2,26,26,0.5769230769230769,7.153846153846154,0
25544,1,13,13,0.5384615384615384,7.0,1
25545,1,4,4,0.5,2.5,1
25557,1,4,4,1.0,2.5,1
25559,1,4,4,0.75,2.5,1
25576,1,3,3,1.0,2.0,1
25579,1,18,18,0.7777777777777778,9.5,0
25582,1,18,18,0.6666666666666666,9.5,0
25596,1,9,9,0.4444444444444444,5.0,1
25600,1,5,5,0.6,3.0,1
25615,1,11,11,0.9090909090909091,6.0,1
25633,1,1,1,1.0,1.0,1
25636,2,8,8,0.5,3.0,1
25645,1,3,3,1.0,2.0,1
25666,1,3,3,0.6666666666666666,2.0,1
25685,1,28,28,0.9285714285714286,14.5,0
25715,2,6,6,0.8333333333333334,2.6666666666666665,1
25721,1,13,13,0.38461538461538464,7.0,1
25732,1,10,10,0.4,5.5,1
25744,1,3,3,1.0,2.0,1
25747,1,6,6,1.0,3.5,1
25768,1,18,18,0.2777777777777778,9.5,0
25775,1,12,12,0.9166666666666666,6.5,1
25781,1,11,11,0.9090909090909091,6.0,1
25783,1,9,9,0.4444444444444444,5.0,1
25793,1,11,11,0.18181818181818182,6.0,1
25816,1,23,23,0.0,12.0,0
25834,1,22,22,0.7272727272727273,11.5,0
25838,1,6,6,1.0,3.5,1
25862,1,9,9,0.5555555555555556,5.0,1
25867,1,13,13,0.7692307692307693,7.0,1
25870,2,7,7,0.5714285714285714,2.5714285714285716,1
25873,2,16,15,0.75,4.75,0
25876,1,3,3,0.3333333333333333,2.0,1
25877,1,1,1,1.0,1.0,1
25882,1,14,14,0.35714285714285715,7.5,1
25883,1,7,7,0.14285714285714285,4.0,1
25897,1,26,26,0.34615384615384615,13.5,0
25902,1,19,19,0.42105263157894735,10.0,0
25920,1,8,8,0.0,4.5,1
25923,1,4,4,0.25,2.5,1
25925,1,5,5,0.6,3.0,1
25966,1,4,4,0.75,2.5,1
25967,1,9,9,0.0,5.0,1
25981,1,7,7,1.0,4.0,1
25987,1,15,15,0.9333333333333333,8.0,1
25993,1,5,5,0.6,3.0,1
26022,1,7,7,0.8571428571428571,4.0,1
26029,1,6,6,1.0,3.5,1
26030,2,19,19,0.8421052631578947,5.894736842105263,0
26033,1,8,8,0.25,4.5,1
26064,1,10,10,1.0,5.5,1
26072,1,6,6,0.3333333333333333,3.5,1
26074,1,9,9,0.7777777777777778,5.0,1
26086,1,16,16,0.875,8.5,0
26092,1,7,7,1.0,4.0,1
26101,1,1,1,1.0,1.0,1
26111,1,18,18,0.4444444444444444,9.5,0
26113,1,11,11,0.8181818181818182,6.0,1
26117,1,7,7,0.5714285714285714,4.0,1
26120,1,12,12,1.0,6.5,1
26123,1,18,18,0.9444444444444444,9.5,0
26130,1,18,18,0.6666666666666666,9.5,0
26145,1,16,16,0.9375,8.5,0
26150,1,4,4,0.0,2.5,1
26183,1,9,9,0.4444444444444444,5.0,1
26189,1,11,11,0.2727272727272727,6.0,1
26199,1,16,16,0.8125,8.5,0
26225,1,16,16,0.5625,8.5,0
26226,1,3,3,1.0,2.0,1
26235,1,22,22,0.45454545454545453,11.5,0
26271,1,37,37,0.5945945945945946,19.0,0
26274,1,3,3,0.0,2.0,1
26277,1,1,1,0.0,1.0,1
26279,1,11,11,0.2727272727272727,6.0,1
26299,1,29,29,0.6896551724137931,15.0,0
26308,1,34,34,0.5882352941176471,17.5,0
26312,1,36,36,0.8611111111111112,18.5,0
26325,1,8,8,0.375,4.5,1
26337,1,4,4,1.0,2.5,1
26355,1,6,6,0.6666666666666666,3.5,1
26363,1,17,17,0.4117647058823529,9.0,0
26387,1,5,5,0.6,3.0,1
26392,1,3,3,0.3333333333333333,2.0,1
26395,1,2,2,1.0,1.5,1
26412,1,7,7,1.0,4.0,1
26416,1,1,1,1.0,1.0,1
26422,1,5,5,0.6,3.0,1
26428,2,13,13,0.6923076923076923,3.923076923076923,1
26441,1,2,2,0.5,1.5,1
26454,1,5,5,1.0,3.0,1
26471,1,7,7,0.7142857142857143,4.0,1
26481,1,3,3,0.6666666666666666,2.0,1
26489,1,1,1,1.0,1.0,1
26536,1,6,6,1.0,3.5,1
26546,2,12,12,0.75,3.5,1
26553,1,3,3,0.3333333333333333,2.0,1
26559,1,16,16,0.8125,8.5,0
26564,1,11,11,0.6363636363636364,6.0,1
26591,1,8,8,0.0,4.5,1
26599,1,3,3,0.6666666666666666,2.0,1
26602,1,15,15,0.8666666666666667,8.0,1
26615,1,13,13,0.7692307692307693,7.0,1
26620,1,5,5,0.4,3.0,1
26628,1,7,7,0.8571428571428571,4.0,1
26635,1,4,4,1.0,2.5,1
26652,1,14,14,0.9285714285714286,7.5,1
26665,1,14,14,0.7142857142857143,7.5,1
26669,1,5,5,0.8,3.0,1
26693,1,4,4,1.0,2.5,1
26708,1,14,14,0.9285714285714286,7.5,1
26712,1,13,13,0.6153846153846154,7.0,1
26714,1,17,17,0.8235294117647058,9.0,0
26718,1,4,4,0.75,2.5,1
26727,1,13,13,0.7692307692307693,7.0,1
26735,1,5,5,1.0,3.0,1
26745,1,1,1,1.0,1.0,1
26763,1,7,7,0.42857142857142855,4.0,1
26770,1,2,2,1.0,1.5,1
26783,1,5,5,0.4,3.0,1
26802,1,11,11,0.18181818181818182,6.0,1
26810,1,2,2,0.5,1.5,1
26819,1,3,3,1.0,2.0,1
26832,1,7,7,0.5714285714285714,4.0,1
26846,1,2,2,1.0,1.5,1
26861,1,1,1,0.0,1.0,1
26871,1,10,10,0.1,5.5,1
26878,1,3,3,1.0,2.0,1
26884,1,3,3,0.3333333333333333,2.0,1
26885,1,17,17,0.6470588235294118,9.0,0
26890,1,12,12,0.0,6.5,1
26897,2,53,53,0.9433962264150944,13.867924528301886,0
26899,1,2,2,1.0,1.5,1
26915,1,2,2,1.0,1.5,1
26938,2,43,34,0.8372093023255814,11.30232558139535,0
26948,1,7,7,0.7142857142857143,4.0,1
26978,1,10,10,0.9,5.5,1
26984,2,11,11,0.7272727272727273,3.4545454545454546,1
26993,1,17,17,0.6470588235294118,9.0,0
26999,1,11,11,0.36363636363636365,6.0,1
27022,2,30,30,0.4666666666666667,8.3,0
27027,1,5,5,0.2,3.0,1
27036,1,4,4,1.0,2.5,1
27042,1,11,11,0.6363636363636364,6.0,1
27077,1,26,26,0.4230769230769231,13.5,0
27081,1,2,2,0.5,1.5,1
27108,1,22,22,0.8181818181818182,11.5,0
27170,1,11,11,0.5454545454545454,6.0,1
27186,1,4,4,0.5,2.5,1
27212,1,13,13,0.9230769230769231,7.0,1
27245,1,16,16,0.5625,8.5,0
27250,1,11,11,0.5454545454545454,6.0,1
27263,1,9,9,0.6666666666666666,5.0,1
27268,1,1,1,0.0,1.0,1
27281,1,1,1,1.0,1.0,1
27292,1,5,5,0.8,3.0,1
27295,2,38,28,0.7105263157894737,10.421052631578947,0
27306,1,8,8,0.375,4.5,1
27312,1,8,8,1.0,4.5,1
27344,1,6,6,0.5,3.5,1
27353,2,24,21,0.9166666666666666,6.5,0
27360,1,10,10,1.0,5.5,1
27386,1,5,5,0.4,3.0,1
27392,1,2,2,1.0,1.5,1
27404,1,6,6,0.3333333333333333,3.5,1
27414,1,11,11,1.0,6.0,1
27435,1,13,13,0.5384615384615384,7.0,1
27448,1,3,3,0.3333333333333333,2.0,1
27450,2,6,6,0.8333333333333334,2.1666666666666665,1
27466,1,12,12,0.8333333333333334,6.5,1
27498,1,5,5,0.6,3.0,1
27526,1,4,4,0.0,2.5,1
27539,1,5,5,0.6,3.0,1
27546,1,16,16,0.0,8.5,0
27549,1,9,9,0.3333333333333333,5.0,1
27550,1,13,13,0.7692307692307693,7.0,1
27557,1,15,15,0.9333333333333333,8.0,1
27561,1,12,12,0.08333333333333333,6.5,1
27565,1,8,8,0.75,4.5,1
27568,1,5,5,0.2,3.0,1
27575,1,9,9,0.0,5.0,1
27577,2,18,15,0.7222222222222222,5.222222222222222,0
27580,1,6,6,0.6666666666666666,3.5,1
27582,1,23,23,0.30434782608695654,12.0,0
27584,1,5,5,0.6,3.0,1
27594,1,19,19,0.42105263157894735,10.0,0
27606,1,2,2,0.5,1.5,1
27608,1,7,7,0.5714285714285714,4.0,1
27623,1,3,3,0.6666666666666666,2.0,1
27625,1,7,7,1.0,4.0,1
27641,1,9,9,0.5555555555555556,5.0,1
27642,1,5,5,1.0,3.0,1
27661,1,15,15,0.4,8.0,1
27664,1,6,6,0.0,3.5,1
27670,1,7,7,0.7142857142857143,4.0,1
27671,1,7,7,0.5714285714285714,4.0,1
27672,1,18,18,1.0,9.5,0
27679,1,5,5,0.8,3.0,1
27682,1,3,3,0.3333333333333333,2.0,1
27726,1,9,9,0.7777777777777778,5.0,1
27730,1,16,16,0.9375,8.5,0
27733,1,15,15,0.5333333333333333,8.0,1
27750,1,12,12,0.0,6.5,1
27754,3,51,48,0.5294117647058824,9.843137254901961,0
27770,2,13,9,0.8461538461538461,3.923076923076923,1
27772,1,21,21,0.14285714285714285,11.0,0
27784,1,14,14,0.5714285714285714,7.5,1
27785,1,3,3,0.3333333333333333,2.0,1
27791,1,3,3,0.3333333333333333,2.0,1
27801,1,27,27,0.5925925925925926,14.0,0
27836,1,13,13,0.46153846153846156,7.0,1
27838,1,10,10,0.5,5.5,1
27896,2,32,32,0.625,8.625,0
27900,1,34,34,0.9705882352941176,17.5,0
27907,1,9,9,0.3333333333333333,5.0,1
27919,1,9,9,0.2222222222222222,5.0,1
27921,1,10,10,0.3,5.5,1
27944,1,8,8,0.875,4.5,1
27952,1,19,19,0.5263157894736842,10.0,0
28010,1,3,3,0.3333333333333333,2.0,1
28044,2,6,6,0.6666666666666666,2.6666666666666665,1
28054,1,19,19,0.8421052631578947,10.0,0
28056,1,23,23,0.34782608695652173,12.0,0
28088,1,12,12,0.16666666666666666,6.5,1
28102,2,13,13,0.46153846153846156,5.3076923076923075,1
28117,1,9,9,0.8888888888888888,5.0,1
28120,1,7,7,0.5714285714285714,4.0,1
28134,1,13,13,0.7692307692307693,7.0,1
28150,1,1,1,1.0,1.0,1
28173,1,11,11,0.36363636363636365,6.0,1
28186,1,2,2,1.0,1.5,1
28191,1,5,5,0.2,3.0,1
28201,1,10,10,0.6,5.5,1
28218,1,2,2,0.5,1.5,1
28223,1,3,3,1.0,2.0,1
28238,2,9,8,0.8888888888888888,3.0,1
28250,1,14,14,0.42857142857142855,7.5,1
28266,1,17,17,1.0,9.0,0
28275,1,8,8,0.25,4.5,1
28281,1,8,8,0.875,4.5,1
28287,1,3,3,0.0,2.0,1
28311,1,13,13,0.46153846153846156,7.0,1
28320,1,10,10,1.0,5.5,1
28329,1,2,2,1.0,1.5,1
28332,1,5,5,0.4,3.0,1
28345,1,5,5,0.0,3.0,1
28378,1,8,8,0.75,4.5,1
28394,1,15,15,0.4,8.0,1
28401,1,34,34,0.14705882352941177,17.5,0
28415,1,8,8,1.0,4.5,1
28427,1,25,25,0.64,13.0,0
28439,1,1,1,0.0,1.0,1
28445,1,16,16,0.6875,8.5,0
28446,1,15,15,1.0,8.0,1
28455,1,29,29,0.3448275862068966,15.0,0
28460,1,24,24,0.5,12.5,0
28466,1,8,8,0.125,4.5,1
28467,1,4,4,0.0,2.5,1
28473,1,4,4,0.0,2.5,1
28476,1,9,9,1.0,5.0,1
28479,1,8,8,1.0,4.5,1
28483,1,5,5,0.2,3.0,1
28486,2,19,19,0.631578947368421,5.578947368421052,0
28492,1,38,38,0.34210526315789475,19.5,0
28522,1,18,18,0.0,9.5,0
28535,1,15,15,0.4666666666666667,8.0,1
28537,1,28,28,0.03571428571428571,14.5,0
28542,1,4,4,0.25,2.5,1
28543,1,12,12,0.8333333333333334,6.5,1
28547,1,12,12,0.9166666666666666,6.5,1
28567,1,18,18,0.7222222222222222,9.5,0
28571,1,2,2,1.0,1.5,1
28582,1,4,4,0.75,2.5,1
28584,1,14,14,0.8571428571428571,7.5,1
28585,1,10,10,0.2,5.5,1
28586,1,5,5,0.0,3.0,1
28600,1,6,6,0.8333333333333334,3.5,1
28640,1,1,1,1.0,1.0,1
28641,1,11,11,0.5454545454545454,6.0,1
28659,1,4,4,0.0,2.5,1
28662,1,11,11,0.36363636363636365,6.0,1
28679,2,31,28,0.3225806451612903,8.451612903225806,0
28680,1,8,8,0.625,4.5,1
28685,1,15,15,0.9333333333333333,8.0,1
28710,1,30,30,0.6333333333333333,15.5,0
28723,1,13,13,0.0,7.0,1
28725,1,23,23,0.0,12.0,0
28730,1,10,10,0.7,5.5,1
28733,1,18,18,0.7777777777777778,9.5,0
28743,1,11,11,0.18181818181818182,6.0,1
28756,1,22,22,0.36363636363636365,11.5,0
28759,1,10,10,0.0,5.5,1
28773,1,5,5,1.0,3.0,1
28775,1,1,1,1.0,1.0,1
28778,1,9,9,0.6666666666666666,5.0,1
28798,1,9,9,0.8888888888888888,5.0,1
28820,1,9,9,0.2222222222222222,5.0,1
28826,1,12,12,1.0,6.5,1
28827,1,2,2,0.0,1.5,1
28830,1,14,14,0.8571428571428571,7.5,1
28847,1,11,11,0.6363636363636364,6.0,1
28866,1,5,5,0.6,3.0,1
28869,1,11,11,0.0,6.0,1
28881,1,3,3,1.0,2.0,1
28885,1,15,15,0.4,8.0,1
28907,1,3,3,0.6666666666666666,2.0,1
28910,1,14,14,0.42857142857142855,7.5,1
28917,1,14,14,0.9285714285714286,7.5,1
28921,1,14,14,0.42857142857142855,7.5,1
28945,1,16,16,0.4375,8.5,0
28950,1,29,29,1.0,15.0,0
28951,1,5,5,0.6,3.0,1
28957,1,17,17,0.47058823529411764,9.0,0
28963,1,10,10,0.4,5.5,1
28976,1,11,11,0.5454545454545454,6.0,1
28980,2,30,30,0.43333333333333335,8.033333333333333,0
28999,1,19,19,0.8947368421052632,10.0,0
29024,1,7,7,0.42857142857142855,4.0,1
29046,1,4,4,0.5,2.5,1
29067,1,3,3,1.0,2.0,1
29096,1,16,16,0.0,8.5,0
29098,1,8,8,0.25,4.5,1
29099,1,10,10,1.0,5.5,1
29136,1,4,4,0.5,2.5,1
29138,1,17,17,0.5294117647058824,9.0,0
29147,1,16,16,0.9375,8.5,0
29148,2,7,7,0.5714285714285714,2.2857142857142856,1
29149,1,18,18,0.5,9.5,0
29151,2,14,14,0.7142857142857143,4.071428571428571,1
29163,1,8,8,0.25,4.5,1
29167,1,18,18,0.9444444444444444,9.5,0
29176,1,10,10,0.4,5.5,1
29207,1,1,1,0.0,1.0,1
29216,1,22,22,0.5909090909090909,11.5,0
29218,1,18,18,0.4444444444444444,9.5,0
29227,1,15,15,0.8,8.0,1
29231,1,22,22,0.8181818181818182,11.5,0
29233,1,13,13,0.38461538461538464,7.0,1
29236,1,7,7,0.7142857142857143,4.0,1
29244,1,13,13,0.46153846153846156,7.0,1
29269,1,3,3,0.6666666666666666,2.0,1
29274,3,50,48,0.7,10.44,0
29283,1,20,20,0.0,10.5,0
29288,1,19,19,0.0,10.0,0
29291,1,16,16,0.0,8.5,0
29298,1,4,4,0.75,2.5,1
29308,1,9,9,0.7777777777777778,5.0,1
29370,3,36,33,0.6388888888888888,6.611111111111111,0
29412,1,18,18,0.2777777777777778,9.5,0
29413,1,14,14,0.8571428571428571,7.5,1
29424,1,9,9,0.2222222222222222,5.0,1
29430,1,6,6,0.8333333333333334,3.5,1
29436,1,11,11,0.5454545454545454,6.0,1
29448,1,2,2,0.0,1.5,1
29451,1,2,2,1.0,1.5,1
29453,1,5,5,0.8,3.0,1
29456,1,10,10,0.9,5.5,1
29459,1,12,12,0.6666666666666666,6.5,1
29471,1,6,6,0.0,3.5,1
29479,2,23,23,0.5652173913043478,6.3478260869565215,0
29482,1,19,19,1.0,10.0,0
29494,1,11,11,0.9090909090909091,6.0,1
29498,1,19,19,0.5789473684210527,10.0,0
29530,1,14,14,0.5714285714285714,7.5,1
29552,1,14,14,0.6428571428571429,7.5,1
29561,2,18,18,0.3333333333333333,5.222222222222222,0
29570,1,6,6,0.8333333333333334,3.5,1
29596,1,8,8,0.375,4.5,1
29611,1,6,6,1.0,3.5,1
29621,1,10,10,1.0,5.5,1
29623,2,6,4,1.0,2.0,1
29639,1,1,1,1.0,1.0,1
29659,1,4,4,1.0,2.5,1
29665,1,14,14,0.7142857142857143,7.5,1
29675,1,10,10,0.4,5.5,1
29697,1,3,3,0.3333333333333333,2.0,1
29699,1,4,4,0.0,2.5,1
29713,1,11,11,0.9090909090909091,6.0,1
29723,1,4,4,0.5,2.5,1
29724,1,3,3,1.0,2.0,1
29727,1,1,1,1.0,1.0,1
29781,1,2,2,1.0,1.5,1
29790,1,4,4,0.75,2.5,1
29797,1,3,3,0.3333333333333333,2.0,1
29805,1,5,5,0.6,3.0,1
29846,1,19,19,0.42105263157894735,10.0,0
29869,1,7,7,0.8571428571428571,4.0,1
29896,1,6,6,0.5,3.5,1
29916,1,14,14,0.6428571428571429,7.5,1
29928,2,9,8,0.6666666666666666,4.111111111111111,1
29932,1,15,15,0.6666666666666666,8.0,1
29959,1,6,6,0.3333333333333333,3.5,1
29970,1,8,8,0.625,4.5,1
29974,1,4,4,0.0,2.5,1
29979,1,14,14,0.6428571428571429,7.5,1
29984,1,9,9,0.1111111111111111,5.0,1
29987,1,20,20,0.75,10.5,0
29995,1,7,7,0.5714285714285714,4.0,1
30007,1,16,16,0.5625,8.5,0
30009,1,3,3,0.0,2.0,1
30024,1,11,11,1.0,6.0,1
30035,2,12,12,0.25,3.8333333333333335,1
30070,1,5,5,1.0,3.0,1
30079,2,43,41,0.27906976744186046,11.30232558139535,0
30096,1,5,5,0.8,3.0,1
30098,1,21,21,0.9047619047619048,11.0,0
30154,1,12,12,0.5,6.5,1
30165,1,7,7,0.42857142857142855,4.0,1
30182,1,10,10,0.0,5.5,1
30213,1,16,16,0.3125,8.5,0
30222,1,12,12,0.8333333333333334,6.5,1
30227,1,6,6,0.5,3.5,1
30252,1,1,1,1.0,1.0,1
30260,1,24,24,0.9166666666666666,12.5,0
30275,1,6,6,1.0,3.5,1
30287,1,3,3,0.6666666666666666,2.0,1
30293,1,14,14,0.7142857142857143,7.5,1
30307,1,12,12,0.5,6.5,1
30320,1,8,8,0.375,4.5,1
30323,1,6,6,0.5,3.5,1
30367,1,10,10,0.4,5.5,1
30379,1,7,7,0.42857142857142855,4.0,1
30380,1,18,18,0.4444444444444444,9.5,0
30382,1,7,7,0.5714285714285714,4.0,1
30388,1,21,21,0.09523809523809523,11.0,0
30418,1,37,37,0.8918918918918919,19.0,0
30429,1,14,14,0.5714285714285714,7.5,1
30439,1,14,14,0.7857142857142857,7.5,1
30448,1,19,19,0.0,10.0,0
30502,1,17,17,0.8823529411764706,9.0,0
30520,1,5,5,1.0,3.0,1
30526,1,7,7,0.5714285714285714,4.0,1
30542,1,7,7,0.7142857142857143,4.0,1
30548,1,21,21,0.19047619047619047,11.0,0
30564,2,28,28,0.7857142857142857,7.821428571428571,0
30572,1,13,13,0.38461538461538464,7.0,1
30576,1,14,14,0.5714285714285714,7.5,1
30603,1,3,3,0.3333333333333333,2.0,1
30616,1,3,3,1.0,2.0,1
30617,1,14,14,0.5714285714285714,7.5,1
30618,1,4,4,1.0,2.5,1
30625,1,3,3,0.3333333333333333,2.0,1
30634,1,10,10,0.3,5.5,1
30647,1,7,7,0.8571428571428571,4.0,1
30650,2,11,11,0.2727272727272727,3.272727272727273,1
30675,1,22,22,0.8181818181818182,11.5,0
30686,2,4,4,1.0,1.5,1
30695,1,3,3,1.0,2.0,1
30698,1,12,12,0.9166666666666666,6.5,1
30716,1,28,28,0.25,14.5,0
30737,1,5,5,0.8,3.0,1
30752,1,19,19,0.8421052631578947,10.0,0
30763,1,5,5,0.0,3.0,1
30780,1,10,10,0.9,5.5,1
30785,1,16,16,0.6875,8.5,0
30787,1,9,9,1.0,5.0,1
30816,1,3,3,0.0,2.0,1
30822,1,14,14,0.7142857142857143,7.5,1
30845,1,1,1,1.0,1.0,1
30849,1,6,6,0.0,3.5,1
30856,1,3,3,0.3333333333333333,2.0,1
30883,1,9,9,1.0,5.0,1
30904,1,22,22,0.2727272727272727,11.5,0
30930,1,15,15,0.6,8.0,1
30952,1,4,4,0.25,2.5,1
30959,1,11,11,0.45454545454545453,6.0,1
30981,1,2,2,1.0,1.5,1
30997,1,7,7,0.8571428571428571,4.0,1
31001,1,3,3,0.3333333333333333,2.0,1
31003,1,14,14,0.0,7.5,1
31007,1,5,5,0.8,3.0,1
31010,1,24,24,0.875,12.5,0
31012,1,3,3,1.0,2.0,1
31019,1,10,10,0.9,5.5,1
31021,1,4,4,0.25,2.5,1
31030,1,10,10,0.8,5.5,1
31034,1,9,9,0.2222222222222222,5.0,1
31035,1,6,6,1.0,3.5,1
31038,1,7,7,0.8571428571428571,4.0,1
31057,1,19,19,0.7368421052631579,10.0,0
31067,1,3,3,0.6666666666666666,2.0,1
31096,1,16,16,1.0,8.5,0
31111,1,12,12,0.16666666666666666,6.5,1
31118,1,20,20,0.95,10.5,0
31120,1,15,15,0.6,8.0,1
31121,1,7,7,1.0,4.0,1
31127,1,9,9,0.7777777777777778,5.0,1
31145,1,22,22,0.45454545454545453,11.5,0
31156,2,10,10,0.7,3.4,1
31161,1,9,9,0.6666666666666666,5.0,1
31182,1,27,27,0.25925925925925924,14.0,0
31189,1,20,20,0.8,10.5,0
31204,1,6,6,1.0,3.5,1
31219,1,7,7,0.8571428571428571,4.0,1
31224,1,7,7,0.42857142857142855,4.0,1
31235,1,11,11,0.8181818181818182,6.0,1
31241,1,4,4,0.75,2.5,1
31253,1,9,9,0.2222222222222222,5.0,1
31259,1,1,1,1.0,1.0,1
31292,1,5,5,0.4,3.0,1
31302,1,7,7,0.5714285714285714,4.0,1
31308,1,26,26,0.0,13.5,0
31324,1,17,17,0.058823529411764705,9.0,0
31344,2,24,24,0.20833333333333334,7.541666666666667,0
31375,1,5,5,0.2,3.0,1
31384,1,8,8,0.625,4.5,1
31389,1,11,11,0.36363636363636365,6.0,1
31396,1,20,20,0.7,10.5,0
31399,1,8,8,0.875,4.5,1
31416,1,12,12,0.6666666666666666,6.5,1
31417,1,2,2,0.0,1.5,1
31419,1,13,13,0.46153846153846156,7.0,1
31427,1,7,7,0.0,4.0,1
31430,2,6,5,0.5,2.0,1
31445,1,5,5,0.2,3.0,1
31452,1,20,20,0.65,10.5,0
31465,1,4,4,1.0,2.5,1
31468,1,22,22,0.6363636363636364,11.5,0
31471,1,4,4,0.25,2.5,1
31486,1,2,2,1.0,1.5,1
31513,1,12,12,1.0,6.5,1
31516,1,9,9,0.0,5.0,1
31528,1,2,2,1.0,1.5,1
31534,1,10,10,0.7,5.5,1
31535,1,13,13,1.0,7.0,1
31562,1,16,16,0.3125,8.5,0
31582,1,16,16,0.75,8.5,0
31583,1,22,22,0.7727272727272727,11.5,0
31606,2,21,17,1.0,5.857142857142857,0
31613,1,31,31,0.5161290322580645,16.0,0
31615,1,10,10,0.6,5.5,1
31637,1,15,15,0.3333333333333333,8.0,1
31639,1,1,1,1.0,1.0,1
31642,1,14,14,0.9285714285714286,7.5,1
31658,2,32,32,0.84375,8.5,0
31663,1,13,13,0.9230769230769231,7.0,1
31669,1,4,4,0.5,2.5,1
31674,1,12,12,1.0,6.5,1
31677,1,8,8,0.75,4.5,1
31690,1,6,6,1.0,3.5,1
31716,1,21,21,0.38095238095238093,11.0,0
31719,1,4,4,0.25,2.5,1
31754,1,6,6,0.0,3.5,1
31760,1,8,8,0.75,4.5,1
31761,1,8,8,0.375,4.5,1
31763,1,5,5,1.0,3.0,1
31770,1,11,11,1.0,6.0,1
31773,1,25,25,0.72,13.0,0
31787,1,2,2,0.5,1.5,1
31802,1,2,2,1.0,1.5,1
31807,1,11,11,0.0,6.0,1
31812,1,12,12,0.08333333333333333,6.5,1
31816,1,2,2,1.0,1.5,1
31829,1,7,7,0.42857142857142855,4.0,1
31847,1,10,10,0.0,5.5,1
31849,1,5,5,1.0,3.0,1
31884,1,7,7,0.7142857142857143,4.0,1
31885,1,23,23,0.6956521739130435,12.0,0
31895,1,25,25,0.0,13.0,0
31898,1,18,18,0.6111111111111112,9.5,0
31900,1,21,21,0.8571428571428571,11.0,0
31914,1,10,10,0.0,5.5,1
31935,1,6,6,0.5,3.5,1
31957,1,20,20,0.6,10.5,0
31972,1,25,25,0.64,13.0,0
31977,1,14,14,0.9285714285714286,7.5,1
31982,1,12,12,0.75,6.5,1
31988,1,6,6,0.6666666666666666,3.5,1
31989,1,23,23,0.8260869565217391,12.0,0
31990,1,5,5,0.2,3.0,1
31998,1,5,5,0.4,3.0,1
32001,2,22,20,0.9090909090909091,7.636363636363637,0
32004,1,12,12,0.6666666666666666,6.5,1
32016,1,1,1,1.0,1.0,1
32024,1,10,10,0.2,5.5,1
32036,1,11,11,0.09090909090909091,6.0,1
32043,1,1,1,1.0,1.0,1
32082,1,2,2,0.0,1.5,1
32084,1,4,4,0.75,2.5,1
32099,1,22,22,0.36363636363636365,11.5,0
32107,1,7,7,0.42857142857142855,4.0,1
32121,1,1,1,1.0,1.0,1
32126,2,18,17,0.5555555555555556,5.222222222222222,0
32127,1,1,1,1.0,1.0,1
32134,1,8,8,0.5,4.5,1
32165,2,5,5,0.6,1.8,1
32186,1,27,27,0.37037037037037035,14.0,0
32208,2,12,10,1.0,3.5833333333333335,1
32210,1,3,3,0.6666666666666666,2.0,1
32221,1,12,12,0.75,6.5,1
32227,2,24,21,0.5416666666666666,6.875,0
32240,1,10,10,0.9,5.5,1
32248,1,7,7,0.7142857142857143,4.0,1
32252,2,9,9,0.6666666666666666,2.7777777777777777,1
32257,1,21,21,0.7142857142857143,11.0,0
32268,1,6,6,0.8333333333333334,3.5,1
32270,1,19,19,0.8947368421052632,10.0,0
32283,1,8,8,0.25,4.5,1
32288,1,1,1,0.0,1.0,1
32307,1,5,5,0.0,3.0,1
32314,1,2,2,1.0,1.5,1
32317,1,14,14,0.0,7.5,1
32321,1,21,21,0.0,11.0,0
32324,1,7,7,0.2857142857142857,4.0,1
32339,1,10,10,0.8,5.5,1
32340,1,1,1,0.0,1.0,1
32380,1,9,9,1.0,5.0,1
32385,1,4,4,0.75,2.5,1
32427,1,9,9,0.8888888888888888,5.0,1
32429,1,8,8,0.25,4.5,1
32442,1,8,8,0.75,4.5,1
32459,1,14,14,0.14285714285714285,7.5,1
32490,1,3,3,0.3333333333333333,2.0,1
32497,1,13,13,0.7692307692307693,7.0,1
32508,1,16,16,1.0,8.5,0
32512,1,11,11,0.5454545454545454,6.0,1
32528,1,6,6,1.0,3.5,1
32537,1,8,8,0.875,4.5,1
32557,1,8,8,0.5,4.5,1
32567,1,4,4,0.0,2.5,1
32574,1,14,14,0.2857142857142857,7.5,1
32575,1,10,10,0.1,5.5,1
32581,1,13,13,0.3076923076923077,7.0,1
32591,1,6,6,0.3333333333333333,3.5,1
32597,1,10,10,0.9,5.5,1
32618,1,11,11,0.36363636363636365,6.0,1
32620,1,8,8,0.0,4.5,1
32634,1,1,1,1.0,1.0,1
32644,1,3,3,0.6666666666666666,2.0,1
32652,1,5,5,1.0,3.0,1
32667,3,36,36,0.4444444444444444,7.861111111111111,0
32684,1,15,15,0.8,8.0,1
32686,1,6,6,1.0,3.5,1
32702,1,5,5,0.0,3.0,1
32717,2,8,8,0.625,2.5,1
32724,1,9,9,0.2222222222222222,5.0,1
32766,1,24,24,0.8333333333333334,12.5,0
32772,1,2,2,1.0,1.5,1
32775,2,13,12,0.6923076923076923,4.6923076923076925,1
32802,3,13,12,0.9230769230769231,3.076923076923077,0
32803,1,11,11,0.18181818181818182,6.0,1
32820,2,11,11,0.7272727272727273,5.090909090909091,1
32835,1,15,15,0.3333333333333333,8.0,1
32860,1,3,3,0.0,2.0,1
32875,1,13,13,0.6923076923076923,7.0,1
32910,1,6,6,0.8333333333333334,3.5,1
32912,1,3,3,0.0,2.0,1
32931,1,10,10,0.5,5.5,1
32937,1,9,9,0.3333333333333333,5.0,1
32939,1,7,7,1.0,4.0,1
32950,1,2,2,1.0,1.5,1
32953,1,22,22,0.8181818181818182,11.5,0
32969,1,7,7,0.0,4.0,1
32975,1,9,9,0.4444444444444444,5.0,1
32985,1,2,2,1.0,1.5,1
32999,1,1,1,0.0,1.0,1
33009,1,12,12,0.0,6.5,1
33039,1,18,18,0.7222222222222222,9.5,0
33045,1,11,11,0.2727272727272727,6.0,1
33055,1,12,12,0.8333333333333334,6.5,1
33056,1,5,5,0.8,3.0,1
33079,1,3,3,1.0,2.0,1
33083,1,7,7,0.0,4.0,1
33094,1,12,12,0.9166666666666666,6.5,1
33110,1,16,16,0.625,8.5,0
33133,1,7,7,0.0,4.0,1
33186,1,13,13,0.15384615384615385,7.0,1
33195,2,27,27,0.7777777777777778,10.592592592592593,0
33197,1,24,24,0.7916666666666666,12.5,0
33200,1,8,8,0.875,4.5,1
33222,1,6,6,0.0,3.5,1
33240,1,25,25,0.0,13.0,0
33242,1,1,1,1.0,1.0,1
33253,1,19,19,0.47368421052631576,10.0,0
33255,1,8,8,0.75,4.5,1
33263,1,22,22,0.7272727272727273,11.5,0
33268,1,7,7,0.7142857142857143,4.0,1
33308,1,5,5,0.2,3.0,1
33334,1,43,43,0.7209302325581395,22.0,0
33343,1,19,19,0.0,10.0,0
33386,1,1,1,0.0,1.0,1
33391,1,11,11,0.0,6.0,1
33397,1,3,3,0.6666666666666666,2.0,1
33436,1,9,9,0.5555555555555556,5.0,1
33437,1,12,12,0.25,6.5,1
33447,1,12,12,0.6666666666666666,6.5,1
33448,1,8,8,0.25,4.5,1
33452,1,20,20,0.8,10.5,0
33463,1,8,8,0.75,4.5,1
33466,1,1,1,1.0,1.0,1
33467,1,23,23,0.4782608695652174,12.0,0
33475,2,9,9,0.5555555555555556,2.7777777777777777,1
33481,2,32,30,0.78125,8.5,0
33488,1,5,5,0.4,3.0,1
33489,1,6,6,0.0,3.5,1
33495,1,8,8,1.0,4.5,1
33501,1,9,9,0.4444444444444444,5.0,1
33525,1,23,23,1.0,12.0,0
33526,1,7,7,0.42857142857142855,4.0,1
33549,1,10,10,0.6,5.5,1
33555,1,8,8,0.875,4.5,1
33581,1,3,3,0.0,2.0,1
33596,1,17,17,0.6470588235294118,9.0,0
33606,1,4,4,0.25,2.5,1
33611,1,11,11,0.2727272727272727,6.0,1
33618,1,10,10,0.8,5.5,1
33626,1,17,17,0.0,9.0,0
33627,1,14,14,0.5,7.5,1
33650,1,4,4,1.0,2.5,1
33704,1,17,17,0.47058823529411764,9.0,0
33713,1,3,3,0.3333333333333333,2.0,1
33716,1,16,16,0.75,8.5,0
33719,1,5,5,0.6,3.0,1
33731,1,3,3,1.0,2.0,1
33746,1,2,2,0.5,1.5,1
33747,1,15,15,1.0,8.0,1
33766,1,11,11,0.8181818181818182,6.0,1
33769,1,3,3,1.0,2.0,1
33780,1,7,7,0.0,4.0,1
33785,1,26,26,0.5384615384615384,13.5,0
33799,1,1,1,1.0,1.0,1
33807,1,6,6,1.0,3.5,1
33824,1,9,9,0.6666666666666666,5.0,1
33826,1,12,12,1.0,6.5,1
33829,1,4,4,1.0,2.5,1
33831,1,1,1,1.0,1.0,1
33845,1,17,17,0.47058823529411764,9.0,0
33863,1,17,17,0.9411764705882353,9.0,0
33867,1,2,2,0.5,1.5,1
33871,1,8,8,0.125,4.5,1
33886,1,10,10,1.0,5.5,1
33904,1,9,9,0.1111111111111111,5.0,1
33907,1,4,4,0.5,2.5,1
33914,1,13,13,0.46153846153846156,7.0,1
33915,1,20,20,0.9,10.5,0
33918,1,8,8,0.25,4.5,1
33935,1,8,8,0.25,4.5,1
33938,1,14,14,0.35714285714285715,7.5,1
33940,1,6,6,1.0,3.5,1
33967,1,22,22,0.9545454545454546,11.5,0
34000,1,7,7,0.5714285714285714,4.0,1
34005,1,13,13,0.6153846153846154,7.0,1
34011,1,2,2,0.0,1.5,1
34012,1,4,4,0.25,2.5,1
34016,2,15,15,0.06666666666666667,4.266666666666667,0
34021,1,9,9,0.4444444444444444,5.0,1
34037,1,25,25,0.28,13.0,0
34038,1,2,2,1.0,1.5,1
34040,1,14,14,0.6428571428571429,7.5,1
34065,1,18,18,0.8888888888888888,9.5,0
34076,1,4,4,0.75,2.5,1
34094,1,6,6,0.0,3.5,1
34104,1,16,16,0.375,8.5,0
34108,1,11,11,0.8181818181818182,6.0,1
34117,1,12,12,0.8333333333333334,6.5,1
34124,1,9,9,0.0,5.0,1
34143,1,5,5,0.8,3.0,1
34174,1,19,19,0.5789473684210527,10.0,0
34179,1,12,12,0.9166666666666666,6.5,1
34180,1,14,14,0.21428571428571427,7.5,1
34200,2,35,35,0.6285714285714286,10.114285714285714,0
34215,1,11,11,0.0,6.0,1
34219,1,5,5,0.4,3.0,1
34229,1,13,13,0.8461538461538461,7.0,1
34239,1,1,1,1.0,1.0,1
34256,1,6,6,1.0,3.5,1
34303,1,15,15,0.0,8.0,1
34310,1,7,7,0.8571428571428571,4.0,1
34315,1,6,6,0.3333333333333333,3.5,1
34333,1,17,17,0.058823529411764705,9.0,0
34334,1,6,6,0.3333333333333333,3.5,1
34340,3,6,5,1.0,1.6666666666666667,1
34349,1,1,1,0.0,1.0,1
34350,1,10,10,0.9,5.5,1
34362,1,5,5,1.0,3.0,1
34383,1,12,12,0.5833333333333334,6.5,1
34386,1,4,4,0.25,2.5,1
34389,1,24,24,0.0,12.5,0
34393,1,12,12,0.6666666666666666,6.5,1
34396,3,6,5,1.0,1.6666666666666667,1
34404,1,18,18,0.6666666666666666,9.5,0
34416,1,7,7,0.8571428571428571,4.0,1
34466,1,28,28,0.5714285714285714,14.5,0
34478,1,7,7,1.0,4.0,1
34483,1,6,6,0.16666666666666666,3.5,1
34514,1,21,21,0.47619047619047616,11.0,0
34522,1,2,2,1.0,1.5,1
34525,1,37,37,0.32432432432432434,19.0,0
34535,1,3,3,0.0,2.0,1
34546,1,11,11,0.36363636363636365,6.0,1
34558,1,7,7,0.14285714285714285,4.0,1
34565,1,20,20,1.0,10.5,0
34567,1,1,1,1.0,1.0,1
34571,1,14,14,0.7857142857142857,7.5,1
34587,1,12,12,0.9166666666666666,6.5,1
34602,1,4,4,1.0,2.5,1
34608,2,20,18,0.55,7.95,0
34620,1,5,5,0.8,3.0,1
34629,1,15,15,0.8666666666666667,8.0,1
34637,1,19,19,0.42105263157894735,10.0,0
34652,1,6,6,0.3333333333333333,3.5,1
34654,1,19,19,0.9473684210526315,10.0,0
34667,1,16,16,0.125,8.5,0
34678,1,18,18,0.5,9.5,0
34680,1,24,24,0.25,12.5,0
34691,1,15,15,0.8666666666666667,8.0,1
34701,2,9,9,0.5555555555555556,2.7777777777777777,1
34715,1,14,14,0.6428571428571429,7.5,1
34721,1,4,4,0.5,2.5,1
34727,1,1,1,0.0,1.0,1
34737,1,17,17,0.8823529411764706,9.0,0
34740,1,12,12,0.9166666666666666,6.5,1
34764,1,9,9,0.8888888888888888,5.0,1
34772,1,5,5,0.4,3.0,1
34777,1,5,5,0.4,3.0,1
34791,1,6,6,0.5,3.5,1
34792,1,5,5,0.0,3.0,1
34794,2,49,39,0.7755102040816326,13.0,0
34840,1,2,2,1.0,1.5,1
34857,1,23,23,0.5217391304347826,12.0,0
34858,2,31,30,0.8064516129032258,8.451612903225806,0
34859,1,4,4,0.25,2.5,1
34870,1,2,2,0.0,1.5,1
34873,1,13,13,0.9230769230769231,7.0,1
34875,1,15,15,0.8,8.0,1
34881,1,11,11,0.18181818181818182,6.0,1
34882,1,4,4,0.5,2.5,1
34893,1,37,37,0.43243243243243246,19.0,0
34905,1,5,5,0.4,3.0,1
34933,1,21,21,0.47619047619047616,11.0,0
34990,1,11,11,0.45454545454545453,6.0,1
34994,1,39,39,0.8974358974358975,20.0,0
35005,1,9,9,0.8888888888888888,5.0,1
35017,1,20,20,1.0,10.5,0
35044,1,14,14,0.9285714285714286,7.5,1
35048,1,26,26,0.9230769230769231,13.5,0
35050,1,35,35,0.7714285714285715,18.0,0
35058,1,7,7,0.42857142857142855,4.0,1
35063,1,8,8,0.375,4.5,1
35073,1,26,26,0.46153846153846156,13.5,0
35079,1,4,4,0.5,2.5,1
35082,1,12,12,1.0,6.5,1
35085,1,1,1,0.0,1.0,1
35086,1,12,12,0.08333333333333333,6.5,1
35107,1,17,17,0.9411764705882353,9.0,0
35150,1,40,40,0.8,20.5,0
35153,1,9,9,0.7777777777777778,5.0,1
35158,1,10,10,0.0,5.5,1
35169,1,12,12,0.75,6.5,1
35176,1,3,3,0.0,2.0,1
35180,1,1,1,0.0,1.0,1
35181,1,20,20,0.8,10.5,0
35198,1,12,12,0.25,6.5,1
35219,1,4,4,0.0,2.5,1
35220,1,5,5,0.2,3.0,1
35250,1,20,20,0.5,10.5,0
35261,1,16,16,0.1875,8.5,0
35274,1,1,1,0.0,1.0,1
35286,1,3,3,0.6666666666666666,2.0,1
35293,1,7,7,0.8571428571428571,4.0,1
35314,1,11,11,0.8181818181818182,6.0,1
35340,1,13,13,1.0,7.0,1
35360,1,10,10,0.8,5.5,1
35372,1,7,7,0.14285714285714285,4.0,1
35373,1,13,13,0.6153846153846154,7.0,1
35375,1,8,8,0.0,4.5,1
35381,1,6,6,0.0,3.5,1
35395,1,6,6,0.5,3.5,1
35396,2,11,11,0.5454545454545454,3.272727272727273,1
35404,1,19,19,0.9473684210526315,10.0,0
35409,1,7,7,0.42857142857142855,4.0,1
35412,2,7,6,1.0,3.142857142857143,1
35416,1,20,20,0.5,10.5,0
35443,1,2,2,0.0,1.5,1
35444,1,44,44,0.38636363636363635,22.5,0
35449,1,10,10,1.0,5.5,1
35476,1,4,4,0.75,2.5,1
35487,1,10,10,0.4,5.5,1
35490,1,14,14,0.9285714285714286,7.5,1
35508,1,5,5,0.2,3.0,1
35519,1,2,2,0.0,1.5,1
35529,1,10,10,0.8,5.5,1
35556,1,19,19,0.42105263157894735,10.0,0
35560,2,4,4,1.0,1.75,1
35569,1,6,6,0.6666666666666666,3.5,1
35582,1,23,23,0.782608695652174,12.0,0
35583,1,16,16,0.375,8.5,0
35611,1,7,7,0.42857142857142855,4.0,1
35629,1,17,17,0.9411764705882353,9.0,0
35632,1,13,13,0.0,7.0,1
35646,1,4,4,1.0,2.5,1
35651,1,1,1,1.0,1.0,1
35654,1,10,10,0.7,5.5,1
35662,1,9,9,0.5555555555555556,5.0,1
35678,1,7,7,0.42857142857142855,4.0,1
35687,1,5,5,0.2,3.0,1
35689,1,11,11,1.0,6.0,1
35692,1,5,5,0.6,3.0,1
35704,1,6,6,0.6666666666666666,3.5,1
35718,1,23,23,0.5652173913043478,12.0,0
35719,1,16,16,0.9375,8.5,0
35763,1,14,14,0.35714285714285715,7.5,1
35774,1,5,5,0.8,3.0,1
35779,1,6,6,0.6666666666666666,3.5,1
35798,1,11,11,0.5454545454545454,6.0,1
35832,1,3,3,0.0,2.0,1
35849,1,1,1,0.0,1.0,1
35851,1,7,7,0.8571428571428571,4.0,1
35864,1,10,10,0.9,5.5,1
35868,1,1,1,1.0,1.0,1
35871,1,21,21,0.5238095238095238,11.0,0
35876,1,5,5,0.8,3.0,1
35914,1,7,7,0.14285714285714285,4.0,1
35968,1,6,6,0.0,3.5,1
36010,1,3,3,1.0,2.0,1
36042,1,14,14,0.7142857142857143,7.5,1
36047,1,4,4,0.5,2.5,1
36052,1,18,18,0.6666666666666666,9.5,0
36069,1,6,6,1.0,3.5,1
36110,1,13,13,1.0,7.0,1
36113,1,6,6,1.0,3.5,1
36137,1,18,18,0.8888888888888888,9.5,0
36138,1,17,17,0.7058823529411765,9.0,0
36149,1,9,9,1.0,5.0,1
36150,1,6,6,0.5,3.5,1
36159,1,9,9,0.4444444444444444,5.0,1
36163,1,11,11,0.9090909090909091,6.0,1
36166,1,4,4,0.5,2.5,1
36167,1,15,15,0.9333333333333333,8.0,1
36176,2,11,11,0.2727272727272727,3.4545454545454546,1
36181,1,6,6,0.8333333333333334,3.5,1
36196,1,7,7,0.2857142857142857,4.0,1
36205,1,1,1,0.0,1.0,1
36217,1,10,10,0.4,5.5,1
36271,1,3,3,1.0,2.0,1
36272,1,6,6,1.0,3.5,1
36278,1,9,9,0.4444444444444444,5.0,1
36299,1,5,5,1.0,3.0,1
36304,1,10,10,0.4,5.5,1
36310,1,14,14,0.42857142857142855,7.5,1
36314,1,6,6,0.6666666666666666,3.5,1
36325,1,20,20,0.3,10.5,0
36343,1,24,24,0.20833333333333334,12.5,0
36346,1,5,5,1.0,3.0,1
36369,1,4,4,0.5,2.5,1
36376,2,18,18,0.8333333333333334,6.388888888888889,0
36415,1,24,24,0.9166666666666666,12.5,0
36427,1,1,1,1.0,1.0,1
36431,1,2,2,1.0,1.5,1
36436,1,6,6,0.0,3.5,1
36445,1,37,37,0.7297297297297297,19.0,0
36459,1,2,2,1.0,1.5,1
36481,1,3,3,1.0,2.0,1
36484,1,2,2,0.5,1.5,1
36497,1,5,5,0.6,3.0,1
36502,1,12,12,0.5,6.5,1
36504,1,2,2,1.0,1.5,1
36506,1,11,11,0.0,6.0,1
36538,1,10,10,0.0,5.5,1
36546,1,10,10,0.4,5.5,1
36585,1,18,18,0.8333333333333334,9.5,0
36593,1,14,14,0.21428571428571427,7.5,1
36602,1,6,6,1.0,3.5,1
36603,1,1,1,0.0,1.0,1
36614,1,4,4,0.75,2.5,1
36621,1,2,2,0.0,1.5,1
36627,2,58,54,0.8275862068965517,15.017241379310345,0
36630,1,8,8,0.875,4.5,1
36650,1,15,15,0.4,8.0,1
36659,1,5,5,0.8,3.0,1
36663,1,10,10,0.7,5.5,1
36664,1,18,18,0.7222222222222222,9.5,0
36666,1,3,3,1.0,2.0,1
36667,1,9,9,0.0,5.0,1
36682,1,14,14,0.5,7.5,1
36686,1,1,1,1.0,1.0,1
36694,1,19,19,0.8421052631578947,10.0,0
36705,1,12,12,0.0,6.5,1
36716,1,6,6,0.8333333333333334,3.5,1
36733,1,12,12,0.5833333333333334,6.5,1
36740,1,10,10,0.5,5.5,1
36774,1,1,1,1.0,1.0,1
36783,1,9,9,0.8888888888888888,5.0,1
36811,1,11,11,1.0,6.0,1
36824,1,11,11,1.0,6.0,1
36848,2,32,32,0.59375,8.625,0
36861,1,12,12,0.0,6.5,1
36875,2,5,5,1.0,1.8,1
36882,1,1,1,1.0,1.0,1
36916,2,2,2,1.0,1.0,1
36928,2,21,21,0.5714285714285714,6.333333333333333,0
36939,1,1,1,1.0,1.0,1
36943,1,1,1,1.0,1.0,1
36972,1,5,5,1.0,3.0,1
36975,1,9,9,0.4444444444444444,5.0,1
36992,1,3,3,0.6666666666666666,2.0,1
37002,1,5,5,1.0,3.0,1
37007,2,19,19,0.8421052631578947,5.894736842105263,0
37019,1,19,19,1.0,10.0,0
37030,1,6,6,0.3333333333333333,3.5,1
37032,1,6,6,1.0,3.5,1
37042,1,3,3,0.0,2.0,1
37057,1,26,26,0.6923076923076923,13.5,0
37074,1,7,7,0.5714285714285714,4.0,1
37086,1,9,9,1.0,5.0,1
37096,1,23,23,0.0,12.0,0
37108,1,4,4,1.0,2.5,1
37126,1,15,15,0.0,8.0,1
37142,4,42,38,0.7380952380952381,5.976190476190476,0
37149,1,15,15,0.06666666666666667,8.0,1
37171,1,3,3,1.0,2.0,1
37175,1,15,15,0.26666666666666666,8.0,1
37186,1,8,8,0.75,4.5,1
37187,1,4,4,0.5,2.5,1
37204,1,1,1,1.0,1.0,1
37210,1,6,6,0.16666666666666666,3.5,1
37223,1,28,28,0.7857142857142857,14.5,0
37224,1,12,12,0.0,6.5,1
37227,1,3,3,0.3333333333333333,2.0,1
37236,1,4,4,0.0,2.5,1
37240,1,6,6,0.0,3.5,1
37261,1,4,4,0.25,2.5,1
37277,1,3,3,0.0,2.0,1
37307,1,18,18,0.0,9.5,0
37314,1,8,8,1.0,4.5,1
37322,1,8,8,1.0,4.5,1
37358,1,6,6,0.0,3.5,1
37359,1,3,3,1.0,2.0,1
37362,1,26,26,0.6153846153846154,13.5,0
37376,2,18,14,0.5555555555555556,5.0,0
37384,1,14,14,0.7142857142857143,7.5,1
37388,1,9,9,0.7777777777777778,5.0,1
37393,1,1,1,1.0,1.0,1
37396,1,1,1,0.0,1.0,1
37424,1,9,9,0.4444444444444444,5.0,1
37427,1,1,1,0.0,1.0,1
37442,1,1,1,0.0,1.0,1
37452,1,10,10,0.8,5.5,1
37460,1,3,3,0.6666666666666666,2.0,1
37467,1,8,8,0.625,4.5,1
37473,1,17,17,0.9411764705882353,9.0,0
37481,2,8,6,0.875,2.625,1
37493,1,4,4,0.75,2.5,1
37495,1,10,10,0.0,5.5,1
37506,1,6,6,0.3333333333333333,3.5,1
37507,1,8,8,0.625,4.5,1
37533,1,7,7,0.5714285714285714,4.0,1
37557,1,1,1,1.0,1.0,1
37560,1,9,9,0.3333333333333333,5.0,1
37562,1,2,2,1.0,1.5,1
37578,1,24,24,0.16666666666666666,12.5,0
37595,1,7,7,1.0,4.0,1
37597,1,11,11,0.45454545454545453,6.0,1
37603,1,4,4,1.0,2.5,1
37606,1,7,7,0.7142857142857143,4.0,1
37609,1,1,1,1.0,1.0,1
37613,2,5,5,0.6,2.2,1
37618,1,3,3,0.6666666666666666,2.0,1
37628,1,9,9,0.7777777777777778,5.0,1
37654,1,1,1,1.0,1.0,1
37662,1,4,4,0.5,2.5,1
37668,1,2,2,1.0,1.5,1
37700,1,6,6,0.5,3.5,1
37701,1,9,9,0.7777777777777778,5.0,1
37708,1,5,5,0.4,3.0,1
37732,1,8,8,0.75,4.5,1
37738,1,1,1,1.0,1.0,1
37750,1,19,19,0.8421052631578947,10.0,0
37751,1,4,4,0.5,2.5,1
37753,1,38,38,0.8421052631578947,19.5,0
37762,2,17,15,0.7058823529411765,4.764705882352941,0
37763,1,8,8,0.0,4.5,1
37785,1,4,4,1.0,2.5,1
37794,1,27,27,0.7777777777777778,14.0,0
37804,3,26,23,0.9230769230769231,5.076923076923077,0
37809,1,11,11,0.36363636363636365,6.0,1
37818,1,10,10,0.8,5.5,1
37835,1,14,14,0.6428571428571429,7.5,1
37853,1,23,23,0.34782608695652173,12.0,0
37866,1,2,2,1.0,1.5,1
37879,1,7,7,0.8571428571428571,4.0,1
37883,1,2,2,0.5,1.5,1
37890,1,14,14,0.0,7.5,1
37903,1,6,6,1.0,3.5,1
37913,1,1,1,1.0,1.0,1
37928,1,6,6,1.0,3.5,1
37949,2,22,22,0.7272727272727273,9.681818181818182,0
37982,1,5,5,0.0,3.0,1
37983,1,21,21,0.7619047619047619,11.0,0
37995,1,1,1,0.0,1.0,1
38035,1,12,12,0.5833333333333334,6.5,1
38077,1,1,1,1.0,1.0,1
38088,1,6,6,0.8333333333333334,3.5,1
38095,2,9,6,1.0,2.7777777777777777,1
38099,1,19,19,0.9473684210526315,10.0,0
38134,1,29,29,0.4482758620689655,15.0,0
38148,1,5,5,0.6,3.0,1
38171,2,11,11,0.36363636363636365,3.4545454545454546,1
38179,1,5,5,0.0,3.0,1
38184,1,5,5,0.2,3.0,1
38187,1,11,11,0.45454545454545453,6.0,1
38188,1,5,5,0.4,3.0,1
38194,1,11,11,0.7272727272727273,6.0,1
38210,1,7,7,1.0,4.0,1
38242,1,3,3,0.0,2.0,1
38259,1,17,17,0.35294117647058826,9.0,0
38261,1,11,11,0.7272727272727273,6.0,1
38282,1,3,3,0.6666666666666666,2.0,1
38291,1,16,16,0.4375,8.5,0
38304,1,2,2,0.0,1.5,1
38307,1,8,8,0.375,4.5,1
38320,1,2,2,1.0,1.5,1
38323,1,10,10,0.7,5.5,1
38327,1,10,10,0.6,5.5,1
38344,1,6,6,0.5,3.5,1
38353,1,9,9,1.0,5.0,1
38366,1,7,7,0.7142857142857143,4.0,1
38371,1,2,2,0.5,1.5,1
38380,1,3,3,1.0,2.0,1
38394,1,4,4,0.75,2.5,1
38402,1,6,6,0.5,3.5,1
38409,1,15,15,0.4,8.0,1
38411,1,1,1,0.0,1.0,1
38445,2,14,14,0.6428571428571429,4.071428571428571,1
38453,1,25,25,0.24,13.0,0
38458,1,10,10,0.4,5.5,1
38460,1,5,5,0.8,3.0,1
38464,1,50,50,0.28,25.5,0
38469,1,12,12,0.25,6.5,1
38495,2,15,15,1.0,4.4,0
38506,1,7,7,0.7142857142857143,4.0,1
38525,1,2,2,0.0,1.5,1
38559,1,18,18,0.7222222222222222,9.5,0
38569,1,4,4,0.25,2.5,1
38574,2,22,16,0.9090909090909091,6.0,0
38593,1,9,9,0.0,5.0,1
38610,1,6,6,0.3333333333333333,3.5,1
38617,1,9,9,0.5555555555555556,5.0,1
38630,1,13,13,0.38461538461538464,7.0,1
38643,1,18,18,0.7222222222222222,9.5,0
38648,1,8,8,0.75,4.5,1
38653,1,7,7,0.0,4.0,1
38664,1,3,3,1.0,2.0,1
38668,1,7,7,0.0,4.0,1
38683,2,27,26,0.8888888888888888,9.333333333333334,0
38711,1,13,13,0.8461538461538461,7.0,1
38720,1,9,9,0.5555555555555556,5.0,1
38722,2,16,16,0.6875,4.5625,0
38724,1,22,22,0.22727272727272727,11.5,0
38732,1,24,24,0.75,12.5,0
38733,1,17,17,0.9411764705882353,9.0,0
38748,1,10,10,0.4,5.5,1
38752,1,1,1,1.0,1.0,1
38756,1,12,12,0.6666666666666666,6.5,1
38764,1,1,1,1.0,1.0,1
38765,2,21,21,0.8571428571428571,6.333333333333333,0
38767,2,22,20,1.0,8.909090909090908,0
38834,2,39,39,0.6666666666666666,10.564102564102564,0
38858,1,10,10,0.0,5.5,1
38863,1,7,7,0.0,4.0,1
38874,1,5,5,0.0,3.0,1
38879,1,5,5,0.4,3.0,1
38886,1,4,4,1.0,2.5,1
38890,1,6,6,0.5,3.5,1
38902,1,12,12,0.25,6.5,1
38930,1,7,7,0.42857142857142855,4.0,1
38936,2,5,5,1.0,1.8,1
38940,1,12,12,0.5,6.5,1
38948,1,17,17,1.0,9.0,0
38958,1,2,2,0.5,1.5,1
38983,1,6,6,0.16666666666666666,3.5,1
39017,1,5,5,0.6,3.0,1
39021,1,4,4,0.75,2.5,1
39023,1,18,18,1.0,9.5,0
39033,1,3,3,1.0,2.0,1
39039,1,12,12,0.9166666666666666,6.5,1
39056,1,1,1,1.0,1.0,1
39059,2,5,4,1.0,2.2,1
39064,1,6,6,0.3333333333333333,3.5,1
39068,1,24,24,0.4583333333333333,12.5,0
39088,1,17,17,0.0,9.0,0
39098,1,5,5,0.8,3.0,1
39112,1,5,5,0.0,3.0,1
39114,1,18,18,0.7777777777777778,9.5,0
39115,1,4,4,0.75,2.5,1
39117,1,14,14,0.7857142857142857,7.5,1
39133,1,5,5,0.8,3.0,1
39141,1,15,15,0.9333333333333333,8.0,1
39142,1,6,6,0.8333333333333334,3.5,1
39143,1,10,10,0.9,5.5,1
39144,1,15,15,1.0,8.0,1
39147,1,4,4,0.25,2.5,1
39161,1,10,10,0.1,5.5,1
39165,2,22,22,0.4090909090909091,6.7272727272727275,0
39176,2,2,1,1.0,1.0,1
39180,1,4,4,0.25,2.5,1
39187,1,16,16,0.8125,8.5,0
39202,1,7,7,1.0,4.0,1
39216,1,9,9,0.6666666666666666,5.0,1
39218,1,1,1,0.0,1.0,1
39219,1,4,4,0.75,2.5,1
39264,1,14,14,1.0,7.5,1
39278,1,3,3,1.0,2.0,1
39287,1,9,9,0.4444444444444444,5.0,1
39295,1,2,2,0.5,1.5,1
39308,1,22,22,0.3181818181818182,11.5,0
39316,1,10,10,0.9,5.5,1
39324,1,1,1,0.0,1.0,1
39327,1,6,6,0.8333333333333334,3.5,1
39328,1,4,4,1.0,2.5,1
39332,1,13,13,0.3076923076923077,7.0,1
39341,1,3,3,0.6666666666666666,2.0,1
39357,1,8,8,0.5,4.5,1
39361,1,7,7,0.8571428571428571,4.0,1
39371,2,12,12,0.25,3.5,1
39428,1,2,2,1.0,1.5,1
39449,1,3,3,0.6666666666666666,2.0,1
39455,1,7,7,1.0,4.0,1
39460,2,23,20,0.782608695652174,6.3478260869565215,0
39469,1,3,3,0.3333333333333333,2.0,1
39475,1,7,7,0.7142857142857143,4.0,1
39484,1,9,9,0.3333333333333333,5.0,1
39488,1,9,9,0.3333333333333333,5.0,1
39495,1,1,1,1.0,1.0,1
39509,1,3,3,0.6666666666666666,2.0,1
39545,1,19,19,0.05263157894736842,10.0,0
39551,1,12,12,0.08333333333333333,6.5,1
39563,1,13,13,0.3076923076923077,7.0,1
39566,1,11,11,0.09090909090909091,6.0,1
39586,1,22,22,0.5909090909090909,11.5,0
39594,1,1,1,1.0,1.0,1
39596,1,15,15,0.0,8.0,1
39630,2,15,15,0.13333333333333333,4.266666666666667,0
39643,1,8,8,0.0,4.5,1
39648,1,28,28,0.6428571428571429,14.5,0
39663,1,2,2,1.0,1.5,1
39688,1,10,10,0.5,5.5,1
39703,1,7,7,0.7142857142857143,4.0,1
39706,1,29,29,0.5862068965517241,15.0,0
39713,1,10,10,0.3,5.5,1
39720,1,1,1,1.0,1.0,1
39727,1,4,4,0.25,2.5,1
39728,1,30,30,0.4,15.5,0
39733,1,1,1,1.0,1.0,1
39738,1,13,13,0.9230769230769231,7.0,1
39762,1,12,12,0.75,6.5,1
39779,1,16,16,0.8125,8.5,0
39786,1,26,26,0.8846153846153846,13.5,0
39821,1,13,13,0.5384615384615384,7.0,1
39824,1,22,22,1.0,11.5,0
39825,1,7,7,1.0,4.0,1
39831,1,8,8,0.625,4.5,1
39836,1,31,31,0.8064516129032258,16.0,0
39837,1,6,6,0.3333333333333333,3.5,1
39840,1,20,20,0.9,10.5,0
39853,1,4,4,1.0,2.5,1
39858,1,7,7,0.7142857142857143,4.0,1
39869,1,6,6,0.0,3.5,1
39873,1,23,23,0.4782608695652174,12.0,0
39878,1,24,24,0.875,12.5,0
39911,1,8,8,0.875,4.5,1
39922,1,16,16,1.0,8.5,0
39929,1,12,12,0.6666666666666666,6.5,1
39947,1,5,5,0.2,3.0,1
39982,1,7,7,0.42857142857142855,4.0,1
39993,1,1,1,1.0,1.0,1
39998,1,11,11,0.9090909090909091,6.0,1
40018,1,38,38,0.7368421052631579,19.5,0
40083,2,36,36,0.7222222222222222,9.944444444444445,0
40092,1,9,9,0.8888888888888888,5.0,1
40107,1,8,8,0.0,4.5,1
40124,1,24,24,0.7083333333333334,12.5,0
40125,1,1,1,1.0,1.0,1
40139,1,10,10,0.1,5.5,1
40177,2,10,9,0.9,3.0,1
40184,1,11,11,0.09090909090909091,6.0,1
40188,1,3,3,1.0,2.0,1
40192,1,7,7,0.5714285714285714,4.0,1
40211,1,29,29,0.7586206896551724,15.0,0
40226,1,9,9,1.0,5.0,1
40270,1,10,10,0.0,5.5,1
40286,1,5,5,0.6,3.0,1
40296,1,12,12,0.0,6.5,1
40325,1,4,4,0.0,2.5,1
40332,1,4,4,1.0,2.5,1
40371,1,4,4,0.25,2.5,1
40375,1,4,4,0.5,2.5,1
40390,2,43,39,0.3953488372093023,11.720930232558139,0
40405,1,24,24,0.625,12.5,0
40437,1,14,14,0.7857142857142857,7.5,1
40438,1,3,3,1.0,2.0,1
40444,1,16,16,0.0,8.5,0
40486,1,6,6,0.0,3.5,1
40493,1,18,18,0.4444444444444444,9.5,0
40496,1,29,29,0.4827586206896552,15.0,0
40548,1,1,1,0.0,1.0,1
40556,2,28,28,0.4642857142857143,7.821428571428571,0
40574,1,8,8,0.625,4.5,1
40583,1,1,1,1.0,1.0,1
40585,1,5,5,0.4,3.0,1
40590,2,30,30,0.8333333333333334,8.833333333333334,0
40623,1,10,10,0.6,5.5,1
40627,1,17,17,0.9411764705882353,9.0,0
40703,1,23,23,0.4782608695652174,12.0,0
40723,1,8,8,0.5,4.5,1
40738,1,17,17,0.7647058823529411,9.0,0
40744,1,4,4,0.0,2.5,1
40746,1,8,8,0.75,4.5,1
40751,1,5,5,0.8,3.0,1
40754,1,6,6,1.0,3.5,1
40772,1,7,7,0.5714285714285714,4.0,1
40783,1,12,12,0.8333333333333334,6.5,1
40806,1,19,19,0.6842105263157895,10.0,0
40809,1,8,8,0.0,4.5,1
40828,1,8,8,1.0,4.5,1
40846,1,8,8,1.0,4.5,1
40853,1,9,9,0.8888888888888888,5.0,1
40864,1,11,11,0.5454545454545454,6.0,1
40874,1,13,13,0.7692307692307693,7.0,1
40898,1,9,9,0.8888888888888888,5.0,1
40913,1,3,3,0.6666666666666666,2.0,1
40925,1,5,5,0.8,3.0,1
40929,1,7,7,0.8571428571428571,4.0,1
40966,1,8,8,0.625,4.5,1
40975,1,7,7,0.42857142857142855,4.0,1
41002,1,13,13,0.9230769230769231,7.0,1
41008,1,9,9,0.5555555555555556,5.0,1
41019,1,11,11,0.6363636363636364,6.0,1
41023,1,3,3,0.0,2.0,1
41026,2,19,19,0.6842105263157895,5.578947368421052,0
41030,1,6,6,1.0,3.5,1
41031,1,30,30,0.9,15.5,0
41033,1,7,7,0.5714285714285714,4.0,1
41043,2,24,19,0.9166666666666666,6.875,0
41051,1,25,25,0.32,13.0,0
41052,1,7,7,0.2857142857142857,4.0,1
41059,1,13,13,0.0,7.0,1
41061,1,11,11,0.7272727272727273,6.0,1
41074,1,26,26,0.9230769230769231,13.5,0
41086,1,3,3,0.6666666666666666,2.0,1
41097,1,6,6,0.0,3.5,1
41099,1,2,2,1.0,1.5,1
41106,1,6,6,0.16666666666666666,3.5,1
41107,1,9,9,0.2222222222222222,5.0,1
41116,1,8,8,0.875,4.5,1
41117,1,25,25,0.64,13.0,0
41125,1,8,8,0.5,4.5,1
41126,1,10,10,0.7,5.5,1
41151,1,7,7,1.0,4.0,1
41155,1,14,14,0.35714285714285715,7.5,1
41163,1,3,3,0.0,2.0,1
41172,1,12,12,0.9166666666666666,6.5,1
41185,1,21,21,0.5238095238095238,11.0,0
41211,1,4,4,1.0,2.5,1
41214,1,5,5,1.0,3.0,1
41218,1,8,8,0.75,4.5,1
41233,1,1,1,0.0,1.0,1
41242,1,33,33,0.5757575757575758,17.0,0
41253,1,6,6,0.0,3.5,1
41333,1,16,16,0.9375,8.5,0
41335,1,3,3,1.0,2.0,1
41341,1,6,6,1.0,3.5,1
41347,1,2,2,1.0,1.5,1
41351,2,47,47,0.8085106382978723,12.680851063829786,0
41356,1,9,9,1.0,5.0,1
41380,1,1,1,0.0,1.0,1
41388,1,9,9,0.5555555555555556,5.0,1
41392,1,6,6,0.8333333333333334,3.5,1
41400,1,6,6,1.0,3.5,1
41439,1,10,10,0.7,5.5,1
41457,2,36,33,0.9444444444444444,9.75,0
41468,1,2,2,0.0,1.5,1
41469,1,9,9,1.0,5.0,1
41477,1,7,7,0.0,4.0,1
41479,1,8,8,1.0,4.5,1
41489,1,5,5,0.6,3.0,1
41498,1,20,20,0.45,10.5,0
41502,1,9,9,0.6666666666666666,5.0,1
41518,1,1,1,0.0,1.0,1
41521,1,3,3,1.0,2.0,1
41523,1,14,14,0.7142857142857143,7.5,1
41546,1,9,9,0.6666666666666666,5.0,1
41580,1,7,7,0.8571428571428571,4.0,1
41586,1,10,10,0.3,5.5,1
41587,1,16,16,1.0,8.5,0
41588,1,5,5,0.8,3.0,1
41591,2,15,15,0.6,4.666666666666667,0
41594,1,9,9,0.8888888888888888,5.0,1
41611,1,6,6,0.3333333333333333,3.5,1
41617,1,6,6,0.5,3.5,1
41634,1,6,6,0.6666666666666666,3.5,1
41640,1,4,4,1.0,2.5,1
41644,1,1,1,1.0,1.0,1
41662,2,8,7,0.25,2.625,1
41697,1,15,15,0.3333333333333333,8.0,1
41702,1,14,14,0.5714285714285714,7.5,1
41703,1,16,16,0.75,8.5,0
41722,1,6,6,0.6666666666666666,3.5,1
41725,1,13,13,0.0,7.0,1
41729,1,15,15,0.3333333333333333,8.0,1
41731,1,14,14,0.21428571428571427,7.5,1
41739,2,12,12,0.6666666666666666,3.5833333333333335,1
41752,1,16,16,1.0,8.5,0
41756,1,17,17,0.29411764705882354,9.0,0
41761,1,12,12,0.0,6.5,1
41767,1,7,7,1.0,4.0,1
41771,1,11,11,0.8181818181818182,6.0,1
41783,1,5,5,1.0,3.0,1
41789,1,21,21,0.8095238095238095,11.0,0
41802,1,21,21,0.3333333333333333,11.0,0
41807,1,13,13,0.5384615384615384,7.0,1
41817,1,2,2,0.5,1.5,1
41853,2,18,17,0.3333333333333333,5.055555555555555,0
41862,1,15,15,0.6666666666666666,8.0,1
41877,1,2,2,1.0,1.5,1
41896,1,8,8,1.0,4.5,1
41909,1,11,11,1.0,6.0,1
41934,1,9,9,0.0,5.0,1
41973,1,6,6,0.8333333333333334,3.5,1
41976,1,11,11,0.5454545454545454,6.0,1
41996,1,7,7,1.0,4.0,1
42009,1,5,5,0.8,3.0,1
42015,1,9,9,0.7777777777777778,5.0,1
42037,2,8,8,0.875,3.0,1
42044,1,11,11,1.0,6.0,1
42064,1,8,8,0.875,4.5,1
42066,1,9,9,0.6666666666666666,5.0,1
42077,1,3,3,0.6666666666666666,2.0,1
42080,1,5,5,0.2,3.0,1
42081,1,10,10,0.8,5.5,1
42085,1,24,24,0.4166666666666667,12.5,0
42101,1,7,7,0.8571428571428571,4.0,1
42107,1,26,26,0.46153846153846156,13.5,0
42116,1,15,15,0.6666666666666666,8.0,1
42117,1,18,18,1.0,9.5,0
42130,1,7,7,0.0,4.0,1
42147,1,11,11,0.5454545454545454,6.0,1
42181,1,4,4,1.0,2.5,1
42199,1,2,2,0.0,1.5,1
42206,2,14,13,0.35714285714285715,4.642857142857143,1
42208,1,10,10,0.0,5.5,1
42210,1,11,11,0.8181818181818182,6.0,1
42236,1,4,4,0.5,2.5,1
42249,1,11,11,1.0,6.0,1
42254,1,5,5,0.0,3.0,1
42257,1,39,39,0.5641025641025641,20.0,0
42276,1,10,10,0.0,5.5,1
42278,1,3,3,0.0,2.0,1
42307,1,18,18,0.7777777777777778,9.5,0
42322,2,17,17,0.6470588235294118,5.117647058823529,0
42344,1,14,14,0.0,7.5,1
42377,1,2,2,0.5,1.5,1
42378,1,3,3,0.6666666666666666,2.0,1
42416,1,10,10,0.8,5.5,1
42417,1,19,19,1.0,10.0,0
42423,1,12,12,0.16666666666666666,6.5,1
42431,1,18,18,0.1111111111111111,9.5,0
42438,1,7,7,0.14285714285714285,4.0,1
42467,1,12,12,0.3333333333333333,6.5,1
42471,1,5,5,0.6,3.0,1
42474,1,6,6,0.6666666666666666,3.5,1
42480,1,14,14,0.5,7.5,1
42481,2,26,24,0.5384615384615384,7.615384615384615,0
42489,1,6,6,0.0,3.5,1
42497,1,11,11,0.9090909090909091,6.0,1
42507,2,14,14,0.7142857142857143,4.285714285714286,1
42520,1,13,13,0.6153846153846154,7.0,1
42526,1,14,14,0.5714285714285714,7.5,1
42550,2,42,42,0.5,11.857142857142858,0
42555,1,3,3,0.3333333333333333,2.0,1
42560,1,3,3,0.3333333333333333,2.0,1
42582,1,13,13,0.38461538461538464,7.0,1
42583,1,7,7,0.2857142857142857,4.0,1
42591,1,12,12,0.5,6.5,1
42610,1,10,10,0.9,5.5,1
42622,1,4,4,0.75,2.5,1
42640,1,7,7,0.7142857142857143,4.0,1
42650,1,18,18,0.8333333333333334,9.5,0
42664,1,10,10,0.0,5.5,1
42671,1,11,11,0.7272727272727273,6.0,1
42681,1,3,3,0.0,2.0,1
42685,1,35,35,0.7714285714285715,18.0,0
42699,1,14,14,0.7857142857142857,7.5,1
42701,1,9,9,0.3333333333333333,5.0,1
42706,1,2,2,0.0,1.5,1
42711,1,5,5,1.0,3.0,1
42736,1,21,21,0.6666666666666666,11.0,0
42737,1,9,9,0.5555555555555556,5.0,1
42762,1,18,18,0.8333333333333334,9.5,0
42764,1,5,5,0.6,3.0,1
42789,2,10,10,0.6,3.1,1
42792,2,43,42,0.5348837209302325,12.930232558139535,0
42806,1,7,7,0.5714285714285714,4.0,1
42814,1,12,12,0.25,6.5,1
42818,1,3,3,0.0,2.0,1
42825,1,4,4,1.0,2.5,1
42826,1,19,19,0.8947368421052632,10.0,0
42827,1,10,10,0.3,5.5,1
42831,1,11,11,0.6363636363636364,6.0,1
42834,1,13,13,0.07692307692307693,7.0,1
42874,1,1,1,1.0,1.0,1
42897,1,15,15,0.9333333333333333,8.0,1
42902,1,3,3,0.6666666666666666,2.0,1
42910,1,9,9,0.7777777777777778,5.0,1
42914,2,26,22,0.2692307692307692,7.038461538461538,0
42930,1,13,13,0.6153846153846154,7.0,1
42935,1,22,22,0.7272727272727273,11.5,0
42945,1,18,18,0.6666666666666666,9.5,0
42953,1,2,2,1.0,1.5,1
42955,1,13,13,0.9230769230769231,7.0,1
42957,2,15,12,1.0,4.666666666666667,1
42959,1,11,11,0.0,6.0,1
42962,1,8,8,0.0,4.5,1
42964,1,7,7,0.42857142857142855,4.0,1
42986,1,1,1,1.0,1.0,1
42991,1,13,13,0.9230769230769231,7.0,1
42996,1,17,17,1.0,9.0,0
43015,1,9,9,0.3333333333333333,5.0,1
43020,1,22,22,0.6818181818181818,11.5,0
43022,1,5,5,0.4,3.0,1
43023,1,18,18,0.2222222222222222,9.5,0
43026,1,8,8,0.625,4.5,1
43038,2,15,15,0.3333333333333333,5.6,0
43039,1,1,1,0.0,1.0,1
43052,1,1,1,0.0,1.0,1
43062,1,7,7,1.0,4.0,1
43082,1,10,10,0.7,5.5,1
43089,1,5,5,1.0,3.0,1
43107,1,13,13,0.9230769230769231,7.0,1
43123,1,3,3,1.0,2.0,1
43147,1,8,8,0.375,4.5,1
43190,2,4,4,0.75,1.5,1
43192,1,6,6,1.0,3.5,1
43203,1,4,4,0.5,2.5,1
43220,1,19,19,0.47368421052631576,10.0,0
43236,1,9,9,0.8888888888888888,5.0,1
43252,1,13,13,0.7692307692307693,7.0,1
43281,1,8,8,1.0,4.5,1
43295,1,26,26,0.5384615384615384,13.5,0
43303,1,6,6,0.8333333333333334,3.5,1
43305,1,2,2,0.0,1.5,1
43318,1,17,17,1.0,9.0,0
43322,1,28,28,0.0,14.5,0
43323,1,7,7,0.7142857142857143,4.0,1
43329,2,9,9,1.0,2.7777777777777777,1
43334,1,19,19,0.3684210526315789,10.0,0
43341,1,14,14,1.0,7.5,1
43342,2,3,3,0.3333333333333333,1.3333333333333333,1
43344,1,5,5,1.0,3.0,1
43349,1,6,6,0.5,3.5,1
43365,2,26,26,0.9230769230769231,7.615384615384615,0
43371,1,10,10,0.6,5.5,1
43373,1,2,2,0.5,1.5,1
43385,1,5,5,1.0,3.0,1
43408,1,4,4,1.0,2.5,1
43421,1,14,14,1.0,7.5,1
43491,2,4,3,1.0,1.75,1
43502,1,8,8,0.75,4.5,1
43517,1,9,9,1.0,5.0,1
43518,1,21,21,0.5714285714285714,11.0,0
43527,1,17,17,0.7647058823529411,9.0,0
43544,1,11,11,0.2727272727272727,6.0,1
43551,1,5,5,1.0,3.0,1
43562,1,2,2,1.0,1.5,1
43565,2,29,29,0.7241379310344828,7.758620689655173,0
43576,1,5,5,0.6,3.0,1
43584,1,7,7,1.0,4.0,1
43599,1,5,5,1.0,3.0,1
43607,2,38,38,0.3157894736842105,10.236842105263158,0
43617,1,6,6,0.8333333333333334,3.5,1
43621,1,24,24,0.7916666666666666,12.5,0
43629,1,12,12,0.6666666666666666,6.5,1
43633,1,21,21,0.47619047619047616,11.0,0
43641,1,9,9,0.4444444444444444,5.0,1
43643,1,12,12,0.25,6.5,1
43644,1,22,22,0.5454545454545454,11.5,0
43675,1,5,5,1.0,3.0,1
43694,1,15,15,0.6666666666666666,8.0,1
43723,1,2,2,0.5,1.5,1
43724,1,19,19,1.0,10.0,0
43756,1,17,17,0.5882352941176471,9.0,0
43758,2,30,29,0.9,8.3,0
43767,1,6,6,0.0,3.5,1
43783,1,9,9,0.6666666666666666,5.0,1
43798,1,5,5,0.4,3.0,1
43813,1,11,11,0.0,6.0,1
43818,2,13,13,0.15384615384615385,4.230769230769231,1
43823,1,3,3,1.0,2.0,1
43825,1,39,39,0.6923076923076923,20.0,0
43826,1,1,1,1.0,1.0,1
43844,1,5,5,1.0,3.0,1
43851,1,9,9,1.0,5.0,1
43860,1,2,2,0.0,1.5,1
43867,1,4,4,0.75,2.5,1
43872,1,23,23,0.43478260869565216,12.0,0
43897,1,3,3,0.0,2.0,1
43904,1,20,20,0.5,10.5,0
43905,1,13,13,0.15384615384615385,7.0,1
43906,1,1,1,0.0,1.0,1
43910,1,2,2,0.5,1.5,1
43914,1,3,3,0.0,2.0,1
43931,1,15,15,0.4,8.0,1
43934,1,39,39,0.0,20.0,0
43946,1,9,9,0.4444444444444444,5.0,1
43968,1,15,15,0.4,8.0,1
43978,1,8,8,1.0,4.5,1
43987,2,12,11,0.8333333333333334,3.8333333333333335,1
43989,1,5,5,0.6,3.0,1
44005,1,6,6,1.0,3.5,1
44006,1,13,13,0.6923076923076923,7.0,1
44016,1,13,13,0.3076923076923077,7.0,1
44018,1,6,6,0.5,3.5,1
44035,1,6,6,0.3333333333333333,3.5,1
44053,1,1,1,0.0,1.0,1
44062,1,11,11,0.8181818181818182,6.0,1
44070,1,5,5,1.0,3.0,1
44075,1,6,6,0.0,3.5,1
44089,1,9,9,1.0,5.0,1
44101,1,10,10,1.0,5.5,1
44103,2,3,3,1.0,1.3333333333333333,1
44120,1,1,1,1.0,1.0,1
44124,1,8,8,0.625,4.5,1
44133,1,20,20,0.35,10.5,0
44136,1,1,1,0.0,1.0,1
44141,1,7,7,0.8571428571428571,4.0,1
44157,2,18,14,0.8333333333333334,5.888888888888889,0
44196,1,9,9,0.4444444444444444,5.0,1
44217,1,8,8,0.875,4.5,1
44220,1,2,2,1.0,1.5,1
44227,1,14,14,0.8571428571428571,7.5,1
44229,1,6,6,0.5,3.5,1
44238,1,5,5,0.8,3.0,1
44246,1,4,4,0.5,2.5,1
44249,1,4,4,1.0,2.5,1
44250,2,44,44,0.7954545454545454,11.590909090909092,0
44251,1,11,11,0.9090909090909091,6.0,1
44262,1,14,14,0.6428571428571429,7.5,1
44285,2,18,18,0.9444444444444444,5.5,0
44301,1,11,11,0.8181818181818182,6.0,1
44313,1,31,31,0.41935483870967744,16.0,0
44319,1,11,11,0.45454545454545453,6.0,1
44320,1,15,15,0.9333333333333333,8.0,1
44326,1,6,6,0.0,3.5,1
44327,2,4,4,0.5,1.5,1
44345,1,16,16,0.25,8.5,0
44366,1,10,10,0.1,5.5,1
44383,1,2,2,1.0,1.5,1
44395,1,5,5,0.0,3.0,1
44396,1,7,7,0.2857142857142857,4.0,1
44402,1,5,5,0.2,3.0,1
44431,1,8,8,0.875,4.5,1
44450,1,14,14,0.6428571428571429,7.5,1
44451,1,9,9,1.0,5.0,1
44463,1,19,19,0.15789473684210525,10.0,0
44474,1,7,7,0.7142857142857143,4.0,1
44475,1,5,5,0.8,3.0,1
44477,1,6,6,0.16666666666666666,3.5,1
44489,1,37,37,0.0,19.0,0
44503,1,7,7,0.0,4.0,1
44519,1,24,24,0.0,12.5,0
44543,1,12,12,0.0,6.5,1
44563,1,18,18,0.7777777777777778,9.5,0
44593,1,8,8,0.25,4.5,1
44594,2,18,18,0.7222222222222222,5.222222222222222,0
44598,1,22,22,0.9545454545454546,11.5,0
44624,1,4,4,0.5,2.5,1
44629,1,13,13,0.5384615384615384,7.0,1
44633,1,26,26,0.6153846153846154,13.5,0
44638,1,6,6,0.8333333333333334,3.5,1
44639,1,12,12,0.25,6.5,1
44663,1,2,2,0.0,1.5,1
44671,1,6,6,1.0,3.5,1
44676,1,15,15,0.3333333333333333,8.0,1
44686,1,13,13,0.8461538461538461,7.0,1
44687,1,5,5,0.4,3.0,1
44705,1,10,10,0.7,5.5,1
44713,2,19,19,0.5789473684210527,5.2631578947368425,0
44734,1,8,8,0.375,4.5,1
44749,2,14,14,0.9285714285714286,4.071428571428571,1
44785,1,18,18,1.0,9.5,0
44786,1,5,5,0.8,3.0,1
44802,1,3,3,0.3333333333333333,2.0,1
44803,1,11,11,0.45454545454545453,6.0,1
44835,1,21,21,0.5714285714285714,11.0,0
44859,1,7,7,1.0,4.0,1
44867,1,5,5,1.0,3.0,1
44870,1,3,3,1.0,2.0,1
44884,1,4,4,1.0,2.5,1
44888,1,10,10,0.7,5.5,1
44893,1,13,13,0.6923076923076923,7.0,1
44903,1,6,6,0.8333333333333334,3.5,1
44922,1,15,15,0.6,8.0,1
44961,1,4,4,0.5,2.5,1
44970,1,7,7,0.8571428571428571,4.0,1
44983,1,29,29,0.6206896551724138,15.0,0
44992,3,43,36,0.7674418604651163,8.279069767441861,0
44995,1,3,3,0.3333333333333333,2.0,1
45004,1,14,14,0.0,7.5,1
45006,1,15,15,0.4,8.0,1
45013,1,7,7,0.5714285714285714,4.0,1
45018,1,16,16,0.5,8.5,0
45027,1,8,8,0.75,4.5,1
45035,1,10,10,0.2,5.5,1
45040,1,14,14,0.14285714285714285,7.5,1
45059,1,42,42,0.9047619047619048,21.5,0
45075,3,37,32,0.4864864864864865,9.756756756756756,0
45076,1,8,8,0.0,4.5,1
45077,1,25,25,0.0,13.0,0
45082,1,13,13,0.0,7.0,1
45090,2,64,64,0.890625,20.015625,0
45129,1,9,9,0.7777777777777778,5.0,1
45139,2,22,22,0.8636363636363636,7.136363636363637,0
45160,1,2,2,0.5,1.5,1
45167,1,16,16,0.6875,8.5,0
45175,1,21,21,0.8095238095238095,11.0,0
45198,1,14,14,0.6428571428571429,7.5,1
45211,1,19,19,1.0,10.0,0
45219,1,5,5,1.0,3.0,1
45228,2,42,34,0.9047619047619048,11.095238095238095,0
45236,1,6,6,0.6666666666666666,3.5,1
45255,1,4,4,1.0,2.5,1
45258,1,6,6,0.8333333333333334,3.5,1
45293,1,7,7,0.42857142857142855,4.0,1
45297,1,10,10,0.1,5.5,1
45311,1,1,1,1.0,1.0,1
45319,1,25,25,0.8,13.0,0
45331,1,13,13,0.8461538461538461,7.0,1
45333,1,5,5,0.6,3.0,1
45335,1,18,18,0.5,9.5,0
45345,1,7,7,0.5714285714285714,4.0,1
45357,1,5,5,0.6,3.0,1
45405,1,1,1,1.0,1.0,1
45407,1,32,32,0.0,16.5,0
45417,1,5,5,0.6,3.0,1
45422,1,17,17,0.4117647058823529,9.0,0
45426,2,34,33,0.38235294117647056,9.117647058823529,0
45441,1,9,9,0.3333333333333333,5.0,1
45445,1,5,5,0.8,3.0,1
45461,1,14,14,0.6428571428571429,7.5,1
45472,1,1,1,0.0,1.0,1
45476,1,1,1,1.0,1.0,1
45492,1,7,7,0.2857142857142857,4.0,1
45495,1,5,5,0.0,3.0,1
45501,1,3,3,0.6666666666666666,2.0,1
45504,1,17,17,0.0,9.0,0
45515,1,5,5,0.2,3.0,1
45517,1,1,1,0.0,1.0,1
45527,1,16,16,0.875,8.5,0
45538,2,15,15,0.6666666666666666,4.4,0
45564,1,9,9,0.8888888888888888,5.0,1
45569,1,2,2,0.0,1.5,1
45576,1,5,5,0.6,3.0,1
45580,1,27,27,0.6666666666666666,14.0,0
45582,1,8,8,0.375,4.5,1
45587,2,27,23,0.7777777777777778,7.2592592592592595,0
45588,1,29,29,0.3793103448275862,15.0,0
45591,1,32,32,0.5,16.5,0
45595,2,7,4,0.8571428571428571,2.2857142857142856,1
45609,1,4,4,0.5,2.5,1
45628,1,8,8,1.0,4.5,1
45631,1,15,15,0.4666666666666667,8.0,1
45640,1,1,1,1.0,1.0,1
45648,1,8,8,0.375,4.5,1
45661,1,2,2,1.0,1.5,1
45671,1,2,2,1.0,1.5,1
45674,1,5,5,0.4,3.0,1
45686,1,15,15,0.8666666666666667,8.0,1
45699,1,4,4,0.5,2.5,1
45746,1,14,14,0.8571428571428571,7.5,1
45758,1,2,2,0.5,1.5,1
45765,1,4,4,0.25,2.5,1
45766,1,5,5,0.4,3.0,1
45779,1,12,12,0.9166666666666666,6.5,1
45781,1,9,9,0.3333333333333333,5.0,1
45782,1,2,2,1.0,1.5,1
45787,1,16,16,0.5,8.5,0
45788,1,9,9,0.7777777777777778,5.0,1
45790,1,5,5,1.0,3.0,1
45802,1,8,8,0.625,4.5,1
45803,1,22,22,0.7727272727272727,11.5,0
45813,1,34,34,0.3235294117647059,17.5,0
45827,1,6,6,1.0,3.5,1
45830,1,8,8,0.625,4.5,1
45892,1,14,14,0.8571428571428571,7.5,1
45911,1,10,10,1.0,5.5,1
45929,1,10,10,0.4,5.5,1
45933,1,10,10,0.8,5.5,1
45934,1,2,2,1.0,1.5,1
45936,1,6,6,1.0,3.5,1
45961,1,11,11,0.9090909090909091,6.0,1
45981,1,2,2,1.0,1.5,1
45990,1,2,2,1.0,1.5,1
46000,1,20,20,0.75,10.5,0
46019,1,2,2,1.0,1.5,1
46050,1,8,8,0.25,4.5,1
46054,1,12,12,0.16666666666666666,6.5,1
46059,2,18,18,0.8333333333333334,5.055555555555555,0
46063,1,1,1,0.0,1.0,1
46070,1,12,12,1.0,6.5,1
46071,1,3,3,0.6666666666666666,2.0,1
46079,1,22,22,0.45454545454545453,11.5,0
46087,1,34,34,0.14705882352941177,17.5,0
46097,1,21,21,0.5714285714285714,11.0,0
46103,1,20,20,0.55,10.5,0
46109,1,4,4,0.5,2.5,1
46111,1,8,8,0.875,4.5,1
46127,1,6,6,0.8333333333333334,3.5,1
46152,1,5,5,0.0,3.0,1
46163,2,16,16,0.6875,4.5,0
46170,1,16,16,0.625,8.5,0
46177,1,6,6,0.0,3.5,1
46184,1,1,1,0.0,1.0,1
46186,1,17,17,1.0,9.0,0
46192,1,11,11,0.5454545454545454,6.0,1
46215,1,15,15,0.4666666666666667,8.0,1
46237,1,8,8,0.625,4.5,1
46241,1,21,21,0.047619047619047616,11.0,0
46244,1,12,12,0.5,6.5,1
46245,1,3,3,0.3333333333333333,2.0,1
46248,1,4,4,0.75,2.5,1
46255,3,38,32,0.9210526315789473,7.684210526315789,0
46257,2,32,30,0.65625,8.78125,0
46259,1,5,5,0.8,3.0,1
46268,1,7,7,0.2857142857142857,4.0,1
46269,1,7,7,0.14285714285714285,4.0,1
46272,1,4,4,1.0,2.5,1
46275,1,13,13,0.23076923076923078,7.0,1
46277,1,1,1,1.0,1.0,1
46303,1,6,6,0.6666666666666666,3.5,1
46305,1,9,9,0.3333333333333333,5.0,1
46320,2,8,8,0.5,3.625,1
46330,1,1,1,1.0,1.0,1
46338,1,8,8,0.25,4.5,1
46345,1,26,26,0.8846153846153846,13.5,0
46351,1,28,28,0.0,14.5,0
46356,1,19,19,0.631578947368421,10.0,0
46374,1,11,11,0.45454545454545453,6.0,1
46379,1,8,8,0.75,4.5,1
46382,1,17,17,0.29411764705882354,9.0,0
46402,1,7,7,0.2857142857142857,4.0,1
46404,1,13,13,0.46153846153846156,7.0,1
46408,1,7,7,0.2857142857142857,4.0,1
46411,1,6,6,1.0,3.5,1
46454,1,4,4,0.75,2.5,1
46476,1,13,13,0.5384615384615384,7.0,1
46491,1,6,6,0.3333333333333333,3.5,1
46496,1,8,8,0.625,4.5,1
46510,1,27,27,0.2962962962962963,14.0,0
46511,1,8,8,0.625,4.5,1
46516,1,6,6,0.6666666666666666,3.5,1
46521,1,8,8,0.375,4.5,1
46527,1,8,8,1.0,4.5,1
46529,1,17,17,0.8823529411764706,9.0,0
46534,1,2,2,0.0,1.5,1
46546,1,12,12,0.5,6.5,1
46566,1,9,9,1.0,5.0,1
46593,1,3,3,1.0,2.0,1
46621,1,6,6,0.6666666666666666,3.5,1
46654,1,14,14,1.0,7.5,1
46701,1,11,11,0.36363636363636365,6.0,1
46705,1,7,7,0.7142857142857143,4.0,1
46712,1,25,25,0.2,13.0,0
46717,1,3,3,1.0,2.0,1
46735,1,2,2,0.0,1.5,1
46748,1,21,21,0.42857142857142855,11.0,0
46749,1,23,23,0.8695652173913043,12.0,0
46753,1,12,12,0.5833333333333334,6.5,1
46765,1,14,14,0.35714285714285715,7.5,1
46800,1,11,11,0.36363636363636365,6.0,1
46838,2,25,21,0.8,7.24,0
46839,1,9,9,0.1111111111111111,5.0,1
46854,1,7,7,0.42857142857142855,4.0,1
46855,1,2,2,0.5,1.5,1
46866,1,15,15,0.5333333333333333,8.0,1
46880,1,3,3,0.6666666666666666,2.0,1
46931,1,11,11,0.6363636363636364,6.0,1
46935,2,12,12,0.5833333333333334,3.5,1
46940,1,3,3,0.6666666666666666,2.0,1
47006,1,27,27,0.14814814814814814,14.0,0
47014,1,1,1,0.0,1.0,1
47015,1,12,12,0.5833333333333334,6.5,1
47019,1,5,5,0.8,3.0,1
47029,1,9,9,0.6666666666666666,5.0,1
47035,1,16,16,0.9375,8.5,0
47036,1,10,10,0.0,5.5,1
47038,1,11,11,0.8181818181818182,6.0,1
47062,1,13,13,0.46153846153846156,7.0,1
47066,1,9,9,0.7777777777777778,5.0,1
47077,1,6,6,0.8333333333333334,3.5,1
47084,1,16,16,0.4375,8.5,0
47094,1,8,8,0.0,4.5,1
47142,1,6,6,0.5,3.5,1
47166,1,18,18,0.4444444444444444,9.5,0
47171,1,7,7,1.0,4.0,1
47172,1,7,7,0.0,4.0,1
47184,1,8,8,0.875,4.5,1
47194,1,11,11,0.5454545454545454,6.0,1
47202,1,8,8,0.75,4.5,1
47233,1,9,9,1.0,5.0,1
47270,1,2,2,1.0,1.5,1
47277,1,17,17,0.5294117647058824,9.0,0
47280,1,12,12,0.9166666666666666,6.5,1
47294,1,7,7,0.2857142857142857,4.0,1
47296,1,5,5,0.2,3.0,1
47336,1,2,2,0.5,1.5,1
47340,2,13,13,0.46153846153846156,3.769230769230769,1
47358,1,11,11,0.2727272727272727,6.0,1
47359,1,5,5,0.6,3.0,1
47368,1,3,3,1.0,2.0,1
47375,1,13,13,0.8461538461538461,7.0,1
47390,1,11,11,0.0,6.0,1
47395,1,5,5,0.4,3.0,1
47396,1,3,3,0.3333333333333333,2.0,1
47448,1,12,12,0.3333333333333333,6.5,1
47468,1,6,6,0.16666666666666666,3.5,1
47474,1,5,5,0.0,3.0,1
47484,1,8,8,1.0,4.5,1
47488,1,5,5,0.8,3.0,1
47494,1,5,5,1.0,3.0,1
47496,1,18,18,0.3333333333333333,9.5,0
47522,1,9,9,1.0,5.0,1
47543,1,20,20,0.65,10.5,0
47586,2,22,22,0.45454545454545453,8.227272727272727,0
47606,1,20,20,0.4,10.5,0
47608,1,4,4,1.0,2.5,1
47610,1,2,2,1.0,1.5,1
47617,1,9,9,0.4444444444444444,5.0,1
47622,1,6,6,1.0,3.5,1
47624,1,1,1,1.0,1.0,1
47631,1,47,47,0.7872340425531915,24.0,0
47637,1,6,6,0.8333333333333334,3.5,1
47640,1,21,21,0.5238095238095238,11.0,0
47642,1,9,9,0.7777777777777778,5.0,1
47644,1,5,5,0.0,3.0,1
47647,1,7,7,1.0,4.0,1
47667,1,13,13,0.0,7.0,1
47669,1,4,4,1.0,2.5,1
47676,1,6,6,0.8333333333333334,3.5,1
47686,1,11,11,0.6363636363636364,6.0,1
47698,1,2,2,0.5,1.5,1
47707,1,4,4,0.0,2.5,1
47717,1,5,5,1.0,3.0,1
47721,1,6,6,0.8333333333333334,3.5,1
47729,1,21,21,0.9047619047619048,11.0,0
47755,1,8,8,0.125,4.5,1
47763,1,8,8,0.875,4.5,1
47784,2,3,3,1.0,1.3333333333333333,1
47811,1,11,11,0.7272727272727273,6.0,1
47814,1,7,7,0.7142857142857143,4.0,1
47819,1,16,16,0.0,8.5,0
47828,1,14,14,0.2857142857142857,7.5,1
47844,1,8,8,1.0,4.5,1
47873,1,13,13,0.7692307692307693,7.0,1
47879,1,20,20,0.4,10.5,0
47883,1,4,4,0.5,2.5,1
47890,2,4,4,0.5,1.5,1
47902,1,3,3,0.3333333333333333,2.0,1
47932,1,17,17,0.0,9.0,0
47936,1,13,13,0.8461538461538461,7.0,1
47954,1,14,14,0.8571428571428571,7.5,1
47971,1,5,5,0.4,3.0,1
47985,1,5,5,1.0,3.0,1
48005,1,12,12,0.0,6.5,1
48012,1,10,10,0.5,5.5,1
48019,1,4,4,0.75,2.5,1
48023,1,26,26,0.9230769230769231,13.5,0
48024,1,5,5,0.6,3.0,1
48042,1,2,2,1.0,1.5,1
48049,2,27,27,0.37037037037037035,9.925925925925926,0
48052,1,8,8,0.25,4.5,1
48094,1,7,7,1.0,4.0,1
48096,1,17,17,0.7058823529411765,9.0,0
48123,1,12,12,0.75,6.5,1
48127,1,13,13,0.7692307692307693,7.0,1
48128,1,4,4,0.0,2.5,1
48143,1,4,4,1.0,2.5,1
48160,1,5,5,1.0,3.0,1
48176,1,20,20,0.55,10.5,0
48178,1,11,11,1.0,6.0,1
48203,1,21,21,0.3333333333333333,11.0,0
48206,1,23,23,1.0,12.0,0
48215,1,4,4,0.0,2.5,1
48224,1,9,9,0.2222222222222222,5.0,1
48233,1,3,3,0.0,2.0,1
48235,1,14,14,0.7857142857142857,7.5,1
48249,1,11,11,0.5454545454545454,6.0,1
48256,1,12,12,0.16666666666666666,6.5,1
48267,1,8,8,0.5,4.5,1
48279,1,6,6,0.6666666666666666,3.5,1
48308,2,31,31,0.7096774193548387,8.32258064516129,0
48321,2,22,22,0.8181818181818182,6.409090909090909,0
48335,1,7,7,1.0,4.0,1
48340,1,4,4,0.0,2.5,1
48361,1,15,15,0.6,8.0,1
48369,1,15,15,0.8666666666666667,8.0,1
48384,1,26,26,0.46153846153846156,13.5,0
48399,1,7,7,0.7142857142857143,4.0,1
48401,1,1,1,1.0,1.0,1
48406,1,7,7,0.0,4.0,1
48412,1,19,19,0.0,10.0,0
48417,1,40,40,0.775,20.5,0
48424,1,11,11,0.8181818181818182,6.0,1
48436,1,11,11,0.0,6.0,1
48465,1,36,36,1.0,18.5,0
48466,1,11,11,0.6363636363636364,6.0,1
48476,1,9,9,0.7777777777777778,5.0,1
48477,1,17,17,0.7058823529411765,9.0,0
48480,1,13,13,1.0,7.0,1
48502,1,9,9,0.4444444444444444,5.0,1
48512,1,1,1,1.0,1.0,1
48519,1,17,17,0.5882352941176471,9.0,0
48527,1,4,4,1.0,2.5,1
48536,1,16,16,0.6875,8.5,0
48547,1,9,9,1.0,5.0,1
48571,1,16,16,0.5625,8.5,0
48580,1,6,6,0.5,3.5,1
48588,1,10,10,0.3,5.5,1
48590,1,24,24,0.4583333333333333,12.5,0
48592,1,11,11,0.18181818181818182,6.0,1
48610,1,10,10,0.5,5.5,1
48666,1,6,6,0.8333333333333334,3.5,1
48689,1,14,14,0.7142857142857143,7.5,1
48723,1,3,3,0.6666666666666666,2.0,1
48730,1,19,19,0.5263157894736842,10.0,0
48737,1,6,6,0.0,3.5,1
48744,1,12,12,0.6666666666666666,6.5,1
48760,1,2,2,1.0,1.5,1
48764,1,4,4,0.5,2.5,1
48767,2,23,23,0.6086956521739131,6.3478260869565215,0
48801,1,11,11,0.7272727272727273,6.0,1
48813,1,17,17,0.5294117647058824,9.0,0
48830,1,13,13,1.0,7.0,1
48862,2,45,45,0.5555555555555556,12.688888888888888,0
48867,1,2,2,1.0,1.5,1
48882,1,10,10,0.0,5.5,1
48889,1,12,12,0.0,6.5,1
48890,3,39,39,0.7692307692307693,7.487179487179487,0
48897,1,10,10,0.2,5.5,1
48900,1,9,9,0.7777777777777778,5.0,1
48924,1,5,5,0.6,3.0,1
48936,1,14,14,0.6428571428571429,7.5,1
48958,1,7,7,0.7142857142857143,4.0,1
48968,1,16,16,0.3125,8.5,0
48970,1,6,6,0.16666666666666666,3.5,1
48992,1,17,17,0.8823529411764706,9.0,0
48998,1,17,17,0.4117647058823529,9.0,0
49001,1,12,12,0.6666666666666666,6.5,1
49006,1,5,5,0.4,3.0,1
49017,1,7,7,0.8571428571428571,4.0,1
49030,2,19,19,0.47368421052631576,5.368421052631579,0
49064,1,4,4,1.0,2.5,1
49066,1,2,2,0.0,1.5,1
49088,1,8,8,0.5,4.5,1
49107,1,5,5,0.0,3.0,1
49116,1,4,4,1.0,2.5,1
49131,1,13,13,0.3076923076923077,7.0,1
49144,1,21,21,0.7619047619047619,11.0,0
49159,1,1,1,1.0,1.0,1
49168,1,3,3,1.0,2.0,1
49182,1,4,4,0.5,2.5,1
49186,1,1,1,1.0,1.0,1
49187,1,11,11,0.0,6.0,1
49210,3,38,38,0.9210526315789473,8.131578947368421,0
49211,1,14,14,0.35714285714285715,7.5,1
49216,1,8,8,0.375,4.5,1
49219,1,16,16,0.5,8.5,0
49225,1,5,5,1.0,3.0,1
49230,1,12,12,0.9166666666666666,6.5,1
49233,1,4,4,1.0,2.5,1
49237,1,13,13,0.5384615384615384,7.0,1
49240,1,7,7,1.0,4.0,1
49249,1,9,9,0.8888888888888888,5.0,1
49251,1,23,23,0.6086956521739131,12.0,0
49271,1,8,8,0.875,4.5,1
49275,1,10,10,0.5,5.5,1
49284,1,10,10,0.8,5.5,1
49287,1,4,4,1.0,2.5,1
49293,1,18,18,0.3333333333333333,9.5,0
49299,1,17,17,0.8823529411764706,9.0,0
49312,1,24,24,0.8333333333333334,12.5,0
49332,1,1,1,1.0,1.0,1
49342,1,2,2,0.5,1.5,1
49353,1,4,4,0.75,2.5,1
49355,1,16,16,0.6875,8.5,0
49368,1,3,3,1.0,2.0,1
49372,1,8,8,0.625,4.5,1
49373,1,21,21,0.5714285714285714,11.0,0
49405,1,16,16,0.875,8.5,0
49413,1,22,22,1.0,11.5,0
49417,1,3,3,0.0,2.0,1
49420,1,1,1,1.0,1.0,1
49445,2,53,53,0.5849056603773585,14.320754716981131,0
49468,1,11,11,0.36363636363636365,6.0,1
49478,1,16,16,0.875,8.5,0
49486,1,2,2,0.5,1.5,1
49495,1,18,18,0.5,9.5,0
49497,1,36,36,0.19444444444444445,18.5,0
49522,2,18,18,0.7777777777777778,5.888888888888889,0
49531,1,17,17,0.7647058823529411,9.0,0
49537,1,18,18,0.7222222222222222,9.5,0
49545,1,15,15,0.9333333333333333,8.0,1
49563,1,9,9,0.7777777777777778,5.0,1
49597,1,1,1,0.0,1.0,1
49605,1,6,6,0.8333333333333334,3.5,1
49608,1,10,10,0.8,5.5,1
49610,1,3,3,0.0,2.0,1
49611,1,13,13,0.9230769230769231,7.0,1
49616,1,4,4,1.0,2.5,1
49618,1,8,8,0.5,4.5,1
49664,1,4,4,1.0,2.5,1
49679,1,30,30,0.5,15.5,0
49683,1,12,12,0.5833333333333334,6.5,1
49701,2,32,31,0.875,9.625,0
49732,1,25,25,0.32,13.0,0
49754,1,1,1,1.0,1.0,1
49755,1,4,4,0.5,2.5,1
49770,1,16,16,0.5,8.5,0
49802,1,7,7,1.0,4.0,1
49808,1,7,7,0.7142857142857143,4.0,1
49824,1,3,3,0.3333333333333333,2.0,1
49838,1,10,10,0.5,5.5,1
49841,2,18,17,0.8888888888888888,5.222222222222222,0
49855,1,10,10,0.8,5.5,1
49896,1,16,16,0.125,8.5,0
49898,1,8,8,0.0,4.5,1
49902,1,29,29,0.9310344827586207,15.0,0
49918,1,6,6,0.5,3.5,1
49934,1,18,18,1.0,9.5,0
49957,2,15,15,0.8666666666666667,6.266666666666667,0
49977,1,15,15,0.7333333333333333,8.0,1
49988,1,3,3,0.3333333333333333,2.0,1
49999,1,36,36,0.8888888888888888,18.5,0
50000,1,6,6,1.0,3.5,1
50005,1,33,33,0.0,17.0,0
50008,1,8,8,0.875,4.5,1
50024,1,5,5,0.2,3.0,1
50037,1,25,25,0.32,13.0,0
50038,1,7,7,1.0,4.0,1
50041,1,1,1,1.0,1.0,1
50074,2,17,14,0.9411764705882353,5.117647058823529,0
50082,1,7,7,0.8571428571428571,4.0,1
50084,1,9,9,0.2222222222222222,5.0,1
50096,1,26,26,0.46153846153846156,13.5,0
50109,1,7,7,0.0,4.0,1
50111,1,7,7,0.5714285714285714,4.0,1
50123,1,8,8,0.75,4.5,1
50148,1,8,8,0.875,4.5,1
50174,1,10,10,0.9,5.5,1
50193,1,2,2,0.5,1.5,1
50196,1,11,11,0.45454545454545453,6.0,1
50198,1,24,24,0.375,12.5,0
50199,1,19,19,0.7894736842105263,10.0,0
50200,1,1,1,0.0,1.0,1
50201,1,8,8,0.375,4.5,1
50227,1,6,6,1.0,3.5,1
50237,2,8,8,0.75,3.0,1
50246,1,27,27,0.8888888888888888,14.0,0
50250,1,5,5,0.6,3.0,1
50276,1,14,14,0.8571428571428571,7.5,1
50277,1,14,14,0.5714285714285714,7.5,1
50299,1,19,19,0.8421052631578947,10.0,0
50338,1,1,1,1.0,1.0,1
50341,1,27,27,1.0,14.0,0
50362,1,16,16,1.0,8.5,0
50400,1,12,12,0.75,6.5,1
50403,1,12,12,0.25,6.5,1
50435,1,11,11,0.9090909090909091,6.0,1
50436,1,3,3,1.0,2.0,1
50442,1,5,5,1.0,3.0,1
50449,2,8,8,0.5,2.5,1
50451,1,11,11,0.6363636363636364,6.0,1
50471,1,7,7,0.5714285714285714,4.0,1
50491,1,15,15,0.6,8.0,1
50516,1,1,1,0.0,1.0,1
50525,1,18,18,0.3333333333333333,9.5,0
50558,2,4,4,0.5,1.75,1
50562,1,10,10,0.6,5.5,1
50564,1,14,14,1.0,7.5,1
50583,2,32,32,0.84375,8.78125,0
50591,1,6,6,1.0,3.5,1
50592,1,22,22,0.5909090909090909,11.5,0
50607,1,8,8,1.0,4.5,1
50616,1,1,1,0.0,1.0,1
50620,1,7,7,0.42857142857142855,4.0,1
50628,1,12,12,1.0,6.5,1
50630,1,20,20,0.3,10.5,0
50631,1,6,6,1.0,3.5,1
50645,1,17,17,0.11764705882352941,9.0,0
50649,1,11,11,0.45454545454545453,6.0,1
50652,1,7,7,0.8571428571428571,4.0,1
50679,1,10,10,0.8,5.5,1
50683,1,12,12,0.4166666666666667,6.5,1
50697,1,11,11,0.2727272727272727,6.0,1
50710,1,15,15,0.0,8.0,1
50716,1,14,14,0.35714285714285715,7.5,1
50730,1,6,6,0.8333333333333334,3.5,1
50733,1,11,11,0.5454545454545454,6.0,1
50761,3,49,37,0.6530612244897959,9.16326530612245,0
50790,1,7,7,0.5714285714285714,4.0,1
50791,1,14,14,0.7857142857142857,7.5,1
50805,1,13,13,1.0,7.0,1
50811,1,5,5,0.8,3.0,1
50836,1,9,9,0.5555555555555556,5.0,1
50848,1,11,11,0.6363636363636364,6.0,1
50889,1,7,7,0.5714285714285714,4.0,1
50905,1,2,2,1.0,1.5,1
50909,1,10,10,0.1,5.5,1
50916,1,7,7,1.0,4.0,1
50921,1,11,11,0.6363636363636364,6.0,1
50929,1,23,23,0.8695652173913043,12.0,0
50943,1,5,5,1.0,3.0,1
51003,1,9,9,0.8888888888888888,5.0,1
51016,1,4,4,1.0,2.5,1
51039,1,3,3,0.0,2.0,1
51061,1,14,14,0.6428571428571429,7.5,1
51064,1,20,20,0.75,10.5,0
51074,1,19,19,0.7894736842105263,10.0,0
51104,1,6,6,0.6666666666666666,3.5,1
51122,1,6,6,1.0,3.5,1
51123,1,6,6,0.8333333333333334,3.5,1
51126,1,5,5,1.0,3.0,1
51129,1,6,6,1.0,3.5,1
51141,1,3,3,1.0,2.0,1
51162,1,8,8,1.0,4.5,1
51163,1,3,3,1.0,2.0,1
51172,1,9,9,1.0,5.0,1
51176,1,3,3,0.0,2.0,1
51177,1,19,19,0.9473684210526315,10.0,0
51178,2,41,41,0.8536585365853658,10.902439024390244,0
51180,1,9,9,0.5555555555555556,5.0,1
51197,1,11,11,0.2727272727272727,6.0,1
51198,1,8,8,0.875,4.5,1
51199,1,7,7,0.42857142857142855,4.0,1
51227,2,54,54,0.9259259259259259,14.166666666666666,0
51228,1,10,10,0.7,5.5,1
51239,1,7,7,0.5714285714285714,4.0,1
51244,1,15,15,1.0,8.0,1
51250,1,12,12,0.75,6.5,1
51263,1,8,8,1.0,4.5,1
51269,1,5,5,0.8,3.0,1
51272,1,5,5,0.8,3.0,1
51278,1,5,5,0.8,3.0,1
51302,1,8,8,0.875,4.5,1
51307,1,15,15,0.06666666666666667,8.0,1
51308,1,15,15,0.13333333333333333,8.0,1
51309,1,6,6,1.0,3.5,1
51338,1,10,10,0.8,5.5,1
51359,1,1,1,1.0,1.0,1
51366,1,12,12,0.5833333333333334,6.5,1
51388,1,3,3,0.0,2.0,1
51424,1,3,3,0.3333333333333333,2.0,1
51425,1,8,8,0.375,4.5,1
51432,1,2,2,0.5,1.5,1
51439,1,9,9,0.4444444444444444,5.0,1
51443,1,7,7,0.42857142857142855,4.0,1
51470,1,12,12,1.0,6.5,1
51476,1,13,13,0.46153846153846156,7.0,1
51479,1,15,15,0.0,8.0,1
51495,1,8,8,1.0,4.5,1
51507,1,5,5,0.8,3.0,1
51508,1,15,15,0.0,8.0,1
51524,1,16,16,1.0,8.5,0
51526,1,16,16,0.125,8.5,0
51556,1,1,1,1.0,1.0,1
51563,1,2,2,0.5,1.5,1
51566,1,6,6,0.8333333333333334,3.5,1
51571,1,13,13,0.6923076923076923,7.0,1
51572,1,4,4,1.0,2.5,1
51585,1,1,1,0.0,1.0,1
51603,1,10,10,0.5,5.5,1
51605,3,5,4,0.8,1.6,1
51625,1,21,21,1.0,11.0,0
51635,1,5,5,0.2,3.0,1
51645,1,12,12,0.5833333333333334,6.5,1
51649,1,12,12,0.25,6.5,1
51656,1,4,4,0.25,2.5,1
51658,1,3,3,1.0,2.0,1
51680,1,4,4,0.75,2.5,1
51694,1,10,10,0.5,5.5,1
51704,2,27,27,0.9259259259259259,7.481481481481482,0
51742,1,7,7,0.14285714285714285,4.0,1
51753,1,14,14,0.5,7.5,1
51760,2,15,15,0.6666666666666666,4.266666666666667,0
51763,1,5,5,0.2,3.0,1
51775,1,13,13,0.6153846153846154,7.0,1
51780,1,1,1,0.0,1.0,1
51784,1,18,18,0.5,9.5,0
51811,2,9,7,0.7777777777777778,3.0,1
51817,1,5,5,1.0,3.0,1
51834,1,9,9,0.3333333333333333,5.0,1
51844,1,9,9,0.8888888888888888,5.0,1
51849,1,22,22,0.7272727272727273,11.5,0
51860,1,10,10,0.3,5.5,1
51862,1,13,13,1.0,7.0,1
51867,3,39,39,0.8461538461538461,8.461538461538462,0
51872,1,14,14,0.5714285714285714,7.5,1
51880,1,8,8,0.125,4.5,1
51892,1,10,10,0.5,5.5,1
51894,1,16,16,1.0,8.5,0
51911,1,15,15,0.0,8.0,1
51915,1,9,9,0.8888888888888888,5.0,1
51928,1,4,4,0.5,2.5,1
51931,1,11,11,0.2727272727272727,6.0,1
51955,1,9,9,0.0,5.0,1
51967,1,6,6,0.8333333333333334,3.5,1
51978,1,21,21,0.5714285714285714,11.0,0
51979,1,6,6,1.0,3.5,1
51994,1,8,8,0.375,4.5,1
52006,1,5,5,0.6,3.0,1
52016,1,7,7,0.0,4.0,1
52028,1,16,16,0.375,8.5,0
52048,1,10,10,0.5,5.5,1
52063,2,17,17,0.29411764705882354,6.529411764705882,0
52084,1,6,6,1.0,3.5,1
52101,1,15,15,0.0,8.0,1
52131,1,19,19,0.47368421052631576,10.0,0
52141,1,1,1,1.0,1.0,1
52150,1,17,17,0.0,9.0,0
52153,2,30,30,0.4666666666666667,9.2,0
52180,1,9,9,0.7777777777777778,5.0,1
52205,1,13,13,0.38461538461538464,7.0,1
52222,1,22,22,0.0,11.5,0
52230,1,1,1,0.0,1.0,1
52231,1,3,3,0.0,2.0,1
52233,1,1,1,1.0,1.0,1
52293,1,3,3,0.0,2.0,1
52335,1,10,10,0.8,5.5,1
52339,1,2,2,0.0,1.5,1
52352,2,12,12,0.75,3.8333333333333335,1
52370,1,11,11,0.7272727272727273,6.0,1
52372,1,7,7,0.14285714285714285,4.0,1
52385,1,9,9,0.7777777777777778,5.0,1
52409,1,33,33,0.21212121212121213,17.0,0
52412,1,7,7,0.8571428571428571,4.0,1
52459,1,12,12,1.0,6.5,1
52465,1,8,8,0.125,4.5,1
52473,1,18,18,0.16666666666666666,9.5,0
52478,1,5,5,0.6,3.0,1
52483,1,11,11,0.45454545454545453,6.0,1
52493,1,13,13,0.46153846153846156,7.0,1
52496,1,2,2,0.5,1.5,1
52498,1,10,10,0.9,5.5,1
52511,1,4,4,0.75,2.5,1
52527,1,15,15,0.6666666666666666,8.0,1
52540,1,4,4,0.5,2.5,1
52548,1,4,4,1.0,2.5,1
52561,1,3,3,0.0,2.0,1
52564,1,3,3,0.0,2.0,1
52572,1,33,33,0.8181818181818182,17.0,0
52605,1,5,5,0.4,3.0,1
52638,1,32,32,0.0,16.5,0
52640,1,6,6,0.0,3.5,1
52649,1,16,16,0.3125,8.5,0
52652,1,4,4,0.5,2.5,1
52662,1,8,8,0.625,4.5,1
52678,1,2,2,0.5,1.5,1
52683,1,3,3,1.0,2.0,1
52691,2,4,4,0.0,1.5,1
52740,1,7,7,0.42857142857142855,4.0,1
52745,1,8,8,0.125,4.5,1
52751,1,13,13,0.0,7.0,1
52765,1,13,13,0.23076923076923078,7.0,1
52767,1,1,1,0.0,1.0,1
52778,1,22,22,0.6363636363636364,11.5,0
52783,1,9,9,0.7777777777777778,5.0,1
52788,1,5,5,0.2,3.0,1
52798,1,1,1,0.0,1.0,1
52805,1,7,7,0.7142857142857143,4.0,1
52814,2,37,37,0.8918918918918919,10.08108108108108,0
52824,2,40,40,0.85,10.6,0
52843,1,18,18,1.0,9.5,0
52844,1,6,6,0.6666666666666666,3.5,1
52853,1,9,9,0.8888888888888888,5.0,1
52860,1,22,22,0.36363636363636365,11.5,0
52886,1,3,3,1.0,2.0,1
52888,1,5,5,0.2,3.0,1
52889,1,20,20,0.9,10.5,0
52891,1,6,6,0.0,3.5,1
52892,1,6,6,0.3333333333333333,3.5,1
52906,1,3,3,0.6666666666666666,2.0,1
52919,1,20,20,0.95,10.5,0
52923,1,7,7,0.0,4.0,1
52949,1,4,4,1.0,2.5,1
52960,1,6,6,1.0,3.5,1
52961,1,3,3,1.0,2.0,1
52962,1,12,12,1.0,6.5,1
52981,1,1,1,1.0,1.0,1
53020,1,2,2,0.0,1.5,1
53026,1,14,14,0.5,7.5,1
53052,1,29,29,0.3103448275862069,15.0,0
53065,1,3,3,1.0,2.0,1
53078,1,10,10,0.0,5.5,1
53096,1,16,16,0.1875,8.5,0
53103,1,2,2,0.5,1.5,1
53130,2,10,10,0.7,3.1,1
53147,1,13,13,0.46153846153846156,7.0,1
53160,2,31,29,0.6129032258064516,9.225806451612904,0
53179,2,16,14,1.0,5.0625,0
53186,1,29,29,0.7241379310344828,15.0,0
53187,1,1,1,0.0,1.0,1
53212,1,13,13,0.15384615384615385,7.0,1
53228,1,13,13,0.0,7.0,1
53240,1,17,17,0.0,9.0,0
53243,1,33,33,0.7272727272727273,17.0,0
53250,2,21,21,0.6666666666666666,6.714285714285714,0
53272,1,11,11,0.18181818181818182,6.0,1
53292,1,4,4,0.0,2.5,1
53301,1,3,3,0.6666666666666666,2.0,1
53303,1,10,10,0.5,5.5,1
53339,1,13,13,0.7692307692307693,7.0,1
53355,1,8,8,1.0,4.5,1
53360,1,10,10,0.8,5.5,1
53449,1,1,1,1.0,1.0,1
53450,1,3,3,0.3333333333333333,2.0,1
53457,1,6,6,0.3333333333333333,3.5,1
53482,1,9,9,0.0,5.0,1
53488,1,8,8,1.0,4.5,1
53491,1,8,8,0.0,4.5,1
53504,1,3,3,1.0,2.0,1
53511,1,5,5,0.0,3.0,1
53515,1,6,6,0.0,3.5,1
53533,1,2,2,0.0,1.5,1
53539,1,10,10,0.3,5.5,1
53545,1,19,19,0.2631578947368421,10.0,0
53551,1,26,26,0.5,13.5,0
53553,1,9,9,1.0,5.0,1
53555,1,11,11,0.36363636363636365,6.0,1
53572,1,1,1,0.0,1.0,1
53574,1,16,16,0.5,8.5,0
53579,1,8,8,0.125,4.5,1
53587,1,13,13,0.0,7.0,1
53596,1,13,13,1.0,7.0,1
53600,1,8,8,0.25,4.5,1
53621,1,13,13,0.7692307692307693,7.0,1
53630,2,18,18,0.5555555555555556,6.388888888888889,0
53645,1,6,6,0.6666666666666666,3.5,1
53673,1,13,13,0.8461538461538461,7.0,1
53682,1,13,13,0.5384615384615384,7.0,1
53694,1,10,10,0.7,5.5,1
53701,1,7,7,0.2857142857142857,4.0,1
53737,1,12,12,0.75,6.5,1
53741,1,19,19,0.7894736842105263,10.0,0
53748,1,5,5,0.8,3.0,1
53792,1,4,4,0.25,2.5,1
53794,1,5,5,0.2,3.0,1
53805,1,4,4,1.0,2.5,1
53809,1,3,3,0.0,2.0,1
53819,1,11,11,0.8181818181818182,6.0,1
53820,1,3,3,0.6666666666666666,2.0,1
53825,1,15,15,1.0,8.0,1
53835,1,7,7,0.8571428571428571,4.0,1
53836,1,18,18,0.7222222222222222,9.5,0
53837,2,33,33,0.8181818181818182,9.121212121212121,0
53840,1,17,17,0.23529411764705882,9.0,0
53852,1,4,4,0.5,2.5,1
53854,1,4,4,0.75,2.5,1
53855,1,9,9,0.3333333333333333,5.0,1
53897,1,23,23,1.0,12.0,0
53907,1,2,2,1.0,1.5,1
53914,1,5,5,0.8,3.0,1
53921,1,14,14,0.07142857142857142,7.5,1
53932,1,6,6,0.8333333333333334,3.5,1
53936,1,13,13,0.23076923076923078,7.0,1
53965,1,14,14,0.5,7.5,1
53967,1,11,11,0.8181818181818182,6.0,1
53973,1,6,6,0.8333333333333334,3.5,1
53976,1,6,6,0.8333333333333334,3.5,1
53981,1,9,9,1.0,5.0,1
53982,1,25,25,0.48,13.0,0
54000,1,6,6,0.6666666666666666,3.5,1
54001,2,31,30,0.8709677419354839,11.161290322580646,0
54014,1,4,4,0.5,2.5,1
54067,1,4,4,0.25,2.5,1
54077,1,5,5,0.4,3.0,1
54141,1,22,22,0.0,11.5,0
54151,1,8,8,0.375,4.5,1
54171,1,1,1,1.0,1.0,1
54217,1,2,2,0.5,1.5,1
54222,1,1,1,1.0,1.0,1
54232,1,12,12,0.0,6.5,1
54235,2,19,19,0.8421052631578947,7.473684210526316,0
54238,1,1,1,1.0,1.0,1
54247,1,6,6,1.0,3.5,1
54254,1,26,26,0.8846153846153846,13.5,0
54255,1,12,12,0.6666666666666666,6.5,1
54263,1,1,1,0.0,1.0,1
54275,1,9,9,0.2222222222222222,5.0,1
54292,1,17,17,0.8235294117647058,9.0,0
54307,1,9,9,0.8888888888888888,5.0,1
54308,1,9,9,1.0,5.0,1
54312,1,8,8,0.375,4.5,1
54314,1,5,5,1.0,3.0,1
54315,1,14,14,0.5,7.5,1
54323,1,10,10,0.4,5.5,1
54330,1,18,18,1.0,9.5,0
54336,1,7,7,0.5714285714285714,4.0,1
54351,1,7,7,0.14285714285714285,4.0,1
54352,1,11,11,0.45454545454545453,6.0,1
54365,1,3,3,0.6666666666666666,2.0,1
54369,1,5,5,1.0,3.0,1
54374,1,16,16,0.6875,8.5,0
54379,1,24,24,0.5833333333333334,12.5,0
54380,1,9,9,0.7777777777777778,5.0,1
54397,1,6,6,0.8333333333333334,3.5,1
54437,1,15,15,0.26666666666666666,8.0,1
54440,1,2,2,1.0,1.5,1
54452,1,3,3,1.0,2.0,1
54463,2,17,17,0.8823529411764706,6.529411764705882,0
54482,1,9,9,0.3333333333333333,5.0,1
54490,1,9,9,0.8888888888888888,5.0,1
54500,1,3,3,1.0,2.0,1
54521,1,35,35,0.0,18.0,0
54528,1,7,7,0.8571428571428571,4.0,1
54538,1,3,3,1.0,2.0,1
54543,1,4,4,0.5,2.5,1
54562,1,18,18,0.5,9.5,0
54574,1,11,11,0.09090909090909091,6.0,1
54587,1,5,5,0.6,3.0,1
54591,1,18,18,0.3333333333333333,9.5,0
54592,1,10,10,0.7,5.5,1
54594,2,14,14,0.8571428571428571,6.571428571428571,0
54607,2,24,24,0.125,8.541666666666666,0
54616,1,2,2,1.0,1.5,1
54624,1,5,5,1.0,3.0,1
54625,1,4,4,0.75,2.5,1
54632,1,4,4,0.0,2.5,1
54671,1,20,20,0.45,10.5,0
54681,1,4,4,0.0,2.5,1
54691,1,7,7,0.8571428571428571,4.0,1
54708,1,11,11,1.0,6.0,1
54724,1,18,18,0.7222222222222222,9.5,0
54729,1,11,11,0.9090909090909091,6.0,1
54743,1,3,3,0.0,2.0,1
54747,1,6,6,0.8333333333333334,3.5,1
54768,2,17,17,0.47058823529411764,5.470588235294118,0
54769,2,3,3,0.0,1.3333333333333333,1
54772,1,20,20,0.3,10.5,0
54781,1,5,5,1.0,3.0,1
54797,1,12,12,0.6666666666666666,6.5,1
54798,1,1,1,0.0,1.0,1
54803,1,3,3,1.0,2.0,1
54817,1,20,20,0.35,10.5,0
54831,1,6,6,1.0,3.5,1
54834,1,5,5,0.8,3.0,1
54844,2,18,18,0.5555555555555556,5.222222222222222,0
54847,1,11,11,0.45454545454545453,6.0,1
54861,1,8,8,0.375,4.5,1
54869,1,7,7,0.7142857142857143,4.0,1
54876,1,27,27,0.5925925925925926,14.0,0
54878,1,13,13,0.15384615384615385,7.0,1
54886,1,20,20,0.9,10.5,0
54888,1,9,9,0.0,5.0,1
54895,1,22,22,0.8181818181818182,11.5,0
54900,1,14,14,0.5,7.5,1
54901,1,5,5,1.0,3.0,1
54902,2,20,20,0.55,5.55,0
54907,1,13,13,0.38461538461538464,7.0,1
54915,1,7,7,0.14285714285714285,4.0,1
54921,2,21,21,0.38095238095238093,6.0476190476190474,0
54927,1,9,9,0.2222222222222222,5.0,1
54938,1,1,1,1.0,1.0,1
54953,1,3,3,0.6666666666666666,2.0,1
54957,1,9,9,0.6666666666666666,5.0,1
54967,1,10,10,0.5,5.5,1
54977,1,24,24,0.375,12.5,0
55007,1,2,2,1.0,1.5,1
55035,1,26,26,0.19230769230769232,13.5,0
55044,1,5,5,0.8,3.0,1
55049,1,29,29,0.9655172413793104,15.0,0
55056,1,7,7,0.14285714285714285,4.0,1
55059,1,15,15,0.06666666666666667,8.0,1
55066,1,6,6,0.6666666666666666,3.5,1
55074,1,4,4,1.0,2.5,1
55076,1,9,9,0.3333333333333333,5.0,1
55099,1,6,6,0.3333333333333333,3.5,1
55102,1,14,14,0.2857142857142857,7.5,1
55104,2,47,47,0.8297872340425532,13.446808510638299,0
55131,1,13,13,0.5384615384615384,7.0,1
55133,1,1,1,0.0,1.0,1
55149,1,5,5,0.0,3.0,1
55154,1,18,18,0.1111111111111111,9.5,0
55168,1,7,7,0.2857142857142857,4.0,1
55169,1,7,7,0.14285714285714285,4.0,1
55177,1,6,6,0.8333333333333334,3.5,1
55179,1,10,10,0.9,5.5,1
55198,1,9,9,0.1111111111111111,5.0,1
55209,1,8,8,0.75,4.5,1
55212,1,5,5,0.6,3.0,1
55222,1,9,9,0.2222222222222222,5.0,1
55237,1,4,4,1.0,2.5,1
55243,1,15,15,0.8,8.0,1
55270,1,8,8,0.375,4.5,1
55331,1,3,3,1.0,2.0,1
55336,1,5,5,0.8,3.0,1
55339,1,11,11,0.45454545454545453,6.0,1
55352,1,12,12,0.75,6.5,1
55355,2,32,32,0.8125,8.78125,0
55360,2,30,30,0.4666666666666667,11.333333333333334,0
55368,1,8,8,0.125,4.5,1
55370,2,20,20,0.75,6.3,0
55379,1,25,25,0.0,13.0,0
55402,2,19,18,0.5263157894736842,5.2631578947368425,0
55404,1,10,10,0.2,5.5,1
55418,1,7,7,0.0,4.0,1
55419,1,9,9,0.7777777777777778,5.0,1
55436,1,16,16,0.625,8.5,0
55441,2,8,8,0.875,3.0,1
55453,1,1,1,0.0,1.0,1
55474,1,17,17,0.7058823529411765,9.0,0
55489,1,7,7,0.7142857142857143,4.0,1
55509,1,6,6,0.6666666666666666,3.5,1
55520,1,6,6,0.0,3.5,1
55607,1,3,3,0.3333333333333333,2.0,1
55609,1,3,3,0.6666666666666666,2.0,1
55626,3,39,29,0.9230769230769231,7.717948717948718,0
55633,1,14,14,0.21428571428571427,7.5,1
55651,1,16,16,0.0,8.5,0
55657,1,3,3,1.0,2.0,1
55664,1,15,15,0.8,8.0,1
55666,1,9,9,1.0,5.0,1
55667,1,1,1,1.0,1.0,1
55668,1,13,13,0.9230769230769231,7.0,1
55670,1,15,15,0.7333333333333333,8.0,1
55687,2,14,12,0.7857142857142857,4.0,1
55695,1,5,5,0.8,3.0,1
55700,1,20,20,0.6,10.5,0
55713,1,6,6,1.0,3.5,1
55731,1,3,3,0.3333333333333333,2.0,1
55739,1,9,9,0.7777777777777778,5.0,1
55752,1,8,8,0.25,4.5,1
55754,1,28,28,0.0,14.5,0
55756,1,27,27,0.14814814814814814,14.0,0
55785,1,14,14,0.14285714285714285,7.5,1
55793,1,16,16,0.0,8.5,0
55802,1,27,27,0.8888888888888888,14.0,0
55821,1,20,20,0.7,10.5,0
55835,1,22,22,0.45454545454545453,11.5,0
55839,1,1,1,1.0,1.0,1
55864,1,3,3,0.6666666666666666,2.0,1
55893,1,13,13,0.3076923076923077,7.0,1
55911,1,18,18,0.0,9.5,0
55930,1,3,3,0.0,2.0,1
55962,1,5,5,1.0,3.0,1
55968,1,5,5,0.6,3.0,1
55978,1,12,12,0.4166666666666667,6.5,1
55979,1,24,24,0.9583333333333334,12.5,0
55983,1,6,6,1.0,3.5,1
55989,1,1,1,1.0,1.0,1
56005,1,12,12,0.25,6.5,1
56008,1,1,1,1.0,1.0,1
56014,1,2,2,1.0,1.5,1
56022,1,25,25,0.64,13.0,0
56041,1,15,15,0.6666666666666666,8.0,1
56048,1,11,11,0.7272727272727273,6.0,1
56056,1,14,14,0.21428571428571427,7.5,1
56081,1,8,8,0.75,4.5,1
56085,1,6,6,0.0,3.5,1
56103,1,7,7,0.0,4.0,1
56154,1,12,12,0.6666666666666666,6.5,1
56158,1,8,8,0.75,4.5,1
56166,1,13,13,0.38461538461538464,7.0,1
56187,1,9,9,0.5555555555555556,5.0,1
56193,1,5,5,0.6,3.0,1
56210,1,8,8,0.875,4.5,1
56223,1,1,1,1.0,1.0,1
56229,1,25,25,0.56,13.0,0
56236,1,20,20,0.0,10.5,0
56239,1,3,3,0.6666666666666666,2.0,1
56265,1,4,4,0.75,2.5,1
56274,1,6,6,0.6666666666666666,3.5,1
56285,1,16,16,0.4375,8.5,0
56294,1,5,5,1.0,3.0,1
56315,1,13,13,0.0,7.0,1
56316,2,12,12,0.16666666666666666,3.5833333333333335,1
56323,1,10,10,0.9,5.5,1
56325,1,13,13,0.8461538461538461,7.0,1
56330,1,13,13,0.3076923076923077,7.0,1
56337,1,9,9,0.8888888888888888,5.0,1
56345,1,8,8,0.0,4.5,1
56361,1,12,12,0.6666666666666666,6.5,1
56364,2,12,12,0.6666666666666666,3.5833333333333335,1
56367,1,6,6,0.6666666666666666,3.5,1
56377,1,10,10,0.1,5.5,1
56413,1,17,17,0.5294117647058824,9.0,0
56415,1,15,15,0.06666666666666667,8.0,1
56419,1,1,1,1.0,1.0,1
56472,1,11,11,0.5454545454545454,6.0,1
56477,1,12,12,0.3333333333333333,6.5,1
56509,1,13,13,0.0,7.0,1
56513,1,11,11,0.8181818181818182,6.0,1
56523,1,11,11,0.45454545454545453,6.0,1
56525,1,12,12,0.75,6.5,1
56542,1,5,5,0.6,3.0,1
56546,1,32,32,0.40625,16.5,0
56573,1,2,2,0.5,1.5,1
56574,1,7,7,0.42857142857142855,4.0,1
56586,2,7,6,0.8571428571428571,2.2857142857142856,1
56587,1,15,15,0.0,8.0,1
56604,2,8,8,0.875,2.625,1
56613,1,23,23,0.782608695652174,12.0,0
56620,1,12,12,0.6666666666666666,6.5,1
56639,1,12,12,0.6666666666666666,6.5,1
56653,1,1,1,0.0,1.0,1
56672,1,2,2,0.5,1.5,1
56677,1,5,5,0.0,3.0,1
56698,1,9,9,1.0,5.0,1
56719,1,3,3,0.6666666666666666,2.0,1
56734,1,8,8,0.125,4.5,1
56748,1,10,10,1.0,5.5,1
56755,2,45,37,0.7777777777777778,11.755555555555556,0
56768,1,4,4,1.0,2.5,1
56795,1,17,17,0.47058823529411764,9.0,0
56799,1,6,6,0.8333333333333334,3.5,1
56815,1,17,17,0.23529411764705882,9.0,0
56820,1,8,8,0.25,4.5,1
56835,1,14,14,0.5714285714285714,7.5,1
56840,1,14,14,0.21428571428571427,7.5,1
56843,1,9,9,0.7777777777777778,5.0,1
56854,1,16,16,0.375,8.5,0
56888,1,8,8,1.0,4.5,1
56892,1,8,8,0.875,4.5,1
56896,1,22,22,0.0,11.5,0
56903,1,10,10,1.0,5.5,1
56904,1,7,7,1.0,4.0,1
56909,1,2,2,1.0,1.5,1
56911,1,5,5,0.0,3.0,1
56916,1,3,3,0.3333333333333333,2.0,1
56927,1,2,2,0.5,1.5,1
56929,1,9,9,0.0,5.0,1
56944,1,1,1,1.0,1.0,1
56950,1,17,17,0.7647058823529411,9.0,0
56977,1,2,2,1.0,1.5,1
56979,1,1,1,1.0,1.0,1
56994,1,4,4,0.75,2.5,1
56995,2,8,8,0.25,2.5,1
56999,1,12,12,0.08333333333333333,6.5,1
57009,1,5,5,1.0,3.0,1
57043,1,46,46,0.0,23.5,0
57046,1,3,3,1.0,2.0,1
57071,2,23,23,0.43478260869565216,6.260869565217392,0
57123,1,8,8,0.875,4.5,1
57130,3,22,19,0.7272727272727273,5.545454545454546,0
57142,1,3,3,0.3333333333333333,2.0,1
57158,1,4,4,0.75,2.5,1
57178,1,1,1,0.0,1.0,1
57190,1,10,10,0.6,5.5,1
57199,1,11,11,0.9090909090909091,6.0,1
57205,1,17,17,0.29411764705882354,9.0,0
57209,1,8,8,0.0,4.5,1
57218,2,26,26,0.5769230769230769,7.346153846153846,0
57226,1,17,17,0.29411764705882354,9.0,0
57229,1,4,4,0.5,2.5,1
57249,1,11,11,0.6363636363636364,6.0,1
57252,1,5,5,1.0,3.0,1
57261,1,13,13,0.38461538461538464,7.0,1
57278,1,14,14,0.07142857142857142,7.5,1
57299,1,3,3,0.0,2.0,1
57344,1,1,1,1.0,1.0,1
57362,1,7,7,1.0,4.0,1
57367,1,11,11,0.7272727272727273,6.0,1
57380,2,16,16,0.875,6.0625,0
57384,1,13,13,0.3076923076923077,7.0,1
57399,1,13,13,0.0,7.0,1
57459,1,3,3,0.3333333333333333,2.0,1
57469,1,7,7,0.7142857142857143,4.0,1
57494,1,23,23,0.34782608695652173,12.0,0
57513,1,12,12,0.0,6.5,1
57518,1,15,15,0.8,8.0,1
57522,1,11,11,0.6363636363636364,6.0,1
57523,1,8,8,0.875,4.5,1
57524,1,4,4,0.25,2.5,1
57530,1,19,19,0.631578947368421,10.0,0
57561,1,6,6,1.0,3.5,1
57576,2,29,27,0.7586206896551724,8.793103448275861,0
57581,1,14,14,0.7142857142857143,7.5,1
57582,1,9,9,0.1111111111111111,5.0,1
57590,1,2,2,1.0,1.5,1
57601,1,1,1,1.0,1.0,1
57609,2,27,22,0.7777777777777778,8.0,0
57621,1,3,3,1.0,2.0,1
57628,1,2,2,0.0,1.5,1
57633,1,7,7,0.5714285714285714,4.0,1
57639,1,2,2,0.5,1.5,1
57640,1,5,5,0.6,3.0,1
57645,1,1,1,1.0,1.0,1
57654,1,12,12,0.0,6.5,1
57702,1,4,4,1.0,2.5,1
57704,1,7,7,1.0,4.0,1
57725,1,4,4,0.0,2.5,1
57757,1,7,7,0.2857142857142857,4.0,1
57771,1,10,10,0.9,5.5,1
57796,1,1,1,0.0,1.0,1
57825,1,4,4,0.5,2.5,1
57827,1,45,45,0.8888888888888888,23.0,0
57828,1,5,5,0.4,3.0,1
57829,1,5,5,0.6,3.0,1
57851,3,34,32,0.7058823529411765,6.294117647058823,0
57862,1,9,9,0.2222222222222222,5.0,1
57866,1,4,4,1.0,2.5,1
57877,1,1,1,0.0,1.0,1
57896,1,8,8,0.5,4.5,1
57907,1,2,2,1.0,1.5,1
57911,1,3,3,0.0,2.0,1
57920,1,7,7,0.8571428571428571,4.0,1
57923,1,5,5,0.0,3.0,1
57934,1,1,1,1.0,1.0,1
57954,1,20,20,0.3,10.5,0
57955,1,11,11,0.6363636363636364,6.0,1
57957,1,10,10,0.5,5.5,1
57965,1,6,6,0.0,3.5,1
57970,1,8,8,0.25,4.5,1
57986,1,4,4,0.0,2.5,1
57996,1,8,8,0.5,4.5,1
58005,1,17,17,0.9411764705882353,9.0,0
58009,1,3,3,1.0,2.0,1
58017,1,25,25,0.2,13.0,0
58043,3,14,13,0.6428571428571429,3.4285714285714284,0
58050,1,2,2,1.0,1.5,1
58065,1,9,9,0.7777777777777778,5.0,1
58075,1,15,15,0.2,8.0,1
58076,1,7,7,1.0,4.0,1
58077,1,18,18,0.5555555555555556,9.5,0
58087,1,24,24,0.0,12.5,0
58091,1,5,5,1.0,3.0,1
58096,1,6,6,0.5,3.5,1
58097,1,7,7,0.8571428571428571,4.0,1
58122,2,9,9,0.7777777777777778,3.0,1
58123,2,7,7,0.7142857142857143,2.2857142857142856,1
58141,1,9,9,0.7777777777777778,5.0,1
58144,1,3,3,0.6666666666666666,2.0,1
58150,1,18,18,0.2777777777777778,9.5,0
58170,1,1,1,1.0,1.0,1
58202,1,10,10,0.6,5.5,1
58208,1,11,11,0.2727272727272727,6.0,1
58250,1,7,7,0.7142857142857143,4.0,1
58259,1,3,3,0.0,2.0,1
58262,1,9,9,0.5555555555555556,5.0,1
58264,1,7,7,1.0,4.0,1
58278,2,16,16,0.6875,5.0625,0
58289,1,19,19,0.5789473684210527,10.0,0
58306,1,16,16,0.0,8.5,0
58324,1,11,11,0.9090909090909091,6.0,1
58337,1,20,20,0.45,10.5,0
58376,1,10,10,0.6,5.5,1
58384,1,12,12,0.4166666666666667,6.5,1
58409,1,23,23,0.9565217391304348,12.0,0
58441,1,11,11,0.5454545454545454,6.0,1
58460,1,14,14,0.42857142857142855,7.5,1
58490,1,5,5,0.4,3.0,1
58491,1,6,6,0.8333333333333334,3.5,1
58497,1,13,13,0.38461538461538464,7.0,1
58511,1,4,4,0.75,2.5,1
58532,1,4,4,0.75,2.5,1
58538,1,2,2,0.5,1.5,1
58541,1,3,3,0.3333333333333333,2.0,1
58550,1,20,20,0.05,10.5,0
58566,1,3,3,1.0,2.0,1
58589,1,3,3,1.0,2.0,1
58596,1,7,7,1.0,4.0,1
58599,1,6,6,0.0,3.5,1
58602,1,5,5,1.0,3.0,1
58605,1,15,15,1.0,8.0,1
58615,1,17,17,0.7647058823529411,9.0,0
58618,1,7,7,0.8571428571428571,4.0,1
58619,1,7,7,0.0,4.0,1
58621,1,12,12,0.0,6.5,1
58645,1,12,12,0.4166666666666667,6.5,1
58647,1,22,22,0.36363636363636365,11.5,0
58648,1,2,2,0.0,1.5,1
58662,1,1,1,1.0,1.0,1
58666,1,34,34,0.7647058823529411,17.5,0
58697,1,7,7,1.0,4.0,1
58701,1,12,12,0.9166666666666666,6.5,1
58707,1,8,8,0.75,4.5,1
58718,1,1,1,1.0,1.0,1
58729,1,6,6,1.0,3.5,1
58738,1,5,5,0.6,3.0,1
58803,1,1,1,0.0,1.0,1
58806,1,18,18,0.5,9.5,0
58853,1,12,12,0.9166666666666666,6.5,1
58862,1,15,15,0.4,8.0,1
58871,1,2,2,1.0,1.5,1
58883,1,18,18,0.1111111111111111,9.5,0
58930,1,6,6,0.3333333333333333,3.5,1
58935,1,6,6,1.0,3.5,1
58965,1,29,29,0.8620689655172413,15.0,0
58966,1,1,1,0.0,1.0,1
58971,1,3,3,1.0,2.0,1
58975,1,2,2,0.5,1.5,1
58992,1,14,14,0.8571428571428571,7.5,1
58994,2,18,18,0.3888888888888889,5.222222222222222,0
58996,1,5,5,1.0,3.0,1
59036,1,2,2,0.5,1.5,1
59037,1,5,5,0.8,3.0,1
59054,1,5,5,0.0,3.0,1
59055,1,3,3,0.0,2.0,1
59062,1,4,4,1.0,2.5,1
59066,1,3,3,1.0,2.0,1
59095,1,12,12,0.5833333333333334,6.5,1
59100,1,13,13,0.6153846153846154,7.0,1
59106,2,15,11,0.9333333333333333,4.666666666666667,1
59109,1,16,16,0.0625,8.5,0
59134,1,6,6,0.6666666666666666,3.5,1
59138,1,1,1,0.0,1.0,1
59161,1,9,9,1.0,5.0,1
59180,2,17,16,0.9411764705882353,4.764705882352941,0
59186,1,4,4,1.0,2.5,1
59190,1,9,9,0.1111111111111111,5.0,1
59191,2,3,3,1.0,1.3333333333333333,1
59199,1,10,10,0.2,5.5,1
59211,1,6,6,0.6666666666666666,3.5,1
59215,1,15,15,0.13333333333333333,8.0,1
59216,1,5,5,1.0,3.0,1
59284,1,5,5,0.6,3.0,1
59317,1,7,7,0.7142857142857143,4.0,1
59327,1,19,19,0.5789473684210527,10.0,0
59333,1,4,4,0.75,2.5,1
59361,1,9,9,0.8888888888888888,5.0,1
59364,1,22,22,0.8636363636363636,11.5,0
59367,1,17,17,0.23529411764705882,9.0,0
59384,1,13,13,0.0,7.0,1
59395,1,12,12,0.8333333333333334,6.5,1
59399,1,9,9,0.7777777777777778,5.0,1
59400,1,7,7,0.5714285714285714,4.0,1
59403,1,3,3,1.0,2.0,1
59411,1,21,21,0.5238095238095238,11.0,0
59443,2,23,23,0.5217391304347826,6.782608695652174,0
59458,1,6,6,1.0,3.5,1
59460,1,7,7,0.14285714285714285,4.0,1
59465,1,11,11,1.0,6.0,1
59476,1,10,10,0.6,5.5,1
59478,1,12,12,0.3333333333333333,6.5,1
59532,1,6,6,0.5,3.5,1
59542,1,11,11,0.6363636363636364,6.0,1
59562,1,15,15,0.9333333333333333,8.0,1
59569,1,6,6,0.8333333333333334,3.5,1
59577,1,1,1,1.0,1.0,1
59585,1,22,22,0.8636363636363636,11.5,0
59604,1,11,11,0.9090909090909091,6.0,1
59609,1,10,10,1.0,5.5,1
59613,1,21,21,0.9047619047619048,11.0,0
59614,1,1,1,0.0,1.0,1
59616,1,10,10,0.7,5.5,1
59625,1,4,4,0.75,2.5,1
59632,1,9,9,0.7777777777777778,5.0,1
59640,1,4,4,0.5,2.5,1
59648,1,3,3,0.0,2.0,1
59663,1,1,1,1.0,1.0,1
59708,1,1,1,1.0,1.0,1
59709,1,7,7,0.42857142857142855,4.0,1
59746,1,21,21,0.7619047619047619,11.0,0
59755,2,4,4,0.75,1.75,1
59768,1,13,13,0.15384615384615385,7.0,1
59773,1,14,14,0.5,7.5,1
59784,1,10,10,0.7,5.5,1
59785,1,11,11,0.36363636363636365,6.0,1
59786,1,17,17,0.5882352941176471,9.0,0
59789,2,7,6,0.7142857142857143,2.2857142857142856,1
59796,2,5,4,0.6,1.8,1
59830,1,5,5,0.2,3.0,1
59890,1,7,7,0.7142857142857143,4.0,1
59894,1,2,2,0.0,1.5,1
59897,1,14,14,0.5714285714285714,7.5,1
59898,1,12,12,0.8333333333333334,6.5,1
59905,1,9,9,0.5555555555555556,5.0,1
59913,1,11,11,0.18181818181818182,6.0,1
59959,2,11,11,0.6363636363636364,3.272727272727273,1
59963,1,1,1,0.0,1.0,1
59965,1,4,4,1.0,2.5,1
59967,1,5,5,0.6,3.0,1
59974,1,5,5,0.8,3.0,1
59975,3,37,37,0.8108108108108109,7.216216216216216,0
60019,2,4,4,0.75,1.75,1
60046,1,22,22,0.9545454545454546,11.5,0
60051,1,8,8,0.375,4.5,1
60057,1,11,11,0.0,6.0,1
60067,3,25,22,0.72,5.16,0
60086,1,8,8,0.75,4.5,1
60090,1,9,9,0.1111111111111111,5.0,1
60096,1,3,3,0.3333333333333333,2.0,1
60115,1,7,7,0.42857142857142855,4.0,1
60122,1,13,13,0.6153846153846154,7.0,1
60126,1,15,15,0.26666666666666666,8.0,1
60132,1,7,7,1.0,4.0,1
60149,1,9,9,0.7777777777777778,5.0,1
60156,1,5,5,0.8,3.0,1
60174,1,15,15,0.8,8.0,1
60181,1,20,20,0.7,10.5,0
60182,2,8,8,0.5,2.5,1
60183,1,15,15,0.8666666666666667,8.0,1
60219,1,11,11,0.8181818181818182,6.0,1
60256,1,5,5,0.8,3.0,1
60315,1,4,4,0.75,2.5,1
60349,2,15,15,0.6,4.266666666666667,0
60351,1,12,12,0.75,6.5,1
60361,1,5,5,0.0,3.0,1
60363,1,6,6,1.0,3.5,1
60377,1,7,7,0.42857142857142855,4.0,1
60394,1,5,5,0.8,3.0,1
60401,1,10,10,0.9,5.5,1
60407,1,2,2,1.0,1.5,1
60434,1,17,17,0.7647058823529411,9.0,0
60443,1,2,2,0.5,1.5,1
60483,1,13,13,0.8461538461538461,7.0,1
60504,1,6,6,0.6666666666666666,3.5,1
60514,1,12,12,0.6666666666666666,6.5,1
60524,1,15,15,0.6666666666666666,8.0,1
60527,1,2,2,1.0,1.5,1
60528,1,9,9,0.7777777777777778,5.0,1
60562,1,6,6,0.6666666666666666,3.5,1
60568,1,9,9,0.4444444444444444,5.0,1
60584,1,5,5,1.0,3.0,1
60595,2,42,42,0.6666666666666666,11.380952380952381,0
60630,1,17,17,0.7647058823529411,9.0,0
60632,1,28,28,0.2857142857142857,14.5,0
60671,1,23,23,0.0,12.0,0
60687,1,13,13,0.9230769230769231,7.0,1
60694,2,80,72,0.9375,22.95,0
60698,1,9,9,0.5555555555555556,5.0,1
60703,1,13,13,0.5384615384615384,7.0,1
60707,1,7,7,0.7142857142857143,4.0,1
60710,1,11,11,0.45454545454545453,6.0,1
60711,2,3,3,1.0,1.3333333333333333,1
60716,1,13,13,0.6153846153846154,7.0,1
60721,1,3,3,0.0,2.0,1
60744,1,6,6,0.5,3.5,1
60749,2,35,31,0.7714285714285715,9.6,0
60750,1,4,4,0.75,2.5,1
60751,1,12,12,0.8333333333333334,6.5,1
60766,1,12,12,0.75,6.5,1
60778,1,8,8,0.75,4.5,1
60800,1,10,10,0.7,5.5,1
60813,1,15,15,0.8,8.0,1
60820,1,21,21,0.42857142857142855,11.0,0
60835,1,10,10,0.0,5.5,1
60837,1,12,12,0.4166666666666667,6.5,1
60839,1,1,1,0.0,1.0,1
60858,1,15,15,0.8,8.0,1
60859,1,6,6,0.6666666666666666,3.5,1
60865,1,42,42,0.5238095238095238,21.5,0
60874,1,17,17,0.35294117647058826,9.0,0
60932,3,16,14,0.8125,3.5625,0
60939,1,16,16,0.875,8.5,0
60944,1,2,2,1.0,1.5,1
60948,1,8,8,0.875,4.5,1
60951,1,5,5,0.8,3.0,1
60952,1,1,1,1.0,1.0,1
60956,1,9,9,0.3333333333333333,5.0,1
60959,1,13,13,0.07692307692307693,7.0,1
60966,1,11,11,1.0,6.0,1
60976,1,13,13,0.7692307692307693,7.0,1
60979,1,14,14,0.2857142857142857,7.5,1
60989,1,2,2,1.0,1.5,1
60995,1,21,21,0.8095238095238095,11.0,0
61000,1,4,4,1.0,2.5,1
61010,1,8,8,0.625,4.5,1
61011,1,20,20,0.75,10.5,0
61012,1,16,16,0.375,8.5,0
61049,1,33,33,0.9393939393939394,17.0,0
61052,1,2,2,0.0,1.5,1
61100,1,6,6,0.0,3.5,1
61101,1,4,4,1.0,2.5,1
61105,1,27,27,0.8888888888888888,14.0,0
61115,1,18,18,0.2222222222222222,9.5,0
61134,1,5,5,1.0,3.0,1
61148,2,43,32,0.9302325581395349,11.30232558139535,0
61154,1,4,4,0.75,2.5,1
61175,1,8,8,1.0,4.5,1
61176,1,13,13,0.15384615384615385,7.0,1
61178,1,4,4,1.0,2.5,1
61190,1,1,1,1.0,1.0,1
61191,1,8,8,0.0,4.5,1
61197,2,27,27,0.5925925925925926,9.925925925925926,0
61198,1,11,11,0.9090909090909091,6.0,1
61231,1,10,10,0.8,5.5,1
61236,1,9,9,0.8888888888888888,5.0,1
61264,1,5,5,1.0,3.0,1
61270,1,1,1,0.0,1.0,1
61288,1,19,19,0.8947368421052632,10.0,0
61293,1,2,2,1.0,1.5,1
61311,1,26,26,0.6153846153846154,13.5,0
61312,1,18,18,0.16666666666666666,9.5,0
61321,1,16,16,0.75,8.5,0
61331,1,11,11,0.18181818181818182,6.0,1
61354,1,2,2,1.0,1.5,1
61387,1,16,16,0.1875,8.5,0
61396,1,32,32,0.75,16.5,0
61399,1,11,11,1.0,6.0,1
61422,1,9,9,0.5555555555555556,5.0,1
61425,1,11,11,1.0,6.0,1
61437,2,7,6,0.5714285714285714,2.2857142857142856,1
61453,1,4,4,0.0,2.5,1
61454,2,34,34,0.5882352941176471,11.382352941176471,0
61476,2,8,8,1.0,2.5,1
61494,1,5,5,0.2,3.0,1
61495,2,20,20,0.4,5.7,0
61498,1,17,17,0.8235294117647058,9.0,0
61500,2,10,10,0.6,3.4,1
61508,1,4,4,1.0,2.5,1
61516,2,26,22,0.8846153846153846,7.346153846153846,0
61520,1,25,25,0.72,13.0,0
61566,1,1,1,1.0,1.0,1
61573,1,8,8,1.0,4.5,1
61590,1,4,4,0.0,2.5,1
61592,1,11,11,0.36363636363636365,6.0,1
61607,1,18,18,0.9444444444444444,9.5,0
61610,1,4,4,0.25,2.5,1
61613,1,1,1,1.0,1.0,1
61615,1,5,5,0.4,3.0,1
61616,1,3,3,0.6666666666666666,2.0,1
61624,1,2,2,1.0,1.5,1
61638,2,33,33,0.42424242424242425,9.666666666666666,0
61640,1,3,3,0.6666666666666666,2.0,1
61648,1,9,9,0.7777777777777778,5.0,1
61655,1,4,4,0.0,2.5,1
61660,1,10,10,0.3,5.5,1
61675,1,12,12,0.3333333333333333,6.5,1
61685,1,1,1,0.0,1.0,1
61687,1,2,2,0.5,1.5,1
61695,1,5,5,0.2,3.0,1
61719,1,7,7,0.7142857142857143,4.0,1
61721,1,8,8,0.75,4.5,1
61731,1,6,6,0.6666666666666666,3.5,1
61740,1,7,7,0.42857142857142855,4.0,1
61747,1,6,6,0.0,3.5,1
61756,1,16,16,0.6875,8.5,0
61760,1,23,23,0.043478260869565216,12.0,0
61777,1,6,6,1.0,3.5,1
61813,1,13,13,0.9230769230769231,7.0,1
61833,1,8,8,0.0,4.5,1
61834,1,6,6,0.3333333333333333,3.5,1
61839,1,1,1,1.0,1.0,1
61840,1,19,19,0.15789473684210525,10.0,0
61864,1,15,15,0.6,8.0,1
61880,1,9,9,0.4444444444444444,5.0,1
61884,1,6,6,0.6666666666666666,3.5,1
61895,1,9,9,0.8888888888888888,5.0,1
61896,1,8,8,0.125,4.5,1
61902,1,15,15,0.7333333333333333,8.0,1
61910,1,1,1,0.0,1.0,1
61928,1,23,23,0.5652173913043478,12.0,0
61939,1,5,5,0.8,3.0,1
61942,1,5,5,0.8,3.0,1
61971,1,2,2,1.0,1.5,1
61974,1,15,15,0.5333333333333333,8.0,1
61976,1,37,37,0.7297297297297297,19.0,0
61985,1,7,7,0.7142857142857143,4.0,1
61992,1,3,3,0.6666666666666666,2.0,1
62006,1,12,12,0.75,6.5,1
62007,1,25,25,0.64,13.0,0
62011,1,7,7,0.7142857142857143,4.0,1
62013,1,8,8,0.25,4.5,1
62017,1,15,15,0.9333333333333333,8.0,1
62033,1,1,1,1.0,1.0,1
62040,1,7,7,0.2857142857142857,4.0,1
62056,1,20,20,0.3,10.5,0
62069,1,7,7,1.0,4.0,1
62108,1,29,29,0.3103448275862069,15.0,0
62129,1,14,14,0.0,7.5,1
62148,2,3,3,0.3333333333333333,1.3333333333333333,1
62190,1,11,11,0.8181818181818182,6.0,1
62191,2,65,65,0.8769230769230769,18.138461538461538,0
62205,2,11,10,0.8181818181818182,3.272727272727273,1
62211,1,15,15,0.8666666666666667,8.0,1
62213,1,22,22,0.0,11.5,0
62224,1,6,6,0.16666666666666666,3.5,1
62239,1,13,13,0.9230769230769231,7.0,1
62242,1,20,20,0.75,10.5,0
62249,1,15,15,0.2,8.0,1
62253,1,4,4,0.25,2.5,1
62260,1,6,6,0.6666666666666666,3.5,1
62287,1,4,4,1.0,2.5,1
62304,1,3,3,0.0,2.0,1
62305,1,12,12,0.75,6.5,1
62313,1,7,7,0.7142857142857143,4.0,1
62324,1,2,2,0.5,1.5,1
62325,1,4,4,1.0,2.5,1
62340,1,4,4,0.0,2.5,1
62354,4,21,18,0.7142857142857143,5.095238095238095,0
62373,2,14,14,0.7857142857142857,4.285714285714286,1
62383,1,22,22,0.5454545454545454,11.5,0
62408,1,8,8,0.625,4.5,1
62416,1,4,4,1.0,2.5,1
62443,1,13,13,0.6923076923076923,7.0,1
62453,1,3,3,0.0,2.0,1
62481,1,6,6,0.16666666666666666,3.5,1
62482,1,10,10,0.8,5.5,1
62506,1,9,9,0.5555555555555556,5.0,1
62508,1,10,10,0.8,5.5,1
62541,1,22,22,0.7727272727272727,11.5,0
62545,1,5,5,0.2,3.0,1
62586,1,10,10,0.5,5.5,1
62610,1,13,13,0.9230769230769231,7.0,1
62619,1,10,10,0.6,5.5,1
62645,1,6,6,1.0,3.5,1
62647,1,9,9,0.6666666666666666,5.0,1
62654,1,9,9,1.0,5.0,1
62690,1,13,13,0.3076923076923077,7.0,1
62710,1,17,17,0.0,9.0,0
62725,1,27,27,0.8148148148148148,14.0,0
62735,1,9,9,0.0,5.0,1
62750,1,17,17,0.0,9.0,0
62751,1,19,19,0.5263157894736842,10.0,0
62760,1,4,4,0.75,2.5,1
62772,1,7,7,0.0,4.0,1
62775,2,5,5,0.4,1.8,1
62780,1,8,8,0.25,4.5,1
62781,1,2,2,0.0,1.5,1
62795,1,12,12,0.75,6.5,1
62799,1,16,16,0.625,8.5,0
62802,1,8,8,0.375,4.5,1
62813,1,24,24,0.0,12.5,0
62830,1,2,2,0.0,1.5,1
62835,1,6,6,1.0,3.5,1
62846,1,1,1,1.0,1.0,1
62851,1,26,26,0.7307692307692307,13.5,0
62871,1,17,17,0.8823529411764706,9.0,0
62875,2,8,8,0.375,2.5,1
62876,1,1,1,1.0,1.0,1
62890,1,13,13,0.46153846153846156,7.0,1
62903,1,7,7,0.8571428571428571,4.0,1
62906,1,25,25,0.4,13.0,0
62914,1,9,9,1.0,5.0,1
62955,1,10,10,0.8,5.5,1
62961,1,1,1,0.0,1.0,1
62985,1,8,8,1.0,4.5,1
62987,1,3,3,0.3333333333333333,2.0,1
62988,1,10,10,1.0,5.5,1
63001,1,1,1,1.0,1.0,1
63004,1,11,11,0.09090909090909091,6.0,1
63012,1,16,16,0.125,8.5,0
63028,2,28,24,0.7857142857142857,7.535714285714286,0
63029,1,17,17,0.8823529411764706,9.0,0
63056,1,4,4,0.75,2.5,1
63066,1,5,5,0.4,3.0,1
63075,2,17,17,1.0,4.882352941176471,0
63118,1,7,7,0.2857142857142857,4.0,1
63162,1,7,7,0.7142857142857143,4.0,1
63169,1,5,5,0.4,3.0,1
63177,1,17,17,0.11764705882352941,9.0,0
63193,1,21,21,0.7142857142857143,11.0,0
63198,1,25,25,0.84,13.0,0
63206,1,15,15,0.5333333333333333,8.0,1
63220,1,6,6,1.0,3.5,1
63225,1,3,3,0.6666666666666666,2.0,1
63226,2,12,12,0.6666666666666666,3.5833333333333335,1
63236,1,9,9,0.4444444444444444,5.0,1
63246,1,1,1,1.0,1.0,1
63259,1,1,1,0.0,1.0,1
63271,2,14,13,0.9285714285714286,4.071428571428571,1
63276,1,10,10,0.8,5.5,1
63287,1,1,1,1.0,1.0,1
63288,1,2,2,0.0,1.5,1
63293,1,10,10,1.0,5.5,1
63294,1,3,3,1.0,2.0,1
63298,1,11,11,1.0,6.0,1
63308,1,3,3,1.0,2.0,1
63309,1,5,5,0.8,3.0,1
63353,2,27,27,0.25925925925925924,8.37037037037037,0
63355,1,17,17,0.8235294117647058,9.0,0
63356,1,13,13,0.8461538461538461,7.0,1
63384,1,12,12,0.8333333333333334,6.5,1
63409,1,18,18,0.7777777777777778,9.5,0
63418,1,4,4,0.25,2.5,1
63420,1,2,2,1.0,1.5,1
63426,2,65,65,0.9692307692307692,16.784615384615385,0
63428,1,8,8,0.5,4.5,1
63432,2,3,2,0.6666666666666666,1.3333333333333333,1
63449,1,31,31,0.8387096774193549,16.0,0
63452,1,15,15,0.0,8.0,1
63498,1,25,25,0.6,13.0,0
63503,1,15,15,0.6,8.0,1
63507,1,2,2,0.0,1.5,1
63510,1,14,14,0.0,7.5,1
63516,1,6,6,0.5,3.5,1
63554,1,8,8,0.625,4.5,1
63567,1,2,2,0.0,1.5,1
63582,1,4,4,0.0,2.5,1
63585,1,28,28,0.10714285714285714,14.5,0
63586,1,12,12,1.0,6.5,1
63609,1,3,3,0.6666666666666666,2.0,1
63633,1,28,28,0.5,14.5,0
63643,1,6,6,0.5,3.5,1
63652,1,15,15,0.7333333333333333,8.0,1
63653,1,28,28,0.5714285714285714,14.5,0
63687,1,7,7,0.8571428571428571,4.0,1
63700,1,25,25,0.84,13.0,0
63718,3,18,18,0.8333333333333334,3.6666666666666665,0
63726,1,9,9,0.4444444444444444,5.0,1
63772,1,14,14,1.0,7.5,1
63776,3,25,23,0.76,4.84,0
63782,1,3,3,0.6666666666666666,2.0,1
63793,1,9,9,0.7777777777777778,5.0,1
63833,2,11,10,0.5454545454545454,3.4545454545454546,1
63857,1,6,6,0.8333333333333334,3.5,1
63864,1,19,19,0.6842105263157895,10.0,0
63868,1,14,14,0.07142857142857142,7.5,1
63869,1,15,15,1.0,8.0,1
63900,1,11,11,0.6363636363636364,6.0,1
63903,1,7,7,0.8571428571428571,4.0,1
63914,1,15,15,0.8666666666666667,8.0,1
63917,1,17,17,0.5294117647058824,9.0,0
63920,1,7,7,0.14285714285714285,4.0,1
63935,1,7,7,1.0,4.0,1
63940,1,2,2,0.0,1.5,1
63942,1,32,32,0.28125,16.5,0
63946,1,20,20,1.0,10.5,0
63948,1,2,2,1.0,1.5,1
63952,2,19,19,0.631578947368421,7.473684210526316,0
63955,1,9,9,1.0,5.0,1
63960,1,7,7,0.8571428571428571,4.0,1
63979,1,6,6,0.8333333333333334,3.5,1
63989,1,11,11,1.0,6.0,1
63995,1,1,1,1.0,1.0,1
64006,1,5,5,0.4,3.0,1
64013,1,16,16,0.75,8.5,0
64024,1,1,1,0.0,1.0,1
64068,1,13,13,0.6923076923076923,7.0,1
64069,1,11,11,0.36363636363636365,6.0,1
64071,1,2,2,0.0,1.5,1
64089,1,28,28,0.6428571428571429,14.5,0
64112,1,3,3,1.0,2.0,1
64116,1,2,2,0.5,1.5,1
64128,1,20,20,0.75,10.5,0
64194,1,15,15,0.2,8.0,1
64202,1,2,2,0.5,1.5,1
64203,1,14,14,0.42857142857142855,7.5,1
64205,1,5,5,0.2,3.0,1
64223,1,16,16,0.8125,8.5,0
64225,1,5,5,1.0,3.0,1
64227,1,5,5,0.4,3.0,1
64228,1,14,14,0.07142857142857142,7.5,1
64231,1,3,3,0.6666666666666666,2.0,1
64247,1,14,14,0.14285714285714285,7.5,1
64259,1,1,1,1.0,1.0,1
64261,1,7,7,0.14285714285714285,4.0,1
64271,1,16,16,0.5625,8.5,0
64287,1,6,6,0.0,3.5,1
64295,1,10,10,1.0,5.5,1
64304,2,3,3,0.6666666666666666,1.3333333333333333,1
64307,1,3,3,0.0,2.0,1
64319,1,13,13,1.0,7.0,1
64322,1,22,22,0.18181818181818182,11.5,0
64349,1,4,4,1.0,2.5,1
64355,1,5,5,0.6,3.0,1
64358,1,17,17,0.47058823529411764,9.0,0
64380,1,3,3,0.0,2.0,1
64392,1,13,13,0.8461538461538461,7.0,1
64421,1,7,7,0.14285714285714285,4.0,1
64434,1,21,21,0.6666666666666666,11.0,0
64437,1,9,9,0.1111111111111111,5.0,1
64451,1,13,13,0.0,7.0,1
64461,2,27,27,0.9259259259259259,9.333333333333334,0
64463,1,2,2,0.0,1.5,1
64474,1,28,28,0.9642857142857143,14.5,0
64475,1,21,21,0.5714285714285714,11.0,0
64509,1,5,5,0.2,3.0,1
64528,1,9,9,0.3333333333333333,5.0,1
64574,1,6,6,0.16666666666666666,3.5,1
64576,1,9,9,0.2222222222222222,5.0,1
64589,1,10,10,0.8,5.5,1
64590,1,9,9,0.4444444444444444,5.0,1
64602,1,36,36,0.75,18.5,0
64606,1,19,19,0.6842105263157895,10.0,0
64617,1,4,4,0.5,2.5,1
64624,1,1,1,1.0,1.0,1
64629,1,3,3,0.0,2.0,1
64637,1,18,18,0.8333333333333334,9.5,0
64638,1,17,17,1.0,9.0,0
64648,1,14,14,1.0,7.5,1
64658,1,24,24,0.7916666666666666,12.5,0
64675,1,1,1,0.0,1.0,1
64680,2,58,54,0.7586206896551724,16.103448275862068,0
64681,1,2,2,1.0,1.5,1
64718,1,3,3,1.0,2.0,1
64719,1,29,29,0.9655172413793104,15.0,0
64749,1,7,7,1.0,4.0,1
64751,1,3,3,0.6666666666666666,2.0,1
64754,1,1,1,1.0,1.0,1
64767,1,8,8,1.0,4.5,1
64771,1,2,2,0.5,1.5,1
64773,1,14,14,0.5714285714285714,7.5,1
64776,1,12,12,0.3333333333333333,6.5,1
64801,1,13,13,1.0,7.0,1
64802,1,7,7,0.0,4.0,1
64806,1,1,1,1.0,1.0,1
64821,1,6,6,0.0,3.5,1
64832,1,16,16,0.1875,8.5,0
64852,2,11,10,0.8181818181818182,3.272727272727273,1
64865,1,15,15,0.7333333333333333,8.0,1
64868,1,7,7,0.5714285714285714,4.0,1
64895,1,5,5,1.0,3.0,1
64906,2,17,17,0.6470588235294118,5.470588235294118,0
64920,1,16,16,0.0625,8.5,0
64937,1,13,13,0.8461538461538461,7.0,1
64941,1,8,8,0.75,4.5,1
64969,1,6,6,0.16666666666666666,3.5,1
64981,1,5,5,0.4,3.0,1
65027,1,4,4,1.0,2.5,1
65044,1,5,5,0.4,3.0,1
65072,1,4,4,0.0,2.5,1
65083,1,1,1,1.0,1.0,1
65098,1,9,9,0.0,5.0,1
65104,1,1,1,0.0,1.0,1
65121,1,5,5,0.6,3.0,1
65146,1,3,3,1.0,2.0,1
65149,1,6,6,0.6666666666666666,3.5,1
65153,1,4,4,1.0,2.5,1
65154,1,6,6,0.8333333333333334,3.5,1
65159,1,13,13,0.3076923076923077,7.0,1
65161,2,21,15,1.0,5.761904761904762,0
65166,1,8,8,1.0,4.5,1
65213,1,6,6,0.5,3.5,1
65240,2,23,20,0.9565217391304348,6.3478260869565215,0
65243,1,12,12,1.0,6.5,1
65247,1,19,19,0.0,10.0,0
65267,2,22,22,0.9545454545454546,6.0,0
65279,1,6,6,0.8333333333333334,3.5,1
65280,1,4,4,0.25,2.5,1
65289,2,7,7,1.0,2.2857142857142856,1
65293,1,11,11,0.8181818181818182,6.0,1
65296,1,1,1,0.0,1.0,1
65310,1,10,10,0.9,5.5,1
65317,1,4,4,1.0,2.5,1
65320,1,7,7,0.8571428571428571,4.0,1
65321,1,25,25,0.92,13.0,0
65341,1,9,9,0.6666666666666666,5.0,1
65350,1,40,40,0.875,20.5,0
65360,1,11,11,0.9090909090909091,6.0,1
65363,1,8,8,0.25,4.5,1
65368,1,1,1,1.0,1.0,1
65385,1,8,8,0.875,4.5,1
65399,1,5,5,0.2,3.0,1
65400,1,2,2,1.0,1.5,1
65401,1,32,32,0.0,16.5,0
65418,1,17,17,0.4117647058823529,9.0,0
65420,1,2,2,1.0,1.5,1
65423,1,41,41,0.34146341463414637,21.0,0
65460,1,3,3,0.6666666666666666,2.0,1
65467,1,11,11,0.2727272727272727,6.0,1
65481,1,19,19,0.7368421052631579,10.0,0
65489,1,9,9,0.6666666666666666,5.0,1
65494,1,4,4,0.75,2.5,1
65495,1,38,38,0.9736842105263158,19.5,0
65517,1,7,7,1.0,4.0,1
65519,1,3,3,1.0,2.0,1
65520,1,4,4,0.5,2.5,1
65532,2,15,15,1.0,4.266666666666667,0
65540,1,5,5,0.0,3.0,1
65549,1,9,9,0.5555555555555556,5.0,1
65556,1,3,3,1.0,2.0,1
65561,1,7,7,0.0,4.0,1
65597,1,18,18,0.0,9.5,0
65626,1,6,6,0.0,3.5,1
65654,1,30,30,0.26666666666666666,15.5,0
65661,1,2,2,1.0,1.5,1
65664,1,3,3,0.0,2.0,1
65671,1,4,4,0.25,2.5,1
65678,1,25,25,1.0,13.0,0
65685,2,31,28,0.6129032258064516,8.32258064516129,0
65687,1,38,38,0.7631578947368421,19.5,0
65700,1,5,5,0.8,3.0,1
65708,1,10,10,0.9,5.5,1
65725,1,11,11,0.45454545454545453,6.0,1
65728,1,8,8,0.5,4.5,1
65730,1,19,19,0.5789473684210527,10.0,0
65744,1,2,2,0.0,1.5,1
65748,1,8,8,0.25,4.5,1
65749,1,5,5,0.2,3.0,1
65777,1,2,2,1.0,1.5,1
65798,1,22,22,0.7727272727272727,11.5,0
65807,3,26,25,0.8461538461538461,6.230769230769231,0
65839,1,18,18,0.3888888888888889,9.5,0
65843,1,5,5,0.8,3.0,1
65844,1,11,11,0.0,6.0,1
65871,2,2,2,1.0,1.0,1
65881,1,4,4,0.0,2.5,1
65890,1,39,39,0.5897435897435898,20.0,0
65897,2,29,29,0.7931034482758621,7.9655172413793105,0
65920,1,2,2,1.0,1.5,1
65922,1,7,7,1.0,4.0,1
65923,1,6,6,0.6666666666666666,3.5,1
65927,1,13,13,0.46153846153846156,7.0,1
65928,1,8,8,0.5,4.5,1
65936,1,27,27,0.7037037037037037,14.0,0
65939,1,6,6,0.6666666666666666,3.5,1
65946,1,21,21,0.2857142857142857,11.0,0
65950,1,14,14,1.0,7.5,1
65957,1,4,4,1.0,2.5,1
65959,1,2,2,0.5,1.5,1
65961,1,8,8,0.625,4.5,1
65987,1,13,13,0.6153846153846154,7.0,1
65996,1,6,6,0.8333333333333334,3.5,1
66005,2,32,24,0.96875,8.78125,0
66010,1,7,7,0.42857142857142855,4.0,1
66012,2,38,38,0.7894736842105263,10.421052631578947,0
66039,1,3,3,1.0,2.0,1
66046,2,19,15,0.7894736842105263,5.368421052631579,0
66058,1,14,14,0.5,7.5,1
66079,1,8,8,1.0,4.5,1
66089,1,11,11,0.6363636363636364,6.0,1
66090,1,22,22,0.6363636363636364,11.5,0
66104,1,26,26,1.0,13.5,0
66120,1,18,18,0.0,9.5,0
66123,1,17,17,0.47058823529411764,9.0,0
66130,1,2,2,1.0,1.5,1
66136,1,13,13,0.23076923076923078,7.0,1
66138,1,6,6,0.5,3.5,1
66143,1,26,26,0.6923076923076923,13.5,0
66144,1,6,6,0.6666666666666666,3.5,1
66145,1,10,10,0.5,5.5,1
66148,1,6,6,0.3333333333333333,3.5,1
66149,1,7,7,0.7142857142857143,4.0,1
66150,1,4,4,0.0,2.5,1
66155,1,3,3,0.6666666666666666,2.0,1
66156,2,16,16,0.5625,4.5625,0
66171,1,12,12,0.5,6.5,1
66176,1,13,13,1.0,7.0,1
66179,1,12,12,0.9166666666666666,6.5,1
66181,1,20,20,0.65,10.5,0
66195,1,5,5,0.8,3.0,1
66210,1,13,13,1.0,7.0,1
66214,1,18,18,0.8888888888888888,9.5,0
66224,1,11,11,0.8181818181818182,6.0,1
66241,1,6,6,0.8333333333333334,3.5,1
66250,1,25,25,0.64,13.0,0
66266,1,10,10,0.7,5.5,1
66340,1,9,9,0.8888888888888888,5.0,1
66344,1,2,2,0.5,1.5,1
66371,1,9,9,0.0,5.0,1
66373,1,8,8,0.875,4.5,1
66375,1,3,3,1.0,2.0,1
66397,2,7,7,0.5714285714285714,2.2857142857142856,1
66411,1,11,11,0.9090909090909091,6.0,1
66412,1,7,7,1.0,4.0,1
66419,1,2,2,1.0,1.5,1
66439,1,29,29,0.5172413793103449,15.0,0
66449,1,9,9,0.4444444444444444,5.0,1
66455,1,22,22,0.6363636363636364,11.5,0
66465,1,14,14,0.7857142857142857,7.5,1
66470,1,5,5,1.0,3.0,1
66490,1,6,6,0.8333333333333334,3.5,1
66509,1,3,3,1.0,2.0,1
66515,1,7,7,0.2857142857142857,4.0,1
66516,1,18,18,0.05555555555555555,9.5,0
66523,1,8,8,0.5,4.5,1
66524,1,8,8,1.0,4.5,1
66541,1,4,4,0.75,2.5,1
66542,1,1,1,1.0,1.0,1
66553,1,17,17,0.11764705882352941,9.0,0
66556,1,11,11,0.9090909090909091,6.0,1
66567,1,6,6,1.0,3.5,1
66588,1,27,27,0.8148148148148148,14.0,0
66594,1,3,3,0.3333333333333333,2.0,1
66600,1,3,3,1.0,2.0,1
66603,1,20,20,0.55,10.5,0
66615,1,1,1,1.0,1.0,1
66620,1,4,4,0.25,2.5,1
66628,1,5,5,0.6,3.0,1
66646,1,20,20,0.4,10.5,0
66670,1,5,5,0.2,3.0,1
66672,1,7,7,0.5714285714285714,4.0,1
66673,1,23,23,0.9130434782608695,12.0,0
66687,1,15,15,0.8,8.0,1
66725,1,7,7,0.42857142857142855,4.0,1
66754,1,8,8,0.75,4.5,1
66762,1,1,1,0.0,1.0,1
66766,1,7,7,0.8571428571428571,4.0,1
66771,1,10,10,0.9,5.5,1
66781,1,24,24,0.625,12.5,0
66799,1,11,11,0.9090909090909091,6.0,1
66804,1,1,1,1.0,1.0,1
66825,1,2,2,0.0,1.5,1
66846,1,12,12,0.0,6.5,1
66853,1,5,5,0.2,3.0,1
66862,2,22,22,0.18181818181818182,6.7272727272727275,0
66871,1,18,18,0.3333333333333333,9.5,0
66881,1,7,7,0.14285714285714285,4.0,1
66886,1,13,13,0.3076923076923077,7.0,1
66902,1,18,18,0.1111111111111111,9.5,0
66907,1,14,14,0.35714285714285715,7.5,1
66918,1,4,4,0.75,2.5,1
66926,2,6,6,0.5,2.6666666666666665,1
66937,1,18,18,0.6666666666666666,9.5,0
66940,1,14,14,1.0,7.5,1
66955,1,1,1,1.0,1.0,1
66961,1,7,7,0.7142857142857143,4.0,1
66971,1,6,6,1.0,3.5,1
66984,1,18,18,0.8333333333333334,9.5,0
67020,1,10,10,1.0,5.5,1
67023,1,9,9,0.3333333333333333,5.0,1
67050,1,11,11,1.0,6.0,1
67053,1,6,6,1.0,3.5,1
67055,1,4,4,0.75,2.5,1
67080,2,32,30,0.78125,9.625,0
67083,1,12,12,0.5833333333333334,6.5,1
67089,1,9,9,0.5555555555555556,5.0,1
67104,1,6,6,0.5,3.5,1
67106,1,22,22,1.0,11.5,0
67140,1,6,6,1.0,3.5,1
67142,1,24,24,0.875,12.5,0
67149,1,2,2,1.0,1.5,1
67154,1,6,6,1.0,3.5,1
67155,2,25,25,0.56,7.24,0
67200,1,2,2,0.0,1.5,1
67207,2,8,8,0.125,2.625,1
67227,1,26,26,0.9615384615384616,13.5,0
67249,1,10,10,0.7,5.5,1
67266,1,8,8,0.0,4.5,1
67299,1,1,1,1.0,1.0,1
67301,1,7,7,0.8571428571428571,4.0,1
67308,1,19,19,0.7368421052631579,10.0,0
67315,1,8,8,0.0,4.5,1
67337,1,12,12,0.5,6.5,1
67359,1,9,9,0.7777777777777778,5.0,1
67362,1,13,13,0.6923076923076923,7.0,1
67365,1,11,11,0.8181818181818182,6.0,1
67383,1,1,1,1.0,1.0,1
67385,1,8,8,0.5,4.5,1
67418,3,26,25,0.34615384615384615,6.076923076923077,0
67424,1,6,6,0.8333333333333334,3.5,1
67433,4,19,18,0.3157894736842105,4.052631578947368,0
67440,1,11,11,1.0,6.0,1
67446,1,18,18,0.7777777777777778,9.5,0
67451,1,3,3,1.0,2.0,1
67459,1,11,11,0.36363636363636365,6.0,1
67461,1,7,7,0.5714285714285714,4.0,1
67478,1,10,10,0.0,5.5,1
67481,1,13,13,0.7692307692307693,7.0,1
67493,1,18,18,0.7777777777777778,9.5,0
67494,1,9,9,0.3333333333333333,5.0,1
67498,1,7,7,0.42857142857142855,4.0,1
67551,1,6,6,0.5,3.5,1
67558,1,5,5,1.0,3.0,1
67578,1,10,10,0.5,5.5,1
67583,1,20,20,0.5,10.5,0
67584,1,5,5,0.6,3.0,1
67596,1,4,4,0.5,2.5,1
67607,1,14,14,0.7142857142857143,7.5,1
67610,1,5,5,0.2,3.0,1
67613,1,7,7,0.2857142857142857,4.0,1
67614,1,6,6,0.6666666666666666,3.5,1
67623,1,3,3,1.0,2.0,1
67639,1,10,10,0.0,5.5,1
67669,1,14,14,0.5,7.5,1
67671,1,3,3,0.6666666666666666,2.0,1
67680,1,8,8,0.875,4.5,1
67687,1,25,25,0.48,13.0,0
67699,3,10,7,0.6,2.3,1
67705,1,11,11,0.8181818181818182,6.0,1
67706,1,10,10,0.8,5.5,1
67716,1,13,13,0.9230769230769231,7.0,1
67717,1,8,8,0.5,4.5,1
67727,2,3,3,1.0,1.3333333333333333,1
67728,1,4,4,1.0,2.5,1
67795,1,3,3,0.3333333333333333,2.0,1
67798,1,7,7,0.7142857142857143,4.0,1
67816,2,19,19,0.5263157894736842,5.2631578947368425,0
67829,1,15,15,0.2,8.0,1
67842,1,2,2,0.0,1.5,1
67849,1,2,2,1.0,1.5,1
67862,1,17,17,0.6470588235294118,9.0,0
67869,1,28,28,0.8928571428571429,14.5,0
67875,1,5,5,0.6,3.0,1
67878,1,16,16,0.375,8.5,0
67886,1,7,7,0.42857142857142855,4.0,1
67913,2,24,24,0.8333333333333334,8.0,0
67914,1,15,15,0.4666666666666667,8.0,1
67956,1,10,10,0.5,5.5,1
67961,1,9,9,0.7777777777777778,5.0,1
67985,1,17,17,0.8235294117647058,9.0,0
68013,1,9,9,0.3333333333333333,5.0,1
68028,1,13,13,0.8461538461538461,7.0,1
68036,1,4,4,1.0,2.5,1
68046,1,11,11,0.45454545454545453,6.0,1
68047,1,4,4,0.75,2.5,1
68054,1,3,3,0.6666666666666666,2.0,1
68055,2,15,12,0.8666666666666667,4.4,1
68100,1,8,8,0.5,4.5,1
68105,1,6,6,1.0,3.5,1
68120,1,6,6,0.5,3.5,1
68123,1,2,2,0.5,1.5,1
68128,1,3,3,1.0,2.0,1
68145,1,3,3,1.0,2.0,1
68149,2,16,14,0.375,5.0625,0
68160,1,20,20,1.0,10.5,0
68178,1,8,8,0.25,4.5,1
68183,2,18,18,0.5,5.055555555555555,0
68184,1,5,5,0.8,3.0,1
68192,1,7,7,0.0,4.0,1
68193,1,7,7,0.0,4.0,1
68195,1,6,6,1.0,3.5,1
68198,1,4,4,1.0,2.5,1
68206,1,11,11,0.8181818181818182,6.0,1
68244,1,3,3,0.6666666666666666,2.0,1
68249,1,1,1,1.0,1.0,1
68253,1,10,10,0.0,5.5,1
68254,1,4,4,1.0,2.5,1
68257,1,31,31,0.5806451612903226,16.0,0
68263,1,12,12,0.9166666666666666,6.5,1
68264,1,2,2,1.0,1.5,1
68275,1,15,15,0.9333333333333333,8.0,1
68293,1,7,7,1.0,4.0,1
68303,1,14,14,0.8571428571428571,7.5,1
68306,1,4,4,1.0,2.5,1
68309,1,24,24,0.75,12.5,0
68317,2,9,8,0.8888888888888888,3.0,1
68325,1,21,21,0.47619047619047616,11.0,0
68362,1,11,11,0.2727272727272727,6.0,1
68364,1,15,15,0.6,8.0,1
68400,1,4,4,0.25,2.5,1
68418,1,12,12,0.08333333333333333,6.5,1
68424,1,4,4,0.5,2.5,1
68425,2,10,10,0.8,3.9,1
68431,1,9,9,0.0,5.0,1
68434,1,9,9,0.5555555555555556,5.0,1
68440,1,15,15,0.0,8.0,1
68443,1,7,7,0.5714285714285714,4.0,1
68456,1,6,6,0.3333333333333333,3.5,1
68471,1,14,14,0.2857142857142857,7.5,1
68500,1,16,16,0.6875,8.5,0
68510,1,22,22,0.36363636363636365,11.5,0
68513,1,25,25,0.92,13.0,0
68521,2,10,6,1.0,3.0,1
68528,1,3,3,1.0,2.0,1
68533,2,8,8,1.0,3.0,1
68542,1,10,10,0.5,5.5,1
68558,1,6,6,1.0,3.5,1
68572,1,14,14,0.6428571428571429,7.5,1
68577,1,13,13,0.8461538461538461,7.0,1
68579,1,2,2,0.0,1.5,1
68580,1,8,8,0.75,4.5,1
68632,1,6,6,0.5,3.5,1
68635,1,11,11,0.8181818181818182,6.0,1
68659,1,15,15,0.4666666666666667,8.0,1
68700,1,14,14,0.9285714285714286,7.5,1
68713,1,25,25,0.96,13.0,0
68716,1,15,15,0.4666666666666667,8.0,1
68725,1,1,1,1.0,1.0,1
68741,1,2,2,1.0,1.5,1
68742,1,23,23,0.5652173913043478,12.0,0
68746,1,18,18,0.6111111111111112,9.5,0
68756,1,6,6,0.8333333333333334,3.5,1
68761,2,16,16,0.9375,6.75,0
68762,1,12,12,0.8333333333333334,6.5,1
68800,1,5,5,0.2,3.0,1
68826,1,5,5,0.8,3.0,1
68857,2,19,17,0.631578947368421,5.368421052631579,0
68864,1,14,14,0.7857142857142857,7.5,1
68880,2,29,29,0.896551724137931,8.793103448275861,0
68891,1,5,5,1.0,3.0,1
68902,1,8,8,0.0,4.5,1
68905,1,6,6,0.0,3.5,1
68912,1,26,26,0.11538461538461539,13.5,0
68918,1,3,3,0.6666666666666666,2.0,1
68921,1,9,9,0.2222222222222222,5.0,1
68923,2,6,6,1.0,2.6666666666666665,1
68947,1,7,7,0.2857142857142857,4.0,1
68950,1,3,3,1.0,2.0,1
68961,1,34,34,0.7352941176470589,17.5,0
68964,1,4,4,0.0,2.5,1
68981,1,32,32,0.875,16.5,0
68983,1,20,20,0.75,10.5,0
68999,1,2,2,0.0,1.5,1
69028,1,4,4,0.5,2.5,1
69035,1,7,7,0.5714285714285714,4.0,1
69073,1,7,7,0.0,4.0,1
69082,1,6,6,0.0,3.5,1
69094,1,5,5,0.6,3.0,1
69101,1,4,4,0.75,2.5,1
69114,1,7,7,0.8571428571428571,4.0,1
69138,1,6,6,0.6666666666666666,3.5,1
69144,1,15,15,0.6666666666666666,8.0,1
69160,1,12,12,0.8333333333333334,6.5,1
69167,1,3,3,0.3333333333333333,2.0,1
69184,2,20,18,0.65,7.95,0
69195,1,8,8,0.375,4.5,1
69199,1,18,18,0.6666666666666666,9.5,0
69217,1,12,12,0.5833333333333334,6.5,1
69283,1,11,11,1.0,6.0,1
69303,1,4,4,1.0,2.5,1
69311,1,4,4,1.0,2.5,1
69312,1,4,4,1.0,2.5,1
69324,1,15,15,0.4666666666666667,8.0,1
69335,1,2,2,0.5,1.5,1
69339,1,7,7,0.7142857142857143,4.0,1
69342,1,9,9,0.1111111111111111,5.0,1
69367,1,29,29,0.5172413793103449,15.0,0
69368,1,7,7,0.14285714285714285,4.0,1
69370,1,8,8,0.25,4.5,1
69387,1,6,6,0.5,3.5,1
69404,1,10,10,0.8,5.5,1
69409,1,11,11,0.9090909090909091,6.0,1
69411,1,13,13,0.8461538461538461,7.0,1
69413,1,9,9,0.3333333333333333,5.0,1
69420,1,2,2,1.0,1.5,1
69423,1,23,23,0.6956521739130435,12.0,0
69427,1,11,11,1.0,6.0,1
69428,1,17,17,0.17647058823529413,9.0,0
69432,1,14,14,0.0,7.5,1
69437,1,9,9,1.0,5.0,1
69455,1,3,3,0.0,2.0,1
69469,2,30,30,0.6666666666666666,8.833333333333334,0
69474,2,36,28,0.7222222222222222,11.277777777777779,0
69483,3,44,39,0.6590909090909091,9.136363636363637,0
69500,1,42,42,0.5952380952380952,21.5,0
69505,1,8,8,0.875,4.5,1
69511,1,4,4,1.0,2.5,1
69523,1,7,7,0.8571428571428571,4.0,1
69528,1,6,6,0.0,3.5,1
69543,1,3,3,1.0,2.0,1
69556,1,27,27,0.8518518518518519,14.0,0
69562,1,2,2,0.5,1.5,1
69580,2,7,7,0.42857142857142855,2.2857142857142856,1
69587,1,5,5,0.8,3.0,1
69588,1,7,7,0.8571428571428571,4.0,1
69596,1,4,4,1.0,2.5,1
69599,1,24,24,0.6666666666666666,12.5,0
69617,1,9,9,0.2222222222222222,5.0,1
69645,1,7,7,0.2857142857142857,4.0,1
69650,1,14,14,0.5,7.5,1
69652,1,6,6,0.8333333333333334,3.5,1
69671,1,7,7,0.42857142857142855,4.0,1
69687,1,6,6,0.8333333333333334,3.5,1
69696,1,23,23,0.43478260869565216,12.0,0
69722,1,18,18,0.4444444444444444,9.5,0
69723,2,28,24,0.14285714285714285,8.071428571428571,0
69729,1,17,17,0.8235294117647058,9.0,0
69733,1,14,14,0.5,7.5,1
69740,1,18,18,0.6111111111111112,9.5,0
69770,1,9,9,0.7777777777777778,5.0,1
69780,1,12,12,0.8333333333333334,6.5,1
69784,1,11,11,0.0,6.0,1
69785,1,15,15,0.0,8.0,1
69800,1,10,10,0.7,5.5,1
69812,1,8,8,0.75,4.5,1
69854,1,1,1,1.0,1.0,1
69862,1,12,12,0.25,6.5,1
69866,1,17,17,0.47058823529411764,9.0,0
69873,1,9,9,0.8888888888888888,5.0,1
69884,1,6,6,1.0,3.5,1
69889,1,8,8,0.375,4.5,1
69890,1,7,7,0.0,4.0,1
69897,1,11,11,0.7272727272727273,6.0,1
69901,1,7,7,0.42857142857142855,4.0,1
69905,1,6,6,1.0,3.5,1
69919,1,1,1,1.0,1.0,1
69921,1,6,6,1.0,3.5,1
69929,1,14,14,0.0,7.5,1
69930,1,12,12,0.0,6.5,1
69945,1,17,17,0.29411764705882354,9.0,0
69947,1,20,20,0.65,10.5,0
69955,1,10,10,1.0,5.5,1
69981,1,11,11,0.5454545454545454,6.0,1
69984,1,10,10,0.6,5.5,1
69993,1,14,14,0.0,7.5,1
69994,1,10,10,0.5,5.5,1
70003,1,6,6,1.0,3.5,1
70011,1,15,15,0.4666666666666667,8.0,1
70017,2,6,6,0.6666666666666666,2.1666666666666665,1
70028,1,25,25,0.84,13.0,0
70031,1,7,7,0.7142857142857143,4.0,1
70033,1,11,11,0.7272727272727273,6.0,1
70040,1,9,9,0.4444444444444444,5.0,1
70055,1,4,4,0.75,2.5,1
70091,1,4,4,0.25,2.5,1
70097,1,7,7,1.0,4.0,1
70103,1,11,11,0.9090909090909091,6.0,1
70118,1,1,1,0.0,1.0,1
70122,1,10,10,1.0,5.5,1
70126,1,7,7,1.0,4.0,1
70156,1,10,10,0.5,5.5,1
70159,1,8,8,0.0,4.5,1
70162,1,7,7,0.2857142857142857,4.0,1
70164,1,13,13,0.07692307692307693,7.0,1
70165,1,10,10,0.3,5.5,1
70186,1,8,8,0.75,4.5,1
70192,1,2,2,1.0,1.5,1
70210,1,1,1,1.0,1.0,1
70217,2,19,19,0.3684210526315789,7.473684210526316,0
70221,1,7,7,0.7142857142857143,4.0,1
70241,1,3,3,0.0,2.0,1
70247,1,2,2,0.5,1.5,1
70256,1,24,24,0.4166666666666667,12.5,0
70268,1,14,14,0.5714285714285714,7.5,1
70290,1,5,5,0.8,3.0,1
70294,1,14,14,0.5714285714285714,7.5,1
70298,1,20,20,0.9,10.5,0
70307,1,10,10,0.6,5.5,1
70312,1,18,18,0.8888888888888888,9.5,0
70318,1,10,10,0.3,5.5,1
70322,1,2,2,0.0,1.5,1
70355,1,26,26,0.9615384615384616,13.5,0
70366,1,5,5,0.8,3.0,1
70371,1,25,25,0.08,13.0,0
70379,1,15,15,0.6666666666666666,8.0,1
70381,1,10,10,0.3,5.5,1
70401,1,3,3,1.0,2.0,1
70411,1,10,10,0.7,5.5,1
70414,1,6,6,0.6666666666666666,3.5,1
70421,1,6,6,0.0,3.5,1
70426,1,11,11,0.18181818181818182,6.0,1
70443,2,20,20,0.7,5.7,0
70446,1,19,19,0.5789473684210527,10.0,0
70455,3,5,5,0.6,1.6,1
70464,1,2,2,0.0,1.5,1
70485,1,15,15,0.0,8.0,1
70509,1,11,11,0.8181818181818182,6.0,1
70577,1,6,6,1.0,3.5,1
70578,1,1,1,0.0,1.0,1
70612,1,21,21,0.38095238095238093,11.0,0
70651,2,13,13,0.6923076923076923,4.230769230769231,1
70665,1,16,16,0.75,8.5,0
70676,2,15,15,0.5333333333333333,5.6,0
70687,1,7,7,0.8571428571428571,4.0,1
70691,1,1,1,0.0,1.0,1
70696,1,38,38,0.6052631578947368,19.5,0
70702,1,8,8,0.875,4.5,1
70708,1,28,28,0.9642857142857143,14.5,0
70736,1,3,3,0.6666666666666666,2.0,1
70742,2,28,28,0.7857142857142857,8.392857142857142,0
70754,1,18,18,0.9444444444444444,9.5,0
70759,1,4,4,0.5,2.5,1
70774,1,18,18,0.7777777777777778,9.5,0
70778,1,9,9,0.6666666666666666,5.0,1
70789,1,18,18,0.6111111111111112,9.5,0
70794,2,8,8,1.0,3.0,1
70805,1,29,29,0.8620689655172413,15.0,0
70806,1,10,10,0.3,5.5,1
70838,2,7,7,0.2857142857142857,2.5714285714285716,1
70839,1,8,8,0.5,4.5,1
70851,1,10,10,0.1,5.5,1
70860,1,9,9,0.7777777777777778,5.0,1
70876,1,1,1,1.0,1.0,1
70900,1,8,8,0.375,4.5,1
70910,1,13,13,0.6923076923076923,7.0,1
70920,1,21,21,0.8095238095238095,11.0,0
70964,1,6,6,0.6666666666666666,3.5,1
70977,1,16,16,0.25,8.5,0
70979,1,10,10,0.6,5.5,1
70983,1,15,15,0.8,8.0,1
70984,1,5,5,0.6,3.0,1
70986,1,16,16,0.0,8.5,0
71000,1,2,2,1.0,1.5,1
71011,1,6,6,0.8333333333333334,3.5,1
71021,1,3,3,1.0,2.0,1
71027,1,34,34,0.7352941176470589,17.5,0
71033,1,14,14,0.42857142857142855,7.5,1
71035,1,12,12,0.75,6.5,1
71046,2,21,20,0.19047619047619047,5.857142857142857,0
71076,1,1,1,1.0,1.0,1
71077,1,5,5,0.8,3.0,1
71085,2,12,11,0.4166666666666667,3.5833333333333335,1
71086,1,11,11,0.36363636363636365,6.0,1
71092,1,5,5,1.0,3.0,1
71113,1,3,3,0.0,2.0,1
71118,1,6,6,1.0,3.5,1
71133,1,9,9,0.7777777777777778,5.0,1
71134,2,20,17,0.4,5.95,0
71149,1,12,12,0.5,6.5,1
71151,1,13,13,0.6923076923076923,7.0,1
71154,1,3,3,0.6666666666666666,2.0,1
71157,1,4,4,0.75,2.5,1
71158,1,13,13,0.0,7.0,1
71189,1,8,8,1.0,4.5,1
71202,1,17,17,0.058823529411764705,9.0,0
71205,1,15,15,0.6666666666666666,8.0,1
71208,1,5,5,0.8,3.0,1
71232,1,24,24,0.9583333333333334,12.5,0
71237,1,12,12,0.75,6.5,1
71244,1,11,11,0.8181818181818182,6.0,1
71260,1,9,9,0.8888888888888888,5.0,1
71296,1,18,18,0.5555555555555556,9.5,0
71334,1,20,20,0.25,10.5,0
71343,1,6,6,0.0,3.5,1
71368,1,2,2,0.5,1.5,1
71376,1,21,21,0.23809523809523808,11.0,0
71388,1,13,13,0.3076923076923077,7.0,1
71401,1,4,4,1.0,2.5,1
71422,2,13,9,0.6923076923076923,3.769230769230769,1
71427,1,6,6,0.6666666666666666,3.5,1
71438,1,6,6,1.0,3.5,1
71442,1,7,7,0.42857142857142855,4.0,1
71469,1,2,2,0.5,1.5,1
71492,1,8,8,0.75,4.5,1
71504,1,5,5,0.0,3.0,1
71513,1,2,2,1.0,1.5,1
71517,1,8,8,0.0,4.5,1
71532,1,11,11,0.0,6.0,1
71540,1,20,20,0.0,10.5,0
71549,1,8,8,0.5,4.5,1
71553,1,14,14,0.5,7.5,1
71559,1,2,2,1.0,1.5,1
71560,1,6,6,0.8333333333333334,3.5,1
71577,1,8,8,0.75,4.5,1
71594,1,6,6,0.3333333333333333,3.5,1
71628,1,12,12,0.3333333333333333,6.5,1
71637,1,4,4,0.5,2.5,1
71641,1,21,21,1.0,11.0,0
71650,1,10,10,0.0,5.5,1
71662,1,12,12,0.08333333333333333,6.5,1
71663,1,6,6,0.6666666666666666,3.5,1
71690,1,12,12,0.5833333333333334,6.5,1
71714,1,12,12,0.25,6.5,1
71738,1,14,14,0.5714285714285714,7.5,1
71739,1,14,14,0.7142857142857143,7.5,1
71742,1,3,3,0.0,2.0,1
71748,1,8,8,0.25,4.5,1
71755,1,6,6,0.3333333333333333,3.5,1
71758,1,7,7,0.14285714285714285,4.0,1
71771,1,24,24,0.875,12.5,0
71775,1,6,6,0.3333333333333333,3.5,1
71782,1,24,24,0.5833333333333334,12.5,0
71784,1,11,11,0.36363636363636365,6.0,1
71787,1,7,7,0.5714285714285714,4.0,1
71789,1,6,6,0.8333333333333334,3.5,1
71809,1,1,1,1.0,1.0,1
71834,1,2,2,1.0,1.5,1
71861,1,1,1,0.0,1.0,1
71884,1,16,16,0.9375,8.5,0
71916,1,8,8,0.625,4.5,1
71917,1,5,5,0.4,3.0,1
71919,2,8,7,0.5,3.0,1
71920,1,8,8,1.0,4.5,1
71935,1,2,2,1.0,1.5,1
71936,1,2,2,1.0,1.5,1
71937,1,17,17,0.7058823529411765,9.0,0
71940,1,7,7,0.8571428571428571,4.0,1
71942,1,1,1,0.0,1.0,1
71944,1,24,24,0.7083333333333334,12.5,0
71967,1,6,6,0.5,3.5,1
71975,1,2,2,1.0,1.5,1
71981,1,7,7,0.42857142857142855,4.0,1
71987,1,14,14,0.7857142857142857,7.5,1
72009,1,5,5,1.0,3.0,1
72012,1,12,12,1.0,6.5,1
72027,1,3,3,1.0,2.0,1
72038,1,2,2,0.5,1.5,1
72050,1,4,4,0.25,2.5,1
72068,1,11,11,1.0,6.0,1
72073,1,4,4,1.0,2.5,1
72083,2,27,25,0.07407407407407407,7.333333333333333,0
72084,1,21,21,0.23809523809523808,11.0,0
72087,1,7,7,0.8571428571428571,4.0,1
72109,1,7,7,0.8571428571428571,4.0,1
72110,1,12,12,1.0,6.5,1
72115,1,7,7,0.8571428571428571,4.0,1
72125,1,11,11,0.18181818181818182,6.0,1
72134,1,13,13,0.38461538461538464,7.0,1
72136,1,66,66,0.8787878787878788,33.5,0
72156,3,16,14,0.875,3.5625,0
72163,1,17,17,0.23529411764705882,9.0,0
72196,1,2,2,1.0,1.5,1
72201,2,30,30,0.23333333333333334,8.0,0
72221,1,5,5,0.6,3.0,1
72223,1,6,6,0.8333333333333334,3.5,1
72231,1,9,9,1.0,5.0,1
72289,1,2,2,0.0,1.5,1
72295,1,14,14,0.8571428571428571,7.5,1
72301,1,8,8,0.75,4.5,1
72327,1,4,4,1.0,2.5,1
72328,1,25,25,0.64,13.0,0
72367,1,19,19,0.05263157894736842,10.0,0
72370,1,23,23,0.9130434782608695,12.0,0
72380,2,30,24,0.9333333333333333,8.3,0
72396,1,8,8,0.375,4.5,1
72423,1,4,4,0.25,2.5,1
72456,1,15,15,0.4,8.0,1
72461,2,15,15,0.4,4.4,0
72465,1,9,9,0.5555555555555556,5.0,1
72476,1,2,2,0.5,1.5,1
72511,1,11,11,0.36363636363636365,6.0,1
72533,1,1,1,0.0,1.0,1
72537,1,7,7,0.2857142857142857,4.0,1
72539,1,1,1,1.0,1.0,1
72547,1,16,16,0.75,8.5,0
72574,1,11,11,0.9090909090909091,6.0,1
72577,1,25,25,0.68,13.0,0
72607,1,13,13,0.07692307692307693,7.0,1
72615,1,5,5,0.2,3.0,1
72627,1,7,7,0.7142857142857143,4.0,1
72640,1,7,7,0.2857142857142857,4.0,1
72651,1,4,4,0.5,2.5,1
72656,1,5,5,0.8,3.0,1
72664,1,8,8,0.375,4.5,1
72668,2,24,22,0.9166666666666666,6.875,0
72670,1,5,5,0.4,3.0,1
72678,1,19,19,0.2631578947368421,10.0,0
72687,1,22,22,0.5,11.5,0
72688,1,2,2,0.0,1.5,1
72699,1,18,18,0.6111111111111112,9.5,0
72703,1,27,27,0.8148148148148148,14.0,0
72706,1,18,18,0.16666666666666666,9.5,0
72709,1,35,35,0.0,18.0,0
72738,2,34,34,0.4411764705882353,9.029411764705882,0
72785,2,25,25,0.84,6.76,0
72805,1,8,8,0.875,4.5,1
72815,1,3,3,0.0,2.0,1
72844,1,5,5,0.2,3.0,1
72849,1,13,13,0.23076923076923078,7.0,1
72855,1,8,8,0.625,4.5,1
72856,1,20,20,0.45,10.5,0
72863,1,15,15,0.2,8.0,1
72873,1,2,2,0.0,1.5,1
72901,2,35,35,0.8285714285714286,9.6,0
72916,1,11,11,0.45454545454545453,6.0,1
72928,1,3,3,0.3333333333333333,2.0,1
72973,1,7,7,0.5714285714285714,4.0,1
72988,2,12,12,0.25,3.5,1
73014,1,5,5,0.4,3.0,1
73026,1,6,6,0.6666666666666666,3.5,1
73031,2,25,25,0.2,10.36,0
73042,1,4,4,1.0,2.5,1
73045,1,4,4,0.5,2.5,1
73068,1,7,7,0.0,4.0,1
73090,2,17,17,0.7647058823529411,4.764705882352941,0
73106,1,1,1,1.0,1.0,1
73114,1,11,11,0.6363636363636364,6.0,1
73124,1,1,1,0.0,1.0,1
73127,1,9,9,1.0,5.0,1
73132,1,10,10,0.5,5.5,1
73138,1,17,17,0.29411764705882354,9.0,0
73139,1,10,10,0.5,5.5,1
73140,1,24,24,0.7083333333333334,12.5,0
73170,1,26,26,0.6923076923076923,13.5,0
73171,1,28,28,0.5,14.5,0
73225,1,7,7,0.0,4.0,1
73231,1,11,11,0.8181818181818182,6.0,1
73241,1,10,10,0.0,5.5,1
73256,1,7,7,1.0,4.0,1
73258,2,12,10,0.9166666666666666,3.5,1
73263,1,1,1,0.0,1.0,1
73267,1,2,2,0.0,1.5,1
73268,1,9,9,0.8888888888888888,5.0,1
73270,1,11,11,0.0,6.0,1
73276,1,14,14,0.9285714285714286,7.5,1
73283,2,36,36,0.9444444444444444,9.61111111111111,0
73310,1,4,4,0.25,2.5,1
73313,1,1,1,0.0,1.0,1
73332,2,38,38,0.8421052631578947,10.105263157894736,0
73342,1,1,1,1.0,1.0,1
73344,1,7,7,1.0,4.0,1
73346,1,23,23,0.6086956521739131,12.0,0
73352,1,2,2,0.5,1.5,1
73358,1,3,3,1.0,2.0,1
73364,1,4,4,0.75,2.5,1
73379,1,3,3,0.6666666666666666,2.0,1
73398,1,10,10,0.7,5.5,1
73399,1,6,6,0.8333333333333334,3.5,1
73418,1,15,15,0.4666666666666667,8.0,1
73438,1,13,13,0.6923076923076923,7.0,1
73439,1,20,20,0.8,10.5,0
73456,1,31,31,0.6774193548387096,16.0,0
73457,1,12,12,0.5833333333333334,6.5,1
73475,1,2,2,1.0,1.5,1
73477,1,18,18,1.0,9.5,0
73486,1,10,10,0.4,5.5,1
73487,1,3,3,0.3333333333333333,2.0,1
73493,1,4,4,1.0,2.5,1
73496,1,3,3,0.0,2.0,1
73506,1,16,16,0.8125,8.5,0
73523,1,1,1,1.0,1.0,1
73542,2,18,18,0.5555555555555556,5.0,0
73545,1,12,12,1.0,6.5,1
73547,1,12,12,0.4166666666666667,6.5,1
73590,1,5,5,0.0,3.0,1
73608,1,28,28,0.6428571428571429,14.5,0
73634,1,2,2,0.0,1.5,1
73636,1,15,15,0.8,8.0,1
73641,1,4,4,0.5,2.5,1
73667,1,8,8,0.75,4.5,1
73686,2,43,43,0.7209302325581395,14.883720930232558,0
73696,1,17,17,0.5294117647058824,9.0,0
73698,1,9,9,0.5555555555555556,5.0,1
73700,1,24,24,0.0,12.5,0
73705,1,11,11,0.2727272727272727,6.0,1
73710,1,8,8,0.125,4.5,1
73735,1,17,17,0.7647058823529411,9.0,0
73747,1,8,8,0.5,4.5,1
73765,2,11,11,0.45454545454545453,3.272727272727273,1
73770,1,1,1,1.0,1.0,1
73782,2,9,9,0.0,3.4444444444444446,1
73802,1,3,3,0.3333333333333333,2.0,1
73822,1,7,7,0.2857142857142857,4.0,1
73826,1,8,8,0.875,4.5,1
73828,1,8,8,0.5,4.5,1
73832,1,13,13,0.9230769230769231,7.0,1
73835,1,11,11,0.6363636363636364,6.0,1
73840,1,8,8,0.75,4.5,1
73862,1,8,8,0.25,4.5,1
73901,1,9,9,0.3333333333333333,5.0,1
73911,1,7,7,0.7142857142857143,4.0,1
73946,1,1,1,1.0,1.0,1
73947,1,14,14,0.5714285714285714,7.5,1
73968,1,31,31,0.7741935483870968,16.0,0
73969,2,20,20,0.85,5.95,0
73989,1,1,1,0.0,1.0,1
74000,1,11,11,0.5454545454545454,6.0,1
74003,1,17,17,0.9411764705882353,9.0,0
74025,1,2,2,0.5,1.5,1
74034,1,20,20,0.8,10.5,0
74035,1,4,4,0.0,2.5,1
74043,1,17,17,0.8235294117647058,9.0,0
74069,1,2,2,1.0,1.5,1
74086,1,7,7,0.2857142857142857,4.0,1
74089,1,7,7,0.8571428571428571,4.0,1
74100,1,6,6,0.8333333333333334,3.5,1
74105,1,2,2,1.0,1.5,1
74158,1,9,9,0.8888888888888888,5.0,1
74165,1,17,17,0.0,9.0,0
74166,1,9,9,0.5555555555555556,5.0,1
74174,1,4,4,0.75,2.5,1
74184,1,23,23,0.43478260869565216,12.0,0
74193,1,7,7,1.0,4.0,1
74197,2,38,38,0.868421052631579,10.236842105263158,0
74198,1,11,11,0.9090909090909091,6.0,1
74217,1,5,5,0.4,3.0,1
74226,1,10,10,0.3,5.5,1
74234,1,5,5,1.0,3.0,1
74235,1,13,13,0.38461538461538464,7.0,1
74246,1,8,8,0.625,4.5,1
74252,1,8,8,0.5,4.5,1
74259,1,2,2,1.0,1.5,1
74265,1,7,7,0.14285714285714285,4.0,1
74286,1,6,6,0.5,3.5,1
74290,1,13,13,0.9230769230769231,7.0,1
74292,1,20,20,0.45,10.5,0
74293,1,18,18,0.1111111111111111,9.5,0
74295,1,8,8,0.5,4.5,1
74315,3,67,53,0.9402985074626866,11.761194029850746,0
74350,2,2,2,1.0,1.0,1
74362,1,7,7,0.7142857142857143,4.0,1
74366,1,2,2,1.0,1.5,1
74375,1,18,18,0.5,9.5,0
74377,1,27,27,0.5555555555555556,14.0,0
74388,1,9,9,0.8888888888888888,5.0,1
74409,1,16,16,0.9375,8.5,0
74411,1,1,1,1.0,1.0,1
74430,1,23,23,0.043478260869565216,12.0,0
74449,1,14,14,0.6428571428571429,7.5,1
74452,1,8,8,0.875,4.5,1
74508,1,2,2,0.5,1.5,1
74511,1,7,7,1.0,4.0,1
74530,2,37,37,0.7297297297297297,11.702702702702704,0
74538,2,10,8,0.7,3.4,1
74555,1,7,7,0.5714285714285714,4.0,1
74578,1,21,21,0.5238095238095238,11.0,0
74582,1,12,12,0.9166666666666666,6.5,1
74588,1,31,31,0.7419354838709677,16.0,0
74592,1,10,10,0.0,5.5,1
74605,1,8,8,0.375,4.5,1
74611,1,7,7,0.2857142857142857,4.0,1
74626,2,11,9,0.8181818181818182,3.4545454545454546,1
74642,5,29,23,0.896551724137931,4.0344827586206895,0
74660,1,7,7,0.14285714285714285,4.0,1
74662,1,17,17,0.5882352941176471,9.0,0
74665,1,3,3,0.6666666666666666,2.0,1
74669,1,8,8,0.625,4.5,1
74680,1,24,24,0.9166666666666666,12.5,0
74706,1,16,16,0.75,8.5,0
74714,1,2,2,0.5,1.5,1
74750,1,35,35,0.9714285714285714,18.0,0
74753,1,9,9,0.0,5.0,1
74765,1,8,8,1.0,4.5,1
74794,1,7,7,0.7142857142857143,4.0,1
74813,2,52,45,0.38461538461538464,13.576923076923077,0
74842,1,14,14,0.42857142857142855,7.5,1
74846,1,3,3,1.0,2.0,1
74848,1,28,28,0.9285714285714286,14.5,0
74853,1,2,2,1.0,1.5,1
74870,1,31,31,0.5806451612903226,16.0,0
74886,1,11,11,0.2727272727272727,6.0,1
74889,1,19,19,0.7894736842105263,10.0,0
74904,1,14,14,0.8571428571428571,7.5,1
74942,3,13,13,0.5384615384615384,2.6923076923076925,0
74948,1,7,7,0.8571428571428571,4.0,1
74970,1,6,6,0.6666666666666666,3.5,1
74974,1,15,15,1.0,8.0,1
74991,1,5,5,0.2,3.0,1
75005,1,6,6,0.8333333333333334,3.5,1
75022,1,13,13,0.15384615384615385,7.0,1
75025,1,10,10,0.3,5.5,1
75038,1,3,3,0.6666666666666666,2.0,1
75073,1,8,8,0.75,4.5,1
75079,2,15,15,0.4666666666666667,5.6,0
75090,1,8,8,0.875,4.5,1
75124,1,13,13,1.0,7.0,1
75135,1,8,8,0.0,4.5,1
75136,1,5,5,0.2,3.0,1
75140,1,5,5,0.6,3.0,1
75152,1,1,1,1.0,1.0,1
75159,1,5,5,0.4,3.0,1
75178,1,15,15,0.8666666666666667,8.0,1
75184,1,2,2,0.0,1.5,1
75189,1,5,5,0.0,3.0,1
75191,2,11,11,0.09090909090909091,3.4545454545454546,1
75194,1,2,2,1.0,1.5,1
75209,1,15,15,0.5333333333333333,8.0,1
75220,1,20,20,0.8,10.5,0
75223,1,3,3,0.3333333333333333,2.0,1
75231,1,10,10,0.0,5.5,1
75268,1,4,4,0.5,2.5,1
75277,1,4,4,0.0,2.5,1
75279,1,17,17,0.0,9.0,0
75287,1,5,5,0.2,3.0,1
75295,1,3,3,0.6666666666666666,2.0,1
75313,1,5,5,0.6,3.0,1
75333,1,16,16,0.875,8.5,0
75335,1,12,12,0.75,6.5,1
75346,1,22,22,0.8181818181818182,11.5,0
75354,1,7,7,0.0,4.0,1
75362,1,6,6,0.8333333333333334,3.5,1
75364,1,13,13,0.15384615384615385,7.0,1
75366,1,3,3,0.0,2.0,1
75394,1,15,15,0.4,8.0,1
75425,1,18,18,0.2777777777777778,9.5,0
75432,1,3,3,0.6666666666666666,2.0,1
75437,1,18,18,0.7222222222222222,9.5,0
75442,1,4,4,0.0,2.5,1
75446,2,12,12,0.16666666666666666,3.8333333333333335,1
75451,1,12,12,0.3333333333333333,6.5,1
75475,1,2,2,1.0,1.5,1
75494,1,3,3,0.3333333333333333,2.0,1
75513,1,5,5,0.0,3.0,1
75518,1,16,16,0.9375,8.5,0
75525,1,8,8,0.5,4.5,1
75543,1,8,8,0.875,4.5,1
75555,1,15,15,0.4666666666666667,8.0,1
75564,1,1,1,1.0,1.0,1
75566,1,34,34,0.4117647058823529,17.5,0
75576,1,9,9,0.7777777777777778,5.0,1
75584,1,13,13,0.38461538461538464,7.0,1
75591,2,21,20,0.14285714285714285,6.0476190476190474,0
75598,2,7,7,0.42857142857142855,3.142857142857143,1
75628,2,33,26,0.7878787878787878,10.454545454545455,0
75632,2,10,10,0.7,3.4,1
75638,1,7,7,0.7142857142857143,4.0,1
75655,1,15,15,0.8666666666666667,8.0,1
75668,1,1,1,1.0,1.0,1
75689,1,17,17,0.5882352941176471,9.0,0
75725,1,14,14,0.9285714285714286,7.5,1
75745,1,9,9,0.7777777777777778,5.0,1
75762,1,1,1,1.0,1.0,1
75769,1,6,6,1.0,3.5,1
75776,1,10,10,0.4,5.5,1
75787,1,8,8,0.5,4.5,1
75802,1,16,16,0.3125,8.5,0
75805,1,22,22,1.0,11.5,0
75823,1,3,3,0.3333333333333333,2.0,1
75854,1,3,3,1.0,2.0,1
75858,1,8,8,0.625,4.5,1
75861,1,6,6,0.0,3.5,1
75890,1,14,14,0.21428571428571427,7.5,1
75936,1,9,9,0.8888888888888888,5.0,1
75964,1,19,19,0.42105263157894735,10.0,0
75988,1,3,3,1.0,2.0,1
75995,1,3,3,0.3333333333333333,2.0,1
76011,1,14,14,0.8571428571428571,7.5,1
76015,1,10,10,1.0,5.5,1
76018,1,7,7,0.14285714285714285,4.0,1
76041,1,3,3,1.0,2.0,1
76049,1,4,4,1.0,2.5,1
76100,1,5,5,0.0,3.0,1
76103,1,11,11,0.7272727272727273,6.0,1
76106,1,16,16,0.3125,8.5,0
76114,1,5,5,0.8,3.0,1
76120,1,6,6,0.5,3.5,1
76121,1,1,1,1.0,1.0,1
76122,1,5,5,0.2,3.0,1
76130,1,7,7,0.2857142857142857,4.0,1
76135,1,8,8,0.75,4.5,1
76141,1,9,9,0.3333333333333333,5.0,1
76142,1,8,8,0.25,4.5,1
76169,1,17,17,1.0,9.0,0
76173,1,18,18,0.3333333333333333,9.5,0
76174,1,6,6,0.6666666666666666,3.5,1
76190,1,5,5,0.4,3.0,1
76198,1,3,3,1.0,2.0,1
76205,2,4,3,1.0,1.5,1
76209,1,5,5,1.0,3.0,1
76234,1,11,11,0.8181818181818182,6.0,1
76256,1,15,15,1.0,8.0,1
76272,2,15,15,0.8,4.266666666666667,0
76273,1,10,10,0.3,5.5,1
76285,1,24,24,0.125,12.5,0
76309,1,4,4,1.0,2.5,1
76324,1,5,5,1.0,3.0,1
76330,1,25,25,0.84,13.0,0
76343,1,7,7,0.8571428571428571,4.0,1
76356,1,2,2,0.0,1.5,1
76359,1,22,22,0.8181818181818182,11.5,0
76373,1,8,8,0.625,4.5,1
76374,1,3,3,1.0,2.0,1
76375,2,22,22,0.13636363636363635,8.909090909090908,0
76380,1,16,16,0.3125,8.5,0
76381,1,9,9,0.7777777777777778,5.0,1
76432,1,25,25,0.0,13.0,0
76435,1,18,18,0.6666666666666666,9.5,0
76436,1,4,4,0.0,2.5,1
76438,1,9,9,0.8888888888888888,5.0,1
76470,1,17,17,0.8823529411764706,9.0,0
76533,1,10,10,0.4,5.5,1
76550,1,1,1,1.0,1.0,1
76556,1,9,9,1.0,5.0,1
76561,1,12,12,0.5,6.5,1
76563,1,2,2,0.5,1.5,1
76593,1,18,18,0.7777777777777778,9.5,0
76594,1,12,12,1.0,6.5,1
76611,1,18,18,0.9444444444444444,9.5,0
76629,2,16,16,0.25,5.0625,0
76646,2,15,10,1.0,4.266666666666667,1
76669,1,6,6,0.16666666666666666,3.5,1
76673,1,3,3,0.6666666666666666,2.0,1
76674,1,3,3,1.0,2.0,1
76678,1,16,16,0.5,8.5,0
76679,1,9,9,0.2222222222222222,5.0,1
76696,1,10,10,0.6,5.5,1
76698,1,12,12,0.5833333333333334,6.5,1
76707,1,11,11,0.45454545454545453,6.0,1
76725,2,40,40,0.275,11.4,0
76730,1,14,14,1.0,7.5,1
76750,1,17,17,0.47058823529411764,9.0,0
76795,1,5,5,0.0,3.0,1
76797,1,8,8,0.875,4.5,1
76801,1,14,14,0.07142857142857142,7.5,1
76803,1,9,9,0.6666666666666666,5.0,1
76809,1,11,11,0.5454545454545454,6.0,1
76824,1,7,7,1.0,4.0,1
76825,1,3,3,1.0,2.0,1
76827,1,2,2,1.0,1.5,1
76836,1,7,7,0.0,4.0,1
76854,1,20,20,0.65,10.5,0
76863,1,11,11,0.0,6.0,1
76870,2,6,6,0.8333333333333334,2.1666666666666665,1
76893,1,5,5,0.2,3.0,1
76907,1,4,4,1.0,2.5,1
76918,1,5,5,0.2,3.0,1
76919,1,23,23,0.43478260869565216,12.0,0
76939,1,8,8,0.875,4.5,1
76947,1,2,2,1.0,1.5,1
76962,1,14,14,0.2857142857142857,7.5,1
76971,1,2,2,1.0,1.5,1
76986,1,17,17,0.7647058823529411,9.0,0
76989,2,41,41,0.7560975609756098,10.902439024390244,0
77026,2,6,4,1.0,2.1666666666666665,1
77036,1,15,15,0.2,8.0,1
77037,1,2,2,1.0,1.5,1
77080,1,15,15,0.5333333333333333,8.0,1
77090,1,32,32,0.46875,16.5,0
77103,1,13,13,1.0,7.0,1
77115,1,9,9,0.3333333333333333,5.0,1
77130,1,15,15,0.3333333333333333,8.0,1
77133,1,7,7,0.8571428571428571,4.0,1
77148,1,6,6,1.0,3.5,1
77153,1,9,9,0.3333333333333333,5.0,1
77155,1,3,3,1.0,2.0,1
77161,1,2,2,0.5,1.5,1
77171,2,17,16,0.7058823529411765,4.882352941176471,0
77173,1,8,8,1.0,4.5,1
77177,2,5,5,0.6,1.8,1
77201,1,3,3,0.3333333333333333,2.0,1
77205,1,31,31,0.9354838709677419,16.0,0
77208,1,16,16,0.875,8.5,0
77217,1,8,8,0.625,4.5,1
77234,1,20,20,0.55,10.5,0
77254,1,7,7,1.0,4.0,1
77258,1,6,6,0.8333333333333334,3.5,1
77267,1,12,12,0.25,6.5,1
77269,1,11,11,0.6363636363636364,6.0,1
77276,1,6,6,0.3333333333333333,3.5,1
77287,1,9,9,0.0,5.0,1
77294,1,4,4,1.0,2.5,1
77311,1,6,6,0.16666666666666666,3.5,1
77313,1,16,16,0.0625,8.5,0
77343,1,19,19,0.5263157894736842,10.0,0
77350,1,4,4,0.0,2.5,1
77364,1,11,11,0.0,6.0,1
77374,1,7,7,1.0,4.0,1
77384,1,4,4,0.75,2.5,1
77393,1,13,13,0.46153846153846156,7.0,1
77447,1,15,15,0.6666666666666666,8.0,1
77450,1,6,6,0.8333333333333334,3.5,1
77481,1,2,2,0.0,1.5,1
77489,1,22,22,0.9090909090909091,11.5,0
77503,1,4,4,1.0,2.5,1
77509,1,7,7,1.0,4.0,1
77521,1,8,8,0.125,4.5,1
77541,2,21,21,0.42857142857142855,9.19047619047619,0
77553,1,5,5,0.4,3.0,1
77573,1,16,16,0.0625,8.5,0
77578,1,6,6,0.3333333333333333,3.5,1
77582,1,11,11,0.7272727272727273,6.0,1
77589,2,27,27,0.8148148148148148,7.333333333333333,0
77617,2,9,9,0.0,4.111111111111111,1
77620,1,22,22,0.8181818181818182,11.5,0
77621,1,6,6,0.3333333333333333,3.5,1
77626,1,6,6,1.0,3.5,1
77636,1,12,12,0.8333333333333334,6.5,1
77638,1,7,7,0.0,4.0,1
77643,1,4,4,0.75,2.5,1
77644,1,1,1,1.0,1.0,1
77646,1,16,16,0.625,8.5,0
77659,2,17,17,0.5882352941176471,5.117647058823529,0
77662,1,19,19,0.5789473684210527,10.0,0
77671,1,14,14,0.8571428571428571,7.5,1
77689,1,5,5,0.6,3.0,1
77702,1,2,2,1.0,1.5,1
77705,1,5,5,0.6,3.0,1
77718,1,6,6,1.0,3.5,1
77725,1,6,6,0.3333333333333333,3.5,1
77746,1,6,6,0.8333333333333334,3.5,1
77815,1,28,28,0.6071428571428571,14.5,0
77819,2,13,13,0.6923076923076923,3.769230769230769,1
77827,1,5,5,0.6,3.0,1
77833,1,53,53,0.09433962264150944,27.0,0
77836,1,7,7,0.14285714285714285,4.0,1
77850,1,6,6,1.0,3.5,1
77872,2,11,11,0.5454545454545454,3.4545454545454546,1
77880,1,11,11,0.6363636363636364,6.0,1
77884,1,24,24,1.0,12.5,0
77891,1,21,21,0.9523809523809523,11.0,0
77896,1,12,12,0.3333333333333333,6.5,1
77897,2,43,43,0.3488372093023256,12.55813953488372,0
77898,2,46,42,0.391304347826087,12.543478260869565,0
77916,1,10,10,1.0,5.5,1
77917,1,11,11,0.2727272727272727,6.0,1
77924,1,8,8,1.0,4.5,1
77925,2,24,23,0.5416666666666666,6.875,0
77929,1,1,1,1.0,1.0,1
77930,1,10,10,0.3,5.5,1
77937,1,32,32,0.6875,16.5,0
77939,1,14,14,1.0,7.5,1
77943,1,14,14,0.9285714285714286,7.5,1
77944,1,5,5,0.8,3.0,1
77956,1,7,7,1.0,4.0,1
77962,1,10,10,0.7,5.5,1
77980,1,5,5,0.6,3.0,1
78006,1,4,4,0.75,2.5,1
78007,1,5,5,1.0,3.0,1
78027,1,3,3,0.3333333333333333,2.0,1
78034,2,5,5,0.4,2.2,1
78037,1,11,11,0.18181818181818182,6.0,1
78038,2,13,13,0.8461538461538461,4.230769230769231,1
78051,1,1,1,1.0,1.0,1
78087,1,24,24,0.9166666666666666,12.5,0
78115,1,24,24,0.5833333333333334,12.5,0
78134,1,23,23,0.9130434782608695,12.0,0
78141,1,22,22,0.7727272727272727,11.5,0
78145,1,3,3,0.6666666666666666,2.0,1
78147,1,27,27,0.5555555555555556,14.0,0
78150,1,10,10,1.0,5.5,1
78154,1,25,25,0.4,13.0,0
78164,1,5,5,0.4,3.0,1
78167,1,9,9,0.6666666666666666,5.0,1
78178,2,25,25,0.36,7.96,0
78190,1,6,6,0.0,3.5,1
78217,1,17,17,0.6470588235294118,9.0,0
78230,1,5,5,1.0,3.0,1
78240,1,10,10,0.6,5.5,1
78242,1,8,8,0.25,4.5,1
78296,3,17,17,0.5882352941176471,3.9411764705882355,0
78309,2,21,17,0.9047619047619048,6.0476190476190474,0
78310,1,6,6,0.6666666666666666,3.5,1
78316,1,10,10,0.3,5.5,1
78323,1,8,8,0.5,4.5,1
78354,1,12,12,0.5833333333333334,6.5,1
78359,1,26,26,0.6923076923076923,13.5,0
78360,2,28,24,0.7857142857142857,7.821428571428571,0
78363,1,2,2,1.0,1.5,1
78370,1,17,17,0.9411764705882353,9.0,0
78387,1,19,19,0.42105263157894735,10.0,0
78399,1,10,10,0.9,5.5,1
78408,1,18,18,0.3333333333333333,9.5,0
78410,1,10,10,0.6,5.5,1
78417,1,5,5,0.4,3.0,1
78425,1,10,10,0.3,5.5,1
78451,1,5,5,1.0,3.0,1
78474,1,7,7,0.42857142857142855,4.0,1
78481,1,9,9,0.7777777777777778,5.0,1
78519,1,18,18,0.7222222222222222,9.5,0
78526,1,18,18,0.3888888888888889,9.5,0
78529,1,5,5,0.4,3.0,1
78536,1,11,11,0.7272727272727273,6.0,1
78555,1,14,14,0.8571428571428571,7.5,1
78567,1,4,4,0.25,2.5,1
78592,1,7,7,1.0,4.0,1
78598,1,17,17,0.4117647058823529,9.0,0
78599,1,9,9,0.4444444444444444,5.0,1
78608,1,4,4,0.25,2.5,1
78609,1,10,10,0.5,5.5,1
78627,1,7,7,0.0,4.0,1
78632,1,6,6,1.0,3.5,1
78634,1,8,8,0.625,4.5,1
78636,1,7,7,1.0,4.0,1
78644,1,8,8,0.125,4.5,1
78645,1,11,11,0.6363636363636364,6.0,1
78662,1,16,16,0.5625,8.5,0
78672,1,4,4,0.75,2.5,1
78677,2,47,43,0.7659574468085106,16.72340425531915,0
78718,2,18,17,0.8888888888888888,5.055555555555555,0
78727,1,22,22,0.22727272727272727,11.5,0
78734,2,10,10,0.8,3.0,1
78752,1,14,14,0.9285714285714286,7.5,1
78775,1,4,4,1.0,2.5,1
78806,1,16,16,0.1875,8.5,0
78812,1,12,12,0.9166666666666666,6.5,1
78819,2,9,9,1.0,4.111111111111111,1
78836,1,15,15,0.13333333333333333,8.0,1
78846,1,7,7,0.8571428571428571,4.0,1
78879,2,12,12,0.4166666666666667,5.583333333333333,1
78883,1,12,12,1.0,6.5,1
78900,1,11,11,0.2727272727272727,6.0,1
78904,1,7,7,1.0,4.0,1
78905,1,6,6,0.3333333333333333,3.5,1
78910,1,1,1,0.0,1.0,1
78924,1,19,19,1.0,10.0,0
78935,1,3,3,0.6666666666666666,2.0,1
78979,1,6,6,0.8333333333333334,3.5,1
78998,1,4,4,1.0,2.5,1
79005,1,9,9,0.0,5.0,1
79022,1,12,12,0.3333333333333333,6.5,1
79039,1,2,2,1.0,1.5,1
79059,1,18,18,0.0,9.5,0
79060,1,4,4,1.0,2.5,1
79061,1,15,15,0.06666666666666667,8.0,1
79067,1,12,12,0.25,6.5,1
79069,1,3,3,0.6666666666666666,2.0,1
79089,1,1,1,1.0,1.0,1
79105,1,8,8,0.25,4.5,1
79142,1,1,1,0.0,1.0,1
79152,1,7,7,0.2857142857142857,4.0,1
79153,1,11,11,0.09090909090909091,6.0,1
79163,1,5,5,0.6,3.0,1
79165,1,4,4,1.0,2.5,1
79183,1,13,13,0.46153846153846156,7.0,1
79194,1,24,24,0.4583333333333333,12.5,0
79205,1,6,6,0.5,3.5,1
79215,1,10,10,0.7,5.5,1
79232,2,14,14,0.6428571428571429,5.785714285714286,0
79235,1,6,6,0.8333333333333334,3.5,1
79237,1,8,8,0.875,4.5,1
79254,2,19,13,0.9473684210526315,5.368421052631579,0
79279,2,20,20,0.85,6.3,0
79281,1,5,5,1.0,3.0,1
79290,1,6,6,0.8333333333333334,3.5,1
79308,1,7,7,0.0,4.0,1
79313,1,7,7,0.14285714285714285,4.0,1
79317,1,9,9,0.4444444444444444,5.0,1
79329,1,10,10,0.6,5.5,1
79332,1,13,13,0.38461538461538464,7.0,1
79349,1,4,4,1.0,2.5,1
79357,1,14,14,1.0,7.5,1
79372,1,16,16,1.0,8.5,0
79376,1,11,11,0.36363636363636365,6.0,1
79381,1,2,2,0.0,1.5,1
79387,1,6,6,1.0,3.5,1
79401,1,3,3,0.3333333333333333,2.0,1
79409,1,1,1,0.0,1.0,1
79415,1,3,3,0.6666666666666666,2.0,1
79428,1,9,9,0.8888888888888888,5.0,1
79430,3,6,6,0.8333333333333334,1.6666666666666667,1
79431,1,7,7,0.2857142857142857,4.0,1
79444,1,22,22,0.8636363636363636,11.5,0
79454,1,12,12,0.5833333333333334,6.5,1
79460,2,29,29,0.7586206896551724,8.172413793103448,0
79478,1,14,14,0.8571428571428571,7.5,1
79482,1,10,10,0.6,5.5,1
79493,1,5,5,1.0,3.0,1
79494,1,1,1,0.0,1.0,1
79497,1,2,2,0.0,1.5,1
79510,1,17,17,0.8823529411764706,9.0,0
79511,1,12,12,0.6666666666666666,6.5,1
79520,1,7,7,0.2857142857142857,4.0,1
79537,1,9,9,0.5555555555555556,5.0,1
79553,1,5,5,0.2,3.0,1
79570,2,6,6,0.6666666666666666,2.6666666666666665,1
79585,1,12,12,0.8333333333333334,6.5,1
79603,1,4,4,0.0,2.5,1
79613,1,59,59,0.423728813559322,30.0,0
79624,1,4,4,1.0,2.5,1
79626,1,15,15,0.8,8.0,1
79638,1,12,12,0.5,6.5,1
79643,1,8,8,0.5,4.5,1
79651,1,5,5,0.4,3.0,1
79661,1,11,11,0.9090909090909091,6.0,1
79671,1,4,4,1.0,2.5,1
79672,1,13,13,0.3076923076923077,7.0,1
79688,1,8,8,0.0,4.5,1
79696,1,18,18,0.8333333333333334,9.5,0
79699,1,1,1,0.0,1.0,1
79708,2,7,7,0.5714285714285714,2.2857142857142856,1
79717,1,8,8,0.125,4.5,1
79719,1,23,23,0.34782608695652173,12.0,0
79730,2,25,25,0.4,6.84,0
79733,1,7,7,0.8571428571428571,4.0,1
79747,1,1,1,1.0,1.0,1
79748,1,3,3,0.6666666666666666,2.0,1
79753,1,10,10,0.8,5.5,1
79754,1,4,4,1.0,2.5,1
79768,1,5,5,0.4,3.0,1
79778,1,8,8,0.75,4.5,1
79780,2,4,4,0.25,1.75,1
79785,1,21,21,0.8095238095238095,11.0,0
79795,1,11,11,0.45454545454545453,6.0,1
79812,1,5,5,0.2,3.0,1
79825,1,1,1,1.0,1.0,1
79853,1,23,23,0.43478260869565216,12.0,0
79854,1,11,11,0.8181818181818182,6.0,1
79864,1,9,9,1.0,5.0,1
79869,1,11,11,0.36363636363636365,6.0,1
79896,1,11,11,0.18181818181818182,6.0,1
79898,1,33,33,0.12121212121212122,17.0,0
79925,1,9,9,0.7777777777777778,5.0,1
79931,1,14,14,0.21428571428571427,7.5,1
79935,1,11,11,1.0,6.0,1
79943,2,26,26,0.6153846153846154,7.961538461538462,0
79948,1,5,5,0.0,3.0,1
79967,1,6,6,0.0,3.5,1
80039,1,1,1,1.0,1.0,1
80061,1,12,12,0.6666666666666666,6.5,1
80092,1,25,25,0.32,13.0,0
80107,1,9,9,0.2222222222222222,5.0,1
80115,1,4,4,0.0,2.5,1
80118,2,17,15,1.0,4.882352941176471,0
80128,1,28,28,0.42857142857142855,14.5,0
80146,1,1,1,1.0,1.0,1
80151,1,8,8,0.625,4.5,1
80160,1,17,17,0.7647058823529411,9.0,0
80170,1,7,7,1.0,4.0,1
80181,1,8,8,0.875,4.5,1
80195,1,5,5,0.0,3.0,1
80196,1,2,2,0.5,1.5,1
80204,1,3,3,1.0,2.0,1
80212,1,2,2,1.0,1.5,1
80231,1,14,14,0.8571428571428571,7.5,1
80261,1,13,13,0.6153846153846154,7.0,1
80270,1,3,3,0.6666666666666666,2.0,1
80276,1,15,15,0.4666666666666667,8.0,1
80277,1,25,25,0.48,13.0,0
80291,1,15,15,0.2,8.0,1
80301,1,1,1,0.0,1.0,1
80325,2,37,37,0.3783783783783784,17.10810810810811,0
80349,2,50,50,0.58,13.02,0
80350,2,16,15,0.4375,6.0625,0
80361,1,1,1,1.0,1.0,1
80365,1,2,2,1.0,1.5,1
80369,1,19,19,1.0,10.0,0
80374,1,9,9,0.0,5.0,1
80384,1,5,5,1.0,3.0,1
80387,1,12,12,0.5833333333333334,6.5,1
80390,1,16,16,0.5,8.5,0
80404,1,3,3,0.3333333333333333,2.0,1
80420,1,4,4,0.5,2.5,1
80422,1,1,1,1.0,1.0,1
80427,1,12,12,0.25,6.5,1
80435,1,3,3,0.3333333333333333,2.0,1
80441,1,6,6,0.8333333333333334,3.5,1
80445,1,17,17,0.5294117647058824,9.0,0
80450,1,25,25,0.92,13.0,0
80480,1,8,8,0.875,4.5,1
80483,2,22,19,0.7272727272727273,6.181818181818182,0
80490,1,1,1,1.0,1.0,1
80494,1,16,16,0.6875,8.5,0
80509,1,3,3,0.6666666666666666,2.0,1
80512,1,15,15,0.0,8.0,1
80527,1,50,50,0.8,25.5,0
80531,1,9,9,0.2222222222222222,5.0,1
80533,1,4,4,1.0,2.5,1
80534,1,10,10,0.0,5.5,1
80536,1,1,1,1.0,1.0,1
80537,1,9,9,0.0,5.0,1
80583,1,4,4,0.5,2.5,1
80601,1,7,7,0.8571428571428571,4.0,1
80605,2,22,20,0.7727272727272727,6.7272727272727275,0
80607,1,19,19,0.7368421052631579,10.0,0
80640,1,11,11,0.09090909090909091,6.0,1
80644,1,18,18,0.7777777777777778,9.5,0
80650,1,2,2,0.0,1.5,1
80651,2,16,12,1.0,4.75,1
80662,1,2,2,0.0,1.5,1
80682,1,13,13,0.07692307692307693,7.0,1
80687,1,8,8,0.75,4.5,1
80693,1,4,4,0.25,2.5,1
80701,1,6,6,0.3333333333333333,3.5,1
80721,1,10,10,0.9,5.5,1
80729,1,5,5,0.6,3.0,1
80739,1,9,9,0.5555555555555556,5.0,1
80745,1,14,14,0.8571428571428571,7.5,1
80753,1,16,16,0.9375,8.5,0
80784,1,1,1,1.0,1.0,1
80789,1,5,5,0.4,3.0,1
80803,1,16,16,0.3125,8.5,0
80811,2,16,16,0.5625,4.5625,0
80812,1,19,19,0.9473684210526315,10.0,0
80813,1,2,2,0.5,1.5,1
80828,1,5,5,0.8,3.0,1
80833,1,4,4,0.75,2.5,1
80875,1,9,9,0.8888888888888888,5.0,1
80876,1,4,4,1.0,2.5,1
80878,1,16,16,0.625,8.5,0
80879,1,13,13,1.0,7.0,1
80903,1,8,8,0.5,4.5,1
80929,1,8,8,0.75,4.5,1
80946,1,8,8,0.0,4.5,1
80951,1,9,9,0.0,5.0,1
80963,1,14,14,0.6428571428571429,7.5,1
80971,1,14,14,1.0,7.5,1
80977,1,9,9,0.5555555555555556,5.0,1
80981,1,16,16,0.75,8.5,0
80986,1,5,5,0.6,3.0,1
80988,2,24,24,0.5416666666666666,9.166666666666666,0
81000,1,22,22,0.9545454545454546,11.5,0
81013,1,8,8,0.625,4.5,1
81018,1,19,19,0.7894736842105263,10.0,0
81075,1,10,10,0.8,5.5,1
81088,1,2,2,0.0,1.5,1
81097,1,5,5,1.0,3.0,1
81100,1,6,6,0.0,3.5,1
81104,1,1,1,1.0,1.0,1
81121,1,2,2,0.0,1.5,1
81144,2,31,31,0.3870967741935484,8.903225806451612,0
81164,1,30,30,0.6333333333333333,15.5,0
81175,1,15,15,0.6,8.0,1
81179,1,6,6,0.16666666666666666,3.5,1
81183,2,21,20,0.6666666666666666,6.714285714285714,0
81184,2,16,15,0.9375,5.0625,0
81190,1,13,13,0.6923076923076923,7.0,1
81200,1,3,3,0.6666666666666666,2.0,1
81219,1,19,19,0.10526315789473684,10.0,0
81236,1,21,21,0.0,11.0,0
81238,1,5,5,0.8,3.0,1
81290,1,20,20,0.35,10.5,0
81292,1,5,5,0.4,3.0,1
81294,1,27,27,0.6296296296296297,14.0,0
81300,1,33,33,0.3333333333333333,17.0,0
81306,1,7,7,0.5714285714285714,4.0,1
81309,1,1,1,1.0,1.0,1
81313,1,14,14,0.6428571428571429,7.5,1
81325,1,10,10,0.1,5.5,1
81332,1,12,12,0.75,6.5,1
81339,1,3,3,1.0,2.0,1
81344,1,12,12,0.3333333333333333,6.5,1
81346,1,22,22,0.45454545454545453,11.5,0
81347,1,4,4,1.0,2.5,1
81350,1,5,5,0.6,3.0,1
81357,1,6,6,0.3333333333333333,3.5,1
81359,1,16,16,0.875,8.5,0
81368,1,3,3,1.0,2.0,1
81372,1,3,3,0.6666666666666666,2.0,1
81378,1,5,5,0.2,3.0,1
81389,2,13,13,0.5384615384615384,3.769230769230769,1
81416,1,6,6,0.16666666666666666,3.5,1
81430,1,9,9,0.6666666666666666,5.0,1
81433,1,5,5,0.6,3.0,1
81444,1,22,22,0.6363636363636364,11.5,0
81456,1,2,2,0.0,1.5,1
81461,1,7,7,0.7142857142857143,4.0,1
81477,1,7,7,0.5714285714285714,4.0,1
81483,1,14,14,0.35714285714285715,7.5,1
81506,2,32,30,0.40625,8.53125,0
81516,1,10,10,0.5,5.5,1
81519,1,10,10,0.8,5.5,1
81528,1,15,15,0.0,8.0,1
81547,1,13,13,0.5384615384615384,7.0,1
81557,1,3,3,1.0,2.0,1
81566,1,9,9,0.4444444444444444,5.0,1
81567,1,2,2,1.0,1.5,1
81578,1,10,10,1.0,5.5,1
81606,1,5,5,1.0,3.0,1
81628,1,18,18,0.2777777777777778,9.5,0
81665,1,10,10,0.0,5.5,1
81668,1,6,6,1.0,3.5,1
81669,1,1,1,1.0,1.0,1
81678,1,6,6,1.0,3.5,1
81691,1,20,20,0.4,10.5,0
81704,1,12,12,0.9166666666666666,6.5,1
81706,1,6,6,0.5,3.5,1
81707,1,16,16,0.125,8.5,0
81735,2,11,11,0.36363636363636365,3.272727272727273,1
81750,1,7,7,1.0,4.0,1
81756,1,5,5,1.0,3.0,1
81768,1,7,7,0.0,4.0,1
81772,1,6,6,0.0,3.5,1
81791,1,15,15,0.6666666666666666,8.0,1
81826,1,18,18,0.3888888888888889,9.5,0
81827,1,8,8,0.625,4.5,1
81835,1,6,6,0.3333333333333333,3.5,1
81855,1,19,19,0.0,10.0,0
81856,1,6,6,1.0,3.5,1
81899,1,1,1,0.0,1.0,1
81902,1,14,14,0.2857142857142857,7.5,1
81934,1,12,12,0.6666666666666666,6.5,1
81935,1,1,1,1.0,1.0,1
81944,1,6,6,1.0,3.5,1
81951,1,13,13,0.3076923076923077,7.0,1
81952,2,18,16,0.3333333333333333,5.5,0
81957,1,9,9,0.0,5.0,1
81962,1,1,1,0.0,1.0,1
81965,1,8,8,1.0,4.5,1
81979,1,11,11,0.45454545454545453,6.0,1
81982,2,11,11,0.6363636363636364,3.4545454545454546,1
81989,1,1,1,1.0,1.0,1
82002,1,2,2,1.0,1.5,1
82052,2,3,3,0.6666666666666666,1.3333333333333333,1
82065,1,13,13,0.0,7.0,1
82083,1,10,10,0.1,5.5,1
82086,1,14,14,0.14285714285714285,7.5,1
82107,1,3,3,1.0,2.0,1
82110,1,12,12,1.0,6.5,1
82148,1,21,21,0.7619047619047619,11.0,0
82150,1,12,12,0.9166666666666666,6.5,1
82159,1,16,16,0.25,8.5,0
82185,1,3,3,0.0,2.0,1
82197,1,15,15,0.4666666666666667,8.0,1
82202,1,5,5,0.2,3.0,1
82204,2,34,32,0.7058823529411765,9.117647058823529,0
82208,1,8,8,0.5,4.5,1
82213,1,7,7,0.14285714285714285,4.0,1
82232,2,15,11,0.9333333333333333,4.666666666666667,1
82240,1,21,21,0.6190476190476191,11.0,0
82241,1,19,19,0.7368421052631579,10.0,0
82257,1,10,10,0.6,5.5,1
82263,1,11,11,1.0,6.0,1
82283,1,1,1,1.0,1.0,1
82288,2,29,26,0.8620689655172413,8.793103448275861,0
82320,1,1,1,0.0,1.0,1
82329,1,7,7,0.7142857142857143,4.0,1
82330,1,18,18,0.0,9.5,0
82340,1,4,4,0.25,2.5,1
82348,1,6,6,0.6666666666666666,3.5,1
82350,1,7,7,0.2857142857142857,4.0,1
82356,1,7,7,0.7142857142857143,4.0,1
82357,1,7,7,0.5714285714285714,4.0,1
82364,1,7,7,0.5714285714285714,4.0,1
82365,1,2,2,1.0,1.5,1
82388,1,5,5,0.8,3.0,1
82404,1,8,8,0.875,4.5,1
82414,1,5,5,1.0,3.0,1
82424,2,8,8,1.0,2.625,1
82427,1,12,12,0.8333333333333334,6.5,1
82445,1,11,11,0.2727272727272727,6.0,1
82464,1,7,7,1.0,4.0,1
82477,1,10,10,0.1,5.5,1
82480,1,11,11,1.0,6.0,1
82483,1,25,25,0.64,13.0,0
82498,1,10,10,0.6,5.5,1
82537,1,7,7,0.7142857142857143,4.0,1
82545,1,10,10,0.8,5.5,1
82563,1,10,10,1.0,5.5,1
82581,1,2,2,0.0,1.5,1
82582,1,13,13,0.0,7.0,1
82593,1,4,4,1.0,2.5,1
82598,3,39,35,0.7948717948717948,14.717948717948717,0
82600,1,2,2,0.5,1.5,1
82607,1,15,15,0.6666666666666666,8.0,1
82614,1,2,2,1.0,1.5,1
82615,1,7,7,0.0,4.0,1
82625,1,12,12,0.3333333333333333,6.5,1
82639,2,19,19,0.5789473684210527,5.894736842105263,0
82663,1,1,1,1.0,1.0,1
82667,1,5,5,0.8,3.0,1
82672,1,3,3,1.0,2.0,1
82681,1,16,16,0.3125,8.5,0
82715,1,6,6,0.8333333333333334,3.5,1
82764,1,16,16,0.375,8.5,0
82770,1,9,9,1.0,5.0,1
82782,1,5,5,1.0,3.0,1
82799,1,7,7,0.0,4.0,1
82821,1,5,5,1.0,3.0,1
82828,1,13,13,0.38461538461538464,7.0,1
82831,1,14,14,0.9285714285714286,7.5,1
82836,1,13,13,0.46153846153846156,7.0,1
82847,1,6,6,1.0,3.5,1
82854,1,20,20,0.7,10.5,0
82857,1,6,6,0.5,3.5,1
82872,2,16,16,0.875,4.5,0
82889,1,9,9,0.1111111111111111,5.0,1
82896,1,14,14,0.7857142857142857,7.5,1
82898,1,14,14,0.6428571428571429,7.5,1
82907,1,11,11,0.7272727272727273,6.0,1
82908,1,34,34,0.0,17.5,0
82915,1,9,9,0.2222222222222222,5.0,1
82929,1,9,9,0.6666666666666666,5.0,1
82943,2,23,23,0.8260869565217391,7.130434782608695,0
82969,1,4,4,0.5,2.5,1
82971,1,8,8,0.875,4.5,1
82972,1,4,4,1.0,2.5,1
82998,1,10,10,0.4,5.5,1
83009,1,3,3,1.0,2.0,1
83011,1,2,2,0.0,1.5,1
83052,1,11,11,1.0,6.0,1
83061,1,16,16,1.0,8.5,0
83068,1,11,11,1.0,6.0,1
83069,1,19,19,0.7368421052631579,10.0,0
83071,1,9,9,0.8888888888888888,5.0,1
83080,1,13,13,0.07692307692307693,7.0,1
83089,1,1,1,0.0,1.0,1
83093,1,13,13,0.38461538461538464,7.0,1
83110,1,2,2,1.0,1.5,1
83114,1,16,16,0.375,8.5,0
83121,1,5,5,0.0,3.0,1
83143,1,3,3,0.0,2.0,1
83185,1,1,1,1.0,1.0,1
83190,1,1,1,0.0,1.0,1
83241,1,7,7,0.7142857142857143,4.0,1
83250,1,8,8,0.875,4.5,1
83253,1,13,13,1.0,7.0,1
83262,1,11,11,0.9090909090909091,6.0,1
83305,1,6,6,0.8333333333333334,3.5,1
83311,1,18,18,0.6111111111111112,9.5,0
83321,1,10,10,0.6,5.5,1
83378,1,3,3,0.6666666666666666,2.0,1
83381,1,9,9,1.0,5.0,1
83382,1,16,16,0.5,8.5,0
83393,1,4,4,0.0,2.5,1
83396,1,19,19,0.9473684210526315,10.0,0
83415,1,12,12,0.5833333333333334,6.5,1
83430,1,1,1,0.0,1.0,1
83433,1,1,1,1.0,1.0,1
83434,1,6,6,0.8333333333333334,3.5,1
83437,1,12,12,0.6666666666666666,6.5,1
83446,1,10,10,0.1,5.5,1
83455,1,10,10,1.0,5.5,1
83461,1,8,8,0.375,4.5,1
83466,1,32,32,0.0,16.5,0
83486,1,7,7,1.0,4.0,1
83499,1,8,8,0.75,4.5,1
83500,1,5,5,1.0,3.0,1
83507,1,8,8,0.25,4.5,1
83522,1,4,4,0.0,2.5,1
83525,1,15,15,0.6666666666666666,8.0,1
83554,1,4,4,0.5,2.5,1
83560,1,7,7,0.8571428571428571,4.0,1
83568,1,3,3,1.0,2.0,1
83580,1,8,8,0.125,4.5,1
83602,1,22,22,0.2727272727272727,11.5,0
83608,1,8,8,1.0,4.5,1
83611,1,17,17,1.0,9.0,0
83632,1,5,5,0.8,3.0,1
83633,1,5,5,0.8,3.0,1
83709,1,5,5,0.0,3.0,1
83727,1,4,4,0.75,2.5,1
83745,1,14,14,0.7142857142857143,7.5,1
83757,1,10,10,0.1,5.5,1
83773,1,3,3,0.3333333333333333,2.0,1
83784,1,10,10,0.7,5.5,1
83822,1,2,2,0.5,1.5,1
83833,1,8,8,0.875,4.5,1
83847,1,12,12,0.8333333333333334,6.5,1
83856,1,2,2,0.5,1.5,1
83860,1,5,5,0.4,3.0,1
83869,1,10,10,1.0,5.5,1
83890,1,8,8,0.25,4.5,1
83896,1,14,14,0.2857142857142857,7.5,1
83898,1,1,1,0.0,1.0,1
83907,1,14,14,0.14285714285714285,7.5,1
83915,1,4,4,1.0,2.5,1
83923,1,6,6,0.6666666666666666,3.5,1
83934,1,9,9,0.2222222222222222,5.0,1
83935,1,1,1,0.0,1.0,1
83938,1,2,2,0.0,1.5,1
83971,1,13,13,1.0,7.0,1
83979,1,8,8,0.875,4.5,1
83983,1,3,3,0.0,2.0,1
83987,1,1,1,0.0,1.0,1
84009,1,1,1,1.0,1.0,1
84027,1,7,7,0.0,4.0,1
84046,1,4,4,0.75,2.5,1
84047,1,16,16,0.75,8.5,0
84058,1,9,9,0.2222222222222222,5.0,1
84068,1,6,6,0.5,3.5,1
84095,2,4,4,1.0,1.5,1
84096,1,7,7,0.42857142857142855,4.0,1
84117,1,8,8,0.0,4.5,1
84132,2,13,13,0.7692307692307693,4.6923076923076925,1
84148,1,4,4,0.5,2.5,1
84156,1,10,10,1.0,5.5,1
84162,1,5,5,0.6,3.0,1
84170,1,15,15,0.4,8.0,1
84186,1,12,12,0.9166666666666666,6.5,1
84194,1,4,4,1.0,2.5,1
84204,1,11,11,0.09090909090909091,6.0,1
84210,2,14,14,0.9285714285714286,6.571428571428571,0
84231,1,9,9,1.0,5.0,1
84233,1,1,1,1.0,1.0,1
84242,1,14,14,0.7857142857142857,7.5,1
84249,1,3,3,0.3333333333333333,2.0,1
84259,1,9,9,0.6666666666666666,5.0,1
84275,1,10,10,0.0,5.5,1
84279,1,8,8,0.25,4.5,1
84301,2,17,17,0.9411764705882353,4.764705882352941,0
84307,1,18,18,0.3333333333333333,9.5,0
84338,1,6,6,0.0,3.5,1
84349,1,14,14,0.8571428571428571,7.5,1
84362,1,19,19,0.0,10.0,0
84364,1,8,8,0.875,4.5,1
84397,1,5,5,0.2,3.0,1
84398,1,14,14,1.0,7.5,1
84433,1,11,11,0.45454545454545453,6.0,1
84436,1,7,7,0.7142857142857143,4.0,1
84440,1,23,23,0.6956521739130435,12.0,0
84464,1,5,5,0.0,3.0,1
84474,1,22,22,0.9545454545454546,11.5,0
84481,1,7,7,0.5714285714285714,4.0,1
84498,1,38,38,0.4473684210526316,19.5,0
84505,1,28,28,0.5,14.5,0
84519,1,6,6,0.8333333333333334,3.5,1
84526,1,8,8,1.0,4.5,1
84529,2,27,23,0.6666666666666666,7.2592592592592595,0
84549,1,19,19,1.0,10.0,0
84562,1,5,5,1.0,3.0,1
84568,1,32,32,0.84375,16.5,0
84581,2,44,38,0.38636363636363635,12.068181818181818,0
84587,1,13,13,0.38461538461538464,7.0,1
84589,1,3,3,1.0,2.0,1
84596,1,17,17,1.0,9.0,0
84603,1,5,5,0.8,3.0,1
84604,1,4,4,1.0,2.5,1
84615,1,3,3,0.6666666666666666,2.0,1
84657,1,6,6,1.0,3.5,1
84663,1,5,5,0.8,3.0,1
84677,2,25,25,0.76,7.24,0
84685,1,8,8,0.625,4.5,1
84698,1,11,11,0.0,6.0,1
84706,1,4,4,1.0,2.5,1
84707,1,10,10,0.1,5.5,1
84709,1,20,20,0.1,10.5,0
84722,1,6,6,1.0,3.5,1
84731,1,8,8,0.375,4.5,1
84745,1,3,3,0.0,2.0,1
84758,1,11,11,0.09090909090909091,6.0,1
84768,1,5,5,1.0,3.0,1
84777,1,8,8,0.75,4.5,1
84783,1,15,15,0.06666666666666667,8.0,1
84784,1,8,8,0.625,4.5,1
84789,1,10,10,0.4,5.5,1
84792,1,13,13,0.46153846153846156,7.0,1
84794,2,5,5,0.6,1.8,1
84803,1,11,11,1.0,6.0,1
84817,1,3,3,0.3333333333333333,2.0,1
84820,1,2,2,0.5,1.5,1
84830,1,2,2,0.0,1.5,1
84834,1,6,6,0.8333333333333334,3.5,1
84837,1,19,19,0.5789473684210527,10.0,0
84845,1,7,7,0.8571428571428571,4.0,1
84853,1,2,2,0.5,1.5,1
84859,2,18,18,0.6111111111111112,5.055555555555555,0
84864,1,8,8,0.0,4.5,1
84867,1,2,2,1.0,1.5,1
84876,1,25,25,0.48,13.0,0
84886,1,9,9,0.8888888888888888,5.0,1
84919,1,21,21,0.42857142857142855,11.0,0
84926,1,14,14,0.42857142857142855,7.5,1
84929,1,10,10,0.0,5.5,1
84932,1,1,1,1.0,1.0,1
84934,1,3,3,1.0,2.0,1
84940,1,1,1,1.0,1.0,1
84953,1,2,2,1.0,1.5,1
84968,1,14,14,0.5714285714285714,7.5,1
84980,1,8,8,0.5,4.5,1
84983,1,10,10,1.0,5.5,1
84984,1,6,6,0.3333333333333333,3.5,1
84985,1,14,14,0.7857142857142857,7.5,1
84987,1,12,12,0.25,6.5,1
84991,1,3,3,1.0,2.0,1
84994,1,10,10,0.6,5.5,1
84997,1,26,26,0.3076923076923077,13.5,0
85003,1,13,13,0.38461538461538464,7.0,1
85015,1,26,26,0.6923076923076923,13.5,0
85028,1,25,25,0.6,13.0,0
85035,1,8,8,0.75,4.5,1
85044,1,17,17,0.5294117647058824,9.0,0
85045,1,5,5,1.0,3.0,1
85120,1,3,3,1.0,2.0,1
85125,1,13,13,0.9230769230769231,7.0,1
85135,1,7,7,0.5714285714285714,4.0,1
85140,1,2,2,1.0,1.5,1
85147,1,17,17,0.29411764705882354,9.0,0
85161,1,1,1,0.0,1.0,1
85169,1,7,7,0.7142857142857143,4.0,1
85183,1,10,10,0.5,5.5,1
85185,1,1,1,1.0,1.0,1
85202,1,18,18,0.9444444444444444,9.5,0
85203,1,6,6,1.0,3.5,1
85219,1,17,17,0.8823529411764706,9.0,0
85240,1,5,5,0.6,3.0,1
85264,2,3,3,1.0,1.3333333333333333,1
85276,1,7,7,0.2857142857142857,4.0,1
85283,1,5,5,0.0,3.0,1
85290,1,11,11,1.0,6.0,1
85306,1,8,8,0.75,4.5,1
85310,1,14,14,0.9285714285714286,7.5,1
85314,1,4,4,0.75,2.5,1
85321,2,14,14,0.8571428571428571,4.071428571428571,1
85331,1,16,16,0.5625,8.5,0
85333,1,5,5,0.8,3.0,1
85349,1,1,1,1.0,1.0,1
85359,1,9,9,1.0,5.0,1
85383,1,14,14,0.5714285714285714,7.5,1
85387,1,9,9,0.8888888888888888,5.0,1
85389,1,8,8,0.375,4.5,1
85394,1,10,10,0.5,5.5,1
85452,1,10,10,0.4,5.5,1
85454,1,17,17,0.5882352941176471,9.0,0
85467,1,9,9,0.5555555555555556,5.0,1
85477,1,7,7,0.2857142857142857,4.0,1
85484,1,1,1,1.0,1.0,1
85496,1,6,6,0.16666666666666666,3.5,1
85511,1,2,2,1.0,1.5,1
85561,1,5,5,0.2,3.0,1
85577,1,8,8,1.0,4.5,1
85593,1,2,2,1.0,1.5,1
85620,1,17,17,1.0,9.0,0
85631,1,2,2,1.0,1.5,1
85632,1,6,6,0.8333333333333334,3.5,1
85635,1,13,13,0.8461538461538461,7.0,1
85644,1,10,10,1.0,5.5,1
85647,1,5,5,0.4,3.0,1
85648,1,7,7,0.8571428571428571,4.0,1
85649,1,6,6,0.5,3.5,1
85680,1,5,5,0.4,3.0,1
85690,1,3,3,1.0,2.0,1
85709,1,7,7,1.0,4.0,1
85714,1,4,4,0.75,2.5,1
85740,1,11,11,0.18181818181818182,6.0,1
85743,1,3,3,0.6666666666666666,2.0,1
85745,2,30,29,0.5666666666666667,9.2,0
85757,1,23,23,0.8695652173913043,12.0,0
85759,1,5,5,0.4,3.0,1
85780,1,18,18,0.8333333333333334,9.5,0
85800,1,4,4,0.5,2.5,1
85805,2,5,5,0.6,1.8,1
85823,1,20,20,0.45,10.5,0
85829,1,26,26,0.46153846153846156,13.5,0
85831,1,7,7,0.14285714285714285,4.0,1
85862,1,4,4,0.5,2.5,1
85887,1,2,2,0.5,1.5,1
85900,1,34,34,0.2647058823529412,17.5,0
85903,1,15,15,0.6,8.0,1
85908,1,2,2,1.0,1.5,1
85915,1,6,6,1.0,3.5,1
85916,1,4,4,1.0,2.5,1
85920,1,4,4,1.0,2.5,1
85935,1,2,2,0.0,1.5,1
85938,1,1,1,1.0,1.0,1
85954,1,33,33,0.8484848484848485,17.0,0
85959,1,9,9,0.7777777777777778,5.0,1
85964,1,12,12,0.0,6.5,1
85968,1,3,3,0.6666666666666666,2.0,1
85974,1,9,9,0.8888888888888888,5.0,1
85977,1,17,17,0.47058823529411764,9.0,0
85983,1,3,3,0.0,2.0,1
86003,1,10,10,0.6,5.5,1
86012,1,24,24,0.0,12.5,0
86039,1,2,2,1.0,1.5,1
86109,1,3,3,1.0,2.0,1
86130,1,12,12,0.5833333333333334,6.5,1
86142,1,15,15,0.8,8.0,1
86150,1,16,16,0.4375,8.5,0
86154,1,12,12,0.8333333333333334,6.5,1
86173,2,22,22,0.7727272727272727,7.636363636363637,0
86178,1,8,8,0.75,4.5,1
86194,1,20,20,0.95,10.5,0
86208,1,21,21,0.5714285714285714,11.0,0
86209,1,53,53,0.7169811320754716,27.0,0
86218,1,2,2,1.0,1.5,1
86219,3,24,23,0.9583333333333334,5.291666666666667,0
86227,1,9,9,0.8888888888888888,5.0,1
86228,1,20,20,0.8,10.5,0
86236,1,7,7,0.42857142857142855,4.0,1
86241,1,5,5,0.2,3.0,1
86247,1,10,10,0.8,5.5,1
86255,1,8,8,0.875,4.5,1
86271,1,5,5,1.0,3.0,1
86283,1,12,12,0.3333333333333333,6.5,1
86285,1,2,2,0.5,1.5,1
86288,1,1,1,1.0,1.0,1
86303,1,1,1,1.0,1.0,1
86304,1,10,10,0.3,5.5,1
86330,1,5,5,1.0,3.0,1
86331,2,15,15,0.4666666666666667,4.666666666666667,0
86340,1,13,13,0.07692307692307693,7.0,1
86342,1,11,11,0.45454545454545453,6.0,1
86344,1,1,1,1.0,1.0,1
86350,1,8,8,1.0,4.5,1
86379,1,44,44,0.5454545454545454,22.5,0
86383,2,25,25,0.8,7.96,0
86384,1,17,17,0.35294117647058826,9.0,0
86390,1,20,20,0.35,10.5,0
86396,1,13,13,0.0,7.0,1
86421,1,3,3,1.0,2.0,1
86448,1,5,5,0.6,3.0,1
86465,1,3,3,0.6666666666666666,2.0,1
86472,1,5,5,0.2,3.0,1
86500,1,5,5,0.8,3.0,1
86512,1,6,6,0.0,3.5,1
86521,1,17,17,0.5882352941176471,9.0,0
86541,1,9,9,0.5555555555555556,5.0,1
86559,1,6,6,0.0,3.5,1
86569,1,11,11,0.2727272727272727,6.0,1
86576,1,1,1,1.0,1.0,1
86584,1,10,10,0.7,5.5,1
86603,1,10,10,0.7,5.5,1
86605,1,1,1,1.0,1.0,1
86609,1,2,2,0.0,1.5,1
86614,1,1,1,1.0,1.0,1
86619,1,2,2,1.0,1.5,1
86623,2,22,21,0.5,8.227272727272727,0
86627,2,14,13,0.5714285714285714,5.785714285714286,0
86646,1,1,1,1.0,1.0,1
86662,1,7,7,0.0,4.0,1
86666,1,5,5,0.6,3.0,1
86669,1,8,8,0.25,4.5,1
86704,1,18,18,0.2777777777777778,9.5,0
86733,1,1,1,1.0,1.0,1
86736,1,4,4,1.0,2.5,1
86737,1,4,4,0.5,2.5,1
86750,1,1,1,0.0,1.0,1
86751,1,3,3,0.3333333333333333,2.0,1
86754,1,9,9,0.3333333333333333,5.0,1
86764,1,6,6,0.8333333333333334,3.5,1
86769,1,24,24,0.08333333333333333,12.5,0
86797,1,26,26,0.9615384615384616,13.5,0
86798,1,11,11,1.0,6.0,1
86802,1,8,8,0.75,4.5,1
86804,2,7,7,0.42857142857142855,2.2857142857142856,1
86810,1,13,13,0.0,7.0,1
86815,1,9,9,0.1111111111111111,5.0,1
86820,1,8,8,1.0,4.5,1
86837,1,20,20,0.6,10.5,0
86844,1,5,5,0.0,3.0,1
86847,1,16,16,0.4375,8.5,0
86849,1,5,5,0.4,3.0,1
86861,1,27,27,0.8888888888888888,14.0,0
86865,1,21,21,0.42857142857142855,11.0,0
86882,1,28,28,0.4642857142857143,14.5,0
86884,1,3,3,0.6666666666666666,2.0,1
86896,1,4,4,0.75,2.5,1
86912,1,21,21,0.38095238095238093,11.0,0
86920,1,9,9,0.8888888888888888,5.0,1
86931,1,5,5,0.8,3.0,1
86947,1,8,8,0.0,4.5,1
86954,1,3,3,1.0,2.0,1
86958,1,7,7,0.7142857142857143,4.0,1
86997,1,17,17,0.17647058823529413,9.0,0
87026,2,25,25,0.88,7.24,0
87030,1,1,1,1.0,1.0,1
87041,1,12,12,0.5833333333333334,6.5,1
87043,1,7,7,0.2857142857142857,4.0,1
87056,1,10,10,0.8,5.5,1
87058,1,37,37,0.7837837837837838,19.0,0
87064,1,2,2,0.0,1.5,1
87069,1,2,2,0.0,1.5,1
87078,1,5,5,0.8,3.0,1
87079,1,5,5,0.6,3.0,1
87087,1,4,4,0.75,2.5,1
87113,2,28,28,0.25,7.5,0
87114,1,1,1,1.0,1.0,1
87117,1,6,6,1.0,3.5,1
87126,2,3,3,0.0,1.3333333333333333,1
87129,1,27,27,0.37037037037037035,14.0,0
87130,1,9,9,0.5555555555555556,5.0,1
87136,1,11,11,0.18181818181818182,6.0,1
87144,1,2,2,0.5,1.5,1
87145,1,7,7,0.8571428571428571,4.0,1
87152,2,14,14,1.0,4.071428571428571,1
87161,1,16,16,0.625,8.5,0
87185,1,15,15,1.0,8.0,1
87208,1,7,7,0.7142857142857143,4.0,1
87217,1,18,18,0.8333333333333334,9.5,0
87250,1,9,9,0.8888888888888888,5.0,1
87274,1,19,19,0.05263157894736842,10.0,0
87310,1,31,31,0.6451612903225806,16.0,0
87311,1,11,11,0.6363636363636364,6.0,1
87338,1,8,8,0.25,4.5,1
87348,1,31,31,0.967741935483871,16.0,0
87354,1,15,15,0.06666666666666667,8.0,1
87402,2,12,12,0.4166666666666667,4.833333333333333,1
87406,1,1,1,1.0,1.0,1
87421,1,6,6,0.5,3.5,1
87457,1,4,4,1.0,2.5,1
87470,2,43,43,0.8837209302325582,11.255813953488373,0
87494,1,2,2,1.0,1.5,1
87522,1,2,2,0.5,1.5,1
87530,1,9,9,0.6666666666666666,5.0,1
87534,1,11,11,0.8181818181818182,6.0,1
87556,1,5,5,0.4,3.0,1
87557,1,4,4,0.25,2.5,1
87564,1,6,6,0.5,3.5,1
87575,1,11,11,0.7272727272727273,6.0,1
87601,1,10,10,0.1,5.5,1
87616,2,37,33,0.8378378378378378,10.08108108108108,0
87626,1,10,10,0.2,5.5,1
87629,1,13,13,0.8461538461538461,7.0,1
87631,2,21,20,0.19047619047619047,6.714285714285714,0
87633,1,24,24,0.5416666666666666,12.5,0
87634,2,73,63,0.863013698630137,18.835616438356166,0
87638,1,7,7,0.5714285714285714,4.0,1
87644,1,5,5,1.0,3.0,1
87650,1,15,15,0.0,8.0,1
87659,1,6,6,0.0,3.5,1
87672,2,30,29,0.26666666666666666,8.533333333333333,0
87686,1,7,7,0.8571428571428571,4.0,1
87688,1,37,37,0.972972972972973,19.0,0
87704,1,2,2,1.0,1.5,1
87706,1,14,14,0.42857142857142855,7.5,1
87711,1,4,4,1.0,2.5,1
87717,1,28,28,0.8928571428571429,14.5,0
87720,1,7,7,0.0,4.0,1
87724,1,8,8,0.75,4.5,1
87735,1,7,7,0.8571428571428571,4.0,1
87767,1,5,5,1.0,3.0,1
87769,1,6,6,0.16666666666666666,3.5,1
87784,1,11,11,0.0,6.0,1
87790,1,20,20,0.4,10.5,0
87802,1,19,19,0.5263157894736842,10.0,0
87810,1,9,9,0.4444444444444444,5.0,1
87816,2,6,6,0.6666666666666666,2.0,1
87834,1,10,10,0.6,5.5,1
87842,1,5,5,0.8,3.0,1
87872,1,3,3,1.0,2.0,1
87877,1,39,39,0.5128205128205128,20.0,0
87878,1,11,11,0.6363636363636364,6.0,1
87882,1,4,4,0.75,2.5,1
87889,3,43,38,0.6976744186046512,9.55813953488372,0
87912,1,14,14,0.7142857142857143,7.5,1
87916,1,2,2,1.0,1.5,1
87925,1,25,25,0.72,13.0,0
87926,1,19,19,0.5263157894736842,10.0,0
87932,1,5,5,0.0,3.0,1
87938,1,17,17,0.7647058823529411,9.0,0
87958,1,1,1,0.0,1.0,1
87959,1,10,10,0.1,5.5,1
87962,1,13,13,0.9230769230769231,7.0,1
87990,1,5,5,0.8,3.0,1
88007,1,13,13,0.6923076923076923,7.0,1
88010,1,17,17,0.7058823529411765,9.0,0
88011,1,12,12,0.3333333333333333,6.5,1
88069,1,17,17,0.5882352941176471,9.0,0
88081,1,8,8,1.0,4.5,1
88090,1,16,16,0.25,8.5,0
88093,1,5,5,0.6,3.0,1
88097,1,1,1,1.0,1.0,1
88100,1,11,11,0.36363636363636365,6.0,1
88107,1,5,5,0.8,3.0,1
88109,1,3,3,1.0,2.0,1
88118,1,3,3,0.6666666666666666,2.0,1
88119,1,25,25,0.36,13.0,0
88130,1,15,15,0.5333333333333333,8.0,1
88133,2,14,14,0.14285714285714285,4.642857142857143,1
88135,1,19,19,0.5789473684210527,10.0,0
88150,1,10,10,0.4,5.5,1
88154,1,5,5,0.4,3.0,1
88179,1,17,17,0.29411764705882354,9.0,0
88217,1,6,6,0.6666666666666666,3.5,1
88236,1,11,11,0.9090909090909091,6.0,1
88239,1,16,16,0.125,8.5,0
88241,1,19,19,0.7368421052631579,10.0,0
88248,1,6,6,0.16666666666666666,3.5,1
88265,1,10,10,0.8,5.5,1
88267,1,8,8,0.875,4.5,1
88275,1,6,6,0.8333333333333334,3.5,1
88278,2,19,17,0.8421052631578947,5.578947368421052,0
88292,1,26,26,0.46153846153846156,13.5,0
88303,1,4,4,0.75,2.5,1
88317,1,9,9,0.3333333333333333,5.0,1
88325,1,29,29,0.5517241379310345,15.0,0
88362,1,15,15,0.9333333333333333,8.0,1
88370,1,17,17,0.29411764705882354,9.0,0
88375,1,10,10,0.0,5.5,1
88377,1,24,24,0.625,12.5,0
88397,1,6,6,0.8333333333333334,3.5,1
88415,1,7,7,0.0,4.0,1
88434,1,2,2,1.0,1.5,1
88445,1,7,7,1.0,4.0,1
88447,1,9,9,0.4444444444444444,5.0,1
88482,1,4,4,0.25,2.5,1
88483,1,11,11,0.6363636363636364,6.0,1
88513,1,7,7,0.7142857142857143,4.0,1
88526,1,9,9,0.7777777777777778,5.0,1
88536,2,17,17,0.17647058823529413,8.058823529411764,0
88541,1,16,16,0.5625,8.5,0
88543,1,13,13,0.7692307692307693,7.0,1
88544,1,5,5,0.2,3.0,1
88558,1,11,11,0.8181818181818182,6.0,1
88569,1,3,3,0.0,2.0,1
88576,1,6,6,0.16666666666666666,3.5,1
88594,1,4,4,0.5,2.5,1
88599,1,9,9,0.2222222222222222,5.0,1
88622,1,18,18,0.6111111111111112,9.5,0
88627,1,17,17,0.23529411764705882,9.0,0
88628,1,3,3,1.0,2.0,1
88648,1,8,8,1.0,4.5,1
88652,1,7,7,0.42857142857142855,4.0,1
88659,1,15,15,0.3333333333333333,8.0,1
88673,1,5,5,1.0,3.0,1
88697,1,18,18,0.5,9.5,0
88714,1,13,13,0.0,7.0,1
88716,1,4,4,1.0,2.5,1
88719,1,22,22,0.0,11.5,0
88722,1,16,16,0.625,8.5,0
88725,1,10,10,0.4,5.5,1
88736,1,13,13,0.6923076923076923,7.0,1
88743,1,3,3,0.6666666666666666,2.0,1
88772,1,5,5,0.6,3.0,1
88785,1,9,9,0.0,5.0,1
88797,1,12,12,0.8333333333333334,6.5,1
88812,1,4,4,1.0,2.5,1
88884,1,3,3,0.3333333333333333,2.0,1
88893,1,2,2,0.5,1.5,1
88901,1,11,11,0.09090909090909091,6.0,1
88906,1,1,1,1.0,1.0,1
88907,1,16,16,0.375,8.5,0
88916,1,9,9,0.4444444444444444,5.0,1
88932,1,5,5,0.6,3.0,1
88933,1,5,5,0.0,3.0,1
88938,1,11,11,0.6363636363636364,6.0,1
88973,1,2,2,0.0,1.5,1
88988,1,3,3,0.3333333333333333,2.0,1
88990,1,6,6,0.5,3.5,1
88994,1,5,5,0.6,3.0,1
89005,1,11,11,1.0,6.0,1
89018,1,5,5,0.8,3.0,1
89027,1,21,21,0.19047619047619047,11.0,0
89079,1,33,33,0.8484848484848485,17.0,0
89088,1,4,4,1.0,2.5,1
89092,1,20,20,0.25,10.5,0
89095,1,15,15,0.5333333333333333,8.0,1
89110,1,20,20,0.2,10.5,0
89125,2,5,5,0.6,1.8,1
89127,1,8,8,0.625,4.5,1
89138,1,10,10,0.4,5.5,1
89159,1,8,8,1.0,4.5,1
89166,1,3,3,0.6666666666666666,2.0,1
89170,1,9,9,0.1111111111111111,5.0,1
89179,1,2,2,0.0,1.5,1
89180,1,25,25,0.88,13.0,0
89187,1,9,9,1.0,5.0,1
89211,1,23,23,0.6521739130434783,12.0,0
89222,1,9,9,0.2222222222222222,5.0,1
89232,1,11,11,1.0,6.0,1
89233,1,2,2,0.5,1.5,1
89235,1,18,18,0.2777777777777778,9.5,0
89251,2,31,31,0.7096774193548387,8.903225806451612,0
89256,1,2,2,0.5,1.5,1
89274,1,7,7,0.7142857142857143,4.0,1
89283,1,19,19,0.15789473684210525,10.0,0
89316,1,4,4,1.0,2.5,1
89323,1,22,22,0.8636363636363636,11.5,0
89327,1,14,14,0.14285714285714285,7.5,1
89333,1,7,7,0.7142857142857143,4.0,1
89348,1,8,8,0.875,4.5,1
89349,2,17,12,1.0,5.117647058823529,0
89363,1,9,9,0.6666666666666666,5.0,1
89368,1,4,4,0.0,2.5,1
89374,1,1,1,1.0,1.0,1
89379,2,24,24,0.375,9.166666666666666,0
89412,1,8,8,1.0,4.5,1
89415,1,7,7,1.0,4.0,1
89422,1,10,10,0.2,5.5,1
89431,1,7,7,0.8571428571428571,4.0,1
89433,1,4,4,1.0,2.5,1
89435,1,1,1,1.0,1.0,1
89439,1,20,20,1.0,10.5,0
89447,1,1,1,1.0,1.0,1
89462,2,35,28,0.5428571428571428,10.457142857142857,0
89470,1,6,6,0.6666666666666666,3.5,1
89471,1,4,4,1.0,2.5,1
89509,1,8,8,0.625,4.5,1
89535,1,11,11,0.8181818181818182,6.0,1
89553,1,7,7,0.8571428571428571,4.0,1
89563,1,2,2,0.0,1.5,1
89573,1,6,6,0.8333333333333334,3.5,1
89592,2,31,31,0.7741935483870968,10.580645161290322,0
89598,1,4,4,0.5,2.5,1
89602,2,26,23,0.5384615384615384,7.0,0
89618,1,3,3,0.6666666666666666,2.0,1
89636,1,8,8,0.0,4.5,1
89657,1,6,6,0.3333333333333333,3.5,1
89665,1,22,22,0.09090909090909091,11.5,0
89671,1,21,21,0.8571428571428571,11.0,0
89672,2,6,4,1.0,2.0,1
89686,1,15,15,0.7333333333333333,8.0,1
89706,1,6,6,0.5,3.5,1
89713,1,10,10,1.0,5.5,1
89726,1,3,3,0.3333333333333333,2.0,1
89727,1,18,18,0.5,9.5,0
89775,1,12,12,0.16666666666666666,6.5,1
89782,1,9,9,1.0,5.0,1
89783,1,7,7,1.0,4.0,1
89785,1,3,3,0.0,2.0,1
89799,1,4,4,1.0,2.5,1
89800,1,7,7,0.42857142857142855,4.0,1
89804,2,14,12,0.8571428571428571,4.0,1
89835,1,6,6,1.0,3.5,1
89836,1,13,13,0.15384615384615385,7.0,1
89838,1,1,1,1.0,1.0,1
89846,1,14,14,1.0,7.5,1
89847,1,5,5,1.0,3.0,1
89848,1,2,2,0.5,1.5,1
89852,1,2,2,1.0,1.5,1
89856,2,18,18,0.7222222222222222,5.0,0
89857,1,18,18,0.8333333333333334,9.5,0
89900,1,6,6,0.8333333333333334,3.5,1
89913,1,16,16,0.75,8.5,0
89930,2,28,20,0.9285714285714286,7.535714285714286,0
89960,1,12,12,0.9166666666666666,6.5,1
89977,1,8,8,0.875,4.5,1
89989,1,1,1,1.0,1.0,1
90000,1,16,16,0.375,8.5,0
90004,1,20,20,0.25,10.5,0
90020,1,2,2,0.5,1.5,1
90021,1,8,8,0.5,4.5,1
90027,2,6,6,0.8333333333333334,2.6666666666666665,1
90028,1,3,3,1.0,2.0,1
90038,1,1,1,1.0,1.0,1
90064,1,1,1,1.0,1.0,1
90069,1,5,5,0.4,3.0,1
90072,1,7,7,0.42857142857142855,4.0,1
90082,1,7,7,0.7142857142857143,4.0,1
90089,1,14,14,0.7142857142857143,7.5,1
90096,1,3,3,0.6666666666666666,2.0,1
90119,1,29,29,0.5172413793103449,15.0,0
90126,1,3,3,0.6666666666666666,2.0,1
90138,1,11,11,0.8181818181818182,6.0,1
90146,1,7,7,0.2857142857142857,4.0,1
90160,1,17,17,0.35294117647058826,9.0,0
90166,1,8,8,0.375,4.5,1
90169,1,10,10,0.8,5.5,1
90170,1,13,13,0.3076923076923077,7.0,1
90172,1,8,8,0.375,4.5,1
90184,1,18,18,0.7777777777777778,9.5,0
90198,2,22,21,0.5454545454545454,6.0,0
90219,1,6,6,0.3333333333333333,3.5,1
90221,1,10,10,0.7,5.5,1
90235,1,2,2,1.0,1.5,1
90240,1,4,4,1.0,2.5,1
90250,3,42,23,0.8809523809523809,7.666666666666667,0
90262,1,14,14,0.35714285714285715,7.5,1
90266,1,8,8,0.125,4.5,1
90268,1,3,3,1.0,2.0,1
90274,1,9,9,1.0,5.0,1
90282,1,21,21,0.8095238095238095,11.0,0
90283,1,14,14,0.7857142857142857,7.5,1
90286,1,10,10,0.0,5.5,1
90295,1,22,22,0.7727272727272727,11.5,0
90343,1,5,5,0.8,3.0,1
90344,1,3,3,1.0,2.0,1
90345,1,34,34,0.5882352941176471,17.5,0
90356,1,9,9,0.2222222222222222,5.0,1
90357,1,7,7,0.7142857142857143,4.0,1
90383,1,3,3,0.0,2.0,1
90389,1,2,2,1.0,1.5,1
90402,1,16,16,0.8125,8.5,0
90405,1,5,5,0.6,3.0,1
90416,1,12,12,0.0,6.5,1
90428,1,2,2,0.5,1.5,1
90460,1,8,8,0.75,4.5,1
90461,1,14,14,0.42857142857142855,7.5,1
90515,1,5,5,1.0,3.0,1
90517,1,8,8,0.75,4.5,1
90539,1,18,18,0.8333333333333334,9.5,0
90548,1,13,13,0.46153846153846156,7.0,1
90567,1,4,4,0.75,2.5,1
90578,2,61,61,0.4098360655737705,16.442622950819672,0
90586,1,22,22,0.22727272727272727,11.5,0
90602,1,8,8,0.0,4.5,1
90618,1,11,11,0.0,6.0,1
90629,1,6,6,0.6666666666666666,3.5,1
90632,1,10,10,1.0,5.5,1
90648,1,10,10,1.0,5.5,1
90652,2,33,33,0.48484848484848486,10.93939393939394,0
90654,2,46,46,0.8913043478260869,12.195652173913043,0
90673,1,37,37,0.0,19.0,0
90678,1,11,11,0.36363636363636365,6.0,1
90699,1,31,31,0.6129032258064516,16.0,0
90709,1,2,2,1.0,1.5,1
90724,1,6,6,0.3333333333333333,3.5,1
90728,1,3,3,0.6666666666666666,2.0,1
90738,1,8,8,0.75,4.5,1
90776,1,4,4,0.0,2.5,1
90777,1,2,2,0.5,1.5,1
90787,1,10,10,0.7,5.5,1
90807,1,9,9,0.8888888888888888,5.0,1
90815,2,30,30,0.5,8.3,0
90854,2,8,4,1.0,2.5,1
90856,1,7,7,0.0,4.0,1
90860,1,4,4,0.5,2.5,1
90875,1,5,5,0.2,3.0,1
90884,1,3,3,0.6666666666666666,2.0,1
90887,1,14,14,0.5714285714285714,7.5,1
90900,1,6,6,0.6666666666666666,3.5,1
90916,1,12,12,0.16666666666666666,6.5,1
90923,1,11,11,0.0,6.0,1
90942,1,4,4,0.25,2.5,1
90964,1,2,2,1.0,1.5,1
90969,1,2,2,0.5,1.5,1
90996,3,44,41,0.7272727272727273,9.113636363636363,0
91003,1,4,4,0.0,2.5,1
91017,1,3,3,0.3333333333333333,2.0,1
91018,1,7,7,0.14285714285714285,4.0,1
91027,2,10,9,0.5,3.1,1
91030,2,36,35,0.6666666666666666,9.61111111111111,0
91032,1,11,11,0.2727272727272727,6.0,1
91045,1,23,23,0.9565217391304348,12.0,0
91049,1,10,10,0.7,5.5,1
91052,1,13,13,0.7692307692307693,7.0,1
91077,1,6,6,0.16666666666666666,3.5,1
91105,1,15,15,0.8666666666666667,8.0,1
91113,1,14,14,0.2857142857142857,7.5,1
91123,1,17,17,0.6470588235294118,9.0,0
91126,1,2,2,0.5,1.5,1
91127,1,37,37,0.2702702702702703,19.0,0
91128,1,16,16,0.5625,8.5,0
91136,1,13,13,0.8461538461538461,7.0,1
91139,1,6,6,0.6666666666666666,3.5,1
91147,1,5,5,0.2,3.0,1
91150,1,9,9,1.0,5.0,1
91153,1,9,9,1.0,5.0,1
91163,1,19,19,0.5263157894736842,10.0,0
91180,1,10,10,0.3,5.5,1
91181,1,3,3,0.0,2.0,1
91184,1,14,14,1.0,7.5,1
91201,1,8,8,0.75,4.5,1
91205,1,17,17,0.5882352941176471,9.0,0
91228,2,28,28,0.7142857142857143,7.821428571428571,0
91229,1,15,15,0.5333333333333333,8.0,1
91237,1,11,11,0.18181818181818182,6.0,1
91266,1,9,9,0.4444444444444444,5.0,1
91301,1,12,12,0.3333333333333333,6.5,1
91303,1,23,23,0.6521739130434783,12.0,0
91305,1,1,1,1.0,1.0,1
91306,1,13,13,0.07692307692307693,7.0,1
91318,1,3,3,1.0,2.0,1
91319,1,28,28,0.6428571428571429,14.5,0
91324,1,5,5,0.8,3.0,1
91326,1,34,34,0.9705882352941176,17.5,0
91346,1,3,3,1.0,2.0,1
91370,1,8,8,0.25,4.5,1
91372,1,16,16,0.8125,8.5,0
91377,1,25,25,0.44,13.0,0
91397,1,11,11,0.8181818181818182,6.0,1
91459,1,7,7,1.0,4.0,1
91463,1,6,6,0.16666666666666666,3.5,1
91469,1,2,2,0.5,1.5,1
91491,1,10,10,0.7,5.5,1
91533,1,19,19,0.2631578947368421,10.0,0
91538,1,15,15,0.0,8.0,1
91549,1,20,20,0.65,10.5,0
91556,1,10,10,0.6,5.5,1
91565,1,5,5,1.0,3.0,1
91570,1,9,9,0.1111111111111111,5.0,1
91589,1,3,3,1.0,2.0,1
91593,1,8,8,0.0,4.5,1
91595,1,8,8,0.625,4.5,1
91596,1,7,7,0.8571428571428571,4.0,1
91604,1,9,9,0.4444444444444444,5.0,1
91630,1,4,4,1.0,2.5,1
91633,1,10,10,0.1,5.5,1
91667,1,21,21,0.5238095238095238,11.0,0
91668,2,34,34,0.7647058823529411,10.882352941176471,0
91685,1,4,4,0.0,2.5,1
91704,1,8,8,0.75,4.5,1
91717,1,12,12,0.3333333333333333,6.5,1
91737,1,16,16,0.4375,8.5,0
91749,1,7,7,0.5714285714285714,4.0,1
91771,1,13,13,0.8461538461538461,7.0,1
91786,1,7,7,1.0,4.0,1
91799,1,15,15,0.6666666666666666,8.0,1
91800,1,16,16,0.625,8.5,0
91806,1,3,3,0.6666666666666666,2.0,1
91826,1,44,44,1.0,22.5,0
91831,1,3,3,0.3333333333333333,2.0,1
91837,1,6,6,0.3333333333333333,3.5,1
91849,1,9,9,0.3333333333333333,5.0,1
91857,1,22,22,0.13636363636363635,11.5,0
91861,1,10,10,0.0,5.5,1
91879,1,9,9,1.0,5.0,1
91885,1,8,8,1.0,4.5,1
91890,1,31,31,0.4838709677419355,16.0,0
91891,1,10,10,0.0,5.5,1
91908,1,6,6,0.6666666666666666,3.5,1
91909,1,11,11,0.2727272727272727,6.0,1
91925,1,38,38,0.05263157894736842,19.5,0
91926,1,16,16,0.5625,8.5,0
91930,1,6,6,0.8333333333333334,3.5,1
91933,1,1,1,1.0,1.0,1
91942,1,2,2,0.5,1.5,1
91946,1,3,3,1.0,2.0,1
91953,1,19,19,0.7894736842105263,10.0,0
91957,1,9,9,0.7777777777777778,5.0,1
91977,1,7,7,0.0,4.0,1
91987,1,36,36,0.7777777777777778,18.5,0
91996,1,7,7,0.0,4.0,1
92016,1,1,1,0.0,1.0,1
92020,1,10,10,0.7,5.5,1
92040,1,14,14,0.7857142857142857,7.5,1
92052,2,16,16,0.1875,5.5,0
92060,1,10,10,0.5,5.5,1
92076,1,7,7,0.0,4.0,1
92081,1,8,8,0.125,4.5,1
92082,1,7,7,0.5714285714285714,4.0,1
92093,1,1,1,0.0,1.0,1
92099,1,13,13,0.46153846153846156,7.0,1
92111,2,9,9,0.2222222222222222,3.0,1
92113,1,6,6,0.3333333333333333,3.5,1
92123,1,4,4,0.75,2.5,1
92128,1,3,3,0.3333333333333333,2.0,1
92133,1,10,10,0.3,5.5,1
92136,1,16,16,0.0,8.5,0
92156,1,2,2,0.5,1.5,1
92173,1,4,4,0.5,2.5,1
92179,1,14,14,0.0,7.5,1
92183,1,8,8,0.375,4.5,1
92189,1,11,11,0.8181818181818182,6.0,1
92191,1,11,11,0.5454545454545454,6.0,1
92205,1,4,4,0.75,2.5,1
92215,1,5,5,0.8,3.0,1
92239,1,14,14,0.7857142857142857,7.5,1
92243,1,4,4,0.5,2.5,1
92247,1,14,14,0.42857142857142855,7.5,1
92260,1,2,2,0.5,1.5,1
92284,1,19,19,0.10526315789473684,10.0,0
92286,1,13,13,0.23076923076923078,7.0,1
92296,1,13,13,0.0,7.0,1
92300,1,11,11,0.0,6.0,1
92313,1,18,18,1.0,9.5,0
92336,1,8,8,1.0,4.5,1
92343,1,17,17,0.8235294117647058,9.0,0
92344,1,9,9,0.7777777777777778,5.0,1
92354,2,36,31,0.75,9.944444444444445,0
92385,1,12,12,0.6666666666666666,6.5,1
92397,1,4,4,0.25,2.5,1
92405,1,2,2,0.0,1.5,1
92417,2,7,5,0.7142857142857143,2.2857142857142856,1
92426,1,5,5,0.2,3.0,1
92428,1,4,4,0.25,2.5,1
92444,1,13,13,0.38461538461538464,7.0,1
92461,1,11,11,0.6363636363636364,6.0,1
92493,1,24,24,0.75,12.5,0
92502,1,20,20,0.5,10.5,0
92509,1,4,4,0.25,2.5,1
92515,1,9,9,0.7777777777777778,5.0,1
92519,1,13,13,0.15384615384615385,7.0,1
92521,1,9,9,1.0,5.0,1
92526,2,41,41,0.17073170731707318,12.512195121951219,0
92543,1,5,5,0.4,3.0,1
92547,1,12,12,0.08333333333333333,6.5,1
92549,1,10,10,0.3,5.5,1
92553,1,8,8,0.0,4.5,1
92587,1,9,9,0.1111111111111111,5.0,1
92602,1,5,5,0.8,3.0,1
92608,1,3,3,0.6666666666666666,2.0,1
92628,1,27,27,0.9629629629629629,14.0,0
92636,3,91,82,0.7362637362637363,15.692307692307692,0
92638,1,7,7,0.5714285714285714,4.0,1
92646,1,4,4,0.0,2.5,1
92658,1,9,9,0.4444444444444444,5.0,1
92660,1,9,9,0.8888888888888888,5.0,1
92661,1,1,1,1.0,1.0,1
92675,1,11,11,0.6363636363636364,6.0,1
92678,1,6,6,0.3333333333333333,3.5,1
92679,1,10,10,0.4,5.5,1
92685,2,8,7,0.5,2.625,1
92699,1,16,16,0.9375,8.5,0
92707,3,35,32,0.8571428571428571,6.4,0
92715,1,13,13,0.0,7.0,1
92748,1,7,7,1.0,4.0,1
92765,1,8,8,0.25,4.5,1
92766,1,9,9,1.0,5.0,1
92769,1,9,9,0.4444444444444444,5.0,1
92796,1,6,6,0.3333333333333333,3.5,1
92799,1,11,11,0.7272727272727273,6.0,1
92814,1,5,5,0.6,3.0,1
92817,1,10,10,0.5,5.5,1
92832,1,8,8,0.0,4.5,1
92843,1,10,10,0.5,5.5,1
92857,1,6,6,1.0,3.5,1
92858,1,9,9,0.3333333333333333,5.0,1
92883,1,8,8,0.5,4.5,1
92890,1,13,13,0.5384615384615384,7.0,1
92896,1,15,15,0.9333333333333333,8.0,1
92910,1,9,9,1.0,5.0,1
92915,1,13,13,0.8461538461538461,7.0,1
92952,2,14,13,0.8571428571428571,4.071428571428571,1
92954,2,27,27,0.8888888888888888,9.925925925925926,0
92963,1,6,6,0.5,3.5,1
92967,2,11,11,0.9090909090909091,3.4545454545454546,1
92979,1,2,2,0.5,1.5,1
92994,1,6,6,0.6666666666666666,3.5,1
92998,1,18,18,0.8888888888888888,9.5,0
93062,1,3,3,0.6666666666666666,2.0,1
93068,2,8,8,1.0,3.625,1
93074,1,3,3,0.0,2.0,1
93101,2,21,20,1.0,6.333333333333333,0
93102,1,9,9,0.8888888888888888,5.0,1
93135,1,5,5,0.4,3.0,1
93151,1,31,31,0.8064516129032258,16.0,0
93177,1,17,17,0.6470588235294118,9.0,0
93182,1,2,2,0.5,1.5,1
93186,1,20,20,0.8,10.5,0
93207,1,6,6,0.3333333333333333,3.5,1
93208,1,24,24,0.6666666666666666,12.5,0
93212,1,9,9,0.5555555555555556,5.0,1
93218,1,14,14,0.5714285714285714,7.5,1
93226,1,15,15,0.3333333333333333,8.0,1
93243,1,17,17,0.6470588235294118,9.0,0
93266,1,10,10,0.9,5.5,1
93305,1,10,10,1.0,5.5,1
93308,1,11,11,0.45454545454545453,6.0,1
93309,1,1,1,1.0,1.0,1
93325,1,11,11,0.8181818181818182,6.0,1
93331,1,1,1,0.0,1.0,1
93339,1,1,1,1.0,1.0,1
93349,1,11,11,0.7272727272727273,6.0,1
93364,1,7,7,0.8571428571428571,4.0,1
93378,1,2,2,0.5,1.5,1
93400,1,22,22,0.8636363636363636,11.5,0
93418,1,8,8,0.75,4.5,1
93438,1,2,2,1.0,1.5,1
93450,1,17,17,0.4117647058823529,9.0,0
93453,1,15,15,0.4,8.0,1
93454,1,7,7,0.7142857142857143,4.0,1
93455,2,22,22,0.3181818181818182,7.636363636363637,0
93465,1,12,12,0.6666666666666666,6.5,1
93470,1,12,12,0.8333333333333334,6.5,1
93477,1,14,14,0.14285714285714285,7.5,1
93516,1,8,8,0.5,4.5,1
93519,2,49,49,0.9183673469387755,12.877551020408163,0
93532,1,6,6,1.0,3.5,1
93545,1,7,7,0.14285714285714285,4.0,1
93569,1,9,9,0.5555555555555556,5.0,1
93581,1,4,4,0.75,2.5,1
93582,1,1,1,0.0,1.0,1
93588,1,6,6,0.5,3.5,1
93608,2,21,21,0.8095238095238095,5.761904761904762,0
93644,1,15,15,0.4666666666666667,8.0,1
93647,1,3,3,1.0,2.0,1
93655,1,5,5,1.0,3.0,1
93673,1,24,24,0.20833333333333334,12.5,0
93690,1,8,8,0.0,4.5,1
93702,1,5,5,0.2,3.0,1
93727,1,18,18,0.7222222222222222,9.5,0
93734,1,5,5,0.8,3.0,1
93759,1,2,2,0.5,1.5,1
93764,3,21,20,0.5238095238095238,4.333333333333333,0
93770,1,10,10,0.4,5.5,1
93779,1,8,8,0.875,4.5,1
93816,1,2,2,0.5,1.5,1
93820,1,17,17,0.5882352941176471,9.0,0
93826,1,3,3,1.0,2.0,1
93838,1,4,4,0.0,2.5,1
93840,1,10,10,0.4,5.5,1
93842,1,1,1,1.0,1.0,1
93855,1,8,8,0.625,4.5,1
93858,1,10,10,0.4,5.5,1
93860,1,10,10,0.8,5.5,1
93869,2,33,33,0.36363636363636365,9.363636363636363,0
93872,1,4,4,0.75,2.5,1
93881,1,7,7,0.8571428571428571,4.0,1
93906,2,30,30,0.5,8.0,0
93908,1,14,14,0.7142857142857143,7.5,1
93923,1,9,9,0.3333333333333333,5.0,1
93929,1,22,22,0.4090909090909091,11.5,0
93942,1,8,8,0.5,4.5,1
93950,1,5,5,0.8,3.0,1
93962,1,2,2,1.0,1.5,1
93974,1,12,12,0.75,6.5,1
93976,1,1,1,1.0,1.0,1
93991,1,13,13,0.23076923076923078,7.0,1
94070,1,15,15,0.4,8.0,1
94102,1,13,13,0.7692307692307693,7.0,1
94104,1,6,6,0.3333333333333333,3.5,1
94107,1,3,3,0.0,2.0,1
94110,1,11,11,0.5454545454545454,6.0,1
94111,1,25,25,0.52,13.0,0
94128,1,23,23,0.8695652173913043,12.0,0
94143,1,25,25,0.0,13.0,0
94171,1,10,10,0.8,5.5,1
94177,1,3,3,1.0,2.0,1
94179,1,4,4,1.0,2.5,1
94183,1,1,1,1.0,1.0,1
94193,1,8,8,0.0,4.5,1
94221,1,7,7,0.7142857142857143,4.0,1
94222,1,4,4,0.75,2.5,1
94243,1,19,19,0.21052631578947367,10.0,0
94249,1,9,9,0.0,5.0,1
94257,1,14,14,0.0,7.5,1
94260,1,1,1,1.0,1.0,1
94268,1,12,12,0.75,6.5,1
94277,2,5,5,0.6,2.2,1
94285,1,46,46,0.7608695652173914,23.5,0
94288,2,27,22,0.9259259259259259,8.814814814814815,0
94291,1,35,35,0.6285714285714286,18.0,0
94304,1,2,2,0.0,1.5,1
94316,1,3,3,1.0,2.0,1
94330,2,13,13,0.23076923076923078,3.769230769230769,1
94339,1,4,4,1.0,2.5,1
94347,1,15,15,0.6,8.0,1
94384,2,42,42,0.8571428571428571,11.595238095238095,0
94388,2,23,23,0.5652173913043478,6.260869565217392,0
94401,1,38,38,0.8947368421052632,19.5,0
94407,1,10,10,0.6,5.5,1
94410,1,10,10,0.2,5.5,1
94411,1,4,4,1.0,2.5,1
94412,2,20,20,0.55,5.5,0
94413,2,18,18,0.7222222222222222,5.888888888888889,0
94423,1,5,5,0.0,3.0,1
94459,1,7,7,0.42857142857142855,4.0,1
94488,1,11,11,0.0,6.0,1
94499,2,19,18,0.5789473684210527,5.2631578947368425,0
94503,1,13,13,1.0,7.0,1
94509,1,5,5,0.0,3.0,1
94517,1,4,4,0.25,2.5,1
94518,1,3,3,0.3333333333333333,2.0,1
94521,1,14,14,0.07142857142857142,7.5,1
94532,1,7,7,1.0,4.0,1
94535,1,23,23,0.7391304347826086,12.0,0
94546,1,15,15,0.3333333333333333,8.0,1
94555,1,7,7,0.0,4.0,1
94572,1,10,10,0.7,5.5,1
94573,2,25,20,0.72,7.96,0
94588,1,14,14,0.7142857142857143,7.5,1
94589,2,35,35,0.7428571428571429,11.314285714285715,0
94596,1,4,4,1.0,2.5,1
94600,2,37,31,0.7567567567567568,10.567567567567568,0
94615,2,47,34,0.8723404255319149,12.25531914893617,0
94648,1,8,8,0.875,4.5,1
94652,1,22,22,0.4090909090909091,11.5,0
94669,1,13,13,0.9230769230769231,7.0,1
94678,1,15,15,0.26666666666666666,8.0,1
94695,1,2,2,0.0,1.5,1
94707,1,16,16,0.8125,8.5,0
94710,1,29,29,0.5862068965517241,15.0,0
94713,1,24,24,0.5833333333333334,12.5,0
94723,1,6,6,0.5,3.5,1
94732,1,16,16,0.375,8.5,0
94734,1,6,6,0.0,3.5,1
94740,1,2,2,1.0,1.5,1
94745,1,9,9,0.0,5.0,1
94761,1,3,3,0.0,2.0,1
94763,1,12,12,0.6666666666666666,6.5,1
94764,2,35,34,0.22857142857142856,11.314285714285715,0
94768,2,5,5,0.8,1.8,1
94770,1,10,10,0.7,5.5,1
94792,1,6,6,1.0,3.5,1
94796,1,4,4,0.0,2.5,1
94809,1,4,4,0.25,2.5,1
94817,1,16,16,0.0,8.5,0
94820,1,4,4,1.0,2.5,1
94835,1,6,6,0.8333333333333334,3.5,1
94840,1,10,10,0.6,5.5,1
94849,1,13,13,1.0,7.0,1
94859,1,7,7,1.0,4.0,1
94872,1,11,11,0.8181818181818182,6.0,1
94873,1,8,8,0.5,4.5,1
94894,1,14,14,0.0,7.5,1
94903,1,13,13,0.0,7.0,1
94907,1,10,10,0.9,5.5,1
94911,1,5,5,0.4,3.0,1
94928,1,11,11,0.45454545454545453,6.0,1
94934,1,1,1,1.0,1.0,1
94944,1,32,32,0.25,16.5,0
94947,1,28,28,0.07142857142857142,14.5,0
94962,1,8,8,0.5,4.5,1
94977,2,12,12,0.9166666666666666,3.8333333333333335,1
94978,1,12,12,0.5,6.5,1
94988,1,19,19,0.8421052631578947,10.0,0
94998,2,20,20,0.25,5.55,0
95009,1,21,21,0.23809523809523808,11.0,0
95020,1,2,2,0.5,1.5,1
95029,1,34,34,1.0,17.5,0
95035,1,2,2,0.0,1.5,1
95044,1,17,17,0.5294117647058824,9.0,0
95050,1,7,7,0.8571428571428571,4.0,1
95052,1,20,20,0.75,10.5,0
95061,1,28,28,0.9642857142857143,14.5,0
95062,1,2,2,0.5,1.5,1
95063,2,40,40,0.825,12.525,0
95083,1,35,35,0.22857142857142856,18.0,0
95087,1,12,12,0.08333333333333333,6.5,1
95091,1,4,4,0.5,2.5,1
95118,1,20,20,0.7,10.5,0
95125,2,16,16,1.0,4.75,0
95136,1,18,18,0.6666666666666666,9.5,0
95139,1,6,6,0.6666666666666666,3.5,1
95160,2,18,16,0.8888888888888888,5.222222222222222,0
95161,1,5,5,1.0,3.0,1
95171,1,6,6,0.8333333333333334,3.5,1
95174,1,12,12,0.5833333333333334,6.5,1
95181,1,3,3,1.0,2.0,1
95222,1,14,14,0.8571428571428571,7.5,1
95231,1,5,5,0.8,3.0,1
95271,2,23,18,0.782608695652174,6.260869565217392,0
95276,1,4,4,1.0,2.5,1
95286,1,2,2,0.5,1.5,1
95291,1,15,15,0.5333333333333333,8.0,1
95296,2,47,38,0.7659574468085106,14.170212765957446,0
95335,1,8,8,0.25,4.5,1
95349,1,11,11,0.0,6.0,1
95359,1,1,1,1.0,1.0,1
95403,1,16,16,0.25,8.5,0
95441,1,10,10,0.7,5.5,1
95465,1,12,12,0.5,6.5,1
95471,1,25,25,0.76,13.0,0
95472,1,10,10,0.9,5.5,1
95498,1,5,5,0.2,3.0,1
95503,2,24,23,0.5416666666666666,7.166666666666667,0
95513,1,59,59,0.4745762711864407,30.0,0
95521,1,4,4,0.25,2.5,1
95525,1,15,15,0.4,8.0,1
95534,1,16,16,0.25,8.5,0
95544,1,17,17,0.23529411764705882,9.0,0
95548,1,7,7,0.0,4.0,1
95549,1,13,13,0.6153846153846154,7.0,1
95550,1,15,15,1.0,8.0,1
95553,2,15,15,0.7333333333333333,4.266666666666667,0
95557,1,3,3,0.3333333333333333,2.0,1
95565,1,42,42,0.5,21.5,0
95601,1,1,1,1.0,1.0,1
95620,2,37,37,0.6486486486486487,18.027027027027028,0
95624,1,9,9,0.5555555555555556,5.0,1
95646,1,10,10,0.5,5.5,1
95674,1,17,17,0.0,9.0,0
95678,1,10,10,0.8,5.5,1
95684,1,2,2,0.0,1.5,1
95692,1,8,8,0.75,4.5,1
95703,1,2,2,0.0,1.5,1
95714,1,16,16,0.375,8.5,0
95725,1,16,16,0.5625,8.5,0
95738,1,14,14,0.7857142857142857,7.5,1
95753,1,5,5,1.0,3.0,1
95761,1,20,20,0.85,10.5,0
95767,2,24,23,0.625,7.166666666666667,0
95818,1,2,2,0.0,1.5,1
95829,1,8,8,0.625,4.5,1
95838,1,5,5,0.8,3.0,1
95839,2,26,22,0.4230769230769231,7.0,0
95845,2,26,26,0.7692307692307693,7.346153846153846,0
95861,1,17,17,0.4117647058823529,9.0,0
95862,1,2,2,1.0,1.5,1
95897,1,1,1,0.0,1.0,1
95905,1,12,12,0.9166666666666666,6.5,1
95949,1,5,5,0.8,3.0,1
95958,1,3,3,1.0,2.0,1
95967,1,13,13,0.8461538461538461,7.0,1
95970,1,7,7,0.42857142857142855,4.0,1
95982,1,17,17,0.0,9.0,0
96017,1,14,14,0.21428571428571427,7.5,1
96021,1,2,2,0.5,1.5,1
96029,1,18,18,0.2777777777777778,9.5,0
96043,1,20,20,0.8,10.5,0
96048,2,49,41,0.8979591836734694,15.0,0
96053,1,17,17,0.29411764705882354,9.0,0
96058,1,16,16,1.0,8.5,0
96062,1,13,13,0.8461538461538461,7.0,1
96068,1,16,16,0.6875,8.5,0
96075,1,10,10,0.2,5.5,1
96081,1,7,7,0.42857142857142855,4.0,1
96100,1,12,12,0.75,6.5,1
96108,1,11,11,0.9090909090909091,6.0,1
96117,1,7,7,0.42857142857142855,4.0,1
96129,1,17,17,0.058823529411764705,9.0,0
96162,1,13,13,0.38461538461538464,7.0,1
96163,1,33,33,0.8181818181818182,17.0,0
96171,1,14,14,0.35714285714285715,7.5,1
96183,1,9,9,1.0,5.0,1
96192,1,6,6,0.8333333333333334,3.5,1
96193,1,11,11,0.9090909090909091,6.0,1
96195,1,13,13,0.9230769230769231,7.0,1
96204,1,28,28,0.0,14.5,0
96210,2,16,12,0.9375,4.5625,1
96213,1,23,23,0.8695652173913043,12.0,0
96214,1,18,18,0.3888888888888889,9.5,0
96228,1,2,2,0.5,1.5,1
96230,1,2,2,1.0,1.5,1
96241,1,1,1,1.0,1.0,1
96246,1,3,3,0.6666666666666666,2.0,1
96247,1,8,8,0.375,4.5,1
96252,1,4,4,1.0,2.5,1
96272,1,15,15,0.0,8.0,1
96295,1,16,16,0.875,8.5,0
96296,2,28,25,0.8214285714285714,9.25,0
96299,1,22,22,0.8636363636363636,11.5,0
96308,1,4,4,0.0,2.5,1
96317,1,19,19,0.21052631578947367,10.0,0
96328,1,6,6,0.6666666666666666,3.5,1
96331,2,18,18,0.4444444444444444,5.0,0
96337,1,30,30,0.6,15.5,0
96370,1,1,1,1.0,1.0,1
96385,1,17,17,0.8823529411764706,9.0,0
96390,1,3,3,1.0,2.0,1
96400,1,3,3,0.3333333333333333,2.0,1
96408,3,22,17,0.8636363636363636,5.636363636363637,0
96436,1,4,4,0.5,2.5,1
96458,1,15,15,0.8,8.0,1
96473,1,2,2,0.0,1.5,1
96497,2,13,13,0.38461538461538464,5.3076923076923075,1
96504,1,1,1,1.0,1.0,1
96506,1,7,7,0.42857142857142855,4.0,1
96511,1,5,5,0.2,3.0,1
96520,1,1,1,1.0,1.0,1
96521,1,11,11,0.5454545454545454,6.0,1
96530,1,7,7,0.42857142857142855,4.0,1
96531,1,9,9,0.8888888888888888,5.0,1
96532,1,4,4,0.75,2.5,1
96536,1,12,12,0.5833333333333334,6.5,1
96538,1,13,13,0.3076923076923077,7.0,1
96541,2,30,25,0.7666666666666667,9.633333333333333,0
96547,2,47,43,0.48936170212765956,14.170212765957446,0
96550,1,3,3,1.0,2.0,1
96554,2,9,8,0.3333333333333333,2.7777777777777777,1
96567,1,8,8,0.25,4.5,1
96576,1,9,9,1.0,5.0,1
96594,1,9,9,0.6666666666666666,5.0,1
96596,1,12,12,0.5,6.5,1
96615,2,19,17,0.6842105263157895,5.894736842105263,0
96643,1,5,5,0.2,3.0,1
96650,1,3,3,0.0,2.0,1
96660,1,4,4,0.75,2.5,1
96669,1,9,9,0.5555555555555556,5.0,1
96671,1,10,10,0.7,5.5,1
96700,1,7,7,0.8571428571428571,4.0,1
96716,1,13,13,0.8461538461538461,7.0,1
96718,1,10,10,0.0,5.5,1
96721,1,11,11,0.9090909090909091,6.0,1
96728,1,7,7,0.8571428571428571,4.0,1
96748,1,8,8,1.0,4.5,1
96757,1,13,13,0.46153846153846156,7.0,1
96763,1,32,32,0.4375,16.5,0
96772,1,35,35,0.6,18.0,0
96793,1,22,22,0.5,11.5,0
96813,1,25,25,0.32,13.0,0
96817,2,7,7,0.5714285714285714,2.5714285714285716,1
96828,1,10,10,0.8,5.5,1
96842,1,41,41,0.7804878048780488,21.0,0
96849,1,16,16,0.625,8.5,0
96854,1,3,3,0.6666666666666666,2.0,1
96871,1,6,6,1.0,3.5,1
96878,1,19,19,0.2631578947368421,10.0,0
96882,1,13,13,0.3076923076923077,7.0,1
96912,1,1,1,1.0,1.0,1
96916,1,2,2,1.0,1.5,1
96932,1,26,26,0.7307692307692307,13.5,0
96951,1,15,15,0.9333333333333333,8.0,1
96952,1,16,16,0.4375,8.5,0
96956,1,5,5,0.4,3.0,1
96957,1,9,9,0.3333333333333333,5.0,1
96961,1,14,14,0.0,7.5,1
97011,1,7,7,0.7142857142857143,4.0,1
97016,2,36,36,0.4166666666666667,9.75,0
97039,1,3,3,1.0,2.0,1
97040,1,2,2,1.0,1.5,1
97067,1,3,3,1.0,2.0,1
97072,1,4,4,1.0,2.5,1
97084,1,18,18,0.6666666666666666,9.5,0
97097,1,10,10,0.6,5.5,1
97102,1,8,8,0.625,4.5,1
97133,1,6,6,1.0,3.5,1
97161,1,13,13,0.6923076923076923,7.0,1
97169,1,6,6,1.0,3.5,1
97181,1,8,8,0.625,4.5,1
97189,1,3,3,0.3333333333333333,2.0,1
97190,1,6,6,0.3333333333333333,3.5,1
97202,1,9,9,0.2222222222222222,5.0,1
97218,2,11,11,0.45454545454545453,3.4545454545454546,1
97231,1,5,5,0.4,3.0,1
97233,1,31,31,0.8064516129032258,16.0,0
97264,1,2,2,0.0,1.5,1
97269,1,9,9,0.0,5.0,1
97302,1,19,19,0.3684210526315789,10.0,0
97304,1,7,7,0.8571428571428571,4.0,1
97311,1,20,20,0.45,10.5,0
97318,2,11,10,0.8181818181818182,3.4545454545454546,1
97319,1,3,3,0.6666666666666666,2.0,1
97321,1,25,25,0.72,13.0,0
97331,1,5,5,0.2,3.0,1
97342,1,5,5,0.6,3.0,1
97364,1,15,15,0.8666666666666667,8.0,1
97401,1,5,5,0.4,3.0,1
97415,3,12,12,0.8333333333333334,3.0833333333333335,0
97427,1,28,28,0.0,14.5,0
97433,1,4,4,1.0,2.5,1
97439,1,5,5,0.8,3.0,1
97440,1,10,10,0.2,5.5,1
97453,1,20,20,0.95,10.5,0
97459,1,3,3,1.0,2.0,1
97479,1,18,18,0.2222222222222222,9.5,0
97482,1,6,6,0.0,3.5,1
97508,1,6,6,0.8333333333333334,3.5,1
97517,1,8,8,0.625,4.5,1
97518,1,4,4,0.5,2.5,1
97525,1,2,2,1.0,1.5,1
97526,1,6,6,1.0,3.5,1
97537,1,2,2,0.0,1.5,1
97539,1,9,9,0.8888888888888888,5.0,1
97557,1,4,4,1.0,2.5,1
97569,1,3,3,1.0,2.0,1
97593,1,19,19,0.9473684210526315,10.0,0
97638,1,2,2,1.0,1.5,1
97659,1,3,3,0.6666666666666666,2.0,1
97664,1,11,11,0.36363636363636365,6.0,1
97665,1,6,6,0.8333333333333334,3.5,1
97689,1,17,17,0.7647058823529411,9.0,0
97726,1,13,13,1.0,7.0,1
97729,3,27,26,0.8148148148148148,5.592592592592593,0
97737,1,7,7,0.0,4.0,1
97743,1,5,5,0.6,3.0,1
97752,1,6,6,0.6666666666666666,3.5,1
97757,1,18,18,0.4444444444444444,9.5,0
97761,1,23,23,0.43478260869565216,12.0,0
97774,2,34,34,0.8529411764705882,11.382352941176471,0
97781,1,24,24,0.875,12.5,0
97820,1,2,2,1.0,1.5,1
97831,1,4,4,1.0,2.5,1
97837,1,23,23,0.9565217391304348,12.0,0
97846,1,6,6,1.0,3.5,1
97860,1,12,12,0.16666666666666666,6.5,1
97861,1,7,7,1.0,4.0,1
97865,1,16,16,1.0,8.5,0
97871,1,7,7,0.5714285714285714,4.0,1
97882,1,22,22,0.45454545454545453,11.5,0
97899,1,59,59,0.8305084745762712,30.0,0
97914,1,9,9,0.8888888888888888,5.0,1
97917,2,6,6,0.8333333333333334,2.1666666666666665,1
97921,1,1,1,1.0,1.0,1
97927,2,15,15,0.13333333333333333,4.266666666666667,0
97945,1,17,17,0.7058823529411765,9.0,0
97970,1,18,18,1.0,9.5,0
97974,1,14,14,0.42857142857142855,7.5,1
97984,1,16,16,0.8125,8.5,0
97998,1,17,17,1.0,9.0,0
98002,1,4,4,0.75,2.5,1
98027,2,4,4,0.25,1.75,1
98033,1,9,9,0.8888888888888888,5.0,1
98075,1,13,13,0.8461538461538461,7.0,1
98081,2,20,20,0.9,5.7,0
98089,1,11,11,0.7272727272727273,6.0,1
98106,1,4,4,0.25,2.5,1
98125,1,6,6,0.16666666666666666,3.5,1
98149,1,17,17,0.47058823529411764,9.0,0
98160,1,10,10,0.8,5.5,1
98174,1,33,33,0.15151515151515152,17.0,0
98176,1,12,12,0.4166666666666667,6.5,1
98204,1,14,14,0.9285714285714286,7.5,1
98213,2,9,9,0.1111111111111111,3.0,1
98214,1,11,11,0.6363636363636364,6.0,1
98220,1,6,6,0.0,3.5,1
98221,1,1,1,0.0,1.0,1
98226,1,5,5,0.0,3.0,1
98245,1,5,5,0.2,3.0,1
98254,1,15,15,0.3333333333333333,8.0,1
98256,1,16,16,0.875,8.5,0
98257,2,11,10,0.45454545454545453,3.4545454545454546,1
98258,1,3,3,1.0,2.0,1
98267,1,3,3,0.6666666666666666,2.0,1
98292,1,1,1,1.0,1.0,1
98300,1,11,11,0.18181818181818182,6.0,1
98303,1,2,2,0.0,1.5,1
98343,1,6,6,0.8333333333333334,3.5,1
98357,1,9,9,0.7777777777777778,5.0,1
98363,1,17,17,0.8235294117647058,9.0,0
98365,1,10,10,0.8,5.5,1
98380,2,25,25,0.44,7.24,0
98388,1,9,9,0.5555555555555556,5.0,1
98397,1,6,6,0.16666666666666666,3.5,1
98411,1,6,6,0.6666666666666666,3.5,1
98421,1,17,17,0.35294117647058826,9.0,0
98437,1,7,7,0.42857142857142855,4.0,1
98464,1,5,5,0.0,3.0,1
98485,1,4,4,0.75,2.5,1
98512,1,5,5,1.0,3.0,1
98519,1,11,11,0.2727272727272727,6.0,1
98520,1,13,13,0.8461538461538461,7.0,1
98541,1,12,12,0.0,6.5,1
98547,1,3,3,0.6666666666666666,2.0,1
98563,1,3,3,1.0,2.0,1
98567,1,2,2,1.0,1.5,1
98588,1,3,3,1.0,2.0,1
98589,1,5,5,0.2,3.0,1
98631,1,2,2,1.0,1.5,1
98673,1,8,8,1.0,4.5,1
98678,1,5,5,1.0,3.0,1
98682,1,12,12,0.9166666666666666,6.5,1
98692,1,11,11,0.18181818181818182,6.0,1
98699,1,13,13,0.46153846153846156,7.0,1
98712,1,9,9,0.4444444444444444,5.0,1
98714,1,6,6,1.0,3.5,1
98716,1,9,9,0.5555555555555556,5.0,1
98750,1,15,15,0.3333333333333333,8.0,1
98771,1,14,14,0.8571428571428571,7.5,1
98777,1,7,7,0.7142857142857143,4.0,1
98781,1,6,6,1.0,3.5,1
98783,1,21,21,0.38095238095238093,11.0,0
98784,1,5,5,0.6,3.0,1
98794,1,2,2,0.5,1.5,1
98800,1,10,10,0.5,5.5,1
98818,1,2,2,0.5,1.5,1
98831,1,33,33,0.7272727272727273,17.0,0
98841,1,13,13,0.5384615384615384,7.0,1
98859,1,17,17,1.0,9.0,0
98868,2,43,43,0.6744186046511628,11.720930232558139,0
98882,1,6,6,1.0,3.5,1
98888,1,6,6,0.3333333333333333,3.5,1
98893,1,5,5,1.0,3.0,1
98909,1,2,2,1.0,1.5,1
98910,1,1,1,0.0,1.0,1
98923,2,34,30,0.38235294117647056,9.117647058823529,0
98925,1,1,1,1.0,1.0,1
98935,1,1,1,1.0,1.0,1
98936,1,1,1,1.0,1.0,1
98940,1,13,13,0.46153846153846156,7.0,1
98952,1,2,2,1.0,1.5,1
98956,1,4,4,0.0,2.5,1
98963,1,3,3,0.3333333333333333,2.0,1
98973,1,13,13,0.38461538461538464,7.0,1
98985,1,5,5,0.0,3.0,1
98996,1,6,6,0.16666666666666666,3.5,1
98999,1,35,35,0.8,18.0,0
99001,1,6,6,0.8333333333333334,3.5,1
99005,2,31,24,0.7741935483870968,8.32258064516129,0
99041,1,10,10,0.5,5.5,1
99045,1,40,40,0.875,20.5,0
99051,1,13,13,0.6923076923076923,7.0,1
99054,1,13,13,0.8461538461538461,7.0,1
99055,1,2,2,1.0,1.5,1
99064,1,26,26,0.11538461538461539,13.5,0
99066,1,18,18,0.9444444444444444,9.5,0
99069,1,1,1,1.0,1.0,1
99071,1,3,3,1.0,2.0,1
99072,1,33,33,0.3333333333333333,17.0,0
99075,1,9,9,0.6666666666666666,5.0,1
99125,2,4,3,1.0,1.75,1
99132,1,25,25,0.32,13.0,0
99195,1,4,4,0.25,2.5,1
99220,1,21,21,0.47619047619047616,11.0,0
99221,1,23,23,0.5652173913043478,12.0,0
99223,1,6,6,0.8333333333333334,3.5,1
99225,1,7,7,1.0,4.0,1
99237,1,13,13,0.38461538461538464,7.0,1
99263,1,5,5,0.8,3.0,1
99271,1,16,16,1.0,8.5,0
99272,1,10,10,1.0,5.5,1
99336,1,3,3,1.0,2.0,1
99341,1,5,5,1.0,3.0,1
99415,1,1,1,0.0,1.0,1
99416,1,8,8,0.0,4.5,1
99418,1,9,9,0.0,5.0,1
99420,1,19,19,0.5789473684210527,10.0,0
99424,1,3,3,1.0,2.0,1
99447,1,16,16,0.75,8.5,0
99460,1,8,8,0.5,4.5,1
99471,1,18,18,0.8888888888888888,9.5,0
99496,1,4,4,1.0,2.5,1
99518,1,5,5,0.0,3.0,1
99526,1,6,6,0.16666666666666666,3.5,1
99538,1,11,11,0.9090909090909091,6.0,1
99542,1,6,6,0.16666666666666666,3.5,1
99544,1,29,29,0.5172413793103449,15.0,0
99546,1,9,9,0.4444444444444444,5.0,1
99559,1,16,16,0.0,8.5,0
99562,1,13,13,1.0,7.0,1
99569,1,4,4,0.25,2.5,1
99576,1,19,19,1.0,10.0,0
99608,1,23,23,1.0,12.0,0
99610,1,18,18,0.3888888888888889,9.5,0
99618,1,16,16,0.0,8.5,0
99665,1,6,6,1.0,3.5,1
99670,1,9,9,0.2222222222222222,5.0,1
99675,1,26,26,0.46153846153846156,13.5,0
99679,1,1,1,1.0,1.0,1
99689,1,13,13,0.15384615384615385,7.0,1
99701,1,4,4,0.0,2.5,1
99702,1,12,12,0.75,6.5,1
99707,3,32,28,1.0,6.28125,0
99721,1,11,11,0.8181818181818182,6.0,1
99731,2,18,18,0.3333333333333333,5.055555555555555,0
99741,1,4,4,0.25,2.5,1
99750,1,11,11,0.6363636363636364,6.0,1
99760,1,1,1,0.0,1.0,1
99767,1,34,34,0.3235294117647059,17.5,0
99786,1,4,4,1.0,2.5,1
99802,2,27,23,0.8148148148148148,8.37037037037037,0
99805,1,13,13,0.6923076923076923,7.0,1
99817,1,8,8,0.5,4.5,1
99819,1,5,5,0.4,3.0,1
99831,1,3,3,1.0,2.0,1
99836,1,7,7,0.7142857142857143,4.0,1
99848,1,5,5,0.6,3.0,1
99852,1,9,9,0.2222222222222222,5.0,1
99863,1,1,1,1.0,1.0,1
99885,1,2,2,0.5,1.5,1
99890,1,2,2,1.0,1.5,1
99904,1,33,33,0.0,17.0,0
99917,1,7,7,1.0,4.0,1
99925,1,31,31,0.2903225806451613,16.0,0
99942,1,5,5,0.8,3.0,1
99955,1,3,3,0.6666666666666666,2.0,1
99975,1,6,6,0.0,3.5,1
99981,1,5,5,0.4,3.0,1
99984,2,5,5,1.0,1.8,1
99986,1,9,9,0.2222222222222222,5.0,1
100006,1,8,8,0.5,4.5,1
100013,1,8,8,0.125,4.5,1
100024,1,5,5,0.0,3.0,1
100032,1,11,11,0.18181818181818182,6.0,1
100048,1,7,7,0.7142857142857143,4.0,1
100051,1,7,7,0.8571428571428571,4.0,1
100052,2,5,5,0.6,1.8,1
100056,1,3,3,0.6666666666666666,2.0,1
100101,2,8,7,0.5,3.0,1
100112,1,9,9,0.7777777777777778,5.0,1
100116,1,13,13,0.5384615384615384,7.0,1
100142,3,22,20,0.7727272727272727,4.2727272727272725,0
100143,1,8,8,0.125,4.5,1
100150,1,4,4,1.0,2.5,1
100155,1,4,4,0.75,2.5,1
100161,1,6,6,1.0,3.5,1
100165,2,46,46,0.4782608695652174,13.065217391304348,0
100180,1,7,7,0.0,4.0,1
100208,1,6,6,0.16666666666666666,3.5,1
100241,1,7,7,0.0,4.0,1
100244,1,21,21,1.0,11.0,0
100260,1,34,34,0.8529411764705882,17.5,0
100262,1,15,15,0.8,8.0,1
100263,1,1,1,1.0,1.0,1
100270,2,40,40,0.9,10.9,0
100296,2,28,24,0.8214285714285714,7.821428571428571,0
100298,1,11,11,0.9090909090909091,6.0,1
100321,1,5,5,0.8,3.0,1
100330,3,138,96,0.7971014492753623,27.768115942028984,0
100334,1,5,5,0.0,3.0,1
100340,2,4,4,1.0,1.75,1
100359,1,15,15,0.4666666666666667,8.0,1
100364,1,9,9,0.8888888888888888,5.0,1
100379,1,2,2,0.5,1.5,1
100407,1,13,13,0.3076923076923077,7.0,1
100414,1,7,7,0.5714285714285714,4.0,1
100429,1,5,5,0.0,3.0,1
100437,1,7,7,0.42857142857142855,4.0,1
100474,1,2,2,0.5,1.5,1
100482,1,6,6,0.0,3.5,1
100486,1,6,6,0.5,3.5,1
100508,2,35,32,0.8285714285714286,10.857142857142858,0
100513,1,7,7,0.0,4.0,1
100514,2,24,24,0.75,7.166666666666667,0
100523,1,2,2,0.5,1.5,1
100536,1,49,49,0.3673469387755102,25.0,0
100540,1,8,8,0.875,4.5,1
100547,1,15,15,0.06666666666666667,8.0,1
100551,1,8,8,0.0,4.5,1
100553,1,7,7,0.42857142857142855,4.0,1
100555,1,7,7,0.5714285714285714,4.0,1
100565,1,6,6,0.0,3.5,1
100614,1,4,4,0.0,2.5,1
100634,1,7,7,0.8571428571428571,4.0,1
100655,1,14,14,0.0,7.5,1
100685,1,13,13,0.38461538461538464,7.0,1
100698,3,54,24,1.0,9.5,0
100716,1,20,20,0.25,10.5,0
100720,1,21,21,0.6666666666666666,11.0,0
100749,1,4,4,1.0,2.5,1
100765,1,7,7,0.8571428571428571,4.0,1
100768,1,2,2,0.0,1.5,1
100773,1,4,4,0.0,2.5,1
100792,1,9,9,0.1111111111111111,5.0,1
100810,1,3,3,0.3333333333333333,2.0,1
100811,1,1,1,1.0,1.0,1
100827,1,1,1,0.0,1.0,1
100833,1,4,4,1.0,2.5,1
100835,2,22,22,0.45454545454545453,7.636363636363637,0
100838,1,1,1,0.0,1.0,1
100845,1,4,4,0.75,2.5,1
100859,1,2,2,0.5,1.5,1
100863,2,34,27,0.7647058823529411,9.029411764705882,0
100865,1,11,11,0.8181818181818182,6.0,1
100900,1,4,4,0.0,2.5,1
100911,1,3,3,0.0,2.0,1
100916,1,17,17,1.0,9.0,0
100926,1,19,19,0.8947368421052632,10.0,0
100928,1,1,1,0.0,1.0,1
100935,1,3,3,1.0,2.0,1
100937,1,8,8,0.5,4.5,1
100947,1,15,15,0.3333333333333333,8.0,1
100978,1,24,24,0.625,12.5,0
100980,1,3,3,0.6666666666666666,2.0,1
100982,1,18,18,0.9444444444444444,9.5,0
100993,1,13,13,0.5384615384615384,7.0,1
100997,1,17,17,0.35294117647058826,9.0,0
101010,2,6,5,1.0,2.1666666666666665,1
101014,1,3,3,0.0,2.0,1
101021,2,23,23,0.5217391304347826,6.3478260869565215,0
101030,1,16,16,0.9375,8.5,0
101036,1,9,9,0.0,5.0,1
101040,1,2,2,0.0,1.5,1
101088,1,6,6,0.16666666666666666,3.5,1
101094,1,3,3,0.3333333333333333,2.0,1
101099,1,3,3,0.3333333333333333,2.0,1
101117,1,13,13,0.38461538461538464,7.0,1
101119,1,5,5,0.6,3.0,1
101130,1,4,4,1.0,2.5,1
101145,1,5,5,0.0,3.0,1
101150,1,10,10,0.8,5.5,1
101154,1,24,24,0.4166666666666667,12.5,0
101198,1,4,4,0.75,2.5,1
101228,1,5,5,0.2,3.0,1
101249,1,1,1,1.0,1.0,1
101255,1,11,11,0.6363636363636364,6.0,1
101260,1,27,27,0.7407407407407407,14.0,0
101261,1,14,14,0.6428571428571429,7.5,1
101292,2,22,20,0.7727272727272727,6.045454545454546,0
101294,1,12,12,1.0,6.5,1
101296,1,7,7,0.5714285714285714,4.0,1
101302,1,22,22,0.0,11.5,0
101311,1,14,14,0.14285714285714285,7.5,1
101319,1,12,12,1.0,6.5,1
101330,1,14,14,0.14285714285714285,7.5,1
101348,2,13,13,0.6153846153846154,3.769230769230769,1
101377,1,23,23,0.9565217391304348,12.0,0
101382,1,9,9,0.7777777777777778,5.0,1
101389,1,2,2,0.0,1.5,1
101396,1,18,18,0.8888888888888888,9.5,0
101413,1,2,2,1.0,1.5,1
101427,1,14,14,0.0,7.5,1
101428,1,15,15,0.0,8.0,1
101433,2,49,49,0.2857142857142857,15.0,0
101434,1,27,27,0.7777777777777778,14.0,0
101442,1,13,13,0.0,7.0,1
101459,2,10,10,0.8,3.4,1
101466,1,18,18,0.7777777777777778,9.5,0
101467,1,12,12,0.08333333333333333,6.5,1
101475,1,3,3,1.0,2.0,1
101495,1,3,3,0.0,2.0,1
101505,1,10,10,0.3,5.5,1
101524,1,15,15,0.06666666666666667,8.0,1
101528,1,4,4,0.75,2.5,1
101557,1,3,3,0.0,2.0,1
101559,1,6,6,0.0,3.5,1
101565,1,7,7,0.7142857142857143,4.0,1
101579,1,8,8,0.75,4.5,1
101585,1,15,15,0.8666666666666667,8.0,1
101588,1,3,3,1.0,2.0,1
101589,1,1,1,1.0,1.0,1
101590,1,23,23,0.0,12.0,0
101594,1,30,30,0.7333333333333333,15.5,0
101612,1,15,15,0.0,8.0,1
101625,1,12,12,0.75,6.5,1
101651,1,5,5,0.6,3.0,1
101683,1,2,2,1.0,1.5,1
101685,1,7,7,0.8571428571428571,4.0,1
101695,1,18,18,0.5555555555555556,9.5,0
101703,1,8,8,0.5,4.5,1
101722,1,10,10,0.4,5.5,1
101735,2,18,12,1.0,5.055555555555555,0
101746,1,5,5,0.6,3.0,1
101752,1,12,12,0.0,6.5,1
101758,1,8,8,0.75,4.5,1
101764,2,15,15,0.8,5.6,0
101800,1,4,4,0.5,2.5,1
101831,1,3,3,1.0,2.0,1
101837,1,7,7,0.8571428571428571,4.0,1
101841,1,7,7,0.7142857142857143,4.0,1
101842,1,11,11,0.5454545454545454,6.0,1
101845,1,15,15,0.26666666666666666,8.0,1
101856,1,14,14,0.5,7.5,1
101871,1,11,11,0.9090909090909091,6.0,1
101878,1,7,7,0.7142857142857143,4.0,1
101903,1,4,4,0.75,2.5,1
101904,1,1,1,0.0,1.0,1
101910,1,4,4,0.0,2.5,1
101919,1,9,9,0.2222222222222222,5.0,1
101933,1,11,11,0.8181818181818182,6.0,1
101937,1,5,5,1.0,3.0,1
101945,1,8,8,0.875,4.5,1
101948,2,5,4,0.6,1.8,1
101962,1,17,17,0.5294117647058824,9.0,0
101975,1,19,19,0.5263157894736842,10.0,0
101976,1,12,12,0.75,6.5,1
101980,1,3,3,0.0,2.0,1
101989,1,10,10,0.8,5.5,1
101990,1,10,10,0.4,5.5,1
102019,1,6,6,0.5,3.5,1
102020,1,23,23,0.6521739130434783,12.0,0
102031,1,9,9,0.5555555555555556,5.0,1
102036,1,2,2,1.0,1.5,1
102067,1,12,12,0.8333333333333334,6.5,1
102083,1,16,16,0.375,8.5,0
102092,1,26,26,0.0,13.5,0
102110,1,8,8,0.25,4.5,1
102115,1,13,13,0.8461538461538461,7.0,1
102119,1,19,19,0.631578947368421,10.0,0
102127,1,10,10,0.0,5.5,1
102148,1,17,17,0.5882352941176471,9.0,0
102149,1,6,6,0.16666666666666666,3.5,1
102150,1,6,6,0.0,3.5,1
102167,1,21,21,0.5714285714285714,11.0,0
102191,1,5,5,0.0,3.0,1
102227,1,7,7,0.2857142857142857,4.0,1
102228,1,2,2,1.0,1.5,1
102230,1,3,3,0.0,2.0,1
102245,1,7,7,0.0,4.0,1
102268,1,15,15,0.9333333333333333,8.0,1
102271,1,3,3,1.0,2.0,1
102272,1,1,1,0.0,1.0,1
102275,1,5,5,1.0,3.0,1
102288,4,10,10,0.6,2.3,0
102295,1,9,9,0.8888888888888888,5.0,1
102296,1,2,2,0.0,1.5,1
102301,1,12,12,1.0,6.5,1
102310,1,16,16,0.6875,8.5,0
102315,1,3,3,1.0,2.0,1
102320,2,20,19,0.45,5.5,0
102332,1,20,20,0.8,10.5,0
102339,2,23,18,0.9565217391304348,6.782608695652174,0
102345,2,7,7,0.8571428571428571,2.2857142857142856,1
102346,1,1,1,0.0,1.0,1
102350,1,7,7,1.0,4.0,1
102356,1,12,12,0.75,6.5,1
102380,1,11,11,0.09090909090909091,6.0,1
102384,2,6,6,0.16666666666666666,2.6666666666666665,1
102396,1,6,6,0.6666666666666666,3.5,1
102400,1,10,10,0.4,5.5,1
102403,2,4,4,0.75,1.5,1
102409,1,11,11,0.45454545454545453,6.0,1
102415,1,10,10,0.3,5.5,1
102426,1,13,13,0.23076923076923078,7.0,1
102427,1,24,24,0.5416666666666666,12.5,0
102455,1,12,12,0.6666666666666666,6.5,1
102468,1,11,11,0.5454545454545454,6.0,1
102501,1,28,28,0.8928571428571429,14.5,0
102514,1,4,4,1.0,2.5,1
102527,1,13,13,0.8461538461538461,7.0,1
102536,1,7,7,0.8571428571428571,4.0,1
102576,1,16,16,0.5,8.5,0
102585,1,1,1,1.0,1.0,1
102599,1,10,10,0.8,5.5,1
102600,1,15,15,0.6,8.0,1
102601,1,16,16,1.0,8.5,0
102619,1,7,7,0.7142857142857143,4.0,1
102635,1,13,13,0.6923076923076923,7.0,1
102656,1,6,6,1.0,3.5,1
102665,1,37,37,0.5675675675675675,19.0,0
102666,1,12,12,0.5833333333333334,6.5,1
102705,1,9,9,0.2222222222222222,5.0,1
102707,1,3,3,0.6666666666666666,2.0,1
102724,1,4,4,1.0,2.5,1
102733,1,2,2,1.0,1.5,1
102741,1,20,20,0.75,10.5,0
102783,1,1,1,1.0,1.0,1
102785,1,11,11,0.0,6.0,1
102796,1,7,7,0.8571428571428571,4.0,1
102797,1,10,10,0.1,5.5,1
102815,1,33,33,0.0,17.0,0
102841,1,2,2,1.0,1.5,1
102870,1,12,12,0.3333333333333333,6.5,1
102874,1,7,7,0.42857142857142855,4.0,1
102892,1,4,4,0.0,2.5,1
102912,1,14,14,0.35714285714285715,7.5,1
102915,1,10,10,0.5,5.5,1
102918,1,6,6,0.6666666666666666,3.5,1
102939,1,10,10,0.6,5.5,1
102947,1,8,8,0.875,4.5,1
102974,1,6,6,0.3333333333333333,3.5,1
102987,1,4,4,0.5,2.5,1
102988,1,7,7,1.0,4.0,1
102989,1,9,9,0.7777777777777778,5.0,1
102992,1,11,11,0.6363636363636364,6.0,1
103000,1,15,15,0.8,8.0,1
103018,1,11,11,0.6363636363636364,6.0,1
103020,1,3,3,0.0,2.0,1
103026,1,9,9,0.0,5.0,1
103027,1,12,12,0.5833333333333334,6.5,1
103035,2,52,52,0.8269230769230769,13.673076923076923,0
103036,1,6,6,0.8333333333333334,3.5,1
103040,1,5,5,0.8,3.0,1
103048,1,6,6,1.0,3.5,1
103095,1,16,16,0.4375,8.5,0
103106,1,6,6,0.8333333333333334,3.5,1
103107,1,3,3,0.0,2.0,1
103111,1,22,22,0.8181818181818182,11.5,0
103118,2,6,6,0.6666666666666666,2.6666666666666665,1
103120,1,2,2,1.0,1.5,1
103142,1,20,20,0.85,10.5,0
103164,1,24,24,0.0,12.5,0
103166,1,13,13,0.6153846153846154,7.0,1
103169,1,15,15,0.6,8.0,1
103198,1,9,9,0.8888888888888888,5.0,1
103208,1,12,12,0.0,6.5,1
103211,1,13,13,1.0,7.0,1
103218,1,17,17,0.0,9.0,0
103243,1,3,3,1.0,2.0,1
103259,1,7,7,0.42857142857142855,4.0,1
103275,1,11,11,0.7272727272727273,6.0,1
103276,1,25,25,0.0,13.0,0
103288,1,2,2,1.0,1.5,1
103299,1,18,18,0.4444444444444444,9.5,0
103344,1,26,26,0.0,13.5,0
103354,1,17,17,0.7058823529411765,9.0,0
103361,1,1,1,0.0,1.0,1
103372,1,6,6,1.0,3.5,1
103388,1,3,3,1.0,2.0,1
103391,1,25,25,0.88,13.0,0
103392,1,6,6,0.0,3.5,1
103413,1,1,1,1.0,1.0,1
103419,1,6,6,1.0,3.5,1
103431,1,22,22,0.6818181818181818,11.5,0
103448,1,4,4,0.5,2.5,1
103468,1,5,5,0.0,3.0,1
103469,1,7,7,1.0,4.0,1
103470,1,9,9,0.0,5.0,1
103486,1,17,17,0.11764705882352941,9.0,0
103505,1,5,5,1.0,3.0,1
103507,1,6,6,1.0,3.5,1
103509,1,5,5,0.8,3.0,1
103523,1,6,6,0.16666666666666666,3.5,1
103545,1,10,10,0.3,5.5,1
103546,1,26,26,0.8846153846153846,13.5,0
103556,1,6,6,0.5,3.5,1
103566,1,3,3,0.6666666666666666,2.0,1
103589,1,6,6,0.5,3.5,1
103611,1,7,7,0.2857142857142857,4.0,1
103622,1,5,5,1.0,3.0,1
103634,1,45,45,0.7777777777777778,23.0,0
103635,1,2,2,1.0,1.5,1
103639,1,30,30,0.0,15.5,0
103642,1,5,5,0.8,3.0,1
103643,1,3,3,0.0,2.0,1
103647,1,2,2,1.0,1.5,1
103671,1,3,3,0.3333333333333333,2.0,1
103688,1,7,7,0.5714285714285714,4.0,1
103690,1,12,12,0.4166666666666667,6.5,1
103702,1,7,7,0.2857142857142857,4.0,1
103712,1,11,11,0.0,6.0,1
103716,1,14,14,0.5,7.5,1
103737,1,3,3,0.6666666666666666,2.0,1
103738,1,14,14,0.21428571428571427,7.5,1
103744,1,18,18,0.3888888888888889,9.5,0
103747,2,37,24,0.972972972972973,9.756756756756756,0
103763,1,11,11,0.6363636363636364,6.0,1
103769,1,12,12,0.08333333333333333,6.5,1
103771,1,10,10,0.3,5.5,1
103778,1,14,14,0.5714285714285714,7.5,1
103799,1,9,9,0.1111111111111111,5.0,1
103802,1,3,3,1.0,2.0,1
103805,1,9,9,0.3333333333333333,5.0,1
103831,1,3,3,0.0,2.0,1
103843,1,15,15,0.5333333333333333,8.0,1
103863,1,9,9,0.5555555555555556,5.0,1
103873,2,10,10,0.8,3.1,1
103879,1,2,2,1.0,1.5,1
103887,1,2,2,1.0,1.5,1
103889,1,9,9,0.3333333333333333,5.0,1
103908,1,22,22,0.0,11.5,0
103916,1,14,14,0.9285714285714286,7.5,1
103949,2,36,34,0.8611111111111112,11.75,0
103951,1,4,4,0.0,2.5,1
103966,1,5,5,1.0,3.0,1
103972,1,6,6,1.0,3.5,1
103976,1,3,3,1.0,2.0,1
103979,1,14,14,0.0,7.5,1
103983,1,13,13,0.23076923076923078,7.0,1
103994,1,7,7,1.0,4.0,1
104015,1,7,7,0.42857142857142855,4.0,1
104021,1,5,5,0.0,3.0,1
104042,1,7,7,0.8571428571428571,4.0,1
104052,1,15,15,0.26666666666666666,8.0,1
104059,1,1,1,1.0,1.0,1
104061,1,5,5,0.6,3.0,1
104088,1,13,13,0.3076923076923077,7.0,1
104111,1,23,23,0.6956521739130435,12.0,0
104115,1,10,10,0.6,5.5,1
104119,1,6,6,0.16666666666666666,3.5,1
104129,1,7,7,1.0,4.0,1
104130,1,6,6,1.0,3.5,1
104133,1,7,7,0.0,4.0,1
104141,1,11,11,0.5454545454545454,6.0,1
104170,1,9,9,0.3333333333333333,5.0,1
104184,1,21,21,0.8095238095238095,11.0,0
104186,1,4,4,1.0,2.5,1
104189,1,5,5,0.2,3.0,1
104204,1,4,4,0.75,2.5,1
104209,1,7,7,0.2857142857142857,4.0,1
104238,1,2,2,0.5,1.5,1
104242,2,23,21,0.782608695652174,6.782608695652174,0
104261,1,14,14,0.5714285714285714,7.5,1
104288,2,31,31,0.5483870967741935,8.258064516129032,0
104292,1,10,10,0.4,5.5,1
104295,1,17,17,0.6470588235294118,9.0,0
104307,1,3,3,1.0,2.0,1
104317,1,3,3,0.0,2.0,1
104320,1,9,9,0.8888888888888888,5.0,1
104344,1,6,6,0.0,3.5,1
104355,1,8,8,0.75,4.5,1
104363,1,5,5,0.4,3.0,1
104366,1,3,3,0.0,2.0,1
104373,1,23,23,0.0,12.0,0
104396,1,3,3,1.0,2.0,1
104398,1,26,26,0.5769230769230769,13.5,0
104439,1,7,7,0.14285714285714285,4.0,1
104441,2,23,22,0.5652173913043478,6.3478260869565215,0
104462,1,5,5,0.8,3.0,1
104463,1,12,12,0.9166666666666666,6.5,1
104472,1,6,6,0.3333333333333333,3.5,1
104480,1,7,7,0.0,4.0,1
104499,1,27,27,0.7037037037037037,14.0,0
104508,1,5,5,1.0,3.0,1
104530,1,7,7,0.7142857142857143,4.0,1
104550,1,5,5,0.6,3.0,1
104557,1,4,4,0.25,2.5,1
104572,1,13,13,0.38461538461538464,7.0,1
104596,1,4,4,0.75,2.5,1
104598,1,10,10,0.0,5.5,1
104601,2,26,23,0.7692307692307693,7.153846153846154,0
104608,1,23,23,0.8260869565217391,12.0,0
104640,1,14,14,0.5714285714285714,7.5,1
104644,1,3,3,0.0,2.0,1
104668,1,28,28,0.7142857142857143,14.5,0
104686,2,20,20,0.9,5.55,0
104688,1,6,6,0.5,3.5,1
104701,1,11,11,0.2727272727272727,6.0,1
104714,1,3,3,0.3333333333333333,2.0,1
104716,1,9,9,0.0,5.0,1
104720,1,4,4,0.75,2.5,1
104725,1,2,2,0.0,1.5,1
104737,1,5,5,1.0,3.0,1
104764,2,13,13,0.9230769230769231,5.3076923076923075,1
104773,1,10,10,1.0,5.5,1
104785,2,25,25,0.84,7.56,0
104812,1,1,1,0.0,1.0,1
104821,1,5,5,0.8,3.0,1
104823,1,9,9,0.2222222222222222,5.0,1
104834,1,8,8,0.75,4.5,1
104839,1,10,10,0.7,5.5,1
104844,1,15,15,0.9333333333333333,8.0,1
104853,2,28,28,1.0,8.071428571428571,0
104857,1,10,10,1.0,5.5,1
104879,1,7,7,0.8571428571428571,4.0,1
104903,1,12,12,0.08333333333333333,6.5,1
104910,1,3,3,1.0,2.0,1
104921,1,11,11,0.36363636363636365,6.0,1
104928,2,12,11,0.6666666666666666,3.5833333333333335,1
104932,1,14,14,0.5714285714285714,7.5,1
104979,1,6,6,0.6666666666666666,3.5,1
104997,1,8,8,0.5,4.5,1
105001,1,25,25,0.44,13.0,0
105002,1,6,6,0.6666666666666666,3.5,1
105005,1,27,27,0.8888888888888888,14.0,0
105010,1,12,12,0.16666666666666666,6.5,1
105011,1,10,10,0.3,5.5,1
105026,1,9,9,0.2222222222222222,5.0,1
105028,1,5,5,1.0,3.0,1
105089,1,8,8,0.875,4.5,1
105091,1,13,13,0.8461538461538461,7.0,1
105100,1,7,7,0.8571428571428571,4.0,1
105105,2,6,6,0.3333333333333333,2.1666666666666665,1
105120,1,23,23,0.0,12.0,0
105132,1,10,10,0.8,5.5,1
105133,1,2,2,1.0,1.5,1
105144,1,11,11,0.0,6.0,1
105171,1,10,10,1.0,5.5,1
105177,1,19,19,0.7368421052631579,10.0,0
105187,2,10,10,1.0,3.1,1
105190,2,10,10,0.3,3.4,1
105206,1,21,21,0.7619047619047619,11.0,0
105217,1,25,25,0.16,13.0,0
105218,1,5,5,1.0,3.0,1
105219,1,29,29,0.9310344827586207,15.0,0
105224,1,3,3,0.3333333333333333,2.0,1
105237,1,7,7,0.8571428571428571,4.0,1
105239,1,6,6,0.0,3.5,1
105263,1,2,2,0.5,1.5,1
105284,1,16,16,0.125,8.5,0
105299,2,8,7,0.625,2.5,1
105300,1,10,10,0.7,5.5,1
105319,2,10,10,0.2,3.9,1
105320,1,20,20,0.85,10.5,0
105330,1,3,3,1.0,2.0,1
105338,1,6,6,0.8333333333333334,3.5,1
105354,1,1,1,1.0,1.0,1
105356,1,5,5,0.6,3.0,1
105357,1,5,5,1.0,3.0,1
105375,1,8,8,1.0,4.5,1
105381,1,2,2,0.5,1.5,1
105422,2,19,19,0.9473684210526315,5.578947368421052,0
105428,1,11,11,0.36363636363636365,6.0,1
105431,2,14,14,0.6428571428571429,4.071428571428571,1
105434,1,1,1,0.0,1.0,1
105463,1,26,26,0.23076923076923078,13.5,0
105479,2,5,5,0.8,2.2,1
105480,1,10,10,0.9,5.5,1
105539,1,8,8,0.5,4.5,1
105550,1,11,11,0.18181818181818182,6.0,1
105555,1,7,7,0.0,4.0,1
105560,2,37,37,0.7027027027027027,9.91891891891892,0
105562,1,3,3,1.0,2.0,1
105579,1,5,5,1.0,3.0,1
105592,1,12,12,0.75,6.5,1
105599,1,14,14,0.5,7.5,1
105601,1,6,6,0.6666666666666666,3.5,1
105603,1,12,12,0.3333333333333333,6.5,1
105623,1,5,5,0.8,3.0,1
105670,1,4,4,1.0,2.5,1
105695,1,38,38,0.2894736842105263,19.5,0
105703,1,12,12,0.0,6.5,1
105719,1,6,6,0.3333333333333333,3.5,1
105739,1,7,7,0.5714285714285714,4.0,1
105746,1,13,13,0.5384615384615384,7.0,1
105755,1,4,4,0.0,2.5,1
105758,1,8,8,0.5,4.5,1
105762,1,6,6,0.16666666666666666,3.5,1
105768,1,3,3,0.6666666666666666,2.0,1
105773,1,28,28,0.5,14.5,0
105829,1,10,10,1.0,5.5,1
105881,1,8,8,0.75,4.5,1
105895,1,15,15,0.9333333333333333,8.0,1
105896,1,1,1,0.0,1.0,1
105913,1,4,4,1.0,2.5,1
105914,1,1,1,1.0,1.0,1
105916,1,11,11,0.6363636363636364,6.0,1
105928,1,4,4,1.0,2.5,1
105934,1,7,7,0.7142857142857143,4.0,1
105939,2,41,34,0.9024390243902439,11.78048780487805,0
105973,1,3,3,0.3333333333333333,2.0,1
105976,1,2,2,1.0,1.5,1
106000,1,7,7,0.8571428571428571,4.0,1
106004,1,21,21,0.9047619047619048,11.0,0
106008,1,2,2,0.0,1.5,1
106018,1,17,17,0.7647058823529411,9.0,0
106027,1,16,16,1.0,8.5,0
106032,1,20,20,1.0,10.5,0
106059,1,3,3,0.3333333333333333,2.0,1
106077,1,6,6,0.0,3.5,1
106081,1,16,16,0.5,8.5,0
106082,1,2,2,1.0,1.5,1
106084,1,13,13,0.0,7.0,1
106086,1,6,6,1.0,3.5,1
106092,1,10,10,0.3,5.5,1
106103,1,3,3,0.6666666666666666,2.0,1
106113,1,11,11,0.18181818181818182,6.0,1
106143,1,1,1,1.0,1.0,1
106155,1,2,2,1.0,1.5,1
106161,1,25,25,0.64,13.0,0
106187,1,3,3,1.0,2.0,1
106215,1,4,4,0.75,2.5,1
106248,1,8,8,0.0,4.5,1
106252,1,7,7,0.14285714285714285,4.0,1
106256,1,6,6,0.8333333333333334,3.5,1
106292,1,4,4,0.5,2.5,1
106305,1,2,2,1.0,1.5,1
106310,1,23,23,0.2608695652173913,12.0,0
106321,2,38,34,0.868421052631579,11.289473684210526,0
106330,2,11,7,0.9090909090909091,3.4545454545454546,1
106337,1,17,17,0.29411764705882354,9.0,0
106367,1,8,8,0.25,4.5,1
106387,1,16,16,0.0,8.5,0
106397,1,12,12,0.6666666666666666,6.5,1
106405,1,13,13,1.0,7.0,1
106424,1,1,1,0.0,1.0,1
106453,1,4,4,1.0,2.5,1
106481,1,5,5,0.8,3.0,1
106483,1,11,11,0.5454545454545454,6.0,1
106485,1,6,6,0.5,3.5,1
106493,1,21,21,0.0,11.0,0
106517,1,16,16,0.6875,8.5,0
106519,1,15,15,0.9333333333333333,8.0,1
106527,1,6,6,1.0,3.5,1
106542,1,11,11,0.36363636363636365,6.0,1
106543,1,23,23,0.5217391304347826,12.0,0
106578,1,5,5,0.8,3.0,1
106592,1,14,14,0.0,7.5,1
106607,1,2,2,0.5,1.5,1
106611,1,24,24,0.75,12.5,0
106614,1,2,2,1.0,1.5,1
106642,1,2,2,1.0,1.5,1
106647,1,12,12,0.4166666666666667,6.5,1
106651,1,5,5,0.4,3.0,1
106654,1,18,18,0.8333333333333334,9.5,0
106672,1,33,33,0.0,17.0,0
106713,1,1,1,1.0,1.0,1
106717,1,11,11,0.5454545454545454,6.0,1
106718,1,9,9,0.4444444444444444,5.0,1
106735,1,29,29,0.3448275862068966,15.0,0
106776,1,12,12,0.25,6.5,1
106789,1,2,2,1.0,1.5,1
106796,1,5,5,0.6,3.0,1
106826,2,24,24,1.0,6.541666666666667,0
106854,1,4,4,1.0,2.5,1
106876,1,6,6,0.3333333333333333,3.5,1
106879,1,24,24,0.75,12.5,0
106895,1,9,9,0.7777777777777778,5.0,1
106907,1,6,6,0.8333333333333334,3.5,1
106932,1,5,5,0.8,3.0,1
106934,1,3,3,1.0,2.0,1
106973,1,26,26,0.6153846153846154,13.5,0
106995,1,6,6,0.16666666666666666,3.5,1
107001,1,4,4,0.5,2.5,1
107007,1,9,9,0.3333333333333333,5.0,1
107019,1,3,3,1.0,2.0,1
107044,1,5,5,0.4,3.0,1
107066,1,18,18,0.8888888888888888,9.5,0
107068,1,8,8,1.0,4.5,1
107078,1,19,19,0.2631578947368421,10.0,0
107093,1,4,4,0.25,2.5,1
107098,1,3,3,0.6666666666666666,2.0,1
107144,1,18,18,0.8888888888888888,9.5,0
107145,1,7,7,0.42857142857142855,4.0,1
107149,1,4,4,0.5,2.5,1
107152,1,8,8,0.625,4.5,1
107159,1,17,17,1.0,9.0,0
107160,1,4,4,0.5,2.5,1
107170,1,19,19,1.0,10.0,0
107179,1,8,8,0.75,4.5,1
107182,1,12,12,0.4166666666666667,6.5,1
107242,1,3,3,0.3333333333333333,2.0,1
107244,1,1,1,1.0,1.0,1
107247,1,11,11,0.5454545454545454,6.0,1
107254,2,8,7,1.0,2.625,1
107295,1,13,13,0.6923076923076923,7.0,1
107327,2,19,19,0.8947368421052632,5.578947368421052,0
107330,1,8,8,0.0,4.5,1
107333,1,14,14,0.8571428571428571,7.5,1
107360,1,13,13,0.6153846153846154,7.0,1
107362,1,11,11,0.6363636363636364,6.0,1
107376,1,18,18,0.8333333333333334,9.5,0
107379,1,3,3,0.6666666666666666,2.0,1
107384,1,11,11,1.0,6.0,1
107398,1,8,8,0.625,4.5,1
107430,1,2,2,1.0,1.5,1
107436,1,2,2,1.0,1.5,1
107447,1,13,13,1.0,7.0,1
107455,1,8,8,0.25,4.5,1
107475,1,8,8,0.875,4.5,1
107494,1,7,7,0.8571428571428571,4.0,1
107510,1,2,2,1.0,1.5,1
107523,1,7,7,0.7142857142857143,4.0,1
107541,1,3,3,1.0,2.0,1
107569,1,4,4,0.5,2.5,1
107575,1,1,1,1.0,1.0,1
107583,2,20,17,0.55,5.95,0
107585,1,9,9,0.7777777777777778,5.0,1
107592,1,49,49,0.7346938775510204,25.0,0
107593,1,12,12,0.6666666666666666,6.5,1
107607,1,11,11,1.0,6.0,1
107620,1,7,7,0.5714285714285714,4.0,1
107632,1,19,19,0.47368421052631576,10.0,0
107645,1,7,7,0.5714285714285714,4.0,1
107659,1,10,10,0.5,5.5,1
107660,1,28,28,0.8571428571428571,14.5,0
107686,1,2,2,0.0,1.5,1
107724,1,13,13,0.38461538461538464,7.0,1
107732,1,3,3,0.3333333333333333,2.0,1
107733,1,3,3,0.3333333333333333,2.0,1
107744,1,6,6,0.0,3.5,1
107763,1,2,2,1.0,1.5,1
107783,1,10,10,0.4,5.5,1
107808,1,5,5,0.4,3.0,1
107809,1,3,3,1.0,2.0,1
107813,1,13,13,0.15384615384615385,7.0,1
107814,1,17,17,1.0,9.0,0
107820,2,10,9,0.9,3.1,1
107843,1,6,6,0.0,3.5,1
107844,1,9,9,0.4444444444444444,5.0,1
107882,1,22,22,0.9545454545454546,11.5,0
107885,1,19,19,0.0,10.0,0
107888,1,12,12,0.5,6.5,1
107897,1,5,5,0.6,3.0,1
107922,1,7,7,0.2857142857142857,4.0,1
107926,1,5,5,1.0,3.0,1
107932,1,1,1,0.0,1.0,1
107935,1,11,11,0.18181818181818182,6.0,1
107936,1,2,2,1.0,1.5,1
107937,1,10,10,0.2,5.5,1
107955,1,9,9,0.8888888888888888,5.0,1
107957,1,14,14,0.5,7.5,1
107981,1,3,3,0.6666666666666666,2.0,1
107983,1,16,16,0.6875,8.5,0
107996,1,7,7,0.14285714285714285,4.0,1
108032,2,29,25,0.6896551724137931,9.689655172413794,0
108047,2,12,12,0.8333333333333334,4.833333333333333,1
108069,1,12,12,0.0,6.5,1
108087,1,9,9,1.0,5.0,1
108092,1,4,4,0.0,2.5,1
108097,1,9,9,0.0,5.0,1
108098,1,17,17,0.7647058823529411,9.0,0
108104,1,5,5,1.0,3.0,1
108105,1,4,4,1.0,2.5,1
108153,1,57,57,0.03508771929824561,29.0,0
108163,1,6,6,0.3333333333333333,3.5,1
108185,1,7,7,0.2857142857142857,4.0,1
108188,1,11,11,0.8181818181818182,6.0,1
108191,2,6,5,0.16666666666666666,2.0,1
108192,1,23,23,0.9130434782608695,12.0,0
108195,1,38,38,0.2894736842105263,19.5,0
108198,1,12,12,0.16666666666666666,6.5,1
108199,1,10,10,0.5,5.5,1
108207,1,23,23,0.7391304347826086,12.0,0
108211,1,11,11,0.5454545454545454,6.0,1
108217,1,1,1,1.0,1.0,1
108228,1,9,9,0.0,5.0,1
108238,2,38,38,0.05263157894736842,11.68421052631579,0
108249,1,8,8,1.0,4.5,1
108273,2,20,20,0.6,7.3,0
108275,1,4,4,0.0,2.5,1
108309,1,2,2,0.0,1.5,1
108321,1,5,5,0.4,3.0,1
108327,1,14,14,0.7857142857142857,7.5,1
108338,1,20,20,0.25,10.5,0
108346,1,27,27,0.6666666666666666,14.0,0
108347,1,10,10,0.9,5.5,1
108351,1,6,6,0.8333333333333334,3.5,1
108369,1,16,16,0.6875,8.5,0
108370,1,1,1,0.0,1.0,1
108389,2,11,10,0.2727272727272727,3.272727272727273,1
108396,1,3,3,0.6666666666666666,2.0,1
108401,2,25,25,0.92,9.64,0
108456,1,3,3,1.0,2.0,1
108457,1,23,23,0.9130434782608695,12.0,0
108467,1,1,1,1.0,1.0,1
108477,1,12,12,0.25,6.5,1
108494,1,14,14,0.5,7.5,1
108495,2,22,21,0.9545454545454546,6.7272727272727275,0
108498,1,8,8,0.625,4.5,1
108505,1,15,15,0.7333333333333333,8.0,1
108532,1,26,26,0.15384615384615385,13.5,0
108537,2,4,4,0.5,1.5,1
108539,2,26,26,0.8076923076923077,7.346153846153846,0
108572,1,2,2,0.5,1.5,1
108574,1,1,1,0.0,1.0,1
108577,1,2,2,1.0,1.5,1
108578,1,3,3,0.0,2.0,1
108597,1,46,46,0.2608695652173913,23.5,0
108612,1,4,4,0.5,2.5,1
108615,1,15,15,0.0,8.0,1
108635,1,12,12,0.5833333333333334,6.5,1
108651,1,19,19,0.5789473684210527,10.0,0
108656,1,6,6,0.5,3.5,1
108660,1,3,3,0.0,2.0,1
108665,1,8,8,0.25,4.5,1
108666,1,9,9,0.7777777777777778,5.0,1
108681,1,8,8,0.75,4.5,1
108710,1,14,14,0.5,7.5,1
108717,1,20,20,0.7,10.5,0
108726,2,17,17,0.8823529411764706,5.470588235294118,0
108740,1,33,33,0.30303030303030304,17.0,0
108747,2,15,15,0.6,4.266666666666667,0
108768,1,7,7,0.5714285714285714,4.0,1
108771,2,3,3,0.3333333333333333,1.3333333333333333,1
108776,1,10,10,0.9,5.5,1
108777,1,8,8,0.5,4.5,1
108779,1,1,1,0.0,1.0,1
108790,1,20,20,1.0,10.5,0
108794,1,5,5,0.4,3.0,1
108796,1,13,13,0.46153846153846156,7.0,1
108805,1,19,19,0.0,10.0,0
108814,1,3,3,0.6666666666666666,2.0,1
108819,1,14,14,0.9285714285714286,7.5,1
108827,1,33,33,0.21212121212121213,17.0,0
108832,2,12,12,0.3333333333333333,4.25,1
108839,1,8,8,0.25,4.5,1
108845,1,9,9,0.7777777777777778,5.0,1
108851,1,4,4,1.0,2.5,1
108854,1,18,18,0.5555555555555556,9.5,0
108880,1,3,3,0.3333333333333333,2.0,1
108891,1,7,7,0.8571428571428571,4.0,1
108919,1,10,10,1.0,5.5,1
108932,1,15,15,0.5333333333333333,8.0,1
108935,1,15,15,0.8,8.0,1
108940,1,5,5,0.6,3.0,1
108947,1,4,4,0.25,2.5,1
108988,1,4,4,0.0,2.5,1
109003,1,9,9,0.6666666666666666,5.0,1
109048,1,2,2,0.5,1.5,1
109050,1,14,14,0.5714285714285714,7.5,1
109052,1,10,10,0.3,5.5,1
109056,1,22,22,0.5909090909090909,11.5,0
109082,1,7,7,0.14285714285714285,4.0,1
109095,1,21,21,0.2857142857142857,11.0,0
109120,1,13,13,0.3076923076923077,7.0,1
109137,1,17,17,0.8235294117647058,9.0,0
109151,2,20,20,0.95,5.95,0
109161,1,2,2,0.5,1.5,1
109170,1,4,4,0.5,2.5,1
109171,1,1,1,1.0,1.0,1
109175,1,4,4,0.0,2.5,1
109177,1,3,3,0.3333333333333333,2.0,1
109180,1,6,6,0.0,3.5,1
109189,1,3,3,0.0,2.0,1
109201,1,6,6,0.3333333333333333,3.5,1
109214,1,14,14,0.5714285714285714,7.5,1
109224,1,14,14,0.9285714285714286,7.5,1
109247,1,10,10,0.2,5.5,1
109259,1,8,8,0.0,4.5,1
109260,1,3,3,1.0,2.0,1
109268,1,5,5,0.8,3.0,1
109275,1,10,10,0.0,5.5,1
109289,1,1,1,1.0,1.0,1
109320,1,8,8,0.25,4.5,1
109343,1,6,6,0.16666666666666666,3.5,1
109349,1,14,14,0.7857142857142857,7.5,1
109393,2,26,23,0.7692307692307693,7.038461538461538,0
109406,1,8,8,0.0,4.5,1
109411,1,20,20,0.1,10.5,0
109434,2,6,6,0.8333333333333334,2.1666666666666665,1
109463,1,13,13,0.6153846153846154,7.0,1
109472,1,2,2,0.0,1.5,1
109489,1,8,8,0.875,4.5,1
109522,1,19,19,0.3684210526315789,10.0,0
109531,1,7,7,0.8571428571428571,4.0,1
109534,1,17,17,0.8235294117647058,9.0,0
109537,1,11,11,0.36363636363636365,6.0,1
109546,1,13,13,0.0,7.0,1
109550,1,14,14,0.7142857142857143,7.5,1
109560,1,21,21,0.0,11.0,0
109562,1,14,14,0.5,7.5,1
109567,1,1,1,0.0,1.0,1
109572,1,6,6,0.6666666666666666,3.5,1
109592,1,21,21,0.0,11.0,0
109602,1,3,3,1.0,2.0,1
109627,1,5,5,0.6,3.0,1
109631,1,17,17,0.4117647058823529,9.0,0
109634,1,28,28,0.0,14.5,0
109638,2,4,4,0.5,1.75,1
109658,1,6,6,0.8333333333333334,3.5,1
109669,1,6,6,0.3333333333333333,3.5,1
109673,1,9,9,1.0,5.0,1
109681,1,14,14,0.9285714285714286,7.5,1
109689,3,18,17,0.5,4.222222222222222,0
109697,1,5,5,0.8,3.0,1
109700,1,19,19,0.0,10.0,0
109712,1,9,9,0.7777777777777778,5.0,1
109773,1,15,15,0.6,8.0,1
109807,1,5,5,0.0,3.0,1
109809,1,8,8,0.75,4.5,1
109811,1,7,7,0.14285714285714285,4.0,1
109812,2,8,8,0.875,3.625,1
109817,1,3,3,0.0,2.0,1
109839,1,19,19,1.0,10.0,0
109846,2,16,13,0.875,4.5,0
109851,1,2,2,0.5,1.5,1
109873,1,5,5,0.0,3.0,1
109882,1,12,12,0.4166666666666667,6.5,1
109899,2,6,6,1.0,2.0,1
109903,1,3,3,1.0,2.0,1
109904,2,16,13,0.9375,5.5,0
109905,1,11,11,0.0,6.0,1
109906,1,15,15,0.6666666666666666,8.0,1
109917,1,15,15,0.5333333333333333,8.0,1
109926,1,21,21,0.0,11.0,0
109935,1,10,10,0.9,5.5,1
109942,1,21,21,0.0,11.0,0
109948,1,17,17,0.47058823529411764,9.0,0
109955,1,8,8,1.0,4.5,1
109967,1,3,3,1.0,2.0,1
109969,1,30,30,0.7333333333333333,15.5,0
109979,1,4,4,0.75,2.5,1
109980,1,20,20,0.75,10.5,0
110001,1,14,14,0.7857142857142857,7.5,1
110012,1,9,9,0.8888888888888888,5.0,1
110023,1,1,1,0.0,1.0,1
110024,2,31,30,0.3870967741935484,8.451612903225806,0
110033,1,12,12,0.3333333333333333,6.5,1
110040,1,7,7,0.42857142857142855,4.0,1
110045,1,6,6,0.3333333333333333,3.5,1
110049,1,15,15,0.8666666666666667,8.0,1
110052,1,24,24,0.2916666666666667,12.5,0
110056,1,2,2,1.0,1.5,1
110064,1,11,11,1.0,6.0,1
110073,2,14,14,0.35714285714285715,4.071428571428571,1
110085,1,12,12,0.5833333333333334,6.5,1
110101,1,2,2,1.0,1.5,1
110120,1,1,1,1.0,1.0,1
110128,2,21,16,0.9523809523809523,5.761904761904762,0
110141,1,4,4,0.75,2.5,1
110146,1,19,19,0.2631578947368421,10.0,0
110197,3,73,65,0.8767123287671232,14.10958904109589,0
110198,1,3,3,0.0,2.0,1
110205,1,4,4,0.5,2.5,1
110254,1,20,20,0.95,10.5,0
110263,1,14,14,0.35714285714285715,7.5,1
110265,1,10,10,0.8,5.5,1
110267,1,2,2,0.0,1.5,1
110273,1,8,8,0.625,4.5,1
110282,1,9,9,0.0,5.0,1
110287,1,10,10,0.0,5.5,1
110354,1,6,6,1.0,3.5,1
110356,1,17,17,0.058823529411764705,9.0,0
110363,2,11,11,0.8181818181818182,3.4545454545454546,1
110374,1,28,28,0.5,14.5,0
110390,1,9,9,0.8888888888888888,5.0,1
110430,1,16,16,0.3125,8.5,0
110436,1,12,12,0.4166666666666667,6.5,1
110442,1,7,7,1.0,4.0,1
110448,1,1,1,0.0,1.0,1
110449,1,7,7,0.14285714285714285,4.0,1
110467,1,19,19,0.6842105263157895,10.0,0
110469,1,15,15,0.4666666666666667,8.0,1
110472,1,4,4,0.5,2.5,1
110483,1,30,30,0.5333333333333333,15.5,0
110487,1,7,7,0.5714285714285714,4.0,1
110488,1,2,2,0.0,1.5,1
110505,1,10,10,0.7,5.5,1
110513,1,9,9,0.1111111111111111,5.0,1
110514,1,12,12,0.6666666666666666,6.5,1
110522,1,10,10,0.6,5.5,1
110528,1,9,9,0.5555555555555556,5.0,1
110533,1,7,7,0.0,4.0,1
110558,1,5,5,0.6,3.0,1
110568,2,29,21,0.9310344827586207,7.827586206896552,0
110571,1,9,9,0.0,5.0,1
110596,1,12,12,1.0,6.5,1
110608,1,14,14,0.7857142857142857,7.5,1
110615,1,10,10,0.4,5.5,1
110626,1,10,10,0.5,5.5,1
110647,2,17,17,0.4117647058823529,4.764705882352941,0
110673,1,11,11,0.8181818181818182,6.0,1
110683,1,17,17,0.5294117647058824,9.0,0
110684,1,8,8,1.0,4.5,1
110694,1,6,6,1.0,3.5,1
110698,1,8,8,1.0,4.5,1
110705,1,8,8,1.0,4.5,1
110708,1,5,5,0.0,3.0,1
110719,1,5,5,0.8,3.0,1
110722,1,8,8,0.75,4.5,1
110727,1,4,4,1.0,2.5,1
110737,1,10,10,0.0,5.5,1
110754,1,5,5,0.4,3.0,1
110755,1,1,1,1.0,1.0,1
110758,1,16,16,0.25,8.5,0
110779,1,11,11,0.7272727272727273,6.0,1
110802,1,9,9,0.1111111111111111,5.0,1
110808,1,22,22,0.7727272727272727,11.5,0
110835,1,17,17,0.6470588235294118,9.0,0
110844,1,25,25,0.8,13.0,0
110853,1,9,9,0.5555555555555556,5.0,1
110856,1,2,2,1.0,1.5,1
110975,1,9,9,0.8888888888888888,5.0,1
110980,2,33,33,0.3939393939393939,10.93939393939394,0
110982,1,17,17,0.47058823529411764,9.0,0
110984,1,5,5,0.0,3.0,1
110986,1,3,3,1.0,2.0,1
110991,1,20,20,0.5,10.5,0
110992,1,5,5,0.0,3.0,1
110995,1,38,38,0.23684210526315788,19.5,0
111005,1,1,1,1.0,1.0,1
111043,1,10,10,0.3,5.5,1
111046,1,13,13,0.6153846153846154,7.0,1
111062,1,13,13,0.23076923076923078,7.0,1
111069,1,4,4,0.0,2.5,1
111072,1,2,2,1.0,1.5,1
111081,2,9,9,0.3333333333333333,3.0,1
111083,1,23,23,0.0,12.0,0
111112,1,9,9,0.0,5.0,1
111114,1,11,11,0.2727272727272727,6.0,1
111122,1,1,1,0.0,1.0,1
111128,1,37,37,0.8108108108108109,19.0,0
111134,2,19,11,0.9473684210526315,5.2631578947368425,0
111136,1,1,1,1.0,1.0,1
111138,1,17,17,0.6470588235294118,9.0,0
111139,1,10,10,0.1,5.5,1
111149,1,15,15,0.6666666666666666,8.0,1
111164,1,1,1,0.0,1.0,1
111177,1,28,28,0.10714285714285714,14.5,0
111195,1,15,15,0.7333333333333333,8.0,1
111196,1,19,19,0.631578947368421,10.0,0
111212,2,4,4,1.0,1.75,1
111218,1,27,27,0.7037037037037037,14.0,0
111261,1,3,3,0.0,2.0,1
111274,1,5,5,0.4,3.0,1
111299,1,17,17,1.0,9.0,0
111308,1,4,4,0.5,2.5,1
111315,1,1,1,1.0,1.0,1
111317,1,10,10,0.6,5.5,1
111322,1,25,25,0.8,13.0,0
111327,1,15,15,0.8666666666666667,8.0,1
111344,1,14,14,0.0,7.5,1
111357,1,4,4,1.0,2.5,1
111365,2,3,2,1.0,1.3333333333333333,1
111372,1,13,13,0.6923076923076923,7.0,1
111381,1,12,12,1.0,6.5,1
111385,1,11,11,0.9090909090909091,6.0,1
111396,1,3,3,1.0,2.0,1
111410,1,3,3,1.0,2.0,1
111438,1,8,8,0.5,4.5,1
111451,4,66,58,0.8787878787878788,11.06060606060606,0
111467,1,3,3,1.0,2.0,1
111475,1,5,5,0.6,3.0,1
111488,1,16,16,0.875,8.5,0
111490,1,16,16,0.6875,8.5,0
111493,1,5,5,0.4,3.0,1
111494,1,13,13,1.0,7.0,1
111550,2,19,16,0.8947368421052632,5.2631578947368425,0
111555,1,5,5,1.0,3.0,1
111557,2,14,14,0.42857142857142855,4.0,1
111577,1,2,2,0.5,1.5,1
111608,2,11,10,0.9090909090909091,3.272727272727273,1
111612,1,7,7,0.42857142857142855,4.0,1
111619,1,21,21,0.7619047619047619,11.0,0
111623,2,23,21,0.8695652173913043,7.565217391304348,0
111639,1,3,3,0.3333333333333333,2.0,1
111642,1,6,6,0.3333333333333333,3.5,1
111651,2,10,10,0.5,3.0,1
111664,2,12,10,1.0,3.8333333333333335,1
111666,1,12,12,0.0,6.5,1
111667,1,1,1,0.0,1.0,1
111675,1,4,4,1.0,2.5,1
111683,1,11,11,0.5454545454545454,6.0,1
111687,1,7,7,1.0,4.0,1
111717,1,18,18,0.6111111111111112,9.5,0
111726,1,6,6,1.0,3.5,1
111743,1,4,4,0.75,2.5,1
111744,1,12,12,0.5833333333333334,6.5,1
111768,1,1,1,0.0,1.0,1
111773,1,17,17,0.47058823529411764,9.0,0
111782,1,13,13,0.7692307692307693,7.0,1
111786,1,7,7,0.0,4.0,1
111802,1,9,9,1.0,5.0,1
111814,2,9,9,1.0,3.4444444444444446,1
111815,1,6,6,0.3333333333333333,3.5,1
111816,1,10,10,0.5,5.5,1
111817,1,3,3,1.0,2.0,1
111853,1,15,15,0.6,8.0,1
111879,1,10,10,0.0,5.5,1
111880,1,12,12,0.0,6.5,1
111921,1,11,11,1.0,6.0,1
111922,1,2,2,1.0,1.5,1
111926,1,9,9,1.0,5.0,1
111936,1,7,7,0.7142857142857143,4.0,1
111941,1,7,7,0.5714285714285714,4.0,1
111943,1,3,3,0.6666666666666666,2.0,1
111982,2,5,5,1.0,1.8,1
111984,1,41,41,0.0,21.0,0
111987,1,5,5,1.0,3.0,1
112000,1,6,6,0.16666666666666666,3.5,1
112005,1,3,3,1.0,2.0,1
112006,1,4,4,1.0,2.5,1
112026,3,32,31,0.90625,5.90625,0
112030,1,2,2,1.0,1.5,1
112043,1,11,11,0.45454545454545453,6.0,1
112092,2,25,25,0.64,7.24,0
112102,1,24,24,0.75,12.5,0
112105,1,9,9,0.2222222222222222,5.0,1
112111,1,21,21,0.6190476190476191,11.0,0
112121,1,1,1,0.0,1.0,1
112125,1,3,3,0.6666666666666666,2.0,1
112144,1,5,5,0.8,3.0,1
112172,1,15,15,0.13333333333333333,8.0,1
112179,1,23,23,0.30434782608695654,12.0,0
112181,1,16,16,0.0,8.5,0
112229,2,11,11,0.45454545454545453,3.272727272727273,1
112235,1,8,8,0.5,4.5,1
112261,1,2,2,1.0,1.5,1
112270,1,1,1,0.0,1.0,1
112272,1,3,3,1.0,2.0,1
112278,2,16,16,0.25,4.75,0
112280,1,12,12,0.5,6.5,1
112298,2,27,25,0.6296296296296297,8.0,0
112305,1,5,5,0.4,3.0,1
112319,1,6,6,1.0,3.5,1
112325,2,18,18,0.3888888888888889,5.055555555555555,0
112327,1,5,5,0.8,3.0,1
112335,1,6,6,0.6666666666666666,3.5,1
112336,2,15,15,0.0,4.4,0
112345,1,3,3,1.0,2.0,1
112365,1,7,7,0.8571428571428571,4.0,1
112392,1,1,1,1.0,1.0,1
112400,1,15,15,0.13333333333333333,8.0,1
112429,1,14,14,0.9285714285714286,7.5,1
112437,2,16,16,0.6875,6.75,0
112446,1,4,4,0.0,2.5,1
112450,1,12,12,0.75,6.5,1
112463,1,6,6,0.3333333333333333,3.5,1
112501,1,3,3,1.0,2.0,1
112524,1,9,9,0.7777777777777778,5.0,1
112526,2,11,11,0.45454545454545453,3.4545454545454546,1
112535,1,11,11,0.8181818181818182,6.0,1
112551,1,8,8,0.625,4.5,1
112553,1,41,41,0.4878048780487805,21.0,0
112554,1,8,8,1.0,4.5,1
112555,1,9,9,0.8888888888888888,5.0,1
112557,1,11,11,0.0,6.0,1
112580,1,4,4,1.0,2.5,1
112588,1,19,19,0.21052631578947367,10.0,0
112601,1,2,2,0.0,1.5,1
112604,1,9,9,0.4444444444444444,5.0,1
112606,2,76,76,0.6710526315789473,20.144736842105264,0
112609,1,18,18,0.5555555555555556,9.5,0
112623,1,11,11,0.8181818181818182,6.0,1
112648,1,5,5,0.6,3.0,1
112678,1,2,2,0.5,1.5,1
112685,1,9,9,0.8888888888888888,5.0,1
112686,2,5,5,0.6,1.8,1
112708,1,1,1,0.0,1.0,1
112717,1,4,4,0.75,2.5,1
112723,1,9,9,0.4444444444444444,5.0,1
112733,1,3,3,0.6666666666666666,2.0,1
112743,1,12,12,0.0,6.5,1
112763,1,12,12,0.25,6.5,1
112778,1,8,8,0.125,4.5,1
112795,1,1,1,0.0,1.0,1
112802,1,5,5,0.4,3.0,1
112817,1,7,7,0.5714285714285714,4.0,1
112821,2,22,18,0.5454545454545454,6.409090909090909,0
112830,1,29,29,0.6206896551724138,15.0,0
112844,1,20,20,0.45,10.5,0
112847,1,4,4,0.5,2.5,1
112867,1,8,8,0.875,4.5,1
112880,1,7,7,0.42857142857142855,4.0,1
112897,1,13,13,0.38461538461538464,7.0,1
112898,1,18,18,0.16666666666666666,9.5,0
112915,1,7,7,0.7142857142857143,4.0,1
112922,1,2,2,1.0,1.5,1
112934,1,8,8,0.625,4.5,1
112937,1,5,5,1.0,3.0,1
112950,1,14,14,0.5,7.5,1
112965,1,5,5,1.0,3.0,1
112968,2,26,26,0.9230769230769231,7.038461538461538,0
113003,1,1,1,1.0,1.0,1
113022,1,7,7,0.7142857142857143,4.0,1
113025,1,4,4,1.0,2.5,1
113032,1,7,7,0.5714285714285714,4.0,1
113040,1,1,1,1.0,1.0,1
113066,1,5,5,1.0,3.0,1
113078,1,5,5,0.6,3.0,1
113090,2,20,18,0.95,8.7,0
113097,1,10,10,0.8,5.5,1
113121,1,29,29,0.896551724137931,15.0,0
113129,1,8,8,0.875,4.5,1
113156,1,7,7,0.8571428571428571,4.0,1
113167,1,17,17,0.7058823529411765,9.0,0
113168,2,13,11,0.3076923076923077,4.230769230769231,1
113169,1,14,14,0.0,7.5,1
113202,1,6,6,0.3333333333333333,3.5,1
113217,1,6,6,0.16666666666666666,3.5,1
113225,1,2,2,1.0,1.5,1
113235,1,13,13,0.9230769230769231,7.0,1
113236,1,24,24,0.5833333333333334,12.5,0
113253,1,5,5,0.6,3.0,1
113273,1,21,21,0.8095238095238095,11.0,0
113281,1,7,7,1.0,4.0,1
113308,1,14,14,0.6428571428571429,7.5,1
113312,1,36,36,0.0,18.5,0
113323,1,24,24,0.7083333333333334,12.5,0
113327,2,60,60,0.23333333333333334,16.1,0
113328,1,20,20,0.2,10.5,0
113329,1,7,7,0.8571428571428571,4.0,1
113338,1,7,7,0.14285714285714285,4.0,1
113344,1,21,21,0.38095238095238093,11.0,0
113353,1,8,8,0.25,4.5,1
113369,1,15,15,0.4,8.0,1
113372,1,15,15,0.13333333333333333,8.0,1
113384,1,5,5,0.8,3.0,1
113392,1,5,5,0.8,3.0,1
113397,1,2,2,0.5,1.5,1
113413,1,5,5,0.2,3.0,1
113432,1,4,4,0.75,2.5,1
113433,1,7,7,0.5714285714285714,4.0,1
113443,1,7,7,0.8571428571428571,4.0,1
113447,1,1,1,0.0,1.0,1
113449,1,4,4,0.75,2.5,1
113451,1,9,9,0.0,5.0,1
113458,1,1,1,0.0,1.0,1
113468,1,4,4,0.25,2.5,1
113517,1,11,11,0.9090909090909091,6.0,1
113526,1,20,20,0.35,10.5,0
113559,1,2,2,1.0,1.5,1
113564,1,12,12,0.0,6.5,1
113565,1,21,21,0.38095238095238093,11.0,0
113579,1,8,8,0.0,4.5,1
113585,1,12,12,0.4166666666666667,6.5,1
113588,2,28,28,0.42857142857142855,9.785714285714286,0
113602,1,19,19,0.47368421052631576,10.0,0
113618,1,9,9,0.8888888888888888,5.0,1
113643,1,17,17,0.5294117647058824,9.0,0
113650,1,11,11,0.2727272727272727,6.0,1
113651,1,4,4,0.5,2.5,1
113656,1,6,6,0.8333333333333334,3.5,1
113664,1,9,9,0.5555555555555556,5.0,1
113670,1,14,14,0.2857142857142857,7.5,1
113673,1,9,9,0.5555555555555556,5.0,1
113677,1,18,18,0.9444444444444444,9.5,0
113690,1,7,7,0.42857142857142855,4.0,1
113703,1,5,5,0.8,3.0,1
113706,1,9,9,0.7777777777777778,5.0,1
113732,1,7,7,0.2857142857142857,4.0,1
113742,1,10,10,0.2,5.5,1
113748,1,8,8,0.5,4.5,1
113749,1,6,6,0.0,3.5,1
113757,1,14,14,0.35714285714285715,7.5,1
113760,2,18,17,0.5555555555555556,5.888888888888889,0
113762,3,33,33,0.12121212121212122,8.545454545454545,0
113774,1,19,19,0.0,10.0,0
113790,1,1,1,1.0,1.0,1
113791,1,5,5,0.0,3.0,1
113793,1,3,3,1.0,2.0,1
113798,1,4,4,0.5,2.5,1
113801,1,6,6,0.6666666666666666,3.5,1
113804,1,13,13,0.23076923076923078,7.0,1
113806,1,3,3,0.0,2.0,1
113831,2,27,23,0.7037037037037037,7.2592592592592595,0
113871,1,17,17,0.7058823529411765,9.0,0
113886,1,18,18,0.8888888888888888,9.5,0
113887,1,7,7,0.5714285714285714,4.0,1
113888,2,7,7,1.0,2.2857142857142856,1
113897,1,7,7,0.7142857142857143,4.0,1
113906,1,14,14,0.21428571428571427,7.5,1
113911,1,9,9,0.4444444444444444,5.0,1
113914,1,16,16,0.8125,8.5,0
113928,1,16,16,0.1875,8.5,0
113937,1,7,7,1.0,4.0,1
113946,1,7,7,0.7142857142857143,4.0,1
113953,1,13,13,0.5384615384615384,7.0,1
113978,1,6,6,0.3333333333333333,3.5,1
113982,1,3,3,0.0,2.0,1
113987,1,6,6,0.0,3.5,1
113992,1,12,12,0.5,6.5,1
113995,1,2,2,1.0,1.5,1
114001,1,13,13,0.6923076923076923,7.0,1
114006,1,3,3,1.0,2.0,1
114009,1,10,10,0.0,5.5,1
114026,2,21,20,0.9523809523809523,9.19047619047619,0
114036,1,7,7,1.0,4.0,1
114041,1,13,13,0.9230769230769231,7.0,1
114048,1,7,7,1.0,4.0,1
114084,1,5,5,0.8,3.0,1
114097,1,9,9,0.7777777777777778,5.0,1
114119,1,25,25,0.48,13.0,0
114133,1,5,5,1.0,3.0,1
114134,1,12,12,1.0,6.5,1
114143,1,21,21,0.9523809523809523,11.0,0
114172,1,11,11,0.18181818181818182,6.0,1
114182,1,8,8,0.75,4.5,1
114191,1,8,8,1.0,4.5,1
114193,1,3,3,0.6666666666666666,2.0,1
114204,1,9,9,0.2222222222222222,5.0,1
114205,1,14,14,0.8571428571428571,7.5,1
114223,1,22,22,0.5,11.5,0
114261,1,11,11,0.6363636363636364,6.0,1
114268,1,15,15,0.3333333333333333,8.0,1
114294,1,4,4,1.0,2.5,1
114300,1,27,27,0.8518518518518519,14.0,0
114308,1,3,3,0.0,2.0,1
114316,1,4,4,0.75,2.5,1
114326,1,16,16,0.4375,8.5,0
114334,1,6,6,0.5,3.5,1
114346,1,3,3,0.6666666666666666,2.0,1
114370,1,22,22,0.9090909090909091,11.5,0
114377,1,1,1,1.0,1.0,1
114385,1,11,11,0.6363636363636364,6.0,1
114413,1,3,3,0.6666666666666666,2.0,1
114439,2,8,8,0.875,3.625,1
114449,1,4,4,1.0,2.5,1
114452,1,4,4,0.25,2.5,1
114455,1,2,2,1.0,1.5,1
114457,1,16,16,0.875,8.5,0
114461,1,3,3,1.0,2.0,1
114475,1,2,2,1.0,1.5,1
114479,1,15,15,0.4666666666666667,8.0,1
114486,1,8,8,0.0,4.5,1
114493,1,3,3,1.0,2.0,1
114503,1,7,7,0.7142857142857143,4.0,1
114527,1,10,10,0.1,5.5,1
114532,3,15,14,1.0,3.0,0
114551,1,18,18,0.1111111111111111,9.5,0
114556,1,6,6,0.8333333333333334,3.5,1
114563,1,11,11,0.6363636363636364,6.0,1
114575,1,13,13,1.0,7.0,1
114576,2,21,20,0.9047619047619048,6.333333333333333,0
114597,1,24,24,0.375,12.5,0
114602,1,4,4,0.0,2.5,1
114605,1,16,16,0.0625,8.5,0
114619,1,9,9,0.1111111111111111,5.0,1
114627,1,13,13,0.3076923076923077,7.0,1
114634,1,5,5,1.0,3.0,1
114641,1,1,1,1.0,1.0,1
114662,1,2,2,0.5,1.5,1
114666,1,14,14,0.7857142857142857,7.5,1
114685,1,15,15,0.5333333333333333,8.0,1
114695,1,5,5,0.6,3.0,1
114701,3,39,37,0.7948717948717948,7.102564102564102,0
114708,1,6,6,0.8333333333333334,3.5,1
114709,1,5,5,0.6,3.0,1
114711,2,19,19,0.631578947368421,6.315789473684211,0
114747,1,2,2,1.0,1.5,1
114754,1,8,8,0.75,4.5,1
114764,1,3,3,1.0,2.0,1
114776,2,35,35,0.8857142857142857,9.314285714285715,0
114787,1,6,6,0.5,3.5,1
114801,1,11,11,0.6363636363636364,6.0,1
114804,1,7,7,1.0,4.0,1
114817,1,14,14,0.7142857142857143,7.5,1
114821,1,2,2,0.5,1.5,1
114835,2,8,8,0.75,3.0,1
114844,1,15,15,0.8,8.0,1
114846,1,13,13,0.9230769230769231,7.0,1
114856,1,11,11,0.0,6.0,1
114874,1,16,16,0.875,8.5,0
114881,1,7,7,0.2857142857142857,4.0,1
114883,1,6,6,0.8333333333333334,3.5,1
114908,1,10,10,1.0,5.5,1
114910,1,9,9,0.0,5.0,1
114918,1,4,4,1.0,2.5,1
114919,1,7,7,0.8571428571428571,4.0,1
114922,1,12,12,0.5833333333333334,6.5,1
114935,1,10,10,0.4,5.5,1
114948,1,1,1,1.0,1.0,1
114951,1,6,6,1.0,3.5,1
114963,1,32,32,0.53125,16.5,0
114966,1,22,22,0.7727272727272727,11.5,0
114974,1,12,12,0.5,6.5,1
114984,1,12,12,0.5,6.5,1
114988,1,5,5,0.4,3.0,1
114991,1,14,14,0.07142857142857142,7.5,1
114994,1,16,16,0.75,8.5,0
114995,1,9,9,0.2222222222222222,5.0,1
114998,1,12,12,0.75,6.5,1
115005,1,3,3,0.0,2.0,1
115025,1,1,1,1.0,1.0,1
115057,1,9,9,0.7777777777777778,5.0,1
115059,1,20,20,0.35,10.5,0
115089,2,19,19,0.9473684210526315,6.842105263157895,0
115130,1,16,16,0.3125,8.5,0
115153,1,11,11,0.7272727272727273,6.0,1
115162,2,19,17,0.8421052631578947,6.315789473684211,0
115163,1,7,7,1.0,4.0,1
115184,1,7,7,1.0,4.0,1
115188,1,8,8,0.75,4.5,1
115245,1,10,10,0.6,5.5,1
115283,1,8,8,0.375,4.5,1
115286,1,9,9,0.8888888888888888,5.0,1
115296,1,3,3,0.3333333333333333,2.0,1
115312,1,8,8,0.875,4.5,1
115329,1,5,5,0.0,3.0,1
115333,1,12,12,0.5833333333333334,6.5,1
115371,1,6,6,0.5,3.5,1
115373,1,8,8,0.625,4.5,1
115375,1,17,17,0.7058823529411765,9.0,0
115396,1,3,3,0.0,2.0,1
115405,1,11,11,0.2727272727272727,6.0,1
115409,1,7,7,0.8571428571428571,4.0,1
115412,1,20,20,0.9,10.5,0
115415,1,17,17,0.47058823529411764,9.0,0
115425,1,4,4,0.5,2.5,1
115432,1,10,10,0.5,5.5,1
115433,1,2,2,0.0,1.5,1
115448,1,12,12,0.5,6.5,1
115457,1,14,14,0.21428571428571427,7.5,1
115481,3,35,34,0.7714285714285715,7.371428571428571,0
115496,1,25,25,0.76,13.0,0
115506,1,17,17,0.11764705882352941,9.0,0
115509,1,7,7,1.0,4.0,1
115529,1,16,16,0.5625,8.5,0
115540,1,10,10,1.0,5.5,1
115544,1,22,22,0.6818181818181818,11.5,0
115549,2,8,8,0.875,3.625,1
115550,1,18,18,0.8333333333333334,9.5,0
115553,2,19,19,0.7368421052631579,5.2631578947368425,0
115583,1,7,7,0.42857142857142855,4.0,1
115595,1,30,30,1.0,15.5,0
115624,1,3,3,0.6666666666666666,2.0,1
115667,1,4,4,1.0,2.5,1
115669,1,8,8,1.0,4.5,1
115682,1,6,6,0.5,3.5,1
115706,1,6,6,1.0,3.5,1
115716,1,2,2,0.5,1.5,1
115728,1,1,1,1.0,1.0,1
115750,1,9,9,0.7777777777777778,5.0,1
115758,1,10,10,0.8,5.5,1
115773,1,11,11,1.0,6.0,1
115781,1,13,13,0.7692307692307693,7.0,1
115786,2,11,11,0.2727272727272727,3.272727272727273,1
115787,1,12,12,0.5833333333333334,6.5,1
115788,1,10,10,0.9,5.5,1
115806,1,11,11,0.5454545454545454,6.0,1
115844,1,19,19,1.0,10.0,0
115862,2,18,18,0.6111111111111112,5.5,0
115867,1,2,2,1.0,1.5,1
115896,1,10,10,0.5,5.5,1
115912,1,3,3,1.0,2.0,1
115918,1,10,10,0.4,5.5,1
115925,1,7,7,0.7142857142857143,4.0,1
115929,2,6,6,0.8333333333333334,2.6666666666666665,1
115935,1,5,5,0.6,3.0,1
115940,1,18,18,0.5555555555555556,9.5,0
115945,1,5,5,0.6,3.0,1
115957,1,7,7,0.0,4.0,1
115961,3,22,22,0.8181818181818182,4.454545454545454,0
115964,1,2,2,0.0,1.5,1
115985,1,4,4,1.0,2.5,1
115993,1,7,7,0.5714285714285714,4.0,1
116000,1,15,15,0.3333333333333333,8.0,1
116007,1,4,4,0.25,2.5,1
116022,1,6,6,0.8333333333333334,3.5,1
116030,2,5,5,0.0,2.2,1
116039,1,5,5,0.2,3.0,1
116061,1,8,8,1.0,4.5,1
116135,2,13,12,0.6923076923076923,4.6923076923076925,1
116142,1,4,4,0.5,2.5,1
116143,1,8,8,0.75,4.5,1
116145,2,8,7,0.875,3.0,1
116151,1,4,4,0.25,2.5,1
116181,1,11,11,0.9090909090909091,6.0,1
116201,1,5,5,1.0,3.0,1
116213,1,3,3,0.3333333333333333,2.0,1
116231,1,15,15,0.7333333333333333,8.0,1
116235,1,9,9,0.2222222222222222,5.0,1
116251,1,4,4,0.5,2.5,1
116255,1,13,13,0.7692307692307693,7.0,1
116256,1,1,1,0.0,1.0,1
116257,1,15,15,0.3333333333333333,8.0,1
116261,1,4,4,1.0,2.5,1
116268,1,5,5,0.2,3.0,1
116269,1,4,4,0.0,2.5,1
116296,1,4,4,1.0,2.5,1
116303,1,1,1,1.0,1.0,1
116309,1,11,11,0.7272727272727273,6.0,1
116316,1,2,2,0.5,1.5,1
116331,3,20,17,0.6,3.95,0
116364,1,3,3,0.6666666666666666,2.0,1
116377,1,14,14,0.42857142857142855,7.5,1
116386,1,2,2,1.0,1.5,1
116387,1,12,12,0.8333333333333334,6.5,1
116391,1,3,3,1.0,2.0,1
116401,1,26,26,0.8076923076923077,13.5,0
116409,1,11,11,0.18181818181818182,6.0,1
116415,1,11,11,0.7272727272727273,6.0,1
116427,1,2,2,1.0,1.5,1
116445,1,8,8,0.75,4.5,1
116458,1,6,6,1.0,3.5,1
116495,1,9,9,0.2222222222222222,5.0,1
116532,1,5,5,0.8,3.0,1
116543,1,13,13,0.15384615384615385,7.0,1
116553,1,1,1,0.0,1.0,1
116564,1,27,27,0.7407407407407407,14.0,0
116571,1,21,21,0.7619047619047619,11.0,0
116572,2,6,6,1.0,2.1666666666666665,1
116573,1,7,7,0.7142857142857143,4.0,1
116578,1,13,13,0.8461538461538461,7.0,1
116592,1,5,5,0.8,3.0,1
116605,1,12,12,0.0,6.5,1
116609,1,25,25,0.36,13.0,0
116612,1,4,4,1.0,2.5,1
116620,1,4,4,0.25,2.5,1
116622,1,22,22,0.6818181818181818,11.5,0
116623,1,10,10,0.9,5.5,1
116655,1,5,5,0.0,3.0,1
116673,1,16,16,0.5625,8.5,0
116676,1,2,2,1.0,1.5,1
116679,1,14,14,0.6428571428571429,7.5,1
116687,1,1,1,1.0,1.0,1
116688,1,10,10,0.9,5.5,1
116698,1,22,22,0.9090909090909091,11.5,0
116713,1,6,6,0.8333333333333334,3.5,1
116719,1,19,19,0.5789473684210527,10.0,0
116739,1,9,9,0.6666666666666666,5.0,1
116741,2,35,34,0.2571428571428571,9.314285714285715,0
116799,2,14,14,0.2857142857142857,4.0,1
116808,1,7,7,0.8571428571428571,4.0,1
116829,1,1,1,0.0,1.0,1
116843,1,7,7,0.8571428571428571,4.0,1
116846,1,9,9,0.6666666666666666,5.0,1
116853,1,4,4,1.0,2.5,1
116861,1,15,15,0.26666666666666666,8.0,1
116875,1,7,7,1.0,4.0,1
116877,1,15,15,1.0,8.0,1
116881,1,14,14,0.6428571428571429,7.5,1
116884,1,27,27,0.8148148148148148,14.0,0
116891,1,12,12,0.75,6.5,1
116913,1,6,6,0.0,3.5,1
116923,1,6,6,0.3333333333333333,3.5,1
116926,1,7,7,1.0,4.0,1
116929,1,5,5,0.0,3.0,1
116932,1,8,8,0.125,4.5,1
116937,1,14,14,0.9285714285714286,7.5,1
116938,1,35,35,0.45714285714285713,18.0,0
116952,1,7,7,0.2857142857142857,4.0,1
116962,1,13,13,0.8461538461538461,7.0,1
116965,1,3,3,1.0,2.0,1
116967,1,10,10,0.8,5.5,1
116976,1,14,14,0.7857142857142857,7.5,1
116979,1,5,5,0.6,3.0,1
116983,1,4,4,0.75,2.5,1
116993,1,5,5,0.6,3.0,1
117026,1,12,12,0.16666666666666666,6.5,1
117057,2,21,21,0.8095238095238095,5.857142857142857,0
117060,1,11,11,1.0,6.0,1
117084,1,8,8,1.0,4.5,1
117085,1,15,15,0.6,8.0,1
117086,1,2,2,0.5,1.5,1
117089,1,9,9,0.4444444444444444,5.0,1
117092,1,9,9,0.6666666666666666,5.0,1
117095,1,14,14,0.21428571428571427,7.5,1
117113,1,5,5,0.4,3.0,1
117118,1,7,7,0.7142857142857143,4.0,1
117119,1,12,12,0.6666666666666666,6.5,1
117127,1,5,5,1.0,3.0,1
117132,1,6,6,0.6666666666666666,3.5,1
117145,1,5,5,0.4,3.0,1
117155,1,10,10,0.8,5.5,1
117158,1,12,12,0.75,6.5,1
117167,1,2,2,0.0,1.5,1
117169,1,19,19,0.5263157894736842,10.0,0
117170,2,13,13,0.8461538461538461,3.769230769230769,1
117174,1,3,3,1.0,2.0,1
117187,1,6,6,0.0,3.5,1
117193,1,9,9,0.4444444444444444,5.0,1
117203,2,9,9,0.2222222222222222,3.4444444444444446,1
117219,1,5,5,0.2,3.0,1
117260,1,6,6,1.0,3.5,1
117264,1,10,10,0.7,5.5,1
117265,1,10,10,0.9,5.5,1
117288,1,9,9,0.0,5.0,1
117289,1,13,13,1.0,7.0,1
117299,1,2,2,0.0,1.5,1
117300,1,5,5,0.8,3.0,1
117323,1,18,18,0.5555555555555556,9.5,0
117330,1,18,18,0.6666666666666666,9.5,0
117336,1,16,16,0.25,8.5,0
117349,2,36,29,0.7777777777777778,9.5,0
117368,1,5,5,1.0,3.0,1
117381,1,1,1,0.0,1.0,1
117396,1,31,31,0.0,16.0,0
117405,1,17,17,0.11764705882352941,9.0,0
117414,1,14,14,0.5714285714285714,7.5,1
117425,1,3,3,0.0,2.0,1
117426,1,23,23,0.5652173913043478,12.0,0
117437,1,1,1,0.0,1.0,1
117438,1,6,6,1.0,3.5,1
117440,1,7,7,0.8571428571428571,4.0,1
117463,1,7,7,0.14285714285714285,4.0,1
117472,1,8,8,1.0,4.5,1
117475,1,10,10,0.5,5.5,1
117483,1,6,6,0.8333333333333334,3.5,1
117496,1,7,7,0.14285714285714285,4.0,1
117499,1,13,13,0.6923076923076923,7.0,1
117536,1,3,3,0.3333333333333333,2.0,1
117543,1,1,1,1.0,1.0,1
117573,1,2,2,1.0,1.5,1
117578,1,9,9,0.0,5.0,1
117582,2,32,27,0.53125,9.28125,0
117587,1,11,11,0.8181818181818182,6.0,1
117589,1,7,7,0.2857142857142857,4.0,1
117593,1,14,14,0.7142857142857143,7.5,1
117595,1,4,4,1.0,2.5,1
117622,1,5,5,1.0,3.0,1
117642,1,25,25,0.52,13.0,0
117645,1,4,4,0.5,2.5,1
117646,1,3,3,0.6666666666666666,2.0,1
117661,1,21,21,1.0,11.0,0
117679,1,10,10,0.1,5.5,1
117680,1,29,29,0.6896551724137931,15.0,0
117687,1,17,17,0.7058823529411765,9.0,0
117697,1,6,6,0.5,3.5,1
117705,1,4,4,1.0,2.5,1
117736,1,8,8,0.75,4.5,1
117752,1,13,13,0.6923076923076923,7.0,1
117762,1,17,17,0.7058823529411765,9.0,0
117777,1,4,4,1.0,2.5,1
117789,1,11,11,1.0,6.0,1
117797,1,1,1,0.0,1.0,1
117802,1,5,5,0.6,3.0,1
117822,1,6,6,0.6666666666666666,3.5,1
117832,1,4,4,0.25,2.5,1
117833,1,5,5,0.8,3.0,1
117837,1,6,6,0.8333333333333334,3.5,1
117841,2,9,9,0.5555555555555556,3.0,1
117867,1,3,3,0.3333333333333333,2.0,1
117870,1,4,4,0.0,2.5,1
117885,1,3,3,1.0,2.0,1
117911,1,10,10,0.7,5.5,1
117920,1,2,2,1.0,1.5,1
117934,1,2,2,0.0,1.5,1
117941,1,16,16,0.375,8.5,0
117944,1,8,8,1.0,4.5,1
117956,1,5,5,0.4,3.0,1
117961,1,8,8,0.0,4.5,1
117967,1,12,12,0.08333333333333333,6.5,1
117971,1,23,23,0.43478260869565216,12.0,0
117989,2,41,41,0.975609756097561,11.487804878048781,0
117995,1,2,2,0.0,1.5,1
118013,1,4,4,1.0,2.5,1
118034,2,8,8,0.75,2.625,1
118043,1,15,15,0.6666666666666666,8.0,1
118067,1,18,18,1.0,9.5,0
118070,1,4,4,0.75,2.5,1
118092,1,9,9,0.5555555555555556,5.0,1
118101,1,11,11,0.5454545454545454,6.0,1
118105,1,5,5,1.0,3.0,1
118107,1,18,18,0.3888888888888889,9.5,0
118129,1,15,15,0.8,8.0,1
118135,1,19,19,0.8421052631578947,10.0,0
118143,1,10,10,0.0,5.5,1
118162,1,8,8,0.25,4.5,1
118191,1,11,11,0.6363636363636364,6.0,1
118203,1,3,3,0.6666666666666666,2.0,1
118218,2,11,10,1.0,3.272727272727273,1
118227,1,2,2,0.5,1.5,1
118228,1,9,9,0.7777777777777778,5.0,1
118282,1,8,8,0.625,4.5,1
118287,1,4,4,0.25,2.5,1
118297,1,7,7,0.5714285714285714,4.0,1
118311,1,14,14,0.7857142857142857,7.5,1
118328,1,28,28,0.7857142857142857,14.5,0
118330,1,2,2,0.0,1.5,1
118335,1,35,35,0.9714285714285714,18.0,0
118339,1,13,13,0.6923076923076923,7.0,1
118348,1,5,5,0.0,3.0,1
118350,1,20,20,0.8,10.5,0
118363,1,1,1,1.0,1.0,1
118380,1,9,9,0.6666666666666666,5.0,1
118381,1,1,1,1.0,1.0,1
118383,1,5,5,0.8,3.0,1
118403,1,7,7,0.42857142857142855,4.0,1
118407,1,15,15,0.6,8.0,1
118413,1,21,21,0.38095238095238093,11.0,0
118439,1,10,10,0.2,5.5,1
118459,1,6,6,0.8333333333333334,3.5,1
118462,1,2,2,0.0,1.5,1
118468,1,11,11,0.5454545454545454,6.0,1
118470,1,5,5,0.8,3.0,1
118473,1,7,7,0.8571428571428571,4.0,1
118488,1,9,9,0.5555555555555556,5.0,1
118489,1,9,9,0.0,5.0,1
118490,1,8,8,0.75,4.5,1
118494,1,12,12,0.5833333333333334,6.5,1
118514,2,2,2,0.5,1.0,1
118525,1,1,1,1.0,1.0,1
118530,2,14,12,0.7857142857142857,4.071428571428571,1
118556,1,5,5,0.8,3.0,1
118558,1,7,7,0.2857142857142857,4.0,1
118573,1,16,16,0.625,8.5,0
118575,1,8,8,1.0,4.5,1
118603,1,8,8,0.5,4.5,1
118609,2,9,8,0.6666666666666666,2.7777777777777777,1
118612,1,17,17,0.35294117647058826,9.0,0
118619,1,2,2,0.0,1.5,1
118626,1,15,15,0.3333333333333333,8.0,1
118627,1,7,7,0.42857142857142855,4.0,1
118644,1,4,4,0.5,2.5,1
118649,1,13,13,0.9230769230769231,7.0,1
118656,1,13,13,0.6923076923076923,7.0,1
118669,1,17,17,0.8235294117647058,9.0,0
118685,1,2,2,1.0,1.5,1
118704,1,15,15,0.3333333333333333,8.0,1
118708,1,14,14,0.8571428571428571,7.5,1
118711,1,5,5,1.0,3.0,1
118713,1,29,29,1.0,15.0,0
118718,1,12,12,0.16666666666666666,6.5,1
118737,1,5,5,1.0,3.0,1
118749,2,47,37,0.9361702127659575,12.382978723404255,0
118755,1,11,11,0.9090909090909091,6.0,1
118770,1,7,7,0.5714285714285714,4.0,1
118779,1,19,19,0.8947368421052632,10.0,0
118789,1,11,11,0.5454545454545454,6.0,1
118810,1,1,1,1.0,1.0,1
118814,1,14,14,0.35714285714285715,7.5,1
118815,1,10,10,0.3,5.5,1
118818,1,22,22,0.09090909090909091,11.5,0
118822,1,3,3,1.0,2.0,1
118825,1,21,21,0.6666666666666666,11.0,0
118826,1,9,9,1.0,5.0,1
118838,1,7,7,0.7142857142857143,4.0,1
118850,1,1,1,1.0,1.0,1
118853,1,14,14,0.42857142857142855,7.5,1
118860,2,67,63,0.6119402985074627,17.70149253731343,0
118866,1,27,27,0.6296296296296297,14.0,0
118868,1,1,1,0.0,1.0,1
118897,1,4,4,1.0,2.5,1
118904,1,2,2,0.0,1.5,1
118927,1,2,2,0.5,1.5,1
118934,1,5,5,0.2,3.0,1
118936,1,9,9,0.3333333333333333,5.0,1
118945,1,5,5,0.6,3.0,1
118946,1,3,3,0.0,2.0,1
118948,1,10,10,0.8,5.5,1
118961,1,10,10,0.5,5.5,1
118986,1,26,26,0.6153846153846154,13.5,0
119000,1,5,5,0.2,3.0,1
119026,1,5,5,0.8,3.0,1
119028,1,24,24,0.4166666666666667,12.5,0
119033,2,9,9,0.6666666666666666,3.0,1
119061,1,17,17,0.9411764705882353,9.0,0
119067,1,1,1,1.0,1.0,1
119076,1,14,14,0.42857142857142855,7.5,1
119078,2,62,62,0.9193548387096774,17.951612903225808,0
119081,1,3,3,1.0,2.0,1
119087,3,23,22,0.8695652173913043,5.478260869565218,0
119091,1,12,12,0.08333333333333333,6.5,1
119095,1,7,7,0.0,4.0,1
119114,1,11,11,0.45454545454545453,6.0,1
119121,1,26,26,0.07692307692307693,13.5,0
119134,1,9,9,0.6666666666666666,5.0,1
119136,1,31,31,0.6451612903225806,16.0,0
119138,1,14,14,0.6428571428571429,7.5,1
119139,1,11,11,0.45454545454545453,6.0,1
119141,1,2,2,0.0,1.5,1
119146,1,14,14,1.0,7.5,1
119172,1,30,30,0.7333333333333333,15.5,0
119186,1,4,4,0.75,2.5,1
119206,1,7,7,0.2857142857142857,4.0,1
119216,1,9,9,0.5555555555555556,5.0,1
119221,1,2,2,0.0,1.5,1
119235,1,6,6,0.8333333333333334,3.5,1
119237,2,21,21,0.7142857142857143,5.761904761904762,0
119249,1,4,4,0.5,2.5,1
119290,2,21,21,0.47619047619047616,8.428571428571429,0
119298,1,1,1,0.0,1.0,1
119307,1,15,15,0.9333333333333333,8.0,1
119312,1,3,3,0.3333333333333333,2.0,1
119329,1,21,21,1.0,11.0,0
119345,1,2,2,0.0,1.5,1
119348,1,21,21,0.6190476190476191,11.0,0
119357,1,14,14,0.14285714285714285,7.5,1
119362,1,20,20,0.65,10.5,0
119377,1,12,12,0.5833333333333334,6.5,1
119382,1,7,7,0.5714285714285714,4.0,1
119390,1,9,9,0.8888888888888888,5.0,1
119392,2,31,30,0.5161290322580645,8.32258064516129,0
119400,1,12,12,0.0,6.5,1
119401,1,15,15,0.5333333333333333,8.0,1
119402,1,12,12,0.6666666666666666,6.5,1
119416,1,22,22,0.8636363636363636,11.5,0
119424,1,10,10,0.6,5.5,1
119435,2,7,5,0.42857142857142855,2.2857142857142856,1
119437,2,72,72,0.9583333333333334,18.625,0
119439,2,16,16,0.875,4.5,0
119458,1,12,12,1.0,6.5,1
119461,1,12,12,0.5833333333333334,6.5,1
119465,1,2,2,0.5,1.5,1
119467,1,20,20,0.35,10.5,0
119473,1,6,6,0.6666666666666666,3.5,1
119476,1,23,23,0.0,12.0,0
119480,1,9,9,0.4444444444444444,5.0,1
119504,2,13,13,0.38461538461538464,3.769230769230769,1
119505,1,8,8,0.125,4.5,1
119506,1,10,10,0.5,5.5,1
119557,1,8,8,0.75,4.5,1
119579,1,3,3,0.6666666666666666,2.0,1
119599,1,12,12,1.0,6.5,1
119608,1,6,6,0.16666666666666666,3.5,1
119610,2,17,14,0.8235294117647058,5.470588235294118,0
119611,1,13,13,0.07692307692307693,7.0,1
119624,1,16,16,0.5,8.5,0
119633,1,7,7,0.2857142857142857,4.0,1
119640,1,5,5,0.8,3.0,1
119643,1,2,2,0.5,1.5,1
119677,1,13,13,0.9230769230769231,7.0,1
119689,1,1,1,1.0,1.0,1
119698,1,3,3,0.6666666666666666,2.0,1
119704,1,12,12,0.5833333333333334,6.5,1
119706,1,4,4,1.0,2.5,1
119707,1,10,10,0.7,5.5,1
119708,2,10,10,0.7,3.1,1
119712,1,2,2,0.5,1.5,1
119726,1,2,2,1.0,1.5,1
119746,1,5,5,0.8,3.0,1
119755,1,2,2,0.0,1.5,1
119777,1,8,8,1.0,4.5,1
119782,1,5,5,0.6,3.0,1
119788,1,9,9,0.6666666666666666,5.0,1
119811,1,9,9,0.8888888888888888,5.0,1
119824,1,3,3,0.0,2.0,1
119827,1,7,7,0.2857142857142857,4.0,1
119831,1,3,3,1.0,2.0,1
119834,1,14,14,0.14285714285714285,7.5,1
119835,1,17,17,1.0,9.0,0
119837,1,16,16,0.3125,8.5,0
119842,1,15,15,0.9333333333333333,8.0,1
119843,1,13,13,0.5384615384615384,7.0,1
119847,1,5,5,1.0,3.0,1
119866,1,9,9,0.3333333333333333,5.0,1
119870,1,10,10,0.3,5.5,1
119887,1,6,6,0.5,3.5,1
119897,1,13,13,0.7692307692307693,7.0,1
119898,1,4,4,0.0,2.5,1
119910,1,12,12,0.25,6.5,1
119927,1,1,1,1.0,1.0,1
119931,1,8,8,0.0,4.5,1
119941,1,25,25,0.44,13.0,0
119951,1,12,12,0.9166666666666666,6.5,1
119953,1,12,12,0.5833333333333334,6.5,1
119961,1,12,12,0.6666666666666666,6.5,1
119994,2,21,21,0.47619047619047616,6.333333333333333,0
120002,1,4,4,1.0,2.5,1
120012,1,33,33,0.5454545454545454,17.0,0
120017,1,8,8,0.25,4.5,1
120019,1,12,12,0.6666666666666666,6.5,1
120021,1,6,6,0.3333333333333333,3.5,1
120026,1,6,6,0.5,3.5,1
120039,1,2,2,1.0,1.5,1
120047,1,5,5,0.0,3.0,1
120055,1,6,6,0.6666666666666666,3.5,1
120058,1,1,1,0.0,1.0,1
120079,1,29,29,0.0,15.0,0
120082,1,7,7,0.5714285714285714,4.0,1
120107,1,8,8,0.625,4.5,1
120108,1,14,14,0.8571428571428571,7.5,1
120109,1,3,3,1.0,2.0,1
120116,1,38,38,0.8947368421052632,19.5,0
120121,1,5,5,1.0,3.0,1
120163,1,13,13,0.6923076923076923,7.0,1
120168,1,8,8,0.875,4.5,1
120185,1,5,5,1.0,3.0,1
120190,1,34,34,0.5,17.5,0
120214,1,4,4,0.25,2.5,1
120216,1,8,8,0.875,4.5,1
120222,1,7,7,0.8571428571428571,4.0,1
120226,1,7,7,0.7142857142857143,4.0,1
120233,1,2,2,0.0,1.5,1
120238,2,21,20,0.6666666666666666,5.761904761904762,0
120243,1,7,7,0.14285714285714285,4.0,1
120253,1,39,39,0.6153846153846154,20.0,0
120254,1,5,5,0.2,3.0,1
120281,1,1,1,1.0,1.0,1
120283,1,10,10,0.4,5.5,1
120296,2,41,41,0.926829268292683,11.24390243902439,0
120319,1,18,18,0.5,9.5,0
120324,1,7,7,0.7142857142857143,4.0,1
120327,1,13,13,0.5384615384615384,7.0,1
120333,1,4,4,0.0,2.5,1
120374,1,3,3,0.0,2.0,1
120377,1,8,8,0.5,4.5,1
120382,1,14,14,0.7142857142857143,7.5,1
120390,1,41,41,0.8536585365853658,21.0,0
120398,1,8,8,0.75,4.5,1
120412,1,33,33,0.8787878787878788,17.0,0
120429,1,3,3,1.0,2.0,1
120457,1,5,5,0.2,3.0,1
120470,1,22,22,0.7727272727272727,11.5,0
120475,1,13,13,0.15384615384615385,7.0,1
120494,1,10,10,0.0,5.5,1
120501,1,14,14,0.35714285714285715,7.5,1
120503,1,4,4,0.0,2.5,1
120506,1,10,10,0.1,5.5,1
120511,1,1,1,1.0,1.0,1
120525,1,25,25,0.48,13.0,0
120541,2,35,35,0.6285714285714286,9.257142857142858,0
120559,1,12,12,0.3333333333333333,6.5,1
120572,2,57,46,0.8771929824561403,14.789473684210526,0
120585,1,1,1,1.0,1.0,1
120599,1,5,5,0.8,3.0,1
120605,1,8,8,0.0,4.5,1
120615,1,2,2,0.0,1.5,1
120633,1,6,6,0.8333333333333334,3.5,1
120662,1,16,16,0.875,8.5,0
120671,1,3,3,0.0,2.0,1
120694,1,13,13,0.23076923076923078,7.0,1
120709,1,10,10,1.0,5.5,1
120742,1,5,5,0.8,3.0,1
120744,1,14,14,0.8571428571428571,7.5,1
120777,1,6,6,0.6666666666666666,3.5,1
120786,1,36,36,0.3888888888888889,18.5,0
120802,1,3,3,0.6666666666666666,2.0,1
120822,1,10,10,0.6,5.5,1
120837,1,10,10,1.0,5.5,1
120840,1,11,11,0.8181818181818182,6.0,1
120854,1,8,8,0.25,4.5,1
120862,1,16,16,0.1875,8.5,0
120863,1,5,5,0.8,3.0,1
120866,1,13,13,1.0,7.0,1
120892,1,19,19,0.5263157894736842,10.0,0
120895,1,5,5,0.8,3.0,1
120897,2,9,7,0.7777777777777778,2.7777777777777777,1
120899,1,38,38,0.7631578947368421,19.5,0
120902,1,8,8,0.375,4.5,1
120923,1,1,1,0.0,1.0,1
120938,1,15,15,0.13333333333333333,8.0,1
120941,1,4,4,0.0,2.5,1
121002,1,11,11,0.9090909090909091,6.0,1
121036,2,35,35,0.7714285714285715,9.82857142857143,0
121055,1,14,14,0.7142857142857143,7.5,1
121082,1,5,5,0.8,3.0,1
121090,1,6,6,1.0,3.5,1
121109,1,6,6,0.16666666666666666,3.5,1
121133,1,4,4,0.5,2.5,1
121136,1,2,2,1.0,1.5,1
121140,1,7,7,1.0,4.0,1
121165,1,4,4,0.75,2.5,1
121169,1,5,5,0.0,3.0,1
121179,1,11,11,0.45454545454545453,6.0,1
121182,1,32,32,0.625,16.5,0
121192,1,15,15,0.5333333333333333,8.0,1
121219,1,11,11,0.2727272727272727,6.0,1
121231,2,33,33,0.7272727272727273,8.818181818181818,0
121233,1,4,4,0.75,2.5,1
121264,1,3,3,0.6666666666666666,2.0,1
121272,2,7,7,0.42857142857142855,2.2857142857142856,1
121291,1,8,8,0.875,4.5,1
121303,1,7,7,0.8571428571428571,4.0,1
121325,1,5,5,0.6,3.0,1
121326,1,2,2,1.0,1.5,1
121327,2,25,25,0.88,6.84,0
121332,3,7,6,1.0,1.7142857142857142,1
121344,1,5,5,1.0,3.0,1
121345,1,5,5,0.4,3.0,1
121346,1,30,30,0.9,15.5,0
121347,1,2,2,1.0,1.5,1
121350,1,42,42,0.9285714285714286,21.5,0
121351,1,28,28,0.7142857142857143,14.5,0
121390,1,13,13,0.7692307692307693,7.0,1
121409,1,10,10,0.0,5.5,1
121414,1,7,7,0.7142857142857143,4.0,1
121467,1,21,21,0.8095238095238095,11.0,0
121475,1,9,9,0.8888888888888888,5.0,1
121518,1,2,2,0.5,1.5,1
121533,1,9,9,0.3333333333333333,5.0,1
121537,1,1,1,1.0,1.0,1
121566,1,7,7,0.0,4.0,1
121569,1,7,7,0.2857142857142857,4.0,1
121587,1,9,9,0.7777777777777778,5.0,1
121596,1,2,2,0.0,1.5,1
121607,1,19,19,0.631578947368421,10.0,0
121630,1,5,5,0.8,3.0,1
121645,1,16,16,0.875,8.5,0
121684,1,12,12,0.0,6.5,1
121701,2,31,31,0.5483870967741935,8.451612903225806,0
121703,1,5,5,0.0,3.0,1
121710,1,2,2,1.0,1.5,1
121714,2,13,13,1.0,3.923076923076923,1
121743,2,14,14,0.9285714285714286,4.642857142857143,1
121745,1,5,5,0.6,3.0,1
121754,1,20,20,0.2,10.5,0
121765,1,2,2,1.0,1.5,1
121818,1,3,3,1.0,2.0,1
121836,1,9,9,0.7777777777777778,5.0,1
121848,1,5,5,0.8,3.0,1
121857,1,1,1,1.0,1.0,1
121858,1,7,7,0.8571428571428571,4.0,1
121878,1,6,6,0.6666666666666666,3.5,1
121879,1,6,6,0.3333333333333333,3.5,1
121882,1,11,11,0.0,6.0,1
121906,2,15,15,0.8,4.266666666666667,0
121916,1,8,8,0.625,4.5,1
121917,1,14,14,0.0,7.5,1
121934,1,8,8,0.5,4.5,1
121943,1,18,18,0.7222222222222222,9.5,0
121979,1,20,20,0.8,10.5,0
121984,2,15,15,0.8,4.266666666666667,0
122000,1,38,38,0.8947368421052632,19.5,0
122022,1,2,2,1.0,1.5,1
122027,1,2,2,0.0,1.5,1
122038,1,13,13,0.8461538461538461,7.0,1
122046,1,2,2,0.5,1.5,1
122048,1,10,10,0.3,5.5,1
122051,1,2,2,1.0,1.5,1
122061,1,7,7,0.42857142857142855,4.0,1
122089,1,1,1,1.0,1.0,1
122108,1,4,4,0.25,2.5,1
122113,1,8,8,0.0,4.5,1
122137,1,3,3,0.6666666666666666,2.0,1
122144,1,24,24,0.0,12.5,0
122163,1,13,13,0.5384615384615384,7.0,1
122182,1,4,4,0.25,2.5,1
122230,1,10,10,0.8,5.5,1
122231,1,7,7,1.0,4.0,1
122241,1,8,8,0.75,4.5,1
122249,1,15,15,0.4666666666666667,8.0,1
122263,1,22,22,0.0,11.5,0
122266,1,4,4,0.0,2.5,1
122284,1,2,2,1.0,1.5,1
122298,1,4,4,1.0,2.5,1
122308,1,19,19,0.5789473684210527,10.0,0
122312,1,10,10,0.5,5.5,1
122323,1,7,7,0.5714285714285714,4.0,1
122333,1,3,3,0.3333333333333333,2.0,1
122343,1,6,6,0.8333333333333334,3.5,1
122352,3,74,69,0.6891891891891891,13.243243243243244,0
122362,1,6,6,0.0,3.5,1
122376,1,5,5,1.0,3.0,1
122382,1,8,8,0.125,4.5,1
122386,1,9,9,0.0,5.0,1
122405,1,44,44,0.75,22.5,0
122414,1,7,7,0.42857142857142855,4.0,1
122422,1,6,6,0.0,3.5,1
122429,2,30,29,0.43333333333333335,8.033333333333333,0
122437,1,25,25,0.48,13.0,0
122448,1,8,8,0.5,4.5,1
122449,2,11,11,0.9090909090909091,3.4545454545454546,1
122457,1,3,3,0.0,2.0,1
122476,1,4,4,1.0,2.5,1
122498,1,12,12,0.75,6.5,1
122538,1,2,2,1.0,1.5,1
122542,1,12,12,0.6666666666666666,6.5,1
122550,2,3,3,0.3333333333333333,1.3333333333333333,1
122557,2,2,2,1.0,1.0,1
122590,1,4,4,1.0,2.5,1
122591,1,3,3,0.0,2.0,1
122629,1,10,10,0.4,5.5,1
122638,1,5,5,0.6,3.0,1
122649,1,1,1,1.0,1.0,1
122672,1,5,5,0.8,3.0,1
122673,1,4,4,1.0,2.5,1
122682,1,2,2,1.0,1.5,1
122735,2,27,23,0.7037037037037037,7.481481481481482,0
122777,1,10,10,0.0,5.5,1
122780,2,12,11,1.0,4.833333333333333,1
122798,1,8,8,0.625,4.5,1
122803,1,5,5,0.0,3.0,1
122814,1,9,9,0.0,5.0,1
122819,1,3,3,0.3333333333333333,2.0,1
122821,1,8,8,0.625,4.5,1
122845,1,7,7,0.7142857142857143,4.0,1
122848,1,10,10,1.0,5.5,1
122851,1,4,4,0.5,2.5,1
122860,1,24,24,0.9583333333333334,12.5,0
122875,1,4,4,0.0,2.5,1
122897,1,9,9,0.7777777777777778,5.0,1
122899,1,2,2,1.0,1.5,1
122913,1,35,35,0.0,18.0,0
122937,1,14,14,0.7857142857142857,7.5,1
122954,1,4,4,1.0,2.5,1
122962,1,2,2,1.0,1.5,1
122975,1,14,14,0.14285714285714285,7.5,1
122984,1,7,7,0.5714285714285714,4.0,1
122991,1,18,18,0.5,9.5,0
122994,1,22,22,1.0,11.5,0
123002,1,2,2,0.5,1.5,1
123030,2,18,18,0.6111111111111112,5.5,0
123035,1,13,13,0.0,7.0,1
123042,1,8,8,0.5,4.5,1
123053,1,5,5,0.6,3.0,1
123054,1,41,41,0.2926829268292683,21.0,0
123059,1,4,4,0.75,2.5,1
123085,1,4,4,0.5,2.5,1
123099,1,3,3,0.6666666666666666,2.0,1
123103,1,4,4,1.0,2.5,1
123134,1,20,20,0.0,10.5,0
123135,1,6,6,0.8333333333333334,3.5,1
123136,1,32,32,0.96875,16.5,0
123142,1,16,16,0.5,8.5,0
123143,1,7,7,0.42857142857142855,4.0,1
123159,1,9,9,0.6666666666666666,5.0,1
123166,1,3,3,0.0,2.0,1
123169,1,3,3,1.0,2.0,1
123170,2,6,6,1.0,2.1666666666666665,1
123202,1,2,2,0.5,1.5,1
123208,2,9,7,0.8888888888888888,2.7777777777777777,1
123245,2,10,9,0.7,3.1,1
123250,1,2,2,0.5,1.5,1
123254,1,10,10,0.9,5.5,1
123268,1,7,7,0.8571428571428571,4.0,1
123292,2,27,27,0.5555555555555556,8.814814814814815,0
123307,1,4,4,0.75,2.5,1
123318,1,7,7,0.7142857142857143,4.0,1
123366,1,2,2,0.5,1.5,1
123406,1,48,48,0.375,24.5,0
123453,1,11,11,0.8181818181818182,6.0,1
123456,1,8,8,0.625,4.5,1
123460,1,16,16,1.0,8.5,0
123464,1,4,4,1.0,2.5,1
123492,1,5,5,0.8,3.0,1
123494,1,9,9,1.0,5.0,1
123499,1,2,2,1.0,1.5,1
123503,1,3,3,1.0,2.0,1
123527,1,9,9,0.4444444444444444,5.0,1
123531,3,37,34,0.4864864864864865,6.918918918918919,0
123537,1,10,10,0.5,5.5,1
123550,1,14,14,0.21428571428571427,7.5,1
123552,1,8,8,0.125,4.5,1
123569,1,1,1,1.0,1.0,1
123592,1,17,17,0.0,9.0,0
123601,1,2,2,0.0,1.5,1
123614,1,11,11,0.09090909090909091,6.0,1
123615,1,4,4,0.0,2.5,1
123621,1,15,15,0.26666666666666666,8.0,1
123627,1,16,16,0.5,8.5,0
123635,1,11,11,1.0,6.0,1
123649,1,9,9,0.4444444444444444,5.0,1
123653,1,1,1,0.0,1.0,1
123655,1,12,12,0.5833333333333334,6.5,1
123658,1,7,7,0.7142857142857143,4.0,1
123662,1,4,4,0.25,2.5,1
123689,1,9,9,0.8888888888888888,5.0,1
123694,1,12,12,0.6666666666666666,6.5,1
123711,1,6,6,0.6666666666666666,3.5,1
123736,1,3,3,0.0,2.0,1
123754,1,4,4,0.5,2.5,1
123765,2,48,44,0.9166666666666666,13.520833333333334,0
123774,1,3,3,0.3333333333333333,2.0,1
123780,2,44,44,0.75,11.522727272727273,0
123792,1,4,4,0.5,2.5,1
123799,1,24,24,0.25,12.5,0
123807,1,3,3,1.0,2.0,1
123819,2,29,29,0.8620689655172413,8.448275862068966,0
123837,1,9,9,1.0,5.0,1
123859,1,10,10,0.7,5.5,1
123878,1,13,13,0.0,7.0,1
123908,1,15,15,1.0,8.0,1
123913,1,27,27,0.2962962962962963,14.0,0
123932,1,9,9,0.4444444444444444,5.0,1
123939,1,5,5,1.0,3.0,1
123949,1,8,8,0.625,4.5,1
123967,1,9,9,1.0,5.0,1
123992,1,15,15,0.26666666666666666,8.0,1
123993,1,11,11,0.0,6.0,1
124012,1,3,3,1.0,2.0,1
124020,1,10,10,0.2,5.5,1
124031,1,1,1,1.0,1.0,1
124034,1,13,13,0.5384615384615384,7.0,1
124036,1,2,2,1.0,1.5,1
124045,1,8,8,0.875,4.5,1
124064,1,13,13,0.3076923076923077,7.0,1
124088,1,6,6,0.16666666666666666,3.5,1
124092,1,8,8,1.0,4.5,1
124099,1,2,2,1.0,1.5,1
124115,1,5,5,0.0,3.0,1
124123,1,19,19,0.0,10.0,0
124134,1,16,16,0.625,8.5,0
124137,1,14,14,0.0,7.5,1
124144,2,15,13,0.7333333333333333,4.266666666666667,1
124148,1,9,9,0.0,5.0,1
124172,1,8,8,0.5,4.5,1
124180,1,8,8,0.375,4.5,1
124211,1,10,10,0.6,5.5,1
124229,1,5,5,0.2,3.0,1
124239,1,1,1,0.0,1.0,1
124287,1,32,32,0.8125,16.5,0
124300,1,4,4,0.25,2.5,1
124345,1,4,4,1.0,2.5,1
124346,1,4,4,0.5,2.5,1
124357,1,3,3,0.0,2.0,1
124362,1,13,13,1.0,7.0,1
124375,1,25,25,0.52,13.0,0
124384,1,22,22,0.5909090909090909,11.5,0
124418,1,6,6,0.5,3.5,1
124431,1,3,3,1.0,2.0,1
124434,1,2,2,0.5,1.5,1
124442,1,5,5,0.4,3.0,1
124451,1,3,3,0.3333333333333333,2.0,1
124477,1,7,7,0.8571428571428571,4.0,1
124483,1,7,7,0.2857142857142857,4.0,1
124496,1,7,7,0.5714285714285714,4.0,1
124514,1,8,8,0.25,4.5,1
124536,1,6,6,1.0,3.5,1
124547,1,16,16,0.625,8.5,0
124558,1,19,19,0.5263157894736842,10.0,0
124566,1,21,21,0.0,11.0,0
124567,1,19,19,0.42105263157894735,10.0,0
124587,1,7,7,0.5714285714285714,4.0,1
124617,1,18,18,0.1111111111111111,9.5,0
124636,1,7,7,1.0,4.0,1
124642,1,3,3,0.3333333333333333,2.0,1
124644,1,2,2,0.5,1.5,1
124653,1,7,7,0.0,4.0,1
124660,1,14,14,0.42857142857142855,7.5,1
124687,1,6,6,0.6666666666666666,3.5,1
124688,1,2,2,1.0,1.5,1
124699,1,10,10,0.9,5.5,1
124710,1,9,9,0.4444444444444444,5.0,1
124725,3,51,48,0.5490196078431373,9.607843137254902,0
124731,1,10,10,0.0,5.5,1
124749,1,16,16,0.625,8.5,0
124750,1,28,28,0.5714285714285714,14.5,0
124753,2,8,8,0.875,2.5,1
124762,2,33,33,0.7272727272727273,11.484848484848484,0
124817,1,4,4,0.5,2.5,1
124823,2,10,10,0.8,3.1,1
124829,1,6,6,0.8333333333333334,3.5,1
124830,1,11,11,1.0,6.0,1
124838,1,4,4,0.5,2.5,1
124888,1,7,7,1.0,4.0,1
124893,1,19,19,0.7894736842105263,10.0,0
124900,1,3,3,1.0,2.0,1
124932,1,21,21,0.5714285714285714,11.0,0
124983,1,20,20,0.7,10.5,0
125003,1,17,17,0.7647058823529411,9.0,0
125010,1,7,7,0.14285714285714285,4.0,1
125011,1,7,7,0.7142857142857143,4.0,1
125037,1,4,4,0.75,2.5,1
125087,1,4,4,1.0,2.5,1
125088,1,13,13,0.8461538461538461,7.0,1
125114,1,17,17,0.11764705882352941,9.0,0
125122,1,23,23,0.8260869565217391,12.0,0
125132,1,17,17,0.5294117647058824,9.0,0
125139,1,3,3,0.0,2.0,1
125140,1,6,6,0.6666666666666666,3.5,1
125152,1,1,1,1.0,1.0,1
125155,1,9,9,0.8888888888888888,5.0,1
125171,1,6,6,0.5,3.5,1
125187,1,14,14,0.7142857142857143,7.5,1
125188,1,20,20,0.6,10.5,0
125199,1,9,9,0.2222222222222222,5.0,1
125200,1,9,9,0.5555555555555556,5.0,1
125205,1,18,18,0.5555555555555556,9.5,0
125207,1,2,2,1.0,1.5,1
125212,2,34,30,0.29411764705882354,9.0,0
125220,1,28,28,0.0,14.5,0
125239,1,2,2,0.5,1.5,1
125242,1,6,6,0.6666666666666666,3.5,1
125245,1,1,1,1.0,1.0,1
125257,1,6,6,0.8333333333333334,3.5,1
125263,1,1,1,0.0,1.0,1
125271,1,5,5,0.8,3.0,1
125272,1,22,22,0.7727272727272727,11.5,0
125274,1,5,5,0.6,3.0,1
125280,1,2,2,1.0,1.5,1
125291,1,24,24,0.0,12.5,0
125292,1,16,16,0.75,8.5,0
125313,1,5,5,0.8,3.0,1
125314,1,15,15,1.0,8.0,1
125364,1,14,14,0.7857142857142857,7.5,1
125376,1,5,5,0.4,3.0,1
125424,1,23,23,0.6521739130434783,12.0,0
125432,1,4,4,0.5,2.5,1
125439,1,7,7,0.7142857142857143,4.0,1
125446,1,13,13,0.7692307692307693,7.0,1
125449,1,5,5,0.6,3.0,1
125458,1,9,9,0.5555555555555556,5.0,1
125460,1,4,4,1.0,2.5,1
125464,1,3,3,0.3333333333333333,2.0,1
125473,1,3,3,0.0,2.0,1
125492,1,6,6,1.0,3.5,1
125497,1,12,12,0.6666666666666666,6.5,1
125512,1,1,1,1.0,1.0,1
125514,1,4,4,0.25,2.5,1
125515,1,9,9,0.4444444444444444,5.0,1
125525,1,12,12,1.0,6.5,1
125546,1,6,6,0.6666666666666666,3.5,1
125553,1,8,8,0.0,4.5,1
125586,1,2,2,0.0,1.5,1
125600,1,1,1,0.0,1.0,1
125623,1,4,4,1.0,2.5,1
125652,1,17,17,1.0,9.0,0
125656,1,26,26,1.0,13.5,0
125657,1,11,11,0.5454545454545454,6.0,1
125662,1,32,32,0.9375,16.5,0
125664,1,15,15,0.4666666666666667,8.0,1
125667,1,9,9,0.4444444444444444,5.0,1
125668,2,15,15,0.6,4.666666666666667,0
125693,1,29,29,0.6896551724137931,15.0,0
125715,1,8,8,0.875,4.5,1
125757,1,13,13,0.7692307692307693,7.0,1
125769,1,5,5,0.8,3.0,1
125780,1,7,7,0.0,4.0,1
125791,1,1,1,1.0,1.0,1
125797,1,4,4,1.0,2.5,1
125807,1,11,11,0.0,6.0,1
125836,1,10,10,0.6,5.5,1
125863,1,1,1,1.0,1.0,1
125881,1,8,8,0.625,4.5,1
125886,1,12,12,0.6666666666666666,6.5,1
125906,1,10,10,0.0,5.5,1
125911,1,6,6,0.0,3.5,1
125917,1,1,1,1.0,1.0,1
125918,1,7,7,0.8571428571428571,4.0,1
125920,1,6,6,0.6666666666666666,3.5,1
125921,1,7,7,0.2857142857142857,4.0,1
125923,1,2,2,0.0,1.5,1
125933,1,15,15,0.6666666666666666,8.0,1
125944,1,8,8,0.375,4.5,1
125956,1,4,4,0.5,2.5,1
125960,1,8,8,0.75,4.5,1
125967,1,21,21,0.7142857142857143,11.0,0
125976,1,8,8,0.0,4.5,1
125978,1,13,13,0.8461538461538461,7.0,1
125983,1,10,10,0.0,5.5,1
125985,1,13,13,0.8461538461538461,7.0,1
125988,1,6,6,0.0,3.5,1
126015,1,2,2,1.0,1.5,1
126043,1,22,22,0.0,11.5,0
126050,1,9,9,0.3333333333333333,5.0,1
126054,1,9,9,0.4444444444444444,5.0,1
126066,1,2,2,1.0,1.5,1
126067,1,3,3,1.0,2.0,1
126072,1,8,8,0.5,4.5,1
126109,1,1,1,0.0,1.0,1
126123,2,27,26,0.48148148148148145,7.333333333333333,0
126126,1,15,15,0.7333333333333333,8.0,1
126138,1,3,3,1.0,2.0,1
126154,1,15,15,0.6666666666666666,8.0,1
126186,1,3,3,1.0,2.0,1
126209,1,7,7,0.8571428571428571,4.0,1
126216,1,4,4,1.0,2.5,1
126235,1,4,4,1.0,2.5,1
126236,1,11,11,1.0,6.0,1
126241,1,9,9,0.2222222222222222,5.0,1
126250,1,3,3,0.0,2.0,1
126256,1,47,47,0.2765957446808511,24.0,0
126272,2,32,29,0.90625,11.625,0
126290,1,14,14,0.14285714285714285,7.5,1
126307,1,9,9,0.0,5.0,1
126311,1,7,7,1.0,4.0,1
126382,1,3,3,0.6666666666666666,2.0,1
126398,1,14,14,0.9285714285714286,7.5,1
126405,1,28,28,0.8928571428571429,14.5,0
126408,1,11,11,0.45454545454545453,6.0,1
126410,1,8,8,0.75,4.5,1
126413,1,9,9,1.0,5.0,1
126415,1,18,18,0.8333333333333334,9.5,0
126419,1,12,12,0.5833333333333334,6.5,1
126428,1,7,7,0.7142857142857143,4.0,1
126435,1,19,19,0.0,10.0,0
126448,1,36,36,0.4722222222222222,18.5,0
126455,1,15,15,1.0,8.0,1
126472,1,12,12,0.25,6.5,1
126478,1,5,5,0.0,3.0,1
126486,1,6,6,0.5,3.5,1
126495,1,8,8,0.375,4.5,1
126526,1,9,9,0.0,5.0,1
126527,1,12,12,0.5,6.5,1
126535,1,23,23,0.7391304347826086,12.0,0
126540,1,8,8,0.25,4.5,1
126562,1,10,10,0.3,5.5,1
126569,1,9,9,0.8888888888888888,5.0,1
126574,1,14,14,0.5,7.5,1
126587,1,6,6,1.0,3.5,1
126590,2,37,33,0.7567567567567568,9.756756756756756,0
126596,1,13,13,0.6923076923076923,7.0,1
126599,1,2,2,0.0,1.5,1
126617,1,12,12,0.0,6.5,1
126619,1,22,22,0.36363636363636365,11.5,0
126625,2,19,18,0.42105263157894735,7.473684210526316,0
126635,1,8,8,0.0,4.5,1
126651,1,4,4,0.5,2.5,1
126711,1,2,2,0.5,1.5,1
126712,1,4,4,1.0,2.5,1
126715,2,28,28,0.8214285714285714,7.642857142857143,0
126720,1,5,5,0.8,3.0,1
126751,2,7,6,0.7142857142857143,2.2857142857142856,1
126755,1,3,3,0.3333333333333333,2.0,1
126787,1,10,10,0.6,5.5,1
126824,2,39,36,0.3333333333333333,10.307692307692308,0
126874,1,9,9,0.2222222222222222,5.0,1
126887,1,6,6,0.3333333333333333,3.5,1
126889,1,8,8,0.75,4.5,1
126891,1,7,7,0.7142857142857143,4.0,1
126892,1,3,3,0.3333333333333333,2.0,1
126918,1,13,13,0.0,7.0,1
126921,1,10,10,0.2,5.5,1
126933,1,1,1,1.0,1.0,1
126947,1,5,5,1.0,3.0,1
126955,1,15,15,0.4,8.0,1
126994,1,13,13,0.3076923076923077,7.0,1
126998,1,6,6,0.5,3.5,1
127000,1,4,4,1.0,2.5,1
127009,1,13,13,0.6153846153846154,7.0,1
127010,1,8,8,0.75,4.5,1
127018,1,10,10,0.8,5.5,1
127030,1,10,10,0.3,5.5,1
127031,1,11,11,0.0,6.0,1
127046,1,13,13,0.6923076923076923,7.0,1
127049,1,6,6,1.0,3.5,1
127072,1,8,8,0.5,4.5,1
127081,2,9,9,0.5555555555555556,3.4444444444444446,1
127100,1,8,8,0.5,4.5,1
127105,1,18,18,0.1111111111111111,9.5,0
127125,1,7,7,0.8571428571428571,4.0,1
127160,1,5,5,0.6,3.0,1
127173,1,13,13,0.6923076923076923,7.0,1
127205,1,5,5,0.0,3.0,1
127211,1,20,20,0.45,10.5,0
127225,1,1,1,1.0,1.0,1
127229,1,9,9,0.7777777777777778,5.0,1
127244,1,29,29,0.5172413793103449,15.0,0
127272,1,10,10,1.0,5.5,1
127311,1,8,8,0.125,4.5,1
127318,1,3,3,1.0,2.0,1
127336,1,5,5,1.0,3.0,1
127356,1,14,14,0.0,7.5,1
127362,1,14,14,0.14285714285714285,7.5,1
127364,1,11,11,0.5454545454545454,6.0,1
127374,1,29,29,0.41379310344827586,15.0,0
127375,1,5,5,1.0,3.0,1
127378,1,6,6,0.0,3.5,1
127387,1,8,8,0.25,4.5,1
127410,1,16,16,0.1875,8.5,0
127412,2,17,16,0.7058823529411765,4.764705882352941,0
127423,1,2,2,1.0,1.5,1
127427,3,39,31,0.8205128205128205,7.102564102564102,0
127428,1,7,7,0.2857142857142857,4.0,1
127433,1,9,9,0.3333333333333333,5.0,1
127440,1,7,7,0.14285714285714285,4.0,1
127446,1,12,12,0.9166666666666666,6.5,1
127481,1,17,17,0.7058823529411765,9.0,0
127487,1,7,7,0.7142857142857143,4.0,1
127495,1,1,1,1.0,1.0,1
127503,1,17,17,0.0,9.0,0
127513,1,6,6,0.16666666666666666,3.5,1
127522,1,22,22,0.36363636363636365,11.5,0
127523,2,11,11,0.7272727272727273,3.272727272727273,1
127525,2,72,65,0.5555555555555556,18.72222222222222,0
127529,1,8,8,0.75,4.5,1
127532,1,7,7,0.2857142857142857,4.0,1
127541,1,2,2,0.0,1.5,1
127547,1,4,4,1.0,2.5,1
127557,1,7,7,0.5714285714285714,4.0,1
127577,1,1,1,1.0,1.0,1
127584,1,19,19,0.47368421052631576,10.0,0
127663,1,6,6,0.8333333333333334,3.5,1
127670,1,11,11,0.7272727272727273,6.0,1
127673,1,17,17,0.5294117647058824,9.0,0
127676,1,20,20,0.55,10.5,0
127680,1,3,3,0.6666666666666666,2.0,1
127687,1,24,24,1.0,12.5,0
127713,1,12,12,0.0,6.5,1
127730,1,9,9,0.0,5.0,1
127731,1,11,11,0.8181818181818182,6.0,1
127757,1,16,16,0.5,8.5,0
127773,1,6,6,1.0,3.5,1
127784,1,12,12,0.5,6.5,1
127792,1,5,5,0.2,3.0,1
127794,1,1,1,0.0,1.0,1
127807,1,2,2,1.0,1.5,1
127811,1,5,5,0.0,3.0,1
127817,1,2,2,0.0,1.5,1
127820,1,9,9,0.5555555555555556,5.0,1
127848,1,7,7,1.0,4.0,1
127858,1,2,2,0.5,1.5,1
127867,1,15,15,0.2,8.0,1
127868,1,16,16,0.875,8.5,0
127870,1,10,10,0.3,5.5,1
127890,2,12,12,0.9166666666666666,3.5,1
127899,1,3,3,0.6666666666666666,2.0,1
127906,1,8,8,0.5,4.5,1
127913,1,4,4,0.0,2.5,1
127915,2,19,18,0.631578947368421,6.842105263157895,0
127930,1,14,14,0.42857142857142855,7.5,1
127951,1,10,10,0.8,5.5,1
127970,1,5,5,0.4,3.0,1
127975,1,9,9,0.6666666666666666,5.0,1
127988,1,5,5,1.0,3.0,1
128019,2,7,5,0.42857142857142855,2.2857142857142856,1
128049,1,14,14,0.7857142857142857,7.5,1
128073,1,7,7,1.0,4.0,1
128076,1,31,31,0.8387096774193549,16.0,0
128106,1,9,9,0.5555555555555556,5.0,1
128143,2,13,12,0.6923076923076923,3.769230769230769,1
128164,1,6,6,0.5,3.5,1
128169,1,7,7,0.7142857142857143,4.0,1
128194,1,5,5,1.0,3.0,1
128198,1,9,9,0.5555555555555556,5.0,1
128200,1,20,20,0.8,10.5,0
128213,1,4,4,0.25,2.5,1
128243,1,5,5,0.0,3.0,1
128246,1,18,18,0.7777777777777778,9.5,0
128254,1,4,4,0.75,2.5,1
128263,1,7,7,0.7142857142857143,4.0,1
128292,1,19,19,0.10526315789473684,10.0,0
128295,1,10,10,0.2,5.5,1
128305,1,8,8,0.375,4.5,1
128317,1,1,1,0.0,1.0,1
128324,1,8,8,0.875,4.5,1
128333,1,8,8,0.5,4.5,1
128335,1,5,5,0.4,3.0,1
128338,1,6,6,0.5,3.5,1
128339,1,6,6,0.0,3.5,1
128347,1,5,5,0.6,3.0,1
128350,1,5,5,0.2,3.0,1
128354,1,18,18,1.0,9.5,0
128356,1,16,16,0.875,8.5,0
128359,2,28,26,0.8928571428571429,8.392857142857142,0
128366,1,5,5,0.8,3.0,1
128388,1,12,12,0.9166666666666666,6.5,1
128389,1,24,24,0.16666666666666666,12.5,0
128437,1,5,5,1.0,3.0,1
128480,1,9,9,0.4444444444444444,5.0,1
128514,1,7,7,0.0,4.0,1
128523,1,7,7,1.0,4.0,1
128537,1,9,9,0.0,5.0,1
128541,1,13,13,0.0,7.0,1
128559,1,2,2,0.5,1.5,1
128566,1,5,5,0.6,3.0,1
128568,1,17,17,0.8823529411764706,9.0,0
128581,1,6,6,0.0,3.5,1
128608,1,9,9,0.2222222222222222,5.0,1
128623,1,23,23,0.5217391304347826,12.0,0
128624,1,12,12,0.6666666666666666,6.5,1
128627,1,35,35,0.9428571428571428,18.0,0
128638,1,6,6,0.3333333333333333,3.5,1
128665,2,6,4,1.0,2.1666666666666665,1
128678,1,1,1,1.0,1.0,1
128693,1,6,6,0.0,3.5,1
128709,1,4,4,1.0,2.5,1
128710,2,6,6,0.8333333333333334,2.1666666666666665,1
128719,1,1,1,1.0,1.0,1
128727,1,13,13,0.9230769230769231,7.0,1
128735,1,6,6,0.5,3.5,1
128767,1,6,6,0.8333333333333334,3.5,1
128777,1,22,22,0.0,11.5,0
128792,1,10,10,0.4,5.5,1
128793,1,1,1,1.0,1.0,1
128799,2,32,22,0.8125,8.625,0
128827,1,8,8,0.75,4.5,1
128874,1,9,9,0.0,5.0,1
128876,1,9,9,1.0,5.0,1
128883,1,6,6,0.5,3.5,1
128887,1,12,12,0.16666666666666666,6.5,1
128894,1,2,2,1.0,1.5,1
128912,1,3,3,0.0,2.0,1
128922,1,2,2,0.5,1.5,1
128965,1,4,4,0.0,2.5,1
128974,1,12,12,1.0,6.5,1
128979,1,7,7,0.14285714285714285,4.0,1
128987,1,7,7,0.8571428571428571,4.0,1
129024,1,9,9,0.7777777777777778,5.0,1
129029,2,12,12,0.9166666666666666,3.5833333333333335,1
129044,1,16,16,0.4375,8.5,0
129048,1,6,6,0.5,3.5,1
129080,1,17,17,0.8235294117647058,9.0,0
129081,1,14,14,0.5714285714285714,7.5,1
129092,1,14,14,0.21428571428571427,7.5,1
129127,1,23,23,0.782608695652174,12.0,0
129131,1,2,2,0.0,1.5,1
129140,1,13,13,0.6923076923076923,7.0,1
129151,1,6,6,0.16666666666666666,3.5,1
129168,2,6,6,0.8333333333333334,2.1666666666666665,1
129190,1,3,3,0.0,2.0,1
129196,2,19,18,0.5263157894736842,7.473684210526316,0
129211,1,13,13,1.0,7.0,1
129225,1,5,5,0.8,3.0,1
129234,1,12,12,1.0,6.5,1
129235,1,19,19,0.47368421052631576,10.0,0
129237,1,25,25,0.64,13.0,0
129247,2,10,8,0.8,3.1,1
129258,1,4,4,0.0,2.5,1
129266,2,36,25,0.8333333333333334,9.944444444444445,0
129280,1,6,6,0.5,3.5,1
129287,1,3,3,1.0,2.0,1
129294,1,17,17,0.47058823529411764,9.0,0
129299,1,27,27,0.8518518518518519,14.0,0
129307,1,12,12,0.8333333333333334,6.5,1
129309,1,24,24,0.7083333333333334,12.5,0
129338,1,6,6,0.6666666666666666,3.5,1
129348,2,18,18,0.5,5.888888888888889,0
129380,1,19,19,0.3684210526315789,10.0,0
129386,1,7,7,0.14285714285714285,4.0,1
129389,1,27,27,0.5925925925925926,14.0,0
129394,1,10,10,0.5,5.5,1
129397,1,5,5,1.0,3.0,1
129417,1,19,19,0.42105263157894735,10.0,0
129419,1,7,7,0.8571428571428571,4.0,1
129429,1,1,1,1.0,1.0,1
129475,1,11,11,0.7272727272727273,6.0,1
129488,2,20,20,0.45,5.55,0
129512,1,1,1,1.0,1.0,1
129515,1,2,2,0.5,1.5,1
129536,1,13,13,0.5384615384615384,7.0,1
129540,1,3,3,0.3333333333333333,2.0,1
129541,1,5,5,0.6,3.0,1
129548,1,20,20,0.25,10.5,0
129552,1,21,21,0.5714285714285714,11.0,0
129571,1,8,8,0.0,4.5,1
129577,1,7,7,0.5714285714285714,4.0,1
129579,1,3,3,0.6666666666666666,2.0,1
129630,2,14,10,1.0,4.642857142857143,1
129631,1,8,8,0.0,4.5,1
129639,1,4,4,0.5,2.5,1
129647,1,3,3,0.3333333333333333,2.0,1
129654,2,5,5,0.6,2.2,1
129707,1,1,1,0.0,1.0,1
129712,1,3,3,1.0,2.0,1
129735,1,6,6,1.0,3.5,1
129747,1,5,5,0.8,3.0,1
129749,2,20,19,0.55,6.75,0
129783,1,17,17,1.0,9.0,0
129784,1,6,6,0.8333333333333334,3.5,1
129791,1,9,9,0.4444444444444444,5.0,1
129802,1,7,7,0.2857142857142857,4.0,1
129805,1,9,9,0.1111111111111111,5.0,1
129809,1,11,11,0.2727272727272727,6.0,1
129824,1,14,14,0.6428571428571429,7.5,1
129843,1,5,5,0.6,3.0,1
129846,1,9,9,0.6666666666666666,5.0,1
129867,2,15,9,0.7333333333333333,4.266666666666667,1
129871,1,6,6,1.0,3.5,1
129896,1,3,3,1.0,2.0,1
129906,1,10,10,1.0,5.5,1
129927,1,4,4,0.75,2.5,1
129958,1,27,27,0.0,14.0,0
129961,1,8,8,0.125,4.5,1
129963,1,6,6,0.0,3.5,1
129966,1,8,8,0.875,4.5,1
129974,1,19,19,0.42105263157894735,10.0,0
129992,1,16,16,0.6875,8.5,0
129995,1,4,4,0.75,2.5,1
130009,1,17,17,0.7058823529411765,9.0,0
130033,1,8,8,0.75,4.5,1
130036,1,8,8,1.0,4.5,1
130127,1,2,2,0.5,1.5,1
130177,1,15,15,0.4,8.0,1
130179,1,2,2,0.0,1.5,1
130181,1,6,6,0.8333333333333334,3.5,1
130182,1,23,23,0.391304347826087,12.0,0
130211,1,7,7,0.42857142857142855,4.0,1
130239,1,14,14,0.5714285714285714,7.5,1
130244,1,9,9,0.8888888888888888,5.0,1
130245,1,10,10,0.3,5.5,1
130266,1,10,10,0.1,5.5,1
130271,2,14,14,0.2857142857142857,5.142857142857143,0
130277,1,8,8,0.75,4.5,1
130284,2,22,19,0.9090909090909091,6.409090909090909,0
130295,1,6,6,0.0,3.5,1
130312,1,13,13,0.0,7.0,1
130326,1,1,1,1.0,1.0,1
130329,1,3,3,0.0,2.0,1
130332,1,6,6,0.6666666666666666,3.5,1
130342,3,8,7,0.875,2.125,1
130393,1,34,34,0.5882352941176471,17.5,0
130445,1,1,1,1.0,1.0,1
130461,1,8,8,0.125,4.5,1
130467,2,14,12,1.0,4.071428571428571,1
130489,1,9,9,0.3333333333333333,5.0,1
130510,1,13,13,1.0,7.0,1
130556,1,6,6,0.6666666666666666,3.5,1
130567,1,2,2,1.0,1.5,1
130571,1,8,8,0.625,4.5,1
130572,1,3,3,0.0,2.0,1
130588,1,27,27,0.6296296296296297,14.0,0
130597,1,8,8,0.125,4.5,1
130599,1,6,6,0.8333333333333334,3.5,1
130634,1,25,25,0.08,13.0,0
130654,1,1,1,0.0,1.0,1
130657,1,11,11,0.9090909090909091,6.0,1
130662,1,12,12,0.16666666666666666,6.5,1
130675,1,8,8,0.0,4.5,1
130694,1,9,9,0.3333333333333333,5.0,1
130696,1,7,7,0.42857142857142855,4.0,1
130715,1,29,29,0.5517241379310345,15.0,0
130732,1,7,7,0.0,4.0,1
130739,1,18,18,0.7222222222222222,9.5,0
130749,1,2,2,0.5,1.5,1
130753,1,5,5,0.8,3.0,1
130762,2,37,37,0.8648648648648649,10.08108108108108,0
130778,1,5,5,0.0,3.0,1
130792,1,16,16,0.3125,8.5,0
130802,1,3,3,1.0,2.0,1
130803,2,14,8,0.9285714285714286,4.071428571428571,1
130809,1,9,9,0.8888888888888888,5.0,1
130825,1,20,20,0.4,10.5,0
130845,1,8,8,0.125,4.5,1
130847,1,14,14,0.14285714285714285,7.5,1
130851,1,9,9,0.0,5.0,1
130865,1,10,10,0.6,5.5,1
130868,1,10,10,0.0,5.5,1
130871,1,9,9,0.1111111111111111,5.0,1
130886,1,8,8,0.5,4.5,1
130903,1,29,29,0.7241379310344828,15.0,0
130912,1,6,6,1.0,3.5,1
130914,1,3,3,0.0,2.0,1
130915,3,21,18,0.9523809523809523,4.904761904761905,0
130939,1,4,4,1.0,2.5,1
130967,1,28,28,0.32142857142857145,14.5,0
130982,2,43,43,0.627906976744186,11.534883720930232,0
130986,2,25,22,0.72,6.76,0
131004,1,6,6,0.6666666666666666,3.5,1
131014,1,19,19,0.7368421052631579,10.0,0
131033,1,4,4,1.0,2.5,1
131057,1,7,7,0.5714285714285714,4.0,1
131058,2,13,13,0.38461538461538464,4.230769230769231,1
131086,1,8,8,0.625,4.5,1
131093,2,49,45,0.8775510204081632,12.795918367346939,0
131095,1,4,4,1.0,2.5,1
131110,1,7,7,0.42857142857142855,4.0,1
131119,1,6,6,0.3333333333333333,3.5,1
131120,1,8,8,0.125,4.5,1
131121,1,2,2,0.0,1.5,1
131124,1,3,3,0.6666666666666666,2.0,1
131125,2,15,15,0.8,4.4,0
131137,1,22,22,0.45454545454545453,11.5,0
131138,1,7,7,0.42857142857142855,4.0,1
131156,1,6,6,0.16666666666666666,3.5,1
131187,1,19,19,0.47368421052631576,10.0,0
131203,1,9,9,0.6666666666666666,5.0,1
131204,1,1,1,1.0,1.0,1
131215,1,7,7,0.2857142857142857,4.0,1
131234,1,7,7,0.7142857142857143,4.0,1
131235,1,11,11,0.18181818181818182,6.0,1
131239,1,11,11,0.9090909090909091,6.0,1
131269,1,3,3,0.6666666666666666,2.0,1
131306,1,31,31,0.0967741935483871,16.0,0
131309,1,16,16,0.3125,8.5,0
131329,1,7,7,0.42857142857142855,4.0,1
131368,1,6,6,0.8333333333333334,3.5,1
131370,1,6,6,0.5,3.5,1
131371,1,2,2,0.0,1.5,1
131376,1,4,4,0.75,2.5,1
131385,1,23,23,0.9130434782608695,12.0,0
131387,1,3,3,1.0,2.0,1
131399,1,5,5,0.4,3.0,1
131400,1,6,6,0.3333333333333333,3.5,1
131416,1,8,8,1.0,4.5,1
131432,1,10,10,0.9,5.5,1
131464,1,10,10,0.0,5.5,1
131500,2,14,12,0.8571428571428571,4.0,1
131504,1,9,9,0.0,5.0,1
131512,1,15,15,0.4,8.0,1
131526,1,9,9,0.8888888888888888,5.0,1
131529,2,40,36,0.925,11.125,0
131535,1,5,5,0.4,3.0,1
131547,1,8,8,0.5,4.5,1
131584,1,14,14,0.21428571428571427,7.5,1
131593,1,14,14,0.6428571428571429,7.5,1
131597,1,30,30,0.36666666666666664,15.5,0
131618,1,3,3,0.6666666666666666,2.0,1
131626,1,7,7,0.5714285714285714,4.0,1
131634,1,5,5,1.0,3.0,1
131641,1,6,6,0.16666666666666666,3.5,1
131661,1,9,9,0.1111111111111111,5.0,1
131675,2,27,25,0.4444444444444444,9.333333333333334,0
131692,1,37,37,0.7567567567567568,19.0,0
131699,1,10,10,0.8,5.5,1
131714,1,17,17,0.8823529411764706,9.0,0
131716,1,14,14,0.5,7.5,1
131725,1,3,3,1.0,2.0,1
131726,1,26,26,0.8846153846153846,13.5,0
131733,1,12,12,0.5833333333333334,6.5,1
131771,1,5,5,0.2,3.0,1
131796,1,6,6,0.6666666666666666,3.5,1
131798,1,9,9,0.0,5.0,1
131801,1,9,9,0.5555555555555556,5.0,1
131814,1,6,6,0.3333333333333333,3.5,1
131817,1,7,7,0.5714285714285714,4.0,1
131826,1,14,14,0.42857142857142855,7.5,1
131841,1,2,2,1.0,1.5,1
131864,1,11,11,0.8181818181818182,6.0,1
131865,1,5,5,0.8,3.0,1
131868,1,25,25,0.56,13.0,0
131880,1,14,14,0.7142857142857143,7.5,1
131889,1,9,9,0.0,5.0,1
131890,1,9,9,0.0,5.0,1
131893,1,5,5,0.4,3.0,1
131904,1,6,6,1.0,3.5,1
131905,1,18,18,0.7777777777777778,9.5,0
131909,1,13,13,0.3076923076923077,7.0,1
131915,1,13,13,0.15384615384615385,7.0,1
131916,1,3,3,1.0,2.0,1
131919,1,10,10,0.0,5.5,1
131924,1,8,8,0.375,4.5,1
131927,1,13,13,0.6153846153846154,7.0,1
131936,1,16,16,0.25,8.5,0
131938,1,3,3,0.0,2.0,1
131943,1,4,4,0.0,2.5,1
131958,1,5,5,0.8,3.0,1
131967,2,7,7,0.7142857142857143,2.5714285714285716,1
131970,1,6,6,0.3333333333333333,3.5,1
131981,2,23,23,0.6521739130434783,6.260869565217392,0
132006,1,14,14,0.5714285714285714,7.5,1
132007,2,39,39,0.7692307692307693,10.564102564102564,0
132021,2,2,2,1.0,1.0,1
132026,1,7,7,0.42857142857142855,4.0,1
132057,1,19,19,0.631578947368421,10.0,0
132065,1,4,4,0.25,2.5,1
132066,1,38,38,0.5789473684210527,19.5,0
132067,1,6,6,0.8333333333333334,3.5,1
132069,2,35,35,0.4,10.114285714285714,0
132077,1,11,11,0.0,6.0,1
132099,1,4,4,1.0,2.5,1
132136,1,5,5,0.0,3.0,1
132187,1,18,18,0.6111111111111112,9.5,0
132235,1,13,13,0.38461538461538464,7.0,1
132240,1,7,7,1.0,4.0,1
132251,1,6,6,0.8333333333333334,3.5,1
132274,1,14,14,0.7857142857142857,7.5,1
132276,1,4,4,0.5,2.5,1
132282,1,13,13,1.0,7.0,1
132328,1,15,15,0.0,8.0,1
132379,2,5,5,0.0,1.8,1
132382,1,14,14,0.7142857142857143,7.5,1
132402,1,2,2,1.0,1.5,1
132409,1,10,10,0.9,5.5,1
132424,2,28,27,0.25,7.5,0
132453,1,3,3,0.6666666666666666,2.0,1
132507,1,2,2,0.0,1.5,1
132519,1,21,21,0.42857142857142855,11.0,0
132524,1,1,1,1.0,1.0,1
132566,1,4,4,0.5,2.5,1
132572,1,8,8,0.625,4.5,1
132581,1,6,6,1.0,3.5,1
132582,1,6,6,0.16666666666666666,3.5,1
132598,1,7,7,0.42857142857142855,4.0,1
132613,1,7,7,0.5714285714285714,4.0,1
132616,1,17,17,0.17647058823529413,9.0,0
132628,1,1,1,1.0,1.0,1
132640,1,31,31,0.5161290322580645,16.0,0
132646,1,3,3,0.6666666666666666,2.0,1
132666,1,13,13,0.46153846153846156,7.0,1
132668,1,3,3,1.0,2.0,1
132679,1,6,6,0.0,3.5,1
132697,1,12,12,0.5,6.5,1
132699,1,9,9,0.3333333333333333,5.0,1
132703,1,15,15,0.8,8.0,1
132704,1,14,14,0.42857142857142855,7.5,1
132710,1,29,29,0.6551724137931034,15.0,0
132712,1,6,6,1.0,3.5,1
132729,2,28,28,0.14285714285714285,8.785714285714286,0
132750,1,4,4,0.5,2.5,1
132771,1,4,4,0.75,2.5,1
132786,1,6,6,0.0,3.5,1
132815,1,17,17,0.7647058823529411,9.0,0
132823,1,5,5,0.2,3.0,1
132836,1,11,11,0.9090909090909091,6.0,1
132837,1,5,5,0.2,3.0,1
132844,1,27,27,0.9629629629629629,14.0,0
132846,1,10,10,0.4,5.5,1
132849,1,6,6,0.6666666666666666,3.5,1
132856,1,11,11,0.2727272727272727,6.0,1
132863,1,20,20,1.0,10.5,0
132866,1,12,12,0.6666666666666666,6.5,1
132875,1,13,13,0.6153846153846154,7.0,1
132877,1,1,1,0.0,1.0,1
132888,1,4,4,0.25,2.5,1
132910,1,5,5,0.6,3.0,1
132940,2,29,29,0.2413793103448276,8.448275862068966,0
132941,1,9,9,0.1111111111111111,5.0,1
132942,1,7,7,0.8571428571428571,4.0,1
132951,1,30,30,0.9333333333333333,15.5,0
132957,1,5,5,1.0,3.0,1
132970,1,2,2,0.0,1.5,1
132972,1,6,6,0.6666666666666666,3.5,1
132978,1,26,26,0.9615384615384616,13.5,0
132989,1,7,7,0.5714285714285714,4.0,1
133008,1,11,11,0.9090909090909091,6.0,1
133016,1,8,8,1.0,4.5,1
133045,1,18,18,0.7777777777777778,9.5,0
133056,1,11,11,0.0,6.0,1
133061,1,3,3,0.6666666666666666,2.0,1
133066,1,4,4,0.75,2.5,1
133077,1,3,3,0.3333333333333333,2.0,1
133088,1,3,3,1.0,2.0,1
133091,1,33,33,0.0,17.0,0
133107,1,35,35,0.8571428571428571,18.0,0
133139,1,7,7,1.0,4.0,1
133159,1,8,8,1.0,4.5,1
133176,1,15,15,0.4,8.0,1
133177,1,16,16,0.1875,8.5,0
133182,1,8,8,0.875,4.5,1
133183,1,12,12,0.5,6.5,1
133193,1,1,1,1.0,1.0,1
133196,1,8,8,0.625,4.5,1
133233,1,7,7,1.0,4.0,1
133235,2,25,25,0.96,7.96,0
133245,1,17,17,0.5294117647058824,9.0,0
133286,1,1,1,0.0,1.0,1
133298,1,11,11,1.0,6.0,1
133301,1,7,7,1.0,4.0,1
133314,1,2,2,0.5,1.5,1
133335,1,4,4,0.0,2.5,1
133348,1,12,12,0.0,6.5,1
133356,1,2,2,0.5,1.5,1
133367,1,7,7,0.0,4.0,1
133394,1,9,9,0.5555555555555556,5.0,1
133395,1,5,5,0.4,3.0,1
133398,1,8,8,0.0,4.5,1
133413,1,2,2,0.5,1.5,1
133414,1,10,10,0.8,5.5,1
133422,1,11,11,0.45454545454545453,6.0,1
133447,2,16,16,0.875,4.5,0
133464,1,12,12,0.75,6.5,1
133470,1,9,9,0.0,5.0,1
133484,1,7,7,0.14285714285714285,4.0,1
133511,1,12,12,0.0,6.5,1
133515,1,8,8,0.125,4.5,1
133522,1,6,6,1.0,3.5,1
133531,1,21,21,0.8571428571428571,11.0,0
133565,1,11,11,0.45454545454545453,6.0,1
133567,1,1,1,0.0,1.0,1
133575,1,7,7,0.7142857142857143,4.0,1
133590,1,25,25,0.8,13.0,0
133601,1,6,6,0.6666666666666666,3.5,1
133640,2,16,16,0.4375,4.75,0
133642,1,2,2,0.5,1.5,1
133649,1,11,11,0.09090909090909091,6.0,1
133654,1,18,18,0.5,9.5,0
133671,1,11,11,0.36363636363636365,6.0,1
133695,1,21,21,0.6666666666666666,11.0,0
133716,1,7,7,1.0,4.0,1
133719,1,21,21,0.47619047619047616,11.0,0
133729,1,7,7,0.0,4.0,1
133767,1,3,3,1.0,2.0,1
133780,1,4,4,1.0,2.5,1
133788,1,7,7,0.7142857142857143,4.0,1
133806,1,6,6,0.16666666666666666,3.5,1
133810,2,23,20,0.6956521739130435,6.260869565217392,0
133814,1,17,17,0.29411764705882354,9.0,0
133817,1,4,4,0.75,2.5,1
133826,1,2,2,0.5,1.5,1
133837,1,3,3,0.3333333333333333,2.0,1
133839,1,5,5,0.0,3.0,1
133849,1,38,38,0.7631578947368421,19.5,0
133875,1,6,6,0.5,3.5,1
133886,1,1,1,0.0,1.0,1
133889,1,9,9,0.1111111111111111,5.0,1
133890,1,7,7,0.7142857142857143,4.0,1
133892,1,24,24,0.9166666666666666,12.5,0
133896,1,4,4,1.0,2.5,1
133914,1,9,9,0.3333333333333333,5.0,1
133918,1,5,5,1.0,3.0,1
133925,1,8,8,0.5,4.5,1
133935,1,2,2,1.0,1.5,1
133937,1,10,10,0.4,5.5,1
133942,1,8,8,0.625,4.5,1
133954,1,1,1,0.0,1.0,1
133968,1,16,16,0.625,8.5,0
133983,1,11,11,0.9090909090909091,6.0,1
134003,2,17,17,1.0,4.764705882352941,0
134011,1,4,4,0.75,2.5,1
134040,1,12,12,0.5833333333333334,6.5,1
134091,1,4,4,0.25,2.5,1
134136,1,6,6,0.3333333333333333,3.5,1
134142,1,5,5,0.6,3.0,1
134144,1,4,4,0.75,2.5,1
134195,1,3,3,1.0,2.0,1
134202,1,2,2,0.5,1.5,1
134204,1,4,4,0.5,2.5,1
134226,1,11,11,0.7272727272727273,6.0,1
134240,1,14,14,0.42857142857142855,7.5,1
134243,1,27,27,0.7777777777777778,14.0,0
134248,1,6,6,1.0,3.5,1
134250,1,8,8,0.5,4.5,1
134273,1,5,5,0.6,3.0,1
134286,1,13,13,0.8461538461538461,7.0,1
134305,1,18,18,0.4444444444444444,9.5,0
134329,1,6,6,0.8333333333333334,3.5,1
134330,1,5,5,0.4,3.0,1
134348,1,18,18,0.5555555555555556,9.5,0
134353,1,2,2,1.0,1.5,1
134358,1,15,15,0.26666666666666666,8.0,1
134374,1,3,3,0.6666666666666666,2.0,1
134377,1,4,4,0.75,2.5,1
134385,1,14,14,0.2857142857142857,7.5,1
134391,1,8,8,0.75,4.5,1
134411,1,2,2,1.0,1.5,1
134412,1,5,5,1.0,3.0,1
134421,1,11,11,0.8181818181818182,6.0,1
134430,1,11,11,0.36363636363636365,6.0,1
134458,1,5,5,0.4,3.0,1
134465,2,65,50,0.9230769230769231,17.215384615384615,0
134467,1,4,4,0.75,2.5,1
134473,1,4,4,1.0,2.5,1
134476,1,9,9,0.7777777777777778,5.0,1
134478,1,7,7,0.8571428571428571,4.0,1
134482,1,6,6,0.5,3.5,1
134489,1,4,4,1.0,2.5,1
134490,1,2,2,1.0,1.5,1
134511,1,29,29,0.8275862068965517,15.0,0
134525,1,4,4,1.0,2.5,1
134526,1,4,4,0.25,2.5,1
134535,1,9,9,0.4444444444444444,5.0,1
134538,2,41,36,0.2926829268292683,10.902439024390244,0
134540,1,13,13,0.3076923076923077,7.0,1
134550,1,8,8,0.0,4.5,1
134567,1,5,5,0.0,3.0,1
134597,1,14,14,1.0,7.5,1
134604,1,6,6,0.6666666666666666,3.5,1
134613,1,20,20,0.8,10.5,0
134614,2,44,41,0.5227272727272727,11.590909090909092,0
134625,2,11,11,0.45454545454545453,3.272727272727273,1
134635,1,8,8,0.25,4.5,1
134651,1,13,13,0.6923076923076923,7.0,1
134689,1,20,20,0.0,10.5,0
134700,1,16,16,0.75,8.5,0
134701,1,10,10,1.0,5.5,1
134728,1,2,2,0.5,1.5,1
134730,2,17,17,0.9411764705882353,4.882352941176471,0
134740,1,6,6,0.6666666666666666,3.5,1
134746,1,20,20,0.45,10.5,0
134759,1,20,20,0.7,10.5,0
134761,1,12,12,0.75,6.5,1
134772,1,16,16,0.5,8.5,0
134777,1,1,1,1.0,1.0,1
134782,1,15,15,0.0,8.0,1
134790,1,8,8,1.0,4.5,1
134805,1,8,8,1.0,4.5,1
134806,1,7,7,0.42857142857142855,4.0,1
134816,1,1,1,0.0,1.0,1
134834,1,9,9,1.0,5.0,1
134883,1,4,4,0.5,2.5,1
134892,1,8,8,0.375,4.5,1
134907,1,9,9,0.8888888888888888,5.0,1
134931,1,6,6,0.16666666666666666,3.5,1
134946,1,22,22,0.6818181818181818,11.5,0
134964,1,5,5,0.4,3.0,1
134968,1,8,8,0.875,4.5,1
134984,1,5,5,1.0,3.0,1
134989,1,7,7,0.42857142857142855,4.0,1
135000,1,4,4,0.75,2.5,1
135004,1,23,23,0.391304347826087,12.0,0
135012,1,3,3,0.0,2.0,1
135036,1,5,5,0.0,3.0,1
135041,1,11,11,0.7272727272727273,6.0,1
135043,1,6,6,0.5,3.5,1
135048,1,5,5,0.8,3.0,1
135052,1,7,7,0.5714285714285714,4.0,1
135062,1,4,4,0.75,2.5,1
135103,1,11,11,0.0,6.0,1
135132,1,19,19,0.7894736842105263,10.0,0
135145,1,18,18,0.8888888888888888,9.5,0
135149,1,3,3,0.0,2.0,1
135168,1,9,9,0.8888888888888888,5.0,1
135169,1,13,13,0.9230769230769231,7.0,1
135190,1,9,9,0.7777777777777778,5.0,1
135199,1,4,4,0.75,2.5,1
135247,1,10,10,0.5,5.5,1
135258,1,7,7,0.5714285714285714,4.0,1
135260,1,2,2,1.0,1.5,1
135261,1,8,8,0.875,4.5,1
135283,1,4,4,0.5,2.5,1
135299,1,7,7,0.14285714285714285,4.0,1
135347,2,9,9,0.3333333333333333,3.4444444444444446,1
135365,1,10,10,1.0,5.5,1
135367,1,8,8,0.625,4.5,1
135379,1,4,4,1.0,2.5,1
135385,2,28,28,0.7857142857142857,7.642857142857143,0
135410,2,61,61,0.819672131147541,15.754098360655737,0
135411,1,3,3,0.3333333333333333,2.0,1
135419,1,8,8,0.875,4.5,1
135432,1,16,16,0.8125,8.5,0
135433,1,16,16,0.75,8.5,0
135434,1,8,8,1.0,4.5,1
135440,1,4,4,0.5,2.5,1
135442,1,15,15,0.5333333333333333,8.0,1
135450,1,2,2,0.5,1.5,1
135483,1,14,14,0.7142857142857143,7.5,1
135494,1,27,27,0.8148148148148148,14.0,0
135517,1,9,9,0.0,5.0,1
135521,1,10,10,0.5,5.5,1
135524,1,5,5,0.6,3.0,1
135548,1,20,20,0.9,10.5,0
135579,1,10,10,0.5,5.5,1
135587,1,4,4,1.0,2.5,1
135596,1,2,2,0.0,1.5,1
135628,1,6,6,1.0,3.5,1
135633,1,7,7,1.0,4.0,1
135640,1,2,2,1.0,1.5,1
135657,1,12,12,0.0,6.5,1
135660,1,20,20,0.15,10.5,0
135683,1,11,11,1.0,6.0,1
135701,1,6,6,0.16666666666666666,3.5,1
135760,1,3,3,1.0,2.0,1
135761,1,2,2,1.0,1.5,1
135783,1,4,4,0.75,2.5,1
135807,1,10,10,1.0,5.5,1
135808,1,8,8,1.0,4.5,1
135814,1,6,6,0.8333333333333334,3.5,1
135833,1,23,23,0.13043478260869565,12.0,0
135836,1,7,7,0.0,4.0,1
135845,2,3,3,0.3333333333333333,1.3333333333333333,1
135855,1,8,8,0.5,4.5,1
135867,1,7,7,0.2857142857142857,4.0,1
135869,1,5,5,0.4,3.0,1
135886,2,49,49,0.3877551020408163,12.795918367346939,0
135894,1,2,2,1.0,1.5,1
135897,1,8,8,1.0,4.5,1
135924,1,1,1,0.0,1.0,1
135927,1,2,2,1.0,1.5,1
135941,1,4,4,1.0,2.5,1
135942,1,12,12,0.9166666666666666,6.5,1
135945,2,27,27,0.7037037037037037,7.2592592592592595,0
135950,1,6,6,0.16666666666666666,3.5,1
135976,1,4,4,0.75,2.5,1
135998,1,12,12,0.16666666666666666,6.5,1
136017,1,14,14,1.0,7.5,1
136030,1,2,2,0.5,1.5,1
136057,1,4,4,0.25,2.5,1
136066,2,13,13,0.46153846153846156,3.769230769230769,1
136067,1,9,9,0.0,5.0,1
136092,1,6,6,0.16666666666666666,3.5,1
136112,1,4,4,0.25,2.5,1
136118,1,13,13,0.0,7.0,1
136130,1,8,8,1.0,4.5,1
136134,1,20,20,1.0,10.5,0
136138,1,10,10,0.7,5.5,1
136140,1,1,1,0.0,1.0,1
136145,1,7,7,1.0,4.0,1
136146,1,13,13,0.8461538461538461,7.0,1
136152,1,8,8,0.875,4.5,1
136160,1,11,11,0.6363636363636364,6.0,1
136173,1,4,4,0.75,2.5,1
136184,1,8,8,1.0,4.5,1
136195,1,12,12,0.75,6.5,1
136209,1,1,1,0.0,1.0,1
136215,1,1,1,0.0,1.0,1
136227,1,9,9,0.3333333333333333,5.0,1
136229,1,9,9,0.7777777777777778,5.0,1
136230,1,4,4,1.0,2.5,1
136242,1,12,12,0.8333333333333334,6.5,1
136245,1,11,11,1.0,6.0,1
136253,1,11,11,0.9090909090909091,6.0,1
136256,1,6,6,0.8333333333333334,3.5,1
136278,1,3,3,0.0,2.0,1
136281,1,13,13,0.8461538461538461,7.0,1
136288,1,8,8,1.0,4.5,1
136300,1,8,8,0.875,4.5,1
136307,1,6,6,1.0,3.5,1
136393,1,17,17,0.5294117647058824,9.0,0
136402,2,26,26,0.6538461538461539,8.384615384615385,0
136408,1,15,15,0.6666666666666666,8.0,1
136419,1,17,17,0.6470588235294118,9.0,0
136437,1,7,7,0.0,4.0,1
136439,1,15,15,0.7333333333333333,8.0,1
136446,1,17,17,0.8235294117647058,9.0,0
136448,1,3,3,0.6666666666666666,2.0,1
136488,1,5,5,0.6,3.0,1
136489,1,15,15,0.0,8.0,1
136503,1,8,8,0.875,4.5,1
136534,2,16,14,0.3125,4.5625,0
136558,1,12,12,1.0,6.5,1
136571,1,10,10,0.3,5.5,1
136583,1,9,9,0.5555555555555556,5.0,1
136594,1,6,6,0.0,3.5,1
136598,1,11,11,0.2727272727272727,6.0,1
136632,1,25,25,0.64,13.0,0
136633,1,7,7,0.0,4.0,1
136634,1,19,19,0.7894736842105263,10.0,0
136643,1,8,8,0.25,4.5,1
136645,2,19,19,0.8947368421052632,8.210526315789474,0
136650,1,6,6,0.16666666666666666,3.5,1
136659,2,8,8,0.125,3.0,1
136666,1,7,7,0.7142857142857143,4.0,1
136680,1,16,16,0.9375,8.5,0
136723,1,15,15,0.0,8.0,1
136737,1,4,4,1.0,2.5,1
136756,1,6,6,0.5,3.5,1
136782,2,15,15,0.6,4.266666666666667,0
136819,1,18,18,0.3333333333333333,9.5,0
136831,1,18,18,0.5555555555555556,9.5,0
136850,1,8,8,1.0,4.5,1
136864,1,10,10,0.8,5.5,1
136872,1,8,8,0.75,4.5,1
136895,1,6,6,1.0,3.5,1
136896,1,40,40,0.9,20.5,0
136909,1,1,1,1.0,1.0,1
136927,1,34,34,0.11764705882352941,17.5,0
136928,1,5,5,0.6,3.0,1
136935,1,17,17,0.29411764705882354,9.0,0
136953,1,2,2,1.0,1.5,1
136966,1,5,5,0.6,3.0,1
136968,1,12,12,0.4166666666666667,6.5,1
136969,1,11,11,0.36363636363636365,6.0,1
136972,1,28,28,0.39285714285714285,14.5,0
136980,1,9,9,0.1111111111111111,5.0,1
136999,1,4,4,0.0,2.5,1
137023,1,3,3,0.3333333333333333,2.0,1
137055,1,17,17,0.29411764705882354,9.0,0
137062,1,16,16,0.6875,8.5,0
137087,1,22,22,0.5909090909090909,11.5,0
137095,1,11,11,0.7272727272727273,6.0,1
137101,1,6,6,0.6666666666666666,3.5,1
137112,1,9,9,0.1111111111111111,5.0,1
137115,1,13,13,0.8461538461538461,7.0,1
137121,1,22,22,0.5,11.5,0
137126,1,13,13,0.9230769230769231,7.0,1
137128,1,8,8,0.25,4.5,1
137154,1,1,1,1.0,1.0,1
137183,1,19,19,0.42105263157894735,10.0,0
137208,1,10,10,1.0,5.5,1
137221,1,10,10,0.2,5.5,1
137249,1,1,1,0.0,1.0,1
137255,1,7,7,1.0,4.0,1
137265,1,9,9,0.8888888888888888,5.0,1
137274,1,6,6,1.0,3.5,1
137276,1,12,12,1.0,6.5,1
137295,1,11,11,0.45454545454545453,6.0,1
137342,2,22,22,0.7727272727272727,6.181818181818182,0
137343,1,25,25,0.0,13.0,0
137346,2,11,11,0.2727272727272727,3.8181818181818183,1
137357,2,28,18,0.9642857142857143,7.535714285714286,0
137366,2,10,10,0.4,3.0,1
137373,1,2,2,1.0,1.5,1
137374,2,3,3,1.0,1.3333333333333333,1
137377,1,11,11,0.5454545454545454,6.0,1
137387,1,13,13,0.6923076923076923,7.0,1
137393,1,7,7,1.0,4.0,1
137394,1,3,3,0.6666666666666666,2.0,1
137398,1,19,19,0.8421052631578947,10.0,0
137402,1,30,30,0.5333333333333333,15.5,0
137410,2,18,18,0.6111111111111112,5.888888888888889,0
137426,1,4,4,1.0,2.5,1
137453,1,5,5,0.8,3.0,1
137456,1,7,7,1.0,4.0,1
137464,1,18,18,0.2777777777777778,9.5,0
137485,1,10,10,0.3,5.5,1
137490,1,3,3,1.0,2.0,1
137493,1,3,3,0.3333333333333333,2.0,1
137495,1,22,22,0.3181818181818182,11.5,0
137501,1,7,7,0.0,4.0,1
137517,1,4,4,1.0,2.5,1
137520,1,1,1,1.0,1.0,1
137521,1,3,3,1.0,2.0,1
137575,1,7,7,0.5714285714285714,4.0,1
137594,1,20,20,0.85,10.5,0
137614,1,3,3,1.0,2.0,1
137623,1,3,3,0.0,2.0,1
137624,1,5,5,0.2,3.0,1
137629,1,41,41,0.975609756097561,21.0,0
137637,1,18,18,0.7222222222222222,9.5,0
137639,1,6,6,1.0,3.5,1
137651,1,11,11,0.9090909090909091,6.0,1
137653,1,15,15,0.13333333333333333,8.0,1
137658,1,2,2,0.5,1.5,1
137672,1,15,15,0.26666666666666666,8.0,1
137681,1,10,10,0.5,5.5,1
137682,1,9,9,0.7777777777777778,5.0,1
137688,1,8,8,0.5,4.5,1
137693,1,8,8,0.25,4.5,1
137710,1,19,19,0.631578947368421,10.0,0
137716,1,36,36,0.8888888888888888,18.5,0
137722,1,3,3,0.6666666666666666,2.0,1
137730,1,30,30,0.8666666666666667,15.5,0
137751,1,8,8,0.875,4.5,1
137758,2,22,22,0.7272727272727273,10.545454545454545,0
137760,1,5,5,0.8,3.0,1
137770,1,2,2,1.0,1.5,1
137771,2,11,8,0.9090909090909091,3.272727272727273,1
137796,1,6,6,0.6666666666666666,3.5,1
137809,1,2,2,0.0,1.5,1
137824,1,16,16,0.5625,8.5,0
137841,1,19,19,0.8421052631578947,10.0,0
137858,1,26,26,0.0,13.5,0
137866,1,17,17,0.8823529411764706,9.0,0
137889,1,11,11,0.18181818181818182,6.0,1
137914,1,4,4,0.75,2.5,1
137918,1,5,5,0.8,3.0,1
137927,2,28,28,0.5357142857142857,9.785714285714286,0
137942,1,2,2,1.0,1.5,1
137983,1,13,13,0.7692307692307693,7.0,1
137986,2,17,17,0.47058823529411764,4.764705882352941,0
137989,1,11,11,0.7272727272727273,6.0,1
137992,1,17,17,0.47058823529411764,9.0,0
137995,1,5,5,0.8,3.0,1
138009,1,19,19,0.3684210526315789,10.0,0
138013,1,2,2,1.0,1.5,1
138031,1,1,1,0.0,1.0,1
138039,1,9,9,0.5555555555555556,5.0,1
138041,1,3,3,1.0,2.0,1
138056,1,5,5,0.0,3.0,1
138072,2,23,21,0.6956521739130435,6.782608695652174,0
138089,1,3,3,1.0,2.0,1
138095,1,9,9,0.6666666666666666,5.0,1
138109,1,24,24,0.625,12.5,0
138113,1,15,15,0.9333333333333333,8.0,1
138126,1,6,6,0.8333333333333334,3.5,1
138149,2,2,2,1.0,1.0,1
138168,1,20,20,0.0,10.5,0
138171,1,6,6,0.6666666666666666,3.5,1
138173,1,9,9,0.5555555555555556,5.0,1
138184,1,3,3,1.0,2.0,1
138230,1,10,10,0.6,5.5,1
138234,1,5,5,0.4,3.0,1
138241,1,5,5,0.0,3.0,1
138246,1,24,24,0.9166666666666666,12.5,0
138248,2,27,19,0.8888888888888888,7.481481481481482,0
138259,1,8,8,0.125,4.5,1
138304,1,6,6,1.0,3.5,1
138330,1,5,5,0.6,3.0,1
138337,1,18,18,0.0,9.5,0
138345,1,1,1,1.0,1.0,1
138404,1,14,14,0.6428571428571429,7.5,1
138431,1,6,6,0.3333333333333333,3.5,1
138433,1,7,7,0.2857142857142857,4.0,1
138434,1,4,4,0.5,2.5,1
138436,2,7,6,0.14285714285714285,2.5714285714285716,1
138451,1,18,18,0.2777777777777778,9.5,0
138483,1,12,12,0.9166666666666666,6.5,1
138499,1,7,7,0.8571428571428571,4.0,1
138518,1,29,29,0.6206896551724138,15.0,0
138531,1,5,5,0.4,3.0,1
138535,2,40,40,0.45,10.525,0
138537,1,4,4,0.25,2.5,1
138540,1,4,4,0.0,2.5,1
138549,1,10,10,0.7,5.5,1
138557,1,5,5,1.0,3.0,1
138586,2,27,27,0.7037037037037037,7.2592592592592595,0
138590,1,14,14,0.14285714285714285,7.5,1
138591,1,3,3,0.3333333333333333,2.0,1
138596,1,6,6,0.8333333333333334,3.5,1
138601,1,1,1,0.0,1.0,1
138602,1,4,4,1.0,2.5,1
138631,1,8,8,0.625,4.5,1
138638,1,11,11,0.36363636363636365,6.0,1
138640,1,11,11,0.2727272727272727,6.0,1
138644,1,20,20,0.6,10.5,0
138645,1,6,6,0.16666666666666666,3.5,1
138661,1,19,19,0.0,10.0,0
138679,1,7,7,1.0,4.0,1
138696,1,9,9,1.0,5.0,1
138698,1,5,5,1.0,3.0,1
138713,1,20,20,0.5,10.5,0
138768,2,12,12,0.3333333333333333,3.8333333333333335,1
138783,1,12,12,1.0,6.5,1
138790,1,4,4,0.75,2.5,1
138791,2,14,14,0.5714285714285714,4.0,1
138795,1,16,16,0.5625,8.5,0
138800,1,10,10,0.8,5.5,1
138801,2,29,24,0.9310344827586207,7.827586206896552,0
138820,2,18,18,0.3333333333333333,5.055555555555555,0
138838,1,15,15,0.7333333333333333,8.0,1
138857,1,31,31,0.7741935483870968,16.0,0
138873,1,2,2,0.5,1.5,1
138883,1,22,22,0.45454545454545453,11.5,0
138888,1,18,18,0.5,9.5,0
138900,1,17,17,0.5882352941176471,9.0,0
138924,1,24,24,0.3333333333333333,12.5,0
138935,1,8,8,0.25,4.5,1
138945,1,13,13,0.07692307692307693,7.0,1
138946,1,14,14,1.0,7.5,1
138948,1,2,2,1.0,1.5,1
138964,1,4,4,0.25,2.5,1
138967,1,7,7,0.7142857142857143,4.0,1
138983,1,1,1,1.0,1.0,1
139004,1,8,8,0.875,4.5,1
139009,1,2,2,1.0,1.5,1
139011,1,2,2,1.0,1.5,1
139016,1,15,15,0.6666666666666666,8.0,1
139022,1,10,10,0.9,5.5,1
139050,1,4,4,0.0,2.5,1
139082,1,3,3,1.0,2.0,1
139103,1,22,22,0.8636363636363636,11.5,0
139107,1,16,16,1.0,8.5,0
139124,2,36,36,0.6666666666666666,9.527777777777779,0
139129,1,2,2,1.0,1.5,1
139130,1,11,11,1.0,6.0,1
139140,2,30,26,0.8333333333333334,8.133333333333333,0
139142,1,2,2,0.5,1.5,1
139153,1,11,11,0.9090909090909091,6.0,1
139154,1,18,18,0.6666666666666666,9.5,0
139162,1,1,1,0.0,1.0,1
139167,1,4,4,0.75,2.5,1
139178,2,29,20,0.7931034482758621,7.827586206896552,0
139190,1,19,19,0.2631578947368421,10.0,0
139212,1,2,2,0.5,1.5,1
139235,1,7,7,0.42857142857142855,4.0,1
139262,1,3,3,0.3333333333333333,2.0,1
139275,1,10,10,0.0,5.5,1
139292,1,8,8,0.875,4.5,1
139302,1,12,12,0.75,6.5,1
139308,1,8,8,0.875,4.5,1
139315,1,1,1,1.0,1.0,1
139326,1,11,11,1.0,6.0,1
139345,2,3,3,1.0,1.3333333333333333,1
139359,1,24,24,0.625,12.5,0
139365,1,16,16,0.5,8.5,0
139371,1,2,2,0.0,1.5,1
139392,1,11,11,0.36363636363636365,6.0,1
139409,1,6,6,0.6666666666666666,3.5,1
139412,1,4,4,0.5,2.5,1
139432,1,36,36,0.6944444444444444,18.5,0
139436,1,27,27,0.6296296296296297,14.0,0
139451,1,5,5,0.8,3.0,1
139453,1,20,20,0.9,10.5,0
139469,1,6,6,1.0,3.5,1
139495,1,16,16,0.8125,8.5,0
139506,1,15,15,0.9333333333333333,8.0,1
139513,2,16,16,0.5625,6.0625,0
139516,1,5,5,0.6,3.0,1
139517,1,18,18,1.0,9.5,0
139552,1,13,13,0.15384615384615385,7.0,1
139558,1,1,1,1.0,1.0,1
139589,1,15,15,0.3333333333333333,8.0,1
139597,1,3,3,0.6666666666666666,2.0,1
139602,2,15,15,1.0,5.066666666666666,0
139609,1,14,14,0.8571428571428571,7.5,1
139611,1,7,7,0.8571428571428571,4.0,1
139614,1,16,16,0.6875,8.5,0
139632,1,6,6,0.0,3.5,1
139651,1,4,4,0.5,2.5,1
139652,1,3,3,1.0,2.0,1
139673,1,6,6,0.3333333333333333,3.5,1
139709,1,8,8,0.75,4.5,1
139718,1,25,25,0.36,13.0,0
139724,1,7,7,1.0,4.0,1
139740,1,17,17,0.6470588235294118,9.0,0
139754,1,2,2,0.5,1.5,1
139757,1,8,8,0.75,4.5,1
139768,1,10,10,1.0,5.5,1
139771,1,7,7,0.0,4.0,1
139775,1,18,18,0.5,9.5,0
139776,1,3,3,1.0,2.0,1
139777,1,3,3,0.3333333333333333,2.0,1
139779,1,2,2,1.0,1.5,1
139788,1,22,22,0.8636363636363636,11.5,0
139792,1,16,16,0.9375,8.5,0
139812,1,6,6,0.16666666666666666,3.5,1
139829,2,38,36,0.7631578947368421,11.289473684210526,0
139845,1,4,4,0.75,2.5,1
139853,1,7,7,0.42857142857142855,4.0,1
139891,3,21,20,0.5714285714285714,4.428571428571429,0
139923,1,1,1,1.0,1.0,1
139935,1,8,8,0.875,4.5,1
139948,1,18,18,0.3888888888888889,9.5,0
139973,1,21,21,0.6190476190476191,11.0,0
139974,1,12,12,0.5833333333333334,6.5,1
139982,1,10,10,0.0,5.5,1
139992,1,29,29,0.2413793103448276,15.0,0
140010,1,2,2,0.5,1.5,1
140014,1,9,9,0.8888888888888888,5.0,1
140018,1,29,29,0.8275862068965517,15.0,0
140020,1,3,3,1.0,2.0,1
140055,1,9,9,0.3333333333333333,5.0,1
140109,1,8,8,0.875,4.5,1
140134,1,8,8,0.625,4.5,1
140147,1,4,4,0.0,2.5,1
140154,1,9,9,0.4444444444444444,5.0,1
140164,1,25,25,0.36,13.0,0
140170,1,6,6,1.0,3.5,1
140173,1,16,16,0.9375,8.5,0
140186,1,12,12,0.3333333333333333,6.5,1
140187,1,1,1,1.0,1.0,1
140194,1,4,4,0.0,2.5,1
140195,1,14,14,0.9285714285714286,7.5,1
140200,1,8,8,0.25,4.5,1
140206,1,1,1,0.0,1.0,1
140218,1,11,11,0.6363636363636364,6.0,1
140221,1,4,4,0.75,2.5,1
140229,1,10,10,0.0,5.5,1
140230,1,29,29,0.9310344827586207,15.0,0
140243,1,8,8,0.75,4.5,1
140262,1,4,4,0.5,2.5,1
140288,1,5,5,0.6,3.0,1
140299,1,17,17,0.5882352941176471,9.0,0
140306,1,5,5,0.6,3.0,1
140309,1,10,10,0.4,5.5,1
140311,2,5,5,0.8,1.8,1
140330,1,2,2,1.0,1.5,1
140332,1,13,13,0.0,7.0,1
140341,1,9,9,0.0,5.0,1
140344,1,18,18,0.05555555555555555,9.5,0
140348,1,20,20,0.4,10.5,0
140355,2,26,26,0.7692307692307693,8.384615384615385,0
140356,1,4,4,1.0,2.5,1
140380,1,11,11,0.9090909090909091,6.0,1
140383,1,3,3,0.3333333333333333,2.0,1
140395,3,10,10,0.8,2.3,1
140400,1,9,9,0.7777777777777778,5.0,1
140403,1,8,8,0.375,4.5,1
140404,1,1,1,0.0,1.0,1
140418,1,19,19,0.0,10.0,0
140437,1,1,1,1.0,1.0,1
140440,1,20,20,1.0,10.5,0
140448,1,4,4,0.5,2.5,1
140460,1,8,8,0.75,4.5,1
140464,1,22,22,0.7272727272727273,11.5,0
140471,1,3,3,1.0,2.0,1
140474,3,24,24,0.625,5.666666666666667,0
140501,1,9,9,0.1111111111111111,5.0,1
140525,1,12,12,0.25,6.5,1
140528,1,3,3,0.0,2.0,1
140540,1,8,8,0.375,4.5,1
140552,1,3,3,1.0,2.0,1
140563,1,17,17,0.9411764705882353,9.0,0
140567,2,29,29,0.6551724137931034,7.827586206896552,0
140576,1,3,3,0.0,2.0,1
140587,1,18,18,0.6666666666666666,9.5,0
140595,1,4,4,0.5,2.5,1
140601,1,14,14,0.42857142857142855,7.5,1
140609,1,5,5,0.2,3.0,1
140671,1,1,1,1.0,1.0,1
140672,1,9,9,0.7777777777777778,5.0,1
140691,1,11,11,0.18181818181818182,6.0,1
140718,1,15,15,0.4,8.0,1
140720,1,20,20,0.5,10.5,0
140721,1,16,16,0.75,8.5,0
140728,1,1,1,1.0,1.0,1
140731,1,1,1,1.0,1.0,1
140742,1,15,15,0.8666666666666667,8.0,1
140753,1,3,3,1.0,2.0,1
140793,1,7,7,1.0,4.0,1
140807,1,3,3,0.6666666666666666,2.0,1
140809,2,19,14,0.8421052631578947,5.2631578947368425,0
140839,1,8,8,0.75,4.5,1
140857,1,6,6,0.8333333333333334,3.5,1
140867,1,11,11,1.0,6.0,1
140873,1,3,3,1.0,2.0,1
140907,1,10,10,0.1,5.5,1
140909,1,1,1,1.0,1.0,1
140915,1,5,5,0.6,3.0,1
140919,2,8,8,0.875,2.5,1
140931,1,11,11,0.5454545454545454,6.0,1
140941,1,21,21,0.9047619047619048,11.0,0
140950,1,5,5,1.0,3.0,1
140969,1,6,6,0.8333333333333334,3.5,1
140975,1,20,20,0.8,10.5,0
140994,1,10,10,0.2,5.5,1
141026,1,19,19,0.8421052631578947,10.0,0
141029,1,8,8,0.375,4.5,1
141040,1,7,7,0.7142857142857143,4.0,1
141045,1,10,10,1.0,5.5,1
141062,1,8,8,0.875,4.5,1
141066,2,28,24,0.9285714285714286,7.535714285714286,0
141075,1,8,8,1.0,4.5,1
141094,1,12,12,0.8333333333333334,6.5,1
141098,1,10,10,0.5,5.5,1
141106,1,3,3,0.3333333333333333,2.0,1
141115,1,10,10,0.2,5.5,1
141128,1,16,16,0.375,8.5,0
141135,1,7,7,0.8571428571428571,4.0,1
141137,1,3,3,0.0,2.0,1
141145,1,5,5,0.8,3.0,1
141157,1,2,2,1.0,1.5,1
141162,1,14,14,0.5714285714285714,7.5,1
141167,1,6,6,0.6666666666666666,3.5,1
141190,1,4,4,0.75,2.5,1
141217,1,2,2,0.5,1.5,1
141231,1,16,16,0.5625,8.5,0
141238,1,3,3,0.0,2.0,1
141242,1,5,5,1.0,3.0,1
141251,2,25,25,0.4,10.36,0
141267,1,10,10,0.2,5.5,1
141269,1,8,8,1.0,4.5,1
141290,1,4,4,1.0,2.5,1
141304,1,15,15,0.8,8.0,1
141314,1,7,7,1.0,4.0,1
141331,1,18,18,1.0,9.5,0
141346,2,21,17,0.3333333333333333,6.0476190476190474,0
141357,1,7,7,1.0,4.0,1
141359,1,3,3,0.3333333333333333,2.0,1
141368,1,8,8,0.75,4.5,1
141369,1,15,15,0.9333333333333333,8.0,1
141374,1,11,11,1.0,6.0,1
141381,1,11,11,0.18181818181818182,6.0,1
141382,1,1,1,1.0,1.0,1
141388,1,8,8,0.0,4.5,1
141389,1,10,10,0.7,5.5,1
141399,1,5,5,1.0,3.0,1
141401,1,31,31,0.9032258064516129,16.0,0
141404,1,18,18,0.5,9.5,0
141419,2,10,10,0.8,3.0,1
141422,1,6,6,0.6666666666666666,3.5,1
141434,2,25,25,1.0,6.76,0
141438,1,6,6,0.6666666666666666,3.5,1
141462,1,12,12,0.9166666666666666,6.5,1
141464,1,5,5,0.6,3.0,1
141467,1,14,14,0.6428571428571429,7.5,1
141479,1,9,9,1.0,5.0,1
141523,1,15,15,0.6666666666666666,8.0,1
141525,2,13,9,0.9230769230769231,3.769230769230769,1
141557,1,17,17,0.23529411764705882,9.0,0
141566,1,3,3,0.6666666666666666,2.0,1
141570,1,9,9,0.0,5.0,1
141574,1,3,3,0.3333333333333333,2.0,1
141583,1,27,27,0.9259259259259259,14.0,0
141585,1,7,7,0.2857142857142857,4.0,1
141603,1,2,2,0.5,1.5,1
141605,1,6,6,0.0,3.5,1
141624,1,5,5,1.0,3.0,1
141625,1,13,13,0.7692307692307693,7.0,1
141627,1,9,9,0.6666666666666666,5.0,1
141661,1,1,1,0.0,1.0,1
141662,1,8,8,0.625,4.5,1
141666,1,6,6,0.8333333333333334,3.5,1
141668,1,1,1,1.0,1.0,1
141680,1,1,1,1.0,1.0,1
141686,1,15,15,0.7333333333333333,8.0,1
141704,1,11,11,0.5454545454545454,6.0,1
141706,1,12,12,0.5,6.5,1
141709,2,7,6,0.5714285714285714,2.5714285714285716,1
141720,1,15,15,0.7333333333333333,8.0,1
141721,1,17,17,0.5294117647058824,9.0,0
141735,1,8,8,0.75,4.5,1
141736,3,38,27,1.0,6.894736842105263,0
141751,1,8,8,0.25,4.5,1
141756,1,12,12,0.6666666666666666,6.5,1
141765,1,4,4,0.0,2.5,1
141767,1,9,9,0.3333333333333333,5.0,1
141775,1,19,19,0.15789473684210525,10.0,0
141782,1,22,22,1.0,11.5,0
141798,1,8,8,0.75,4.5,1
141822,2,31,31,0.3225806451612903,8.32258064516129,0
141841,1,7,7,0.14285714285714285,4.0,1
141854,1,7,7,1.0,4.0,1
141858,1,6,6,1.0,3.5,1
141874,1,4,4,1.0,2.5,1
141875,2,14,14,0.5,5.785714285714286,0
141880,1,11,11,0.45454545454545453,6.0,1
141888,1,12,12,0.8333333333333334,6.5,1
141912,1,3,3,1.0,2.0,1
141918,1,7,7,0.5714285714285714,4.0,1
141936,1,10,10,0.6,5.5,1
141937,1,3,3,0.0,2.0,1
141945,1,2,2,1.0,1.5,1
141985,1,7,7,0.7142857142857143,4.0,1
141999,2,20,14,0.95,5.5,0
142011,1,5,5,0.2,3.0,1
142015,1,2,2,0.0,1.5,1
142019,2,9,9,0.7777777777777778,3.4444444444444446,1
142020,1,2,2,0.5,1.5,1
142025,2,18,18,0.7222222222222222,5.055555555555555,0
142031,1,5,5,0.0,3.0,1
142034,1,6,6,0.6666666666666666,3.5,1
142038,1,7,7,0.0,4.0,1
142040,1,3,3,0.3333333333333333,2.0,1
142090,2,29,26,0.9310344827586207,8.793103448275861,0
142095,1,13,13,0.5384615384615384,7.0,1
142131,4,137,115,0.7664233576642335,19.59124087591241,0
142149,1,6,6,0.6666666666666666,3.5,1
142150,1,17,17,0.058823529411764705,9.0,0
142152,1,4,4,0.75,2.5,1
142157,1,2,2,0.0,1.5,1
142160,1,7,7,0.42857142857142855,4.0,1
142176,1,18,18,0.2777777777777778,9.5,0
142185,1,3,3,0.6666666666666666,2.0,1
142186,2,16,15,0.625,4.5625,0
142187,1,3,3,0.3333333333333333,2.0,1
142222,1,2,2,1.0,1.5,1
142228,1,1,1,1.0,1.0,1
142234,1,10,10,0.7,5.5,1
142249,1,19,19,0.631578947368421,10.0,0
142254,2,17,14,0.23529411764705882,4.764705882352941,0
142277,1,2,2,0.0,1.5,1
142284,1,7,7,0.8571428571428571,4.0,1
142288,1,11,11,0.09090909090909091,6.0,1
142322,1,8,8,0.375,4.5,1
142331,1,10,10,0.4,5.5,1
142337,1,19,19,0.0,10.0,0
142345,1,8,8,0.875,4.5,1
142348,1,3,3,1.0,2.0,1
142371,1,7,7,0.5714285714285714,4.0,1
142372,1,14,14,0.0,7.5,1
142388,1,13,13,0.3076923076923077,7.0,1
142403,1,6,6,0.16666666666666666,3.5,1
142415,1,12,12,1.0,6.5,1
142427,1,5,5,0.6,3.0,1
142434,1,7,7,1.0,4.0,1
142445,2,21,21,0.2857142857142857,6.333333333333333,0
142452,1,5,5,0.2,3.0,1
142455,1,32,32,0.21875,16.5,0
142458,1,6,6,0.8333333333333334,3.5,1
142481,1,31,31,0.0,16.0,0
142485,1,24,24,0.7083333333333334,12.5,0
142496,1,4,4,0.75,2.5,1
142511,3,10,10,0.8,2.3,1
142517,1,9,9,0.6666666666666666,5.0,1
142521,1,6,6,1.0,3.5,1
142524,1,1,1,1.0,1.0,1
142532,1,8,8,0.625,4.5,1
142566,1,8,8,0.75,4.5,1
142567,1,10,10,0.3,5.5,1
142576,1,4,4,0.25,2.5,1
142585,1,3,3,1.0,2.0,1
142586,1,15,15,0.6,8.0,1
142595,1,6,6,0.8333333333333334,3.5,1
142603,1,8,8,0.25,4.5,1
142625,1,19,19,0.631578947368421,10.0,0
142626,1,2,2,1.0,1.5,1
142652,1,13,13,0.7692307692307693,7.0,1
142664,1,8,8,1.0,4.5,1
142669,1,25,25,0.92,13.0,0
142686,1,3,3,1.0,2.0,1
142701,1,13,13,0.7692307692307693,7.0,1
142728,1,34,34,0.8235294117647058,17.5,0
142741,1,3,3,0.0,2.0,1
142745,1,4,4,1.0,2.5,1
142767,1,4,4,0.0,2.5,1
142775,1,10,10,1.0,5.5,1
142780,1,4,4,1.0,2.5,1
142794,1,20,20,0.55,10.5,0
142801,1,4,4,0.75,2.5,1
142803,1,9,9,0.5555555555555556,5.0,1
142813,1,7,7,0.42857142857142855,4.0,1
142827,1,5,5,0.4,3.0,1
142841,1,2,2,1.0,1.5,1
142843,1,3,3,0.6666666666666666,2.0,1
142865,1,1,1,1.0,1.0,1
142872,1,10,10,0.8,5.5,1
142886,1,12,12,0.5,6.5,1
142892,1,19,19,0.21052631578947367,10.0,0
142899,1,7,7,0.5714285714285714,4.0,1
142903,2,3,3,0.3333333333333333,1.3333333333333333,1
142918,1,8,8,0.625,4.5,1
142932,1,16,16,0.75,8.5,0
142937,1,41,41,0.8780487804878049,21.0,0
142950,1,6,6,1.0,3.5,1
142964,1,16,16,0.25,8.5,0
143009,1,13,13,0.23076923076923078,7.0,1
143017,1,5,5,0.6,3.0,1
143024,1,5,5,0.8,3.0,1
143031,1,4,4,0.5,2.5,1
143036,2,5,3,0.4,1.8,1
143037,1,20,20,0.95,10.5,0
143038,1,2,2,0.0,1.5,1
143045,1,14,14,0.2857142857142857,7.5,1
143080,1,17,17,0.5294117647058824,9.0,0
143108,1,1,1,1.0,1.0,1
143111,1,7,7,0.0,4.0,1
143134,1,5,5,1.0,3.0,1
143135,2,47,47,0.574468085106383,12.51063829787234,0
143142,1,3,3,0.6666666666666666,2.0,1
143145,2,5,5,0.4,1.8,1
143153,1,3,3,1.0,2.0,1
143158,1,1,1,1.0,1.0,1
143177,1,8,8,0.625,4.5,1
143182,1,6,6,0.6666666666666666,3.5,1
143186,1,2,2,0.5,1.5,1
143196,1,13,13,0.7692307692307693,7.0,1
143198,1,1,1,1.0,1.0,1
143213,1,21,21,0.47619047619047616,11.0,0
143216,1,3,3,0.3333333333333333,2.0,1
143219,1,9,9,0.1111111111111111,5.0,1
143224,1,20,20,0.3,10.5,0
143244,1,3,3,1.0,2.0,1
143245,1,14,14,0.9285714285714286,7.5,1
143260,1,6,6,0.5,3.5,1
143266,1,15,15,0.5333333333333333,8.0,1
143268,1,7,7,0.0,4.0,1
143273,1,2,2,1.0,1.5,1
143274,1,6,6,0.16666666666666666,3.5,1
143283,1,20,20,0.4,10.5,0
143299,1,15,15,0.0,8.0,1
143314,1,8,8,0.0,4.5,1
143315,1,7,7,0.0,4.0,1
143316,1,14,14,0.35714285714285715,7.5,1
143320,1,5,5,1.0,3.0,1
143329,1,5,5,1.0,3.0,1
143334,1,6,6,0.6666666666666666,3.5,1
143352,1,31,31,0.7741935483870968,16.0,0
143356,1,8,8,0.75,4.5,1
143363,1,12,12,0.5,6.5,1
143367,1,6,6,1.0,3.5,1
143368,2,16,13,1.0,4.75,0
143369,1,16,16,0.625,8.5,0
143373,2,13,12,0.3076923076923077,4.230769230769231,1
143385,1,4,4,0.75,2.5,1
143401,1,8,8,0.5,4.5,1
143408,1,18,18,0.4444444444444444,9.5,0
143415,1,8,8,0.75,4.5,1
143416,1,2,2,1.0,1.5,1
143419,1,15,15,0.7333333333333333,8.0,1
143423,2,19,19,1.0,5.2631578947368425,0
143434,2,16,16,0.875,4.5,0
143439,1,14,14,0.2857142857142857,7.5,1
143447,1,15,15,0.8,8.0,1
143469,1,10,10,0.4,5.5,1
143481,1,1,1,1.0,1.0,1
143503,1,3,3,0.3333333333333333,2.0,1
143506,1,6,6,0.6666666666666666,3.5,1
143521,1,4,4,0.0,2.5,1
143526,1,5,5,0.0,3.0,1
143533,1,5,5,1.0,3.0,1
143537,1,17,17,0.8823529411764706,9.0,0
143538,1,10,10,0.7,5.5,1
143540,1,2,2,1.0,1.5,1
143562,1,5,5,1.0,3.0,1
143628,1,6,6,0.0,3.5,1
143647,1,4,4,0.75,2.5,1
143697,1,3,3,1.0,2.0,1
143707,2,16,16,0.1875,6.0625,0
143708,1,12,12,0.75,6.5,1
143710,1,5,5,1.0,3.0,1
143714,1,6,6,1.0,3.5,1
143735,1,3,3,0.6666666666666666,2.0,1
143742,1,5,5,1.0,3.0,1
143752,1,14,14,0.9285714285714286,7.5,1
143768,2,13,12,0.9230769230769231,4.6923076923076925,1
143788,1,17,17,0.23529411764705882,9.0,0
143790,1,1,1,0.0,1.0,1
143793,1,8,8,1.0,4.5,1
143825,1,10,10,0.8,5.5,1
143831,1,26,26,0.9615384615384616,13.5,0
143840,1,5,5,1.0,3.0,1
143854,1,14,14,0.7857142857142857,7.5,1
143878,1,9,9,0.1111111111111111,5.0,1
143882,2,20,14,0.7,5.5,0
143889,1,8,8,0.75,4.5,1
143906,1,9,9,0.2222222222222222,5.0,1
143923,1,11,11,0.7272727272727273,6.0,1
143924,1,5,5,0.6,3.0,1
143948,1,9,9,0.8888888888888888,5.0,1
143951,1,7,7,0.2857142857142857,4.0,1
143961,1,24,24,0.4166666666666667,12.5,0
143977,1,3,3,1.0,2.0,1
143984,1,7,7,0.42857142857142855,4.0,1
143986,2,50,50,0.8,13.98,0
143989,1,12,12,0.3333333333333333,6.5,1
143992,1,21,21,0.9523809523809523,11.0,0
144004,1,28,28,0.8571428571428571,14.5,0
144019,1,10,10,1.0,5.5,1
144022,1,5,5,0.2,3.0,1
144028,1,2,2,0.5,1.5,1
144043,1,12,12,0.5,6.5,1
144045,1,7,7,0.7142857142857143,4.0,1
144055,1,5,5,0.6,3.0,1
144086,1,10,10,0.9,5.5,1
144089,1,1,1,1.0,1.0,1
144107,1,13,13,0.46153846153846156,7.0,1
144116,1,7,7,0.42857142857142855,4.0,1
144119,1,18,18,0.0,9.5,0
144129,1,9,9,1.0,5.0,1
144139,1,8,8,0.625,4.5,1
144143,1,1,1,1.0,1.0,1
144148,1,4,4,1.0,2.5,1
144166,1,12,12,0.5,6.5,1
144170,1,11,11,0.5454545454545454,6.0,1
144175,1,10,10,0.8,5.5,1
144179,1,9,9,0.8888888888888888,5.0,1
144181,1,11,11,0.18181818181818182,6.0,1
144190,1,16,16,0.4375,8.5,0
144242,1,32,32,0.65625,16.5,0
144246,1,4,4,1.0,2.5,1
144266,1,6,6,0.16666666666666666,3.5,1
144267,1,3,3,1.0,2.0,1
144275,1,8,8,0.75,4.5,1
144303,1,8,8,0.875,4.5,1
144304,1,9,9,0.8888888888888888,5.0,1
144332,1,2,2,1.0,1.5,1
144335,1,4,4,0.5,2.5,1
144337,2,38,34,0.631578947368421,10.026315789473685,0
144354,2,10,10,0.9,4.6,1
144386,1,13,13,0.5384615384615384,7.0,1
144387,1,7,7,0.14285714285714285,4.0,1
144397,1,13,13,0.7692307692307693,7.0,1
144418,1,7,7,0.5714285714285714,4.0,1
144432,1,7,7,0.0,4.0,1
144435,2,29,29,0.4482758620689655,10.241379310344827,0
144456,1,9,9,0.8888888888888888,5.0,1
144458,1,8,8,1.0,4.5,1
144469,1,24,24,0.25,12.5,0
144475,1,9,9,0.7777777777777778,5.0,1
144479,1,23,23,0.21739130434782608,12.0,0
144483,1,8,8,0.0,4.5,1
144499,1,5,5,0.4,3.0,1
144505,1,15,15,0.5333333333333333,8.0,1
144535,1,7,7,0.0,4.0,1
144538,1,10,10,0.4,5.5,1
144556,1,4,4,0.0,2.5,1
144561,1,21,21,0.9523809523809523,11.0,0
144581,1,10,10,0.7,5.5,1
144582,1,1,1,1.0,1.0,1
144593,1,13,13,0.9230769230769231,7.0,1
144611,1,7,7,0.14285714285714285,4.0,1
144638,1,11,11,0.2727272727272727,6.0,1
144640,1,14,14,0.42857142857142855,7.5,1
144642,1,7,7,0.0,4.0,1
144651,1,5,5,0.2,3.0,1
144668,1,12,12,0.75,6.5,1
144697,1,13,13,0.7692307692307693,7.0,1
144734,1,5,5,0.0,3.0,1
144744,1,16,16,0.375,8.5,0
144774,1,9,9,1.0,5.0,1
144777,1,7,7,0.0,4.0,1
144784,2,19,18,0.8421052631578947,6.315789473684211,0
144794,1,4,4,0.75,2.5,1
144802,1,19,19,0.6842105263157895,10.0,0
144816,1,3,3,0.0,2.0,1
144833,1,5,5,0.0,3.0,1
144835,1,6,6,0.8333333333333334,3.5,1
144845,1,16,16,0.5,8.5,0
144873,1,5,5,0.0,3.0,1
144889,2,36,36,0.6111111111111112,9.75,0
144897,2,13,13,1.0,3.769230769230769,1
144902,1,14,14,0.9285714285714286,7.5,1
144904,1,5,5,0.4,3.0,1
144906,1,11,11,0.5454545454545454,6.0,1
144935,1,21,21,0.7142857142857143,11.0,0
144939,1,15,15,0.6666666666666666,8.0,1
144945,1,1,1,0.0,1.0,1
144952,1,8,8,0.375,4.5,1
144956,1,28,28,0.7857142857142857,14.5,0
144959,1,9,9,0.1111111111111111,5.0,1
144972,1,4,4,0.0,2.5,1
145001,1,6,6,0.3333333333333333,3.5,1
145010,1,6,6,0.8333333333333334,3.5,1
145015,1,25,25,0.24,13.0,0
145047,1,34,34,0.35294117647058826,17.5,0
145052,3,37,37,0.7567567567567568,8.864864864864865,0
145067,1,20,20,0.8,10.5,0
145081,1,10,10,0.8,5.5,1
145082,1,2,2,1.0,1.5,1
145084,1,5,5,0.0,3.0,1
145093,2,82,82,0.5365853658536586,21.048780487804876,0
145127,1,17,17,1.0,9.0,0
145136,1,14,14,0.7142857142857143,7.5,1
145164,1,24,24,0.4583333333333333,12.5,0
145181,1,13,13,0.5384615384615384,7.0,1
145199,1,6,6,0.0,3.5,1
145213,1,12,12,0.75,6.5,1
145217,1,3,3,0.0,2.0,1
145239,1,21,21,0.6190476190476191,11.0,0
145244,3,28,28,0.8928571428571429,5.321428571428571,0
145253,1,13,13,0.15384615384615385,7.0,1
145259,1,1,1,1.0,1.0,1
145283,1,6,6,0.8333333333333334,3.5,1
145304,1,13,13,0.8461538461538461,7.0,1
145315,1,3,3,0.3333333333333333,2.0,1
145327,2,13,12,0.3076923076923077,3.923076923076923,1
145338,1,2,2,0.0,1.5,1
145354,1,2,2,1.0,1.5,1
145364,1,7,7,1.0,4.0,1
145376,1,10,10,0.1,5.5,1
145385,1,16,16,0.875,8.5,0
145407,1,13,13,0.46153846153846156,7.0,1
145422,1,10,10,0.7,5.5,1
145425,1,4,4,1.0,2.5,1
145428,1,10,10,0.5,5.5,1
145451,1,7,7,0.5714285714285714,4.0,1
145454,2,23,23,1.0,6.521739130434782,0
145481,1,3,3,1.0,2.0,1
145500,1,1,1,1.0,1.0,1
145501,1,18,18,0.9444444444444444,9.5,0
145505,2,6,6,0.8333333333333334,2.1666666666666665,1
145513,1,7,7,1.0,4.0,1
145514,1,10,10,0.1,5.5,1
145518,2,17,17,0.8235294117647058,4.764705882352941,0
145520,2,39,35,0.28205128205128205,10.76923076923077,0
145528,1,3,3,0.3333333333333333,2.0,1
145549,1,14,14,0.9285714285714286,7.5,1
145553,1,5,5,0.2,3.0,1
145555,1,9,9,1.0,5.0,1
145563,1,7,7,1.0,4.0,1
145564,1,9,9,0.8888888888888888,5.0,1
145588,1,15,15,1.0,8.0,1
145592,1,3,3,0.3333333333333333,2.0,1
145596,1,8,8,0.375,4.5,1
145627,1,5,5,0.8,3.0,1
145628,2,26,26,0.7307692307692307,7.038461538461538,0
145630,1,3,3,1.0,2.0,1
145637,1,7,7,0.42857142857142855,4.0,1
145642,1,6,6,0.16666666666666666,3.5,1
145657,2,31,26,0.6774193548387096,8.64516129032258,0
145664,1,14,14,1.0,7.5,1
145667,1,7,7,0.0,4.0,1
145672,1,8,8,0.375,4.5,1
145674,1,18,18,0.8333333333333334,9.5,0
145676,1,6,6,0.8333333333333334,3.5,1
145678,1,12,12,0.6666666666666666,6.5,1
145680,1,8,8,0.125,4.5,1
145686,1,19,19,0.8947368421052632,10.0,0
145688,1,11,11,0.0,6.0,1
145692,1,20,20,0.0,10.5,0
145694,1,8,8,0.875,4.5,1
145695,1,15,15,0.7333333333333333,8.0,1
145699,1,11,11,1.0,6.0,1
145702,1,17,17,0.8235294117647058,9.0,0
145724,2,23,23,0.782608695652174,11.043478260869565,0
145731,1,8,8,0.25,4.5,1
145734,1,3,3,0.0,2.0,1
145735,1,13,13,0.3076923076923077,7.0,1
145754,1,9,9,0.1111111111111111,5.0,1
145761,1,21,21,0.047619047619047616,11.0,0
145764,1,9,9,0.5555555555555556,5.0,1
145822,2,8,8,0.375,3.0,1
145823,1,2,2,0.0,1.5,1
145850,1,6,6,1.0,3.5,1
145864,1,5,5,0.2,3.0,1
145874,1,9,9,0.4444444444444444,5.0,1
145905,1,2,2,1.0,1.5,1
145908,1,3,3,0.6666666666666666,2.0,1
145917,1,14,14,0.7857142857142857,7.5,1
145950,1,25,25,0.64,13.0,0
145955,1,12,12,0.6666666666666666,6.5,1
145974,1,13,13,0.6923076923076923,7.0,1
145986,1,6,6,1.0,3.5,1
145994,1,4,4,0.75,2.5,1
145996,1,11,11,0.36363636363636365,6.0,1
146001,1,4,4,1.0,2.5,1
146015,2,33,33,0.8787878787878788,10.030303030303031,0
146018,1,15,15,0.26666666666666666,8.0,1
146023,1,12,12,0.4166666666666667,6.5,1
146035,1,24,24,0.2916666666666667,12.5,0
146037,1,8,8,0.0,4.5,1
146044,2,29,24,0.8275862068965517,8.448275862068966,0
146054,1,12,12,0.25,6.5,1
146087,1,16,16,0.8125,8.5,0
146089,1,9,9,1.0,5.0,1
146119,1,6,6,0.5,3.5,1
146144,1,7,7,1.0,4.0,1
146145,1,13,13,0.8461538461538461,7.0,1
146147,1,19,19,0.7368421052631579,10.0,0
146188,1,1,1,1.0,1.0,1
146194,1,5,5,1.0,3.0,1
146199,1,2,2,0.0,1.5,1
146232,1,10,10,0.8,5.5,1
146234,1,11,11,0.7272727272727273,6.0,1
146241,1,4,4,0.75,2.5,1
146246,1,2,2,0.5,1.5,1
146257,1,6,6,0.16666666666666666,3.5,1
146262,1,9,9,0.8888888888888888,5.0,1
146263,1,16,16,0.9375,8.5,0
146296,1,8,8,0.25,4.5,1
146306,1,10,10,0.6,5.5,1
146312,1,1,1,0.0,1.0,1
146325,1,4,4,0.75,2.5,1
146338,1,6,6,1.0,3.5,1
146356,1,15,15,0.7333333333333333,8.0,1
146361,2,14,13,0.9285714285714286,4.285714285714286,1
146375,1,9,9,0.7777777777777778,5.0,1
146390,1,7,7,1.0,4.0,1
146392,1,6,6,1.0,3.5,1
146414,1,30,30,0.7333333333333333,15.5,0
146428,1,1,1,1.0,1.0,1
146443,1,10,10,0.0,5.5,1
146478,2,35,35,0.9428571428571428,11.314285714285715,0
146495,1,34,34,0.7941176470588235,17.5,0
146499,1,6,6,0.0,3.5,1
146513,1,4,4,0.5,2.5,1
146529,1,2,2,1.0,1.5,1
146540,1,9,9,0.4444444444444444,5.0,1
146546,1,11,11,1.0,6.0,1
146557,1,12,12,0.8333333333333334,6.5,1
146561,1,4,4,1.0,2.5,1
146600,1,1,1,1.0,1.0,1
146603,1,2,2,1.0,1.5,1
146608,1,11,11,0.09090909090909091,6.0,1
146613,1,12,12,1.0,6.5,1
146618,1,2,2,0.5,1.5,1
146619,1,12,12,0.3333333333333333,6.5,1
146625,1,1,1,1.0,1.0,1
146634,1,18,18,0.0,9.5,0
146639,1,8,8,1.0,4.5,1
146644,1,14,14,0.6428571428571429,7.5,1
146670,1,12,12,0.0,6.5,1
146671,1,16,16,0.625,8.5,0
146678,1,5,5,1.0,3.0,1
146684,1,5,5,0.0,3.0,1
146686,1,12,12,0.5833333333333334,6.5,1
146711,1,7,7,1.0,4.0,1
146718,1,6,6,0.5,3.5,1
146737,1,5,5,1.0,3.0,1
146748,1,15,15,0.8,8.0,1
146752,1,21,21,0.09523809523809523,11.0,0
146754,1,14,14,0.9285714285714286,7.5,1
146763,1,4,4,0.5,2.5,1
146802,1,5,5,0.8,3.0,1
146806,1,10,10,0.8,5.5,1
146822,1,9,9,0.5555555555555556,5.0,1
146830,1,3,3,0.0,2.0,1
146834,1,10,10,0.8,5.5,1
146835,1,8,8,0.125,4.5,1
146845,2,10,10,0.8,3.4,1
146850,1,6,6,0.0,3.5,1
146851,1,12,12,0.75,6.5,1
146872,2,9,9,0.1111111111111111,4.111111111111111,1
146875,1,9,9,1.0,5.0,1
146886,1,11,11,0.45454545454545453,6.0,1
146910,1,3,3,1.0,2.0,1
146917,1,5,5,0.0,3.0,1
146921,1,10,10,0.6,5.5,1
146933,1,14,14,0.2857142857142857,7.5,1
146945,1,7,7,0.5714285714285714,4.0,1
146964,1,15,15,0.3333333333333333,8.0,1
146969,1,12,12,0.25,6.5,1
146983,1,6,6,0.8333333333333334,3.5,1
146986,1,6,6,1.0,3.5,1
146988,1,6,6,1.0,3.5,1
146990,2,3,3,1.0,1.3333333333333333,1
146991,1,16,16,0.875,8.5,0
147003,1,9,9,0.0,5.0,1
147017,1,10,10,0.0,5.5,1
147018,1,13,13,0.46153846153846156,7.0,1
147024,1,11,11,0.0,6.0,1
147030,1,14,14,0.7857142857142857,7.5,1
147031,1,9,9,1.0,5.0,1
147065,1,12,12,0.0,6.5,1
147067,1,6,6,0.6666666666666666,3.5,1
147074,1,3,3,1.0,2.0,1
147095,2,40,40,0.425,11.4,0
147098,1,8,8,0.75,4.5,1
147102,1,12,12,0.6666666666666666,6.5,1
147105,1,5,5,0.6,3.0,1
147124,1,1,1,1.0,1.0,1
147130,1,6,6,0.3333333333333333,3.5,1
147145,1,7,7,0.5714285714285714,4.0,1
147153,1,5,5,0.4,3.0,1
147164,1,11,11,0.45454545454545453,6.0,1
147173,1,13,13,0.9230769230769231,7.0,1
147182,1,6,6,0.5,3.5,1
147194,1,18,18,0.7222222222222222,9.5,0
147197,1,12,12,1.0,6.5,1
147226,1,3,3,0.3333333333333333,2.0,1
147274,1,2,2,1.0,1.5,1
147279,1,11,11,0.8181818181818182,6.0,1
147281,1,8,8,1.0,4.5,1
147307,1,11,11,0.0,6.0,1
147309,1,7,7,0.8571428571428571,4.0,1
147322,1,5,5,1.0,3.0,1
147325,1,19,19,1.0,10.0,0
147333,1,6,6,0.16666666666666666,3.5,1
147342,1,15,15,1.0,8.0,1
147357,1,2,2,0.5,1.5,1
147372,1,6,6,0.8333333333333334,3.5,1
147374,1,5,5,1.0,3.0,1
147397,3,12,12,0.25,2.75,0
147443,1,24,24,0.25,12.5,0
147447,1,3,3,0.6666666666666666,2.0,1
147458,1,21,21,0.6666666666666666,11.0,0
147469,1,3,3,1.0,2.0,1
147495,1,2,2,1.0,1.5,1
147507,1,9,9,0.6666666666666666,5.0,1
147520,1,10,10,0.7,5.5,1
147541,1,5,5,0.0,3.0,1
147551,1,5,5,0.4,3.0,1
147552,2,29,29,0.7241379310344828,7.758620689655173,0
147570,1,17,17,0.5294117647058824,9.0,0
147578,1,5,5,0.4,3.0,1
147590,1,7,7,0.8571428571428571,4.0,1
147598,2,17,15,0.6470588235294118,5.9411764705882355,0
147618,1,8,8,0.0,4.5,1
147621,1,2,2,1.0,1.5,1
147626,1,14,14,0.9285714285714286,7.5,1
147650,1,11,11,0.5454545454545454,6.0,1
147665,1,12,12,0.3333333333333333,6.5,1
147668,1,6,6,0.5,3.5,1
147671,1,26,26,0.8461538461538461,13.5,0
147672,1,9,9,0.3333333333333333,5.0,1
147674,1,28,28,0.5357142857142857,14.5,0
147684,1,2,2,1.0,1.5,1
147709,1,4,4,0.75,2.5,1
147745,2,37,30,0.6756756756756757,9.81081081081081,0
147748,1,2,2,0.0,1.5,1
147752,1,22,22,0.36363636363636365,11.5,0
147758,1,8,8,1.0,4.5,1
147761,1,27,27,0.0,14.0,0
147765,2,36,36,0.7222222222222222,10.5,0
147770,1,6,6,0.8333333333333334,3.5,1
147785,1,11,11,0.36363636363636365,6.0,1
147792,1,28,28,0.7857142857142857,14.5,0
147801,1,3,3,1.0,2.0,1
147820,1,11,11,0.18181818181818182,6.0,1
147828,1,12,12,0.9166666666666666,6.5,1
147831,1,17,17,0.5294117647058824,9.0,0
147834,2,11,9,1.0,3.272727272727273,1
147848,1,11,11,0.2727272727272727,6.0,1
147854,1,14,14,0.0,7.5,1
147855,1,8,8,0.75,4.5,1
147872,1,45,45,0.8444444444444444,23.0,0
147879,1,5,5,0.6,3.0,1
147890,1,11,11,0.2727272727272727,6.0,1
147901,1,1,1,1.0,1.0,1
147908,1,22,22,0.36363636363636365,11.5,0
147936,1,6,6,1.0,3.5,1
147989,1,12,12,0.0,6.5,1
147995,1,14,14,1.0,7.5,1
148001,1,12,12,0.4166666666666667,6.5,1
148003,1,2,2,0.5,1.5,1
148028,1,16,16,0.8125,8.5,0
148040,1,8,8,0.75,4.5,1
148045,1,9,9,0.7777777777777778,5.0,1
148050,1,14,14,0.5,7.5,1
148054,1,8,8,0.75,4.5,1
148063,1,13,13,0.5384615384615384,7.0,1
148085,1,17,17,1.0,9.0,0
148100,1,3,3,1.0,2.0,1
148104,1,10,10,1.0,5.5,1
148105,1,9,9,0.4444444444444444,5.0,1
148112,1,8,8,0.875,4.5,1
148123,1,20,20,0.55,10.5,0
148126,1,4,4,0.75,2.5,1
148136,1,5,5,1.0,3.0,1
148155,1,5,5,1.0,3.0,1
148159,1,17,17,0.8823529411764706,9.0,0
148175,1,8,8,0.625,4.5,1
148177,1,5,5,0.0,3.0,1
148209,1,10,10,1.0,5.5,1
148225,1,1,1,1.0,1.0,1
148227,1,14,14,0.35714285714285715,7.5,1
148230,2,22,22,0.5,6.045454545454546,0
148233,2,12,12,0.9166666666666666,4.833333333333333,1
148240,1,8,8,0.0,4.5,1
148248,1,8,8,0.0,4.5,1
148249,1,17,17,0.6470588235294118,9.0,0
148252,1,6,6,0.0,3.5,1
148270,1,3,3,0.0,2.0,1
148272,1,5,5,1.0,3.0,1
148290,1,8,8,0.875,4.5,1
148306,1,5,5,1.0,3.0,1
148310,1,17,17,0.7058823529411765,9.0,0
148335,1,5,5,0.6,3.0,1
148345,1,4,4,0.75,2.5,1
148347,1,3,3,0.3333333333333333,2.0,1
148352,2,34,34,0.8529411764705882,10.882352941176471,0
148359,1,11,11,1.0,6.0,1
148365,1,20,20,0.55,10.5,0
148370,1,1,1,0.0,1.0,1
148375,1,4,4,0.75,2.5,1
148382,1,9,9,0.8888888888888888,5.0,1
148390,1,9,9,0.7777777777777778,5.0,1
148396,1,15,15,0.0,8.0,1
148419,1,4,4,0.0,2.5,1
148436,1,11,11,0.36363636363636365,6.0,1
148441,1,12,12,0.16666666666666666,6.5,1
148446,1,3,3,1.0,2.0,1
148452,1,12,12,0.25,6.5,1
148482,1,16,16,0.875,8.5,0
148510,1,19,19,0.631578947368421,10.0,0
148522,1,30,30,0.4666666666666667,15.5,0
148553,1,6,6,0.0,3.5,1
148566,1,10,10,0.4,5.5,1
148568,1,7,7,0.7142857142857143,4.0,1
148573,1,1,1,1.0,1.0,1
148576,1,12,12,0.5833333333333334,6.5,1
148588,1,4,4,1.0,2.5,1
148615,1,32,32,0.625,16.5,0
148618,1,33,33,0.6666666666666666,17.0,0
148619,1,15,15,0.5333333333333333,8.0,1
148639,1,11,11,0.18181818181818182,6.0,1
148656,1,1,1,1.0,1.0,1
148701,1,11,11,0.36363636363636365,6.0,1
148705,1,10,10,0.7,5.5,1
148715,1,3,3,0.6666666666666666,2.0,1
148718,1,11,11,0.2727272727272727,6.0,1
148724,1,17,17,0.11764705882352941,9.0,0
148725,1,10,10,0.1,5.5,1
148745,1,8,8,0.875,4.5,1
148770,2,9,9,0.7777777777777778,3.0,1
148772,1,18,18,0.3333333333333333,9.5,0
148774,1,3,3,0.6666666666666666,2.0,1
148784,1,7,7,1.0,4.0,1
148828,1,21,21,0.9047619047619048,11.0,0
148833,1,14,14,0.5,7.5,1
148856,1,18,18,0.7222222222222222,9.5,0
148867,1,23,23,0.391304347826087,12.0,0
148873,1,7,7,0.14285714285714285,4.0,1
148891,1,7,7,0.5714285714285714,4.0,1
148901,1,13,13,0.46153846153846156,7.0,1
148902,2,45,39,0.8,12.422222222222222,0
148910,1,8,8,0.375,4.5,1
148916,2,9,8,0.5555555555555556,2.7777777777777777,1
148917,3,24,24,0.7916666666666666,4.791666666666667,0
148943,1,16,16,0.25,8.5,0
148946,1,4,4,1.0,2.5,1
148972,1,3,3,0.6666666666666666,2.0,1
148973,1,13,13,0.5384615384615384,7.0,1
148978,1,2,2,1.0,1.5,1
148982,1,10,10,0.1,5.5,1
148993,1,18,18,1.0,9.5,0
148994,1,10,10,1.0,5.5,1
149009,1,2,2,1.0,1.5,1
149012,1,17,17,0.7058823529411765,9.0,0
149016,1,7,7,0.8571428571428571,4.0,1
149019,1,22,22,0.5454545454545454,11.5,0
149045,1,7,7,1.0,4.0,1
149057,1,10,10,0.6,5.5,1
149066,1,6,6,0.5,3.5,1
149069,1,9,9,0.0,5.0,1
149071,1,8,8,0.25,4.5,1
149074,1,1,1,1.0,1.0,1
149082,1,5,5,0.4,3.0,1
149085,1,8,8,0.75,4.5,1
149095,1,5,5,0.4,3.0,1
149121,1,14,14,0.2857142857142857,7.5,1
149134,1,12,12,0.5833333333333334,6.5,1
149136,1,26,26,0.8076923076923077,13.5,0
149143,1,13,13,0.6923076923076923,7.0,1
149150,1,10,10,0.7,5.5,1
149156,1,46,46,0.15217391304347827,23.5,0
149170,1,20,20,0.7,10.5,0
149187,1,6,6,0.6666666666666666,3.5,1
149189,1,2,2,0.0,1.5,1
149209,1,8,8,1.0,4.5,1
149220,1,15,15,0.4666666666666667,8.0,1
149222,1,9,9,1.0,5.0,1
149231,1,16,16,0.5625,8.5,0
149239,1,12,12,0.0,6.5,1
149240,1,4,4,0.75,2.5,1
149248,1,1,1,0.0,1.0,1
149276,2,7,7,0.2857142857142857,2.2857142857142856,1
149284,1,19,19,0.5263157894736842,10.0,0
149326,1,13,13,0.8461538461538461,7.0,1
149335,1,31,31,0.9032258064516129,16.0,0
149356,1,3,3,0.6666666666666666,2.0,1
149369,3,18,18,0.4444444444444444,4.388888888888889,0
149370,1,3,3,1.0,2.0,1
149377,1,4,4,0.5,2.5,1
149383,1,11,11,0.9090909090909091,6.0,1
149391,1,13,13,0.0,7.0,1
149393,1,2,2,1.0,1.5,1
149398,1,5,5,1.0,3.0,1
149401,1,12,12,0.08333333333333333,6.5,1
149408,1,7,7,0.2857142857142857,4.0,1
149409,1,12,12,0.0,6.5,1
149424,1,7,7,0.8571428571428571,4.0,1
149439,1,37,37,0.24324324324324326,19.0,0
149444,1,26,26,0.2692307692307692,13.5,0
149481,1,14,14,0.6428571428571429,7.5,1
149482,1,7,7,0.5714285714285714,4.0,1
149498,1,32,32,0.6875,16.5,0
149504,1,5,5,0.8,3.0,1
149516,2,10,10,0.4,3.1,1
149529,1,8,8,0.5,4.5,1
149535,1,6,6,0.8333333333333334,3.5,1
149546,1,19,19,0.47368421052631576,10.0,0
149547,1,7,7,0.2857142857142857,4.0,1
149556,1,7,7,1.0,4.0,1
149567,2,23,23,0.5652173913043478,7.565217391304348,0
149579,1,2,2,0.5,1.5,1
149582,1,20,20,0.9,10.5,0
149607,1,5,5,0.4,3.0,1
149637,1,4,4,0.5,2.5,1
149645,1,15,15,1.0,8.0,1
149646,1,17,17,0.0,9.0,0
149665,1,19,19,0.631578947368421,10.0,0
149677,1,2,2,0.5,1.5,1
149678,1,7,7,0.42857142857142855,4.0,1
149683,1,8,8,0.875,4.5,1
149693,1,16,16,0.625,8.5,0
149706,1,3,3,0.6666666666666666,2.0,1
149713,1,16,16,0.4375,8.5,0
149715,1,13,13,0.23076923076923078,7.0,1
149747,1,14,14,0.9285714285714286,7.5,1
149748,1,12,12,0.0,6.5,1
149760,1,13,13,0.9230769230769231,7.0,1
149766,1,19,19,0.7368421052631579,10.0,0
149790,1,2,2,0.5,1.5,1
149793,1,30,30,0.7666666666666667,15.5,0
149798,1,7,7,1.0,4.0,1
149809,2,30,22,1.0,8.3,0
149817,2,14,11,1.0,4.642857142857143,1
149823,1,4,4,0.5,2.5,1
149828,1,5,5,0.8,3.0,1
149844,1,12,12,0.9166666666666666,6.5,1
149853,1,7,7,0.0,4.0,1
149854,1,8,8,0.875,4.5,1
149858,1,3,3,0.3333333333333333,2.0,1
149859,1,3,3,1.0,2.0,1
149862,1,14,14,1.0,7.5,1
149863,1,33,33,0.8787878787878788,17.0,0
149871,1,7,7,0.8571428571428571,4.0,1
149882,1,1,1,1.0,1.0,1
149886,1,4,4,0.0,2.5,1
149908,1,1,1,0.0,1.0,1
149909,1,27,27,0.9259259259259259,14.0,0
149916,1,5,5,0.4,3.0,1
149928,1,23,23,0.34782608695652173,12.0,0
149933,1,5,5,0.4,3.0,1
149937,1,2,2,0.0,1.5,1
149942,2,45,37,0.8,12.688888888888888,0
149976,1,3,3,0.6666666666666666,2.0,1
150015,1,16,16,0.875,8.5,0
150026,1,3,3,1.0,2.0,1
150028,3,28,27,0.75,5.785714285714286,0
150048,1,8,8,0.5,4.5,1
150058,1,4,4,1.0,2.5,1
150063,1,8,8,0.875,4.5,1
150094,2,11,11,0.5454545454545454,3.272727272727273,1
150121,1,12,12,0.9166666666666666,6.5,1
150123,1,15,15,0.8666666666666667,8.0,1
150125,1,19,19,0.9473684210526315,10.0,0
150126,1,15,15,0.6666666666666666,8.0,1
150127,1,20,20,0.95,10.5,0
150167,1,4,4,1.0,2.5,1
150180,1,5,5,0.4,3.0,1
150183,1,3,3,0.3333333333333333,2.0,1
150212,1,7,7,1.0,4.0,1
150220,1,6,6,0.3333333333333333,3.5,1
150228,1,9,9,0.6666666666666666,5.0,1
150230,1,6,6,1.0,3.5,1
150239,1,14,14,0.35714285714285715,7.5,1
150252,1,5,5,0.2,3.0,1
150255,1,8,8,0.25,4.5,1
150268,1,2,2,0.5,1.5,1
150275,1,19,19,0.8947368421052632,10.0,0
150283,1,1,1,0.0,1.0,1
150285,1,13,13,0.7692307692307693,7.0,1
150289,1,3,3,0.0,2.0,1
150301,1,3,3,0.3333333333333333,2.0,1
150304,1,18,18,0.8333333333333334,9.5,0
150329,1,7,7,1.0,4.0,1
150330,1,1,1,0.0,1.0,1
150348,1,16,16,0.3125,8.5,0
150350,1,6,6,1.0,3.5,1
150357,1,8,8,0.625,4.5,1
150360,1,8,8,0.0,4.5,1
150371,1,10,10,0.8,5.5,1
150376,1,12,12,0.3333333333333333,6.5,1
150378,1,13,13,0.38461538461538464,7.0,1
150387,1,25,25,0.24,13.0,0
150394,2,38,38,0.5,10.947368421052632,0
150409,1,4,4,0.0,2.5,1
150415,1,1,1,1.0,1.0,1
150435,1,18,18,0.7777777777777778,9.5,0
150437,1,19,19,0.5789473684210527,10.0,0
150456,1,4,4,1.0,2.5,1
150467,1,19,19,0.631578947368421,10.0,0
150481,1,7,7,0.8571428571428571,4.0,1
150507,1,30,30,0.0,15.5,0
150518,1,9,9,0.7777777777777778,5.0,1
150532,2,11,10,0.18181818181818182,3.8181818181818183,1
150547,1,15,15,0.4,8.0,1
150552,1,6,6,0.5,3.5,1
150553,1,2,2,1.0,1.5,1
150555,1,9,9,0.6666666666666666,5.0,1
150569,1,12,12,0.3333333333333333,6.5,1
150570,1,17,17,0.8823529411764706,9.0,0
150585,1,15,15,0.4666666666666667,8.0,1
150593,1,3,3,0.3333333333333333,2.0,1
150599,1,3,3,0.6666666666666666,2.0,1
150600,1,9,9,0.6666666666666666,5.0,1
150616,1,2,2,0.0,1.5,1
150633,1,6,6,0.5,3.5,1
150640,2,28,24,0.7142857142857143,8.785714285714286,0
150641,1,6,6,0.5,3.5,1
150647,1,6,6,0.8333333333333334,3.5,1
150651,1,10,10,0.6,5.5,1
150661,1,4,4,0.25,2.5,1
150671,1,3,3,1.0,2.0,1
150677,1,14,14,1.0,7.5,1
150684,1,3,3,0.3333333333333333,2.0,1
150690,1,5,5,0.2,3.0,1
150691,1,7,7,0.8571428571428571,4.0,1
150693,1,8,8,0.5,4.5,1
150701,1,21,21,0.2857142857142857,11.0,0
150717,1,6,6,0.0,3.5,1
150723,1,5,5,0.6,3.0,1
150739,1,45,45,0.3333333333333333,23.0,0
150747,1,6,6,0.6666666666666666,3.5,1
150755,1,8,8,1.0,4.5,1
150757,2,26,25,0.8076923076923077,9.461538461538462,0
150759,1,16,16,0.0,8.5,0
150774,1,5,5,0.8,3.0,1
150784,1,8,8,0.625,4.5,1
150787,1,1,1,1.0,1.0,1
150809,1,14,14,0.9285714285714286,7.5,1
150812,1,3,3,0.3333333333333333,2.0,1
150828,1,2,2,1.0,1.5,1
150832,1,8,8,0.125,4.5,1
150840,1,12,12,1.0,6.5,1
150857,1,4,4,0.5,2.5,1
150858,1,15,15,0.0,8.0,1
150860,1,5,5,0.4,3.0,1
150873,1,7,7,0.8571428571428571,4.0,1
150888,1,11,11,0.09090909090909091,6.0,1
150913,1,7,7,0.2857142857142857,4.0,1
150917,1,5,5,0.4,3.0,1
150928,1,9,9,1.0,5.0,1
150929,1,3,3,0.3333333333333333,2.0,1
150941,1,24,24,0.08333333333333333,12.5,0
150951,1,6,6,0.6666666666666666,3.5,1
150952,1,10,10,0.5,5.5,1
150959,1,8,8,0.625,4.5,1
150964,1,6,6,1.0,3.5,1
150985,1,7,7,0.8571428571428571,4.0,1
150989,1,1,1,1.0,1.0,1
150998,1,6,6,0.3333333333333333,3.5,1
151001,1,7,7,1.0,4.0,1
151012,1,4,4,0.25,2.5,1
151016,1,5,5,0.4,3.0,1
151022,1,10,10,0.3,5.5,1
151030,1,9,9,0.4444444444444444,5.0,1
151045,1,9,9,0.8888888888888888,5.0,1
151058,1,2,2,0.5,1.5,1
151059,1,2,2,0.5,1.5,1
151061,1,8,8,1.0,4.5,1
151083,2,17,17,0.5294117647058824,5.117647058823529,0
151105,1,10,10,0.5,5.5,1
151113,2,64,64,0.875,17.265625,0
151119,1,9,9,0.7777777777777778,5.0,1
151123,1,1,1,1.0,1.0,1
151124,1,6,6,1.0,3.5,1
151126,2,39,39,0.48717948717948717,10.307692307692308,0
151165,1,7,7,0.2857142857142857,4.0,1
151200,1,5,5,0.4,3.0,1
151207,1,5,5,0.0,3.0,1
151223,1,10,10,0.0,5.5,1
151227,1,7,7,0.5714285714285714,4.0,1
151237,1,6,6,1.0,3.5,1
151250,1,9,9,0.4444444444444444,5.0,1
151259,1,27,27,0.8518518518518519,14.0,0
151262,1,6,6,0.3333333333333333,3.5,1
151277,1,16,16,0.0,8.5,0
151284,1,7,7,0.2857142857142857,4.0,1
151299,1,3,3,0.6666666666666666,2.0,1
151304,1,18,18,0.8888888888888888,9.5,0
151320,1,5,5,0.4,3.0,1
151323,1,7,7,0.0,4.0,1
151336,1,5,5,0.8,3.0,1
151339,1,12,12,1.0,6.5,1
151350,2,41,41,0.7804878048780488,11.487804878048781,0
151359,1,7,7,0.5714285714285714,4.0,1
151370,1,25,25,0.88,13.0,0
151371,1,29,29,1.0,15.0,0
151375,1,7,7,0.42857142857142855,4.0,1
151378,1,41,41,0.7317073170731707,21.0,0
151382,1,18,18,0.8888888888888888,9.5,0
151386,1,2,2,1.0,1.5,1
151403,1,10,10,1.0,5.5,1
151426,1,3,3,1.0,2.0,1
151430,2,34,34,0.9411764705882353,9.117647058823529,0
151437,1,10,10,0.9,5.5,1
151441,1,8,8,0.625,4.5,1
151450,1,1,1,1.0,1.0,1
151451,1,7,7,0.42857142857142855,4.0,1
151452,1,2,2,1.0,1.5,1
151453,1,25,25,0.68,13.0,0
151458,1,8,8,0.75,4.5,1
151466,1,17,17,0.4117647058823529,9.0,0
151470,1,6,6,0.8333333333333334,3.5,1
151474,1,4,4,0.25,2.5,1
151481,1,7,7,0.0,4.0,1
151489,2,8,8,0.375,2.625,1
151503,1,7,7,0.7142857142857143,4.0,1
151514,2,7,7,0.7142857142857143,2.5714285714285716,1
151516,1,18,18,0.0,9.5,0
151518,1,19,19,0.0,10.0,0
151519,1,5,5,0.8,3.0,1
151528,1,8,8,0.625,4.5,1
151544,1,4,4,0.75,2.5,1
151568,1,6,6,0.5,3.5,1
151570,1,13,13,0.15384615384615385,7.0,1
151603,1,13,13,0.6153846153846154,7.0,1
151606,2,9,8,1.0,2.7777777777777777,1
151613,1,10,10,0.2,5.5,1
151618,1,17,17,0.7647058823529411,9.0,0
151634,1,24,24,0.8333333333333334,12.5,0
151645,1,63,63,0.42857142857142855,32.0,0
151646,1,4,4,0.5,2.5,1
151647,1,23,23,0.4782608695652174,12.0,0
151667,1,1,1,1.0,1.0,1
151673,1,49,49,0.8571428571428571,25.0,0
151689,1,13,13,0.3076923076923077,7.0,1
151702,1,10,10,0.3,5.5,1
151703,1,19,19,0.0,10.0,0
151735,1,7,7,0.5714285714285714,4.0,1
151737,1,26,26,0.2692307692307692,13.5,0
151745,1,7,7,0.5714285714285714,4.0,1
151750,1,8,8,0.5,4.5,1
151785,1,17,17,0.5882352941176471,9.0,0
151797,1,7,7,0.2857142857142857,4.0,1
151800,1,3,3,0.3333333333333333,2.0,1
151822,1,29,29,0.6551724137931034,15.0,0
151837,1,12,12,0.75,6.5,1
151844,1,11,11,0.2727272727272727,6.0,1
151850,1,16,16,0.625,8.5,0
151854,1,14,14,0.21428571428571427,7.5,1
151862,1,16,16,0.9375,8.5,0
151880,1,1,1,1.0,1.0,1
151891,1,7,7,0.8571428571428571,4.0,1
151906,2,3,2,1.0,1.3333333333333333,1
151929,1,8,8,0.0,4.5,1
151930,1,7,7,0.0,4.0,1
151935,1,9,9,0.1111111111111111,5.0,1
151939,1,13,13,0.7692307692307693,7.0,1
151951,1,3,3,0.3333333333333333,2.0,1
151969,1,2,2,1.0,1.5,1
151973,1,11,11,1.0,6.0,1
151989,1,6,6,1.0,3.5,1
151993,1,5,5,1.0,3.0,1
151995,1,13,13,0.5384615384615384,7.0,1
152016,1,1,1,1.0,1.0,1
152017,1,4,4,1.0,2.5,1
152028,1,28,28,0.6071428571428571,14.5,0
152029,2,14,14,0.2857142857142857,4.642857142857143,1
152037,1,3,3,0.6666666666666666,2.0,1
152042,1,3,3,0.3333333333333333,2.0,1
152051,1,11,11,0.7272727272727273,6.0,1
152058,1,12,12,0.5,6.5,1
152063,1,9,9,1.0,5.0,1
152068,1,6,6,0.6666666666666666,3.5,1
152091,1,3,3,1.0,2.0,1
152098,1,20,20,0.85,10.5,0
152100,1,6,6,0.3333333333333333,3.5,1
152102,1,3,3,1.0,2.0,1
152103,1,4,4,0.75,2.5,1
152128,1,10,10,1.0,5.5,1
152139,1,13,13,0.38461538461538464,7.0,1
152152,2,13,11,0.7692307692307693,3.923076923076923,1
152160,1,6,6,0.0,3.5,1
152166,1,10,10,0.5,5.5,1
152193,1,5,5,1.0,3.0,1
152220,1,11,11,0.8181818181818182,6.0,1
152249,1,10,10,0.7,5.5,1
152250,1,9,9,0.0,5.0,1
152300,1,1,1,1.0,1.0,1
152310,1,8,8,0.5,4.5,1
152324,1,2,2,1.0,1.5,1
152340,2,11,11,0.9090909090909091,3.272727272727273,1
152348,1,11,11,0.7272727272727273,6.0,1
152360,1,6,6,0.16666666666666666,3.5,1
152363,1,15,15,0.2,8.0,1
152365,1,10,10,0.9,5.5,1
152379,1,12,12,0.75,6.5,1
152392,1,15,15,0.4,8.0,1
152401,1,7,7,0.2857142857142857,4.0,1
152406,1,29,29,0.9310344827586207,15.0,0
152409,1,9,9,0.5555555555555556,5.0,1
152416,2,34,28,0.7352941176470589,10.441176470588236,0
152436,1,7,7,0.5714285714285714,4.0,1
152443,1,12,12,0.6666666666666666,6.5,1
152450,1,9,9,0.0,5.0,1
152456,1,19,19,0.5789473684210527,10.0,0
152463,1,2,2,0.0,1.5,1
152465,1,4,4,0.5,2.5,1
152480,1,9,9,0.8888888888888888,5.0,1
152486,1,8,8,0.0,4.5,1
152489,1,5,5,0.0,3.0,1
152526,1,2,2,0.5,1.5,1
152529,1,17,17,0.5294117647058824,9.0,0
152536,1,5,5,0.4,3.0,1
152537,1,12,12,0.25,6.5,1
152538,1,12,12,0.25,6.5,1
152544,1,13,13,0.8461538461538461,7.0,1
152590,1,4,4,0.75,2.5,1
152610,1,15,15,0.4,8.0,1
152619,1,12,12,0.6666666666666666,6.5,1
152646,1,22,22,0.0,11.5,0
152654,1,13,13,0.38461538461538464,7.0,1
152665,1,1,1,1.0,1.0,1
152691,1,3,3,1.0,2.0,1
152707,1,13,13,0.9230769230769231,7.0,1
152711,1,12,12,0.4166666666666667,6.5,1
152729,1,6,6,0.5,3.5,1
152749,1,17,17,0.0,9.0,0
152759,1,4,4,1.0,2.5,1
152772,1,8,8,0.5,4.5,1
152797,1,40,40,0.7,20.5,0
152807,2,26,25,0.8461538461538461,7.153846153846154,0
152819,1,5,5,0.2,3.0,1
152821,1,10,10,0.5,5.5,1
152857,1,8,8,1.0,4.5,1
152877,2,22,19,0.9090909090909091,6.0,0
152889,1,9,9,0.4444444444444444,5.0,1
152899,1,8,8,1.0,4.5,1
152903,1,2,2,0.0,1.5,1
152922,1,11,11,0.5454545454545454,6.0,1
152929,1,17,17,0.8823529411764706,9.0,0
152931,2,20,16,0.9,5.95,0
152946,1,15,15,0.6666666666666666,8.0,1
152968,1,11,11,0.45454545454545453,6.0,1
152979,1,2,2,0.5,1.5,1
152985,1,5,5,0.0,3.0,1
152992,1,2,2,1.0,1.5,1
153024,1,5,5,1.0,3.0,1
153056,1,1,1,1.0,1.0,1
153069,1,13,13,0.0,7.0,1
153075,2,45,45,0.7555555555555555,11.88888888888889,0
153087,1,3,3,0.6666666666666666,2.0,1
153105,1,7,7,0.0,4.0,1
153133,1,29,29,0.4827586206896552,15.0,0
153139,1,20,20,0.2,10.5,0
153169,1,19,19,0.47368421052631576,10.0,0
153172,1,10,10,0.5,5.5,1
153214,1,15,15,0.4,8.0,1
153222,1,8,8,0.625,4.5,1
153226,1,4,4,0.25,2.5,1
153244,1,4,4,0.75,2.5,1
153249,1,3,3,0.6666666666666666,2.0,1
153264,2,6,5,0.5,2.1666666666666665,1
153274,1,1,1,1.0,1.0,1
153276,1,4,4,0.5,2.5,1
153285,1,10,10,0.4,5.5,1
153351,1,22,22,0.3181818181818182,11.5,0
153352,1,12,12,0.8333333333333334,6.5,1
153367,1,17,17,0.5882352941176471,9.0,0
153379,1,12,12,0.5833333333333334,6.5,1
153384,1,13,13,0.8461538461538461,7.0,1
153387,1,5,5,1.0,3.0,1
153394,1,22,22,0.7727272727272727,11.5,0
153404,1,8,8,0.25,4.5,1
153405,2,15,15,0.4666666666666667,4.266666666666667,0
153406,1,6,6,1.0,3.5,1
153407,1,25,25,0.56,13.0,0
153413,1,8,8,0.125,4.5,1
153416,1,15,15,1.0,8.0,1
153417,1,5,5,0.6,3.0,1
153422,1,23,23,0.13043478260869565,12.0,0
153424,1,7,7,0.0,4.0,1
153437,1,6,6,1.0,3.5,1
153445,1,3,3,1.0,2.0,1
153455,1,3,3,1.0,2.0,1
153460,1,18,18,0.1111111111111111,9.5,0
153465,1,6,6,0.5,3.5,1
153471,2,14,12,0.8571428571428571,4.642857142857143,1
153477,1,5,5,1.0,3.0,1
153481,1,2,2,1.0,1.5,1
153514,1,6,6,0.16666666666666666,3.5,1
153516,1,15,15,0.8666666666666667,8.0,1
153529,1,4,4,0.25,2.5,1
153543,1,10,10,0.8,5.5,1
153568,1,3,3,0.6666666666666666,2.0,1
153571,1,17,17,0.5882352941176471,9.0,0
153576,1,11,11,0.7272727272727273,6.0,1
153593,1,1,1,1.0,1.0,1
153604,1,3,3,1.0,2.0,1
153607,1,12,12,0.3333333333333333,6.5,1
153628,2,17,17,0.9411764705882353,4.882352941176471,0
153680,1,8,8,0.125,4.5,1
153706,2,47,47,0.7872340425531915,12.297872340425531,0
153721,1,8,8,0.75,4.5,1
153724,1,18,18,1.0,9.5,0
153736,1,10,10,0.0,5.5,1
153738,1,7,7,0.0,4.0,1
153817,1,10,10,0.4,5.5,1
153823,1,16,16,0.625,8.5,0
153850,1,14,14,0.5,7.5,1
153852,1,13,13,0.38461538461538464,7.0,1
153855,1,7,7,0.5714285714285714,4.0,1
153856,1,1,1,1.0,1.0,1
153862,2,10,7,1.0,3.1,1
153866,1,10,10,0.8,5.5,1
153869,1,8,8,0.75,4.5,1
153876,1,6,6,0.0,3.5,1
153895,1,10,10,0.0,5.5,1
153900,1,2,2,1.0,1.5,1
153902,1,20,20,0.95,10.5,0
153907,1,7,7,1.0,4.0,1
153910,1,7,7,0.7142857142857143,4.0,1
153962,1,17,17,0.8823529411764706,9.0,0
153972,1,18,18,0.2222222222222222,9.5,0
153981,1,19,19,0.3684210526315789,10.0,0
153989,1,19,19,0.0,10.0,0
153996,1,1,1,1.0,1.0,1
154000,1,24,24,0.625,12.5,0
154004,1,11,11,0.0,6.0,1
154014,1,15,15,1.0,8.0,1
154027,1,10,10,0.9,5.5,1
154040,1,2,2,0.0,1.5,1
154107,1,3,3,1.0,2.0,1
154162,1,7,7,0.5714285714285714,4.0,1
154183,1,4,4,0.5,2.5,1
154184,1,9,9,0.5555555555555556,5.0,1
154197,1,14,14,0.0,7.5,1
154201,1,4,4,0.75,2.5,1
154215,1,28,28,0.25,14.5,0
154273,1,2,2,0.5,1.5,1
154274,1,30,30,0.26666666666666666,15.5,0
154282,1,15,15,1.0,8.0,1
154286,1,6,6,0.16666666666666666,3.5,1
154287,1,3,3,0.3333333333333333,2.0,1
154298,1,12,12,0.4166666666666667,6.5,1
154311,1,10,10,0.4,5.5,1
154317,3,32,32,0.25,7.84375,0
154321,1,23,23,0.0,12.0,0
154331,1,18,18,0.5555555555555556,9.5,0
154361,1,2,2,1.0,1.5,1
154391,1,11,11,0.6363636363636364,6.0,1
154405,1,1,1,0.0,1.0,1
154412,2,10,10,0.5,3.4,1
154418,1,9,9,0.4444444444444444,5.0,1
154424,1,14,14,0.7857142857142857,7.5,1
154441,1,8,8,0.5,4.5,1
154442,1,7,7,0.5714285714285714,4.0,1
154464,1,18,18,0.2777777777777778,9.5,0
154465,1,16,16,0.75,8.5,0
154480,1,17,17,0.35294117647058826,9.0,0
154493,1,11,11,0.6363636363636364,6.0,1
154517,1,6,6,0.6666666666666666,3.5,1
154563,1,18,18,0.4444444444444444,9.5,0
154587,1,13,13,0.15384615384615385,7.0,1
154635,1,3,3,1.0,2.0,1
154636,1,1,1,0.0,1.0,1
154645,2,29,29,0.5862068965517241,11.551724137931034,0
154662,1,1,1,0.0,1.0,1
154663,1,6,6,0.8333333333333334,3.5,1
154667,1,6,6,0.8333333333333334,3.5,1
154678,1,12,12,0.5,6.5,1
154697,2,5,5,0.4,2.2,1
154699,1,9,9,0.0,5.0,1
154728,1,16,16,0.5625,8.5,0
154729,1,7,7,0.0,4.0,1
154734,1,4,4,0.5,2.5,1
154738,1,9,9,0.7777777777777778,5.0,1
154748,2,15,12,1.0,4.266666666666667,1
154766,1,1,1,0.0,1.0,1
154783,1,11,11,0.09090909090909091,6.0,1
154787,1,14,14,0.21428571428571427,7.5,1
154807,1,3,3,1.0,2.0,1
154827,1,17,17,0.5294117647058824,9.0,0
154832,1,10,10,0.9,5.5,1
154837,2,23,23,0.8695652173913043,6.521739130434782,0
154839,1,6,6,0.8333333333333334,3.5,1
154842,1,5,5,0.8,3.0,1
154860,1,9,9,0.6666666666666666,5.0,1
154880,1,9,9,0.4444444444444444,5.0,1
154881,1,11,11,0.45454545454545453,6.0,1
154895,1,4,4,0.75,2.5,1
154915,1,11,11,1.0,6.0,1
154921,1,9,9,0.2222222222222222,5.0,1
154926,1,9,9,0.3333333333333333,5.0,1
154934,1,9,9,0.0,5.0,1
154942,1,13,13,0.7692307692307693,7.0,1
154966,1,35,35,0.0,18.0,0
154977,1,4,4,1.0,2.5,1
154990,1,8,8,0.625,4.5,1
155017,1,17,17,0.9411764705882353,9.0,0
155022,2,18,18,0.5555555555555556,5.055555555555555,0
155027,2,30,29,0.5333333333333333,9.633333333333333,0
155032,1,6,6,1.0,3.5,1
155059,1,8,8,0.75,4.5,1
155061,1,10,10,0.9,5.5,1
155064,1,1,1,1.0,1.0,1
155075,1,12,12,0.5833333333333334,6.5,1
155077,1,10,10,1.0,5.5,1
155078,1,1,1,0.0,1.0,1
155080,1,18,18,0.7222222222222222,9.5,0
155087,1,1,1,1.0,1.0,1
155097,1,2,2,1.0,1.5,1
155154,1,12,12,0.6666666666666666,6.5,1
155155,1,10,10,0.0,5.5,1
155159,1,18,18,0.4444444444444444,9.5,0
155163,1,5,5,0.2,3.0,1
155173,1,15,15,0.0,8.0,1
155187,1,10,10,0.7,5.5,1
155188,1,25,25,0.4,13.0,0
155202,1,8,8,1.0,4.5,1
155209,1,5,5,0.8,3.0,1
155216,1,11,11,0.0,6.0,1
155229,1,14,14,0.9285714285714286,7.5,1
155234,1,16,16,0.4375,8.5,0
155246,1,6,6,0.6666666666666666,3.5,1
155252,2,29,28,0.6551724137931034,10.241379310344827,0
155262,1,3,3,0.0,2.0,1
155271,1,8,8,0.75,4.5,1
155276,1,3,3,0.3333333333333333,2.0,1
155280,1,6,6,0.6666666666666666,3.5,1
155314,1,5,5,0.2,3.0,1
155320,1,1,1,1.0,1.0,1
155344,1,8,8,0.25,4.5,1
155354,1,9,9,0.4444444444444444,5.0,1
155364,1,23,23,0.5217391304347826,12.0,0
155371,2,21,21,0.38095238095238093,6.0476190476190474,0
155376,1,13,13,0.46153846153846156,7.0,1
155379,1,7,7,0.14285714285714285,4.0,1
155412,1,2,2,0.5,1.5,1
155426,1,17,17,0.47058823529411764,9.0,0
155431,2,26,26,0.7692307692307693,7.153846153846154,0
155432,1,1,1,0.0,1.0,1
155441,1,18,18,0.6111111111111112,9.5,0
155468,1,3,3,1.0,2.0,1
155472,1,24,24,0.16666666666666666,12.5,0
155476,1,15,15,0.3333333333333333,8.0,1
155478,1,2,2,0.0,1.5,1
155496,1,6,6,0.3333333333333333,3.5,1
155497,1,9,9,0.7777777777777778,5.0,1
155501,1,12,12,0.75,6.5,1
155508,1,8,8,0.75,4.5,1
155513,1,2,2,1.0,1.5,1
155567,1,6,6,0.0,3.5,1
155588,1,5,5,0.8,3.0,1
155597,1,15,15,0.8,8.0,1
155608,1,22,22,0.7272727272727273,11.5,0
155612,1,6,6,1.0,3.5,1
155618,1,6,6,1.0,3.5,1
155621,1,35,35,0.8,18.0,0
155638,1,42,42,0.8809523809523809,21.5,0
155649,1,7,7,1.0,4.0,1
155658,1,18,18,0.5555555555555556,9.5,0
155674,1,4,4,1.0,2.5,1
155692,1,5,5,0.2,3.0,1
155694,1,8,8,0.375,4.5,1
155741,1,6,6,0.3333333333333333,3.5,1
155757,1,2,2,1.0,1.5,1
155763,1,1,1,1.0,1.0,1
155766,1,16,16,0.5,8.5,0
155773,1,12,12,0.5833333333333334,6.5,1
155777,1,4,4,0.75,2.5,1
155784,1,19,19,0.3684210526315789,10.0,0
155789,1,1,1,0.0,1.0,1
155801,1,2,2,0.0,1.5,1
155811,1,11,11,0.9090909090909091,6.0,1
155815,1,9,9,0.7777777777777778,5.0,1
155843,1,6,6,0.3333333333333333,3.5,1
155845,1,15,15,0.4666666666666667,8.0,1
155846,1,4,4,0.25,2.5,1
155858,1,11,11,0.5454545454545454,6.0,1
155875,1,32,32,0.5625,16.5,0
155891,1,16,16,0.8125,8.5,0
155941,1,8,8,0.875,4.5,1
155950,1,5,5,0.4,3.0,1
155985,1,17,17,0.9411764705882353,9.0,0
155992,1,17,17,0.7647058823529411,9.0,0
155997,1,2,2,0.5,1.5,1
156000,1,8,8,0.5,4.5,1
156007,1,9,9,1.0,5.0,1
156033,1,10,10,0.3,5.5,1
156042,1,4,4,0.75,2.5,1
156052,1,7,7,0.5714285714285714,4.0,1
156064,1,10,10,0.6,5.5,1
156069,1,13,13,0.8461538461538461,7.0,1
156103,1,8,8,0.625,4.5,1
156112,1,11,11,1.0,6.0,1
156116,1,13,13,0.6153846153846154,7.0,1
156122,1,26,26,0.8076923076923077,13.5,0
156130,1,8,8,0.375,4.5,1
156133,1,22,22,0.9090909090909091,11.5,0
156169,1,4,4,0.25,2.5,1
156182,1,6,6,0.5,3.5,1
156203,1,2,2,0.5,1.5,1
156213,2,20,19,0.55,5.55,0
156218,1,6,6,0.6666666666666666,3.5,1
156219,1,15,15,0.5333333333333333,8.0,1
156232,1,2,2,0.5,1.5,1
156235,1,9,9,1.0,5.0,1
156279,1,2,2,1.0,1.5,1
156292,1,7,7,1.0,4.0,1
156295,1,9,9,0.0,5.0,1
156311,2,22,22,0.6363636363636364,6.409090909090909,0
156327,1,3,3,0.0,2.0,1
156331,2,33,28,0.8181818181818182,10.93939393939394,0
156339,1,8,8,1.0,4.5,1
156344,1,11,11,0.9090909090909091,6.0,1
156350,1,17,17,0.8823529411764706,9.0,0
156359,1,16,16,0.8125,8.5,0
156366,2,8,8,0.75,3.0,1
156368,1,6,6,0.5,3.5,1
156376,1,9,9,0.7777777777777778,5.0,1
156395,1,6,6,1.0,3.5,1
156408,1,2,2,0.5,1.5,1
156413,1,6,6,0.6666666666666666,3.5,1
156418,1,2,2,1.0,1.5,1
156420,1,3,3,1.0,2.0,1
156422,1,24,24,0.75,12.5,0
156431,1,16,16,0.6875,8.5,0
156438,1,5,5,0.6,3.0,1
156439,1,12,12,0.5,6.5,1
156449,1,1,1,1.0,1.0,1
156454,1,2,2,0.5,1.5,1
156456,1,8,8,0.25,4.5,1
156462,1,31,31,0.4838709677419355,16.0,0
156467,1,12,12,1.0,6.5,1
156469,1,17,17,0.6470588235294118,9.0,0
156473,1,7,7,0.5714285714285714,4.0,1
156483,1,18,18,0.0,9.5,0
156500,1,11,11,0.09090909090909091,6.0,1
156505,2,62,62,0.8548387096774194,16.79032258064516,0
156511,1,7,7,0.2857142857142857,4.0,1
156520,1,3,3,0.0,2.0,1
156521,1,33,33,0.18181818181818182,17.0,0
156524,1,1,1,1.0,1.0,1
156531,1,8,8,1.0,4.5,1
156551,1,20,20,0.4,10.5,0
156554,1,12,12,0.6666666666666666,6.5,1
156555,1,6,6,1.0,3.5,1
156628,1,1,1,1.0,1.0,1
156633,1,24,24,0.25,12.5,0
156636,1,6,6,0.16666666666666666,3.5,1
156639,2,14,14,0.5,4.642857142857143,1
156645,1,9,9,0.8888888888888888,5.0,1
156652,1,20,20,0.35,10.5,0
156665,1,3,3,1.0,2.0,1
156700,2,25,22,0.88,7.24,0
156712,1,37,37,0.6216216216216216,19.0,0
156724,1,17,17,0.7058823529411765,9.0,0
156733,1,9,9,0.3333333333333333,5.0,1
156758,1,9,9,0.2222222222222222,5.0,1
156762,1,11,11,0.5454545454545454,6.0,1
156766,1,19,19,0.631578947368421,10.0,0
156770,1,4,4,0.75,2.5,1
156788,2,49,49,0.6938775510204082,12.755102040816327,0
156802,1,14,14,0.0,7.5,1
156807,2,13,13,0.07692307692307693,5.3076923076923075,1
156815,1,4,4,1.0,2.5,1
156817,1,21,21,0.9047619047619048,11.0,0
156831,1,8,8,0.625,4.5,1
156834,1,21,21,0.2857142857142857,11.0,0
156837,1,15,15,0.8,8.0,1
156876,1,10,10,0.8,5.5,1
156913,1,6,6,0.0,3.5,1
156916,1,14,14,0.7857142857142857,7.5,1
156927,1,12,12,0.6666666666666666,6.5,1
156936,1,25,25,0.0,13.0,0
156940,1,9,9,0.0,5.0,1
156949,1,9,9,0.3333333333333333,5.0,1
156953,2,6,6,0.6666666666666666,2.6666666666666665,1
156964,3,25,24,0.88,5.32,0
156975,1,15,15,0.9333333333333333,8.0,1
156980,1,18,18,0.7222222222222222,9.5,0
156989,1,5,5,0.2,3.0,1
157006,1,15,15,0.6,8.0,1
157016,1,18,18,0.6666666666666666,9.5,0
157026,1,8,8,0.875,4.5,1
157045,1,16,16,0.375,8.5,0
157072,1,1,1,1.0,1.0,1
157078,1,1,1,1.0,1.0,1
157084,1,1,1,1.0,1.0,1
157088,1,19,19,0.05263157894736842,10.0,0
157093,1,1,1,1.0,1.0,1
157094,1,24,24,0.6666666666666666,12.5,0
157129,1,6,6,0.3333333333333333,3.5,1
157142,1,8,8,0.875,4.5,1
157185,1,10,10,0.9,5.5,1
157226,1,8,8,0.875,4.5,1
157262,1,2,2,1.0,1.5,1
157295,1,7,7,0.8571428571428571,4.0,1
157318,1,3,3,0.0,2.0,1
157328,1,3,3,1.0,2.0,1
157339,1,4,4,0.25,2.5,1
157341,1,2,2,1.0,1.5,1
157346,1,2,2,1.0,1.5,1
157353,1,2,2,1.0,1.5,1
157357,1,21,21,0.5714285714285714,11.0,0
157392,1,37,37,0.0,19.0,0
157398,1,12,12,0.0,6.5,1
157419,1,8,8,0.75,4.5,1
157430,1,3,3,0.6666666666666666,2.0,1
157448,1,2,2,0.5,1.5,1
157481,1,10,10,1.0,5.5,1
157492,1,5,5,0.6,3.0,1
157506,1,2,2,1.0,1.5,1
157523,1,26,26,1.0,13.5,0
157556,1,6,6,0.8333333333333334,3.5,1
157564,1,10,10,0.6,5.5,1
157565,1,13,13,1.0,7.0,1
157575,1,4,4,1.0,2.5,1
157587,1,2,2,1.0,1.5,1
157593,1,4,4,1.0,2.5,1
157600,1,6,6,1.0,3.5,1
157607,1,16,16,0.9375,8.5,0
157616,2,5,5,0.8,1.8,1
157650,1,8,8,0.875,4.5,1
157655,1,13,13,0.07692307692307693,7.0,1
157658,1,3,3,1.0,2.0,1
157667,1,3,3,1.0,2.0,1
157670,1,3,3,1.0,2.0,1
157671,1,12,12,1.0,6.5,1
157673,1,9,9,0.2222222222222222,5.0,1
157687,1,3,3,0.3333333333333333,2.0,1
157696,1,2,2,0.5,1.5,1
157704,2,8,7,1.0,2.5,1
157710,1,23,23,0.08695652173913043,12.0,0
157715,1,24,24,0.6666666666666666,12.5,0
157719,1,21,21,1.0,11.0,0
157733,1,1,1,0.0,1.0,1
157759,1,1,1,1.0,1.0,1
157774,1,1,1,1.0,1.0,1
157786,1,15,15,0.13333333333333333,8.0,1
157790,1,1,1,0.0,1.0,1
157796,1,10,10,0.3,5.5,1
157805,1,6,6,0.5,3.5,1
157830,1,19,19,0.9473684210526315,10.0,0
157839,1,7,7,0.5714285714285714,4.0,1
157847,1,18,18,0.6666666666666666,9.5,0
157855,1,17,17,0.8823529411764706,9.0,0
157861,1,12,12,0.4166666666666667,6.5,1
157874,1,30,30,0.9333333333333333,15.5,0
157878,1,6,6,0.3333333333333333,3.5,1
157891,1,8,8,1.0,4.5,1
157906,1,8,8,0.5,4.5,1
157907,1,12,12,0.9166666666666666,6.5,1
157932,1,6,6,1.0,3.5,1
157936,1,4,4,0.75,2.5,1
157941,1,7,7,0.14285714285714285,4.0,1
157954,1,8,8,0.125,4.5,1
158000,1,6,6,1.0,3.5,1
158001,1,6,6,0.8333333333333334,3.5,1
158003,1,4,4,0.25,2.5,1
158077,1,12,12,0.08333333333333333,6.5,1
158084,1,1,1,1.0,1.0,1
158091,1,26,26,1.0,13.5,0
158094,1,10,10,0.2,5.5,1
158098,1,6,6,0.5,3.5,1
158125,1,7,7,0.14285714285714285,4.0,1
158145,1,11,11,0.9090909090909091,6.0,1
158156,1,12,12,0.5833333333333334,6.5,1
158164,1,4,4,1.0,2.5,1
158167,1,8,8,0.875,4.5,1
158202,1,7,7,0.8571428571428571,4.0,1
158216,1,5,5,0.0,3.0,1
158225,1,4,4,1.0,2.5,1
158251,1,10,10,0.0,5.5,1
158257,2,17,14,0.8823529411764706,4.764705882352941,0
158262,1,3,3,1.0,2.0,1
158268,1,12,12,0.4166666666666667,6.5,1
158276,1,6,6,0.16666666666666666,3.5,1
158302,1,6,6,1.0,3.5,1
158304,1,15,15,0.0,8.0,1
158318,1,1,1,0.0,1.0,1
158320,1,21,21,0.38095238095238093,11.0,0
158326,1,21,21,0.2857142857142857,11.0,0
158328,1,9,9,0.5555555555555556,5.0,1
158350,1,12,12,0.6666666666666666,6.5,1
158367,1,1,1,1.0,1.0,1
158376,1,14,14,1.0,7.5,1
158397,1,5,5,0.0,3.0,1
158411,1,9,9,0.3333333333333333,5.0,1
158412,1,5,5,0.6,3.0,1
158415,2,17,17,0.7647058823529411,5.117647058823529,0
158439,1,11,11,1.0,6.0,1
158441,1,22,22,0.36363636363636365,11.5,0
158444,1,1,1,1.0,1.0,1
158448,1,18,18,0.8333333333333334,9.5,0
158475,1,12,12,0.25,6.5,1
158482,2,30,24,0.9,8.133333333333333,0
158490,1,4,4,0.75,2.5,1
158494,1,7,7,1.0,4.0,1
158496,1,8,8,0.75,4.5,1
158497,1,6,6,0.3333333333333333,3.5,1
158513,1,4,4,1.0,2.5,1
158523,1,1,1,1.0,1.0,1
158524,2,25,24,0.24,7.96,0
158533,1,9,9,0.4444444444444444,5.0,1
158536,1,15,15,0.4666666666666667,8.0,1
158538,1,3,3,1.0,2.0,1
158542,1,13,13,0.8461538461538461,7.0,1
158543,1,5,5,0.8,3.0,1
158562,1,20,20,0.8,10.5,0
158572,1,7,7,0.8571428571428571,4.0,1
158575,1,8,8,0.0,4.5,1
158581,1,4,4,0.0,2.5,1
158603,1,1,1,0.0,1.0,1
158618,1,11,11,0.09090909090909091,6.0,1
158626,1,17,17,0.0,9.0,0
158631,2,11,11,0.2727272727272727,4.363636363636363,1
158635,1,5,5,0.8,3.0,1
158636,1,24,24,0.9166666666666666,12.5,0
158641,1,10,10,0.9,5.5,1
158648,1,23,23,1.0,12.0,0
158652,1,5,5,0.2,3.0,1
158655,1,20,20,0.6,10.5,0
158656,1,2,2,1.0,1.5,1
158663,1,19,19,0.7368421052631579,10.0,0
158668,1,43,43,0.13953488372093023,22.0,0
158669,1,5,5,0.8,3.0,1
158683,2,8,7,1.0,2.625,1
158689,1,11,11,0.45454545454545453,6.0,1
158695,1,7,7,0.14285714285714285,4.0,1
158697,1,11,11,0.5454545454545454,6.0,1
158707,1,9,9,0.5555555555555556,5.0,1
158728,1,7,7,0.2857142857142857,4.0,1
158735,1,1,1,1.0,1.0,1
158767,1,15,15,0.3333333333333333,8.0,1
158772,1,21,21,0.7619047619047619,11.0,0
158780,1,2,2,0.5,1.5,1
158791,1,20,20,0.6,10.5,0
158796,1,5,5,0.4,3.0,1
158806,1,2,2,1.0,1.5,1
158834,1,17,17,0.6470588235294118,9.0,0
158839,1,6,6,1.0,3.5,1
158881,1,10,10,0.9,5.5,1
158884,2,12,12,0.75,3.5,1
158890,1,12,12,0.16666666666666666,6.5,1
158894,2,8,8,0.625,3.625,1
158898,1,12,12,1.0,6.5,1
158906,1,9,9,1.0,5.0,1
158935,1,6,6,1.0,3.5,1
158936,1,3,3,1.0,2.0,1
158943,1,18,18,0.3333333333333333,9.5,0
158965,1,9,9,0.5555555555555556,5.0,1
158967,1,2,2,1.0,1.5,1
158972,1,6,6,0.5,3.5,1
158976,1,6,6,0.8333333333333334,3.5,1
159011,1,22,22,0.9090909090909091,11.5,0
159024,1,9,9,0.8888888888888888,5.0,1
159031,1,2,2,1.0,1.5,1
159033,2,6,6,0.16666666666666666,2.0,1
159043,2,5,5,0.4,1.8,1
159053,1,5,5,0.6,3.0,1
159057,1,6,6,0.8333333333333334,3.5,1
159091,1,5,5,0.6,3.0,1
159093,1,3,3,0.6666666666666666,2.0,1
159109,1,7,7,0.2857142857142857,4.0,1
159112,1,5,5,0.4,3.0,1
159136,1,5,5,1.0,3.0,1
159140,1,3,3,1.0,2.0,1
159152,1,2,2,1.0,1.5,1
159178,1,4,4,1.0,2.5,1
159183,1,5,5,1.0,3.0,1
159211,1,11,11,0.8181818181818182,6.0,1
159232,1,12,12,0.08333333333333333,6.5,1
159239,1,8,8,0.25,4.5,1
159243,1,12,12,0.5833333333333334,6.5,1
159262,1,5,5,0.0,3.0,1
159269,1,9,9,0.5555555555555556,5.0,1
159273,1,3,3,1.0,2.0,1
159280,1,15,15,0.8,8.0,1
159289,1,4,4,0.0,2.5,1
159329,2,27,27,0.5555555555555556,8.37037037037037,0
159336,1,1,1,0.0,1.0,1
159338,1,23,23,0.30434782608695654,12.0,0
159346,1,1,1,1.0,1.0,1
159349,1,9,9,0.4444444444444444,5.0,1
159377,1,9,9,0.6666666666666666,5.0,1
159379,1,5,5,0.4,3.0,1
159394,1,5,5,0.6,3.0,1
159397,2,37,32,0.6216216216216216,10.891891891891891,0
159402,1,35,35,0.7428571428571429,18.0,0
159419,1,5,5,0.8,3.0,1
159424,1,1,1,1.0,1.0,1
159446,1,19,19,0.21052631578947367,10.0,0
159475,1,16,16,1.0,8.5,0
159480,1,9,9,0.7777777777777778,5.0,1
159481,1,20,20,0.25,10.5,0
159487,1,9,9,0.3333333333333333,5.0,1
159527,1,6,6,0.5,3.5,1
159573,1,18,18,0.7777777777777778,9.5,0
159591,1,16,16,0.8125,8.5,0
159609,1,30,30,0.5666666666666667,15.5,0
159618,1,16,16,0.3125,8.5,0
159631,1,1,1,1.0,1.0,1
159648,1,12,12,0.5833333333333334,6.5,1
159651,1,14,14,0.7857142857142857,7.5,1
159689,1,6,6,0.8333333333333334,3.5,1
159690,1,15,15,0.5333333333333333,8.0,1
159694,1,13,13,0.6923076923076923,7.0,1
159695,1,7,7,1.0,4.0,1
159711,1,8,8,1.0,4.5,1
159747,1,16,16,0.0,8.5,0
159750,1,3,3,1.0,2.0,1
159756,2,6,6,0.8333333333333334,2.1666666666666665,1
159757,1,28,28,0.5357142857142857,14.5,0
159761,1,15,15,0.6,8.0,1
159768,1,4,4,1.0,2.5,1
159788,1,17,17,0.7058823529411765,9.0,0
159839,1,18,18,0.7777777777777778,9.5,0
159872,1,6,6,0.6666666666666666,3.5,1
159891,1,26,26,0.6923076923076923,13.5,0
159903,1,7,7,0.8571428571428571,4.0,1
159909,1,6,6,0.8333333333333334,3.5,1
159939,1,21,21,0.7619047619047619,11.0,0
159956,1,18,18,1.0,9.5,0
159978,1,12,12,0.25,6.5,1
159986,1,5,5,0.2,3.0,1
160007,1,7,7,0.2857142857142857,4.0,1
160011,2,13,13,0.6153846153846154,4.6923076923076925,1
160023,1,25,25,0.12,13.0,0
160053,1,11,11,0.0,6.0,1
160060,1,18,18,0.5555555555555556,9.5,0
160071,1,11,11,0.45454545454545453,6.0,1
160078,2,22,21,0.5,6.045454545454546,0
160090,1,16,16,0.8125,8.5,0
160092,1,11,11,0.18181818181818182,6.0,1
160098,1,9,9,1.0,5.0,1
160099,1,10,10,0.7,5.5,1
160116,1,4,4,0.25,2.5,1
160118,1,2,2,1.0,1.5,1
160132,1,4,4,1.0,2.5,1
160151,1,15,15,0.6,8.0,1
160167,2,2,2,0.0,1.0,1
160177,1,6,6,0.0,3.5,1
160194,1,11,11,0.2727272727272727,6.0,1
160223,1,15,15,0.26666666666666666,8.0,1
160226,2,13,13,0.7692307692307693,3.923076923076923,1
160339,1,5,5,0.0,3.0,1
160351,1,23,23,0.7391304347826086,12.0,0
160363,1,6,6,0.8333333333333334,3.5,1
160364,1,18,18,0.0,9.5,0
160381,1,9,9,1.0,5.0,1
160409,1,5,5,1.0,3.0,1
160418,1,5,5,0.0,3.0,1
160426,2,25,25,0.8,7.0,0
160441,1,10,10,0.4,5.5,1
160442,2,9,8,0.3333333333333333,2.7777777777777777,1
160452,1,4,4,1.0,2.5,1
160460,1,8,8,1.0,4.5,1
160475,1,7,7,0.0,4.0,1
160479,1,3,3,0.0,2.0,1
160502,1,11,11,1.0,6.0,1
160509,1,4,4,0.0,2.5,1
160519,1,9,9,0.1111111111111111,5.0,1
160521,1,27,27,0.2962962962962963,14.0,0
160530,1,5,5,0.0,3.0,1
160536,1,4,4,1.0,2.5,1
160538,1,9,9,1.0,5.0,1
160539,1,19,19,0.631578947368421,10.0,0
160546,1,6,6,0.3333333333333333,3.5,1
160548,1,18,18,0.5555555555555556,9.5,0
160553,2,29,23,0.7586206896551724,8.793103448275861,0
160556,1,23,23,0.4782608695652174,12.0,0
160559,1,8,8,0.0,4.5,1
160561,1,27,27,0.7037037037037037,14.0,0
160567,2,17,17,0.8823529411764706,4.882352941176471,0
160586,1,14,14,0.9285714285714286,7.5,1
160589,1,12,12,0.25,6.5,1
160599,1,4,4,0.5,2.5,1
160612,1,2,2,1.0,1.5,1
160617,2,26,25,0.7692307692307693,7.346153846153846,0
160625,2,6,5,0.8333333333333334,2.1666666666666665,1
160634,1,19,19,0.0,10.0,0
160646,1,11,11,0.9090909090909091,6.0,1
160648,1,5,5,0.4,3.0,1
160657,1,14,14,0.8571428571428571,7.5,1
160661,1,2,2,0.5,1.5,1
160667,1,14,14,0.35714285714285715,7.5,1
160699,1,20,20,1.0,10.5,0
160701,1,29,29,0.6896551724137931,15.0,0
160722,1,22,22,0.9090909090909091,11.5,0
160724,1,8,8,0.0,4.5,1
160727,1,2,2,0.5,1.5,1
160743,1,13,13,0.3076923076923077,7.0,1
160754,1,14,14,0.5,7.5,1
160773,2,58,46,0.8103448275862069,15.017241379310345,0
160776,1,4,4,0.0,2.5,1
160790,1,11,11,0.8181818181818182,6.0,1
160804,1,18,18,0.2777777777777778,9.5,0
160818,1,7,7,0.5714285714285714,4.0,1
160869,1,3,3,0.6666666666666666,2.0,1
160893,1,9,9,0.4444444444444444,5.0,1
160904,1,8,8,0.5,4.5,1
160913,1,1,1,1.0,1.0,1
160919,1,15,15,0.26666666666666666,8.0,1
160926,1,25,25,0.6,13.0,0
160959,1,9,9,0.3333333333333333,5.0,1
160960,1,7,7,0.5714285714285714,4.0,1
160961,1,23,23,0.7391304347826086,12.0,0
160964,1,3,3,0.0,2.0,1
160966,1,23,23,0.21739130434782608,12.0,0
160975,1,12,12,0.5833333333333334,6.5,1
160997,1,8,8,0.875,4.5,1
161002,2,9,9,1.0,4.111111111111111,1
161003,1,7,7,1.0,4.0,1
161043,4,27,24,0.8888888888888888,4.148148148148148,0
161065,1,13,13,1.0,7.0,1
161074,1,4,4,0.25,2.5,1
161096,1,18,18,0.9444444444444444,9.5,0
161106,1,13,13,0.7692307692307693,7.0,1
161119,1,1,1,0.0,1.0,1
161124,1,11,11,1.0,6.0,1
161131,3,27,26,0.8148148148148148,5.037037037037037,0
161137,1,6,6,0.6666666666666666,3.5,1
161140,1,7,7,0.14285714285714285,4.0,1
161148,2,22,19,0.18181818181818182,6.7272727272727275,0
161160,1,2,2,0.5,1.5,1
161181,1,2,2,1.0,1.5,1
161185,1,10,10,0.6,5.5,1
161208,1,14,14,0.6428571428571429,7.5,1
161209,1,27,27,0.8518518518518519,14.0,0
161214,1,34,34,0.7058823529411765,17.5,0
161232,1,4,4,1.0,2.5,1
161238,1,8,8,1.0,4.5,1
161245,1,5,5,0.0,3.0,1
161260,1,7,7,0.5714285714285714,4.0,1
161280,1,8,8,0.375,4.5,1
161290,2,17,16,0.8235294117647058,5.117647058823529,0
161298,1,6,6,0.5,3.5,1
161307,1,15,15,0.8,8.0,1
161332,1,7,7,0.5714285714285714,4.0,1
161333,1,14,14,0.35714285714285715,7.5,1
161343,2,18,17,0.8333333333333334,5.055555555555555,0
161353,1,4,4,1.0,2.5,1
161400,1,62,62,0.6451612903225806,31.5,0
161407,1,3,3,0.0,2.0,1
161427,1,14,14,0.5,7.5,1
161441,1,1,1,1.0,1.0,1
161446,1,12,12,0.5833333333333334,6.5,1
161451,1,6,6,0.8333333333333334,3.5,1
161469,1,25,25,0.32,13.0,0
161477,1,21,21,0.42857142857142855,11.0,0
161481,1,29,29,0.7931034482758621,15.0,0
161485,1,11,11,0.9090909090909091,6.0,1
161486,1,14,14,0.2857142857142857,7.5,1
161487,1,13,13,0.9230769230769231,7.0,1
161501,1,22,22,0.7727272727272727,11.5,0
161504,1,3,3,1.0,2.0,1
161507,1,20,20,0.15,10.5,0
161508,1,13,13,0.6153846153846154,7.0,1
161517,1,8,8,0.875,4.5,1
161537,1,16,16,0.4375,8.5,0
161543,1,30,30,0.06666666666666667,15.5,0
161549,1,16,16,0.25,8.5,0
161554,1,5,5,0.8,3.0,1
161556,1,16,16,0.9375,8.5,0
161563,1,33,33,0.6363636363636364,17.0,0
161568,1,11,11,1.0,6.0,1
161579,1,4,4,0.25,2.5,1
161585,1,12,12,0.8333333333333334,6.5,1
161617,1,5,5,0.8,3.0,1
161622,1,18,18,0.9444444444444444,9.5,0
161624,1,6,6,0.8333333333333334,3.5,1
161628,1,9,9,0.7777777777777778,5.0,1
161663,1,1,1,1.0,1.0,1
161670,1,15,15,0.6666666666666666,8.0,1
161686,1,19,19,0.631578947368421,10.0,0
161687,1,21,21,0.9523809523809523,11.0,0
161688,1,2,2,0.0,1.5,1
161695,1,26,26,0.46153846153846156,13.5,0
161700,1,3,3,0.6666666666666666,2.0,1
161711,1,1,1,1.0,1.0,1
161724,2,15,13,0.7333333333333333,4.4,1
161753,1,4,4,1.0,2.5,1
161762,1,9,9,0.6666666666666666,5.0,1
161787,1,6,6,0.6666666666666666,3.5,1
161788,2,4,4,1.0,1.5,1
161794,1,3,3,0.3333333333333333,2.0,1
161809,1,5,5,0.8,3.0,1
161826,1,5,5,0.8,3.0,1
161830,1,4,4,1.0,2.5,1
161837,1,9,9,0.8888888888888888,5.0,1
161856,1,23,23,0.30434782608695654,12.0,0
161860,1,3,3,0.6666666666666666,2.0,1
161861,1,6,6,1.0,3.5,1
161872,1,4,4,1.0,2.5,1
161873,1,12,12,0.25,6.5,1
161882,1,1,1,1.0,1.0,1
161885,2,31,31,0.6451612903225806,8.451612903225806,0
161886,1,12,12,0.25,6.5,1
161906,1,3,3,0.0,2.0,1
161912,1,17,17,0.23529411764705882,9.0,0
161925,1,15,15,0.7333333333333333,8.0,1
161928,1,8,8,0.5,4.5,1
161962,1,5,5,0.8,3.0,1
161968,2,49,44,0.8163265306122449,13.36734693877551,0
161994,1,7,7,0.8571428571428571,4.0,1
162029,1,4,4,0.75,2.5,1
162040,1,20,20,0.45,10.5,0
162047,1,11,11,0.9090909090909091,6.0,1
162054,1,18,18,0.16666666666666666,9.5,0
162058,1,3,3,1.0,2.0,1
162075,1,27,27,0.7407407407407407,14.0,0
162081,1,17,17,0.17647058823529413,9.0,0
162083,1,1,1,1.0,1.0,1
162085,1,2,2,1.0,1.5,1
162093,1,13,13,0.5384615384615384,7.0,1
162097,1,30,30,0.4666666666666667,15.5,0
162100,1,3,3,1.0,2.0,1
162101,1,7,7,0.5714285714285714,4.0,1
162137,1,21,21,0.8571428571428571,11.0,0
162140,1,10,10,0.8,5.5,1
162151,2,34,34,0.8823529411764706,9.029411764705882,0
162152,1,6,6,0.5,3.5,1
162153,1,21,21,0.09523809523809523,11.0,0
162178,1,8,8,0.375,4.5,1
162181,1,5,5,1.0,3.0,1
162189,1,9,9,0.3333333333333333,5.0,1
162196,1,10,10,0.5,5.5,1
162199,1,4,4,0.5,2.5,1
162205,1,7,7,1.0,4.0,1
162218,1,12,12,0.25,6.5,1
162224,2,12,12,0.8333333333333334,4.833333333333333,1
162230,1,6,6,0.0,3.5,1
162249,1,5,5,0.2,3.0,1
162310,1,6,6,1.0,3.5,1
162312,1,15,15,0.8,8.0,1
162329,1,9,9,0.6666666666666666,5.0,1
162331,1,10,10,0.8,5.5,1
162337,1,15,15,0.8,8.0,1
162340,1,5,5,1.0,3.0,1
162350,1,16,16,1.0,8.5,0
162360,1,15,15,0.3333333333333333,8.0,1
162363,1,7,7,0.8571428571428571,4.0,1
162374,1,10,10,0.6,5.5,1
162393,1,4,4,0.25,2.5,1
162397,1,8,8,1.0,4.5,1
162401,1,9,9,0.7777777777777778,5.0,1
162402,1,13,13,0.8461538461538461,7.0,1
162418,1,8,8,0.75,4.5,1
162421,1,1,1,0.0,1.0,1
162423,1,15,15,0.8666666666666667,8.0,1
162424,1,2,2,1.0,1.5,1
162439,1,8,8,0.125,4.5,1
162473,1,10,10,0.0,5.5,1
162476,1,5,5,0.2,3.0,1
162480,1,12,12,0.5,6.5,1
162484,1,14,14,0.5714285714285714,7.5,1
162488,1,24,24,0.7083333333333334,12.5,0
162518,1,6,6,0.6666666666666666,3.5,1
162529,1,8,8,0.5,4.5,1
162534,1,6,6,0.5,3.5,1
162544,1,3,3,0.0,2.0,1
162555,1,3,3,1.0,2.0,1
162572,1,9,9,0.8888888888888888,5.0,1
162584,1,7,7,1.0,4.0,1
162595,1,14,14,0.0,7.5,1
162598,1,9,9,0.4444444444444444,5.0,1
162611,1,18,18,0.8333333333333334,9.5,0
162625,1,4,4,0.75,2.5,1
162633,1,33,33,0.18181818181818182,17.0,0
162640,1,10,10,0.3,5.5,1
162652,1,4,4,0.75,2.5,1
162676,1,9,9,0.4444444444444444,5.0,1
162679,1,7,7,1.0,4.0,1
162681,1,8,8,0.875,4.5,1
162705,1,6,6,0.8333333333333334,3.5,1
162714,1,18,18,0.8888888888888888,9.5,0
162722,1,18,18,0.8888888888888888,9.5,0
162729,1,15,15,0.0,8.0,1
162731,2,13,13,0.8461538461538461,3.769230769230769,1
162741,1,12,12,0.9166666666666666,6.5,1
162744,1,5,5,1.0,3.0,1
162753,1,4,4,0.0,2.5,1
162754,1,9,9,0.7777777777777778,5.0,1
162759,2,37,36,0.4864864864864865,9.81081081081081,0
162762,1,10,10,0.8,5.5,1
162784,1,11,11,0.5454545454545454,6.0,1
162808,1,17,17,0.5294117647058824,9.0,0
162815,2,19,15,0.5263157894736842,5.368421052631579,0
162844,1,6,6,1.0,3.5,1
162860,1,21,21,0.8571428571428571,11.0,0
162888,1,6,6,0.8333333333333334,3.5,1
162889,1,17,17,0.7647058823529411,9.0,0
162894,1,6,6,0.6666666666666666,3.5,1
162902,1,10,10,0.0,5.5,1
162911,1,10,10,1.0,5.5,1
162920,1,3,3,0.0,2.0,1
162921,1,2,2,0.5,1.5,1
162923,1,3,3,0.0,2.0,1
162929,1,8,8,1.0,4.5,1
162940,2,30,29,0.9666666666666667,8.533333333333333,0
162954,1,15,15,0.8,8.0,1
162967,1,7,7,0.5714285714285714,4.0,1
162968,2,13,12,0.7692307692307693,4.230769230769231,1
162976,1,5,5,0.4,3.0,1
162980,1,4,4,0.75,2.5,1
162982,1,9,9,0.3333333333333333,5.0,1
162992,3,64,59,0.890625,11.1875,0
163003,1,8,8,0.875,4.5,1
163033,1,3,3,0.3333333333333333,2.0,1
163055,1,9,9,0.0,5.0,1
163059,1,1,1,1.0,1.0,1
163067,1,5,5,0.2,3.0,1
163072,1,7,7,0.2857142857142857,4.0,1
163078,1,5,5,0.0,3.0,1
163085,2,15,15,0.13333333333333333,4.266666666666667,0
163086,1,42,42,0.4523809523809524,21.5,0
163100,1,5,5,0.0,3.0,1
163101,1,4,4,0.5,2.5,1
163102,1,8,8,0.625,4.5,1
163105,1,3,3,1.0,2.0,1
163110,1,7,7,0.7142857142857143,4.0,1
163134,1,3,3,0.6666666666666666,2.0,1
163160,1,11,11,0.8181818181818182,6.0,1
163167,1,12,12,0.5833333333333334,6.5,1
163175,1,18,18,0.6666666666666666,9.5,0
163192,1,4,4,0.25,2.5,1
163197,1,5,5,0.0,3.0,1
163198,1,5,5,0.2,3.0,1
163200,1,12,12,0.8333333333333334,6.5,1
163217,1,18,18,0.5555555555555556,9.5,0
163220,1,2,2,0.0,1.5,1
163222,1,9,9,0.8888888888888888,5.0,1
163223,1,1,1,0.0,1.0,1
163228,2,25,25,0.8,8.44,0
163235,1,17,17,0.5294117647058824,9.0,0
163244,2,23,23,0.8260869565217391,6.782608695652174,0
163254,1,17,17,0.7647058823529411,9.0,0
163259,1,6,6,0.8333333333333334,3.5,1
163278,1,22,22,0.45454545454545453,11.5,0
163282,2,21,21,0.6190476190476191,7.190476190476191,0
163295,1,16,16,0.5625,8.5,0
163311,1,6,6,0.0,3.5,1
163314,2,12,11,0.16666666666666666,4.25,1
163322,1,5,5,0.8,3.0,1
163324,1,19,19,0.8947368421052632,10.0,0
163329,1,5,5,0.8,3.0,1
163333,1,15,15,0.6666666666666666,8.0,1
163336,2,5,5,1.0,1.8,1
163340,1,4,4,1.0,2.5,1
163348,1,6,6,1.0,3.5,1
163354,1,7,7,0.8571428571428571,4.0,1
163375,1,14,14,0.7142857142857143,7.5,1
163376,1,2,2,1.0,1.5,1
163383,1,19,19,0.6842105263157895,10.0,0
163395,1,23,23,1.0,12.0,0
163409,1,18,18,0.6666666666666666,9.5,0
163425,1,5,5,0.0,3.0,1
163438,1,10,10,0.2,5.5,1
163442,1,5,5,1.0,3.0,1
163460,1,13,13,0.46153846153846156,7.0,1
163473,1,21,21,0.5714285714285714,11.0,0
163484,1,18,18,0.05555555555555555,9.5,0
163506,1,32,32,0.875,16.5,0
163515,1,8,8,0.375,4.5,1
163535,1,16,16,0.0,8.5,0
163558,1,5,5,0.8,3.0,1
163562,1,9,9,0.2222222222222222,5.0,1
163579,1,11,11,0.8181818181818182,6.0,1
163606,1,14,14,0.5714285714285714,7.5,1
163618,1,7,7,1.0,4.0,1
163627,1,9,9,0.2222222222222222,5.0,1
163637,1,14,14,0.21428571428571427,7.5,1
163644,1,16,16,0.875,8.5,0
163656,1,6,6,0.8333333333333334,3.5,1
163662,2,10,10,0.4,3.1,1
163668,1,6,6,0.8333333333333334,3.5,1
163677,1,12,12,1.0,6.5,1
163678,1,3,3,0.0,2.0,1
163680,1,4,4,0.75,2.5,1
163690,1,8,8,0.875,4.5,1
163696,1,20,20,0.4,10.5,0
163731,1,6,6,0.5,3.5,1
163734,1,37,37,0.7027027027027027,19.0,0
163776,1,17,17,0.4117647058823529,9.0,0
163781,1,2,2,0.0,1.5,1
163789,1,28,28,0.75,14.5,0
163790,1,20,20,0.7,10.5,0
163791,1,32,32,0.65625,16.5,0
163794,1,11,11,0.7272727272727273,6.0,1
163795,1,14,14,0.5,7.5,1
163798,1,9,9,0.1111111111111111,5.0,1
163803,1,5,5,1.0,3.0,1
163819,1,15,15,0.9333333333333333,8.0,1
163822,1,7,7,0.42857142857142855,4.0,1
163831,1,12,12,0.0,6.5,1
163834,1,2,2,0.5,1.5,1
163836,1,3,3,0.6666666666666666,2.0,1
163837,1,4,4,1.0,2.5,1
163848,1,6,6,1.0,3.5,1
163857,2,27,27,0.6296296296296297,7.481481481481482,0
163860,1,6,6,1.0,3.5,1
163867,1,19,19,0.5263157894736842,10.0,0
163874,1,4,4,0.5,2.5,1
163895,1,24,24,0.9166666666666666,12.5,0
163907,1,11,11,0.18181818181818182,6.0,1
163919,1,2,2,1.0,1.5,1
163939,1,30,30,0.7333333333333333,15.5,0
163969,1,30,30,0.4,15.5,0
163993,1,9,9,1.0,5.0,1
164009,1,1,1,1.0,1.0,1
164019,1,8,8,0.0,4.5,1
164020,1,7,7,0.42857142857142855,4.0,1
164035,1,15,15,0.8,8.0,1
164038,1,14,14,0.0,7.5,1
164046,1,11,11,0.5454545454545454,6.0,1
164055,1,20,20,0.85,10.5,0
164056,1,1,1,1.0,1.0,1
164066,1,10,10,0.7,5.5,1
164070,1,3,3,0.0,2.0,1
164090,1,11,11,0.9090909090909091,6.0,1
164110,1,2,2,1.0,1.5,1
164113,1,5,5,0.6,3.0,1
164118,1,13,13,0.6923076923076923,7.0,1
164140,1,7,7,1.0,4.0,1
164141,1,8,8,0.875,4.5,1
164145,1,13,13,1.0,7.0,1
164176,1,6,6,0.5,3.5,1
164182,1,3,3,0.0,2.0,1
164271,1,13,13,0.38461538461538464,7.0,1
164292,1,11,11,0.45454545454545453,6.0,1
164298,1,4,4,0.5,2.5,1
164319,1,24,24,0.20833333333333334,12.5,0
164326,2,15,15,0.8666666666666667,4.4,0
164327,1,10,10,0.0,5.5,1
164359,1,9,9,0.5555555555555556,5.0,1
164360,1,2,2,0.5,1.5,1
164361,1,5,5,0.8,3.0,1
164364,1,15,15,0.6,8.0,1
164395,1,7,7,0.42857142857142855,4.0,1
164404,1,6,6,0.8333333333333334,3.5,1
164437,1,20,20,0.55,10.5,0
164465,1,21,21,0.19047619047619047,11.0,0
164469,1,2,2,1.0,1.5,1
164479,1,1,1,0.0,1.0,1
164484,1,17,17,0.4117647058823529,9.0,0
164494,1,9,9,1.0,5.0,1
164514,2,19,12,0.7368421052631579,5.2631578947368425,0
164517,1,1,1,1.0,1.0,1
164531,1,4,4,0.5,2.5,1
164542,1,6,6,0.8333333333333334,3.5,1
164576,1,14,14,0.42857142857142855,7.5,1
164581,1,10,10,0.8,5.5,1
164589,1,9,9,1.0,5.0,1
164612,1,15,15,0.9333333333333333,8.0,1
164622,1,10,10,0.5,5.5,1
164637,1,6,6,0.3333333333333333,3.5,1
164646,1,1,1,1.0,1.0,1
164650,1,18,18,0.05555555555555555,9.5,0
164657,2,54,50,0.5740740740740741,15.5,0
164668,1,8,8,0.0,4.5,1
164669,1,14,14,0.42857142857142855,7.5,1
164672,1,30,30,0.3,15.5,0
164674,1,13,13,0.6153846153846154,7.0,1
164699,2,19,18,0.631578947368421,5.368421052631579,0
164717,1,6,6,0.5,3.5,1
164721,1,2,2,1.0,1.5,1
164724,1,10,10,0.9,5.5,1
164732,1,2,2,0.5,1.5,1
164752,1,17,17,0.23529411764705882,9.0,0
164762,1,2,2,0.0,1.5,1
164764,1,4,4,1.0,2.5,1
164774,1,15,15,0.7333333333333333,8.0,1
164775,1,19,19,0.7894736842105263,10.0,0
164779,1,1,1,1.0,1.0,1
164785,1,2,2,0.5,1.5,1
164799,1,10,10,0.8,5.5,1
164806,1,10,10,0.1,5.5,1
164811,2,7,7,0.7142857142857143,3.142857142857143,1
164822,1,13,13,0.0,7.0,1
164823,1,12,12,0.4166666666666667,6.5,1
164847,1,9,9,1.0,5.0,1
164863,1,4,4,0.5,2.5,1
164868,2,9,8,0.2222222222222222,2.7777777777777777,1
164876,1,17,17,0.7058823529411765,9.0,0
164887,1,13,13,0.8461538461538461,7.0,1
164892,1,5,5,0.4,3.0,1
164894,1,5,5,0.8,3.0,1
164896,1,5,5,0.0,3.0,1
164908,1,15,15,0.8666666666666667,8.0,1
164921,1,1,1,1.0,1.0,1
164924,1,3,3,1.0,2.0,1
164941,2,25,21,0.92,6.76,0
164946,1,7,7,1.0,4.0,1
164949,1,14,14,0.8571428571428571,7.5,1
164956,2,57,57,0.21052631578947367,15.491228070175438,0
164962,1,2,2,0.0,1.5,1
164971,1,11,11,0.9090909090909091,6.0,1
164976,1,4,4,0.5,2.5,1
164991,1,11,11,1.0,6.0,1
165000,1,10,10,0.0,5.5,1
165005,1,9,9,1.0,5.0,1
165026,2,17,17,0.29411764705882354,5.470588235294118,0
165048,1,2,2,1.0,1.5,1
165049,1,4,4,1.0,2.5,1
165075,1,10,10,0.6,5.5,1
165076,2,29,29,0.9655172413793104,7.827586206896552,0
165094,1,3,3,0.6666666666666666,2.0,1
165106,1,10,10,0.1,5.5,1
165121,1,12,12,0.6666666666666666,6.5,1
165142,1,19,19,0.7894736842105263,10.0,0
165172,1,6,6,0.6666666666666666,3.5,1
165173,1,11,11,0.6363636363636364,6.0,1
165181,1,9,9,0.3333333333333333,5.0,1
165192,1,3,3,0.0,2.0,1
165194,1,1,1,1.0,1.0,1
165200,1,9,9,0.6666666666666666,5.0,1
165201,1,7,7,0.7142857142857143,4.0,1
165213,1,5,5,1.0,3.0,1
165222,1,32,32,0.71875,16.5,0
165230,1,11,11,0.5454545454545454,6.0,1
165233,1,6,6,1.0,3.5,1
165245,1,7,7,0.14285714285714285,4.0,1
165255,1,30,30,0.2,15.5,0
165258,1,4,4,0.0,2.5,1
165263,1,16,16,0.1875,8.5,0
165272,1,8,8,1.0,4.5,1
165275,1,11,11,0.8181818181818182,6.0,1
165287,1,3,3,1.0,2.0,1
165292,1,33,33,0.9393939393939394,17.0,0
165294,3,38,34,0.6842105263157895,7.815789473684211,0
165298,1,5,5,1.0,3.0,1
165302,1,11,11,0.8181818181818182,6.0,1
165317,1,15,15,0.9333333333333333,8.0,1
165337,1,35,35,0.8285714285714286,18.0,0
165347,1,1,1,1.0,1.0,1
165349,1,7,7,0.2857142857142857,4.0,1
165365,2,27,20,0.7407407407407407,7.703703703703703,0
165372,1,1,1,1.0,1.0,1
165375,1,11,11,1.0,6.0,1
165380,1,13,13,0.0,7.0,1
165398,1,1,1,1.0,1.0,1
165411,1,6,6,0.8333333333333334,3.5,1
165448,1,11,11,0.7272727272727273,6.0,1
165475,1,4,4,0.75,2.5,1
165488,1,1,1,1.0,1.0,1
165528,1,9,9,0.6666666666666666,5.0,1
165533,1,19,19,0.6842105263157895,10.0,0
165547,1,6,6,0.3333333333333333,3.5,1
165552,1,18,18,0.2222222222222222,9.5,0
165596,1,1,1,1.0,1.0,1
165606,1,10,10,0.9,5.5,1
165618,1,1,1,1.0,1.0,1
165654,1,10,10,0.6,5.5,1
165667,1,7,7,1.0,4.0,1
165671,1,7,7,0.5714285714285714,4.0,1
165684,1,3,3,0.6666666666666666,2.0,1
165704,1,18,18,0.9444444444444444,9.5,0
165709,1,1,1,1.0,1.0,1
165719,1,14,14,0.0,7.5,1
165735,1,13,13,0.6153846153846154,7.0,1
165777,1,7,7,0.42857142857142855,4.0,1
165796,1,9,9,0.8888888888888888,5.0,1
165810,1,17,17,1.0,9.0,0
165812,1,18,18,0.8888888888888888,9.5,0
165813,1,10,10,0.8,5.5,1
165814,1,7,7,1.0,4.0,1
165819,1,1,1,1.0,1.0,1
165820,1,9,9,1.0,5.0,1
165844,1,5,5,0.6,3.0,1
165851,1,7,7,1.0,4.0,1
165868,1,5,5,1.0,3.0,1
165873,1,19,19,0.0,10.0,0
165879,1,9,9,0.0,5.0,1
165925,1,8,8,0.0,4.5,1
165930,1,5,5,0.8,3.0,1
165953,1,6,6,1.0,3.5,1
165958,1,3,3,0.3333333333333333,2.0,1
165961,1,13,13,0.0,7.0,1
165966,1,8,8,0.0,4.5,1
166016,1,7,7,0.42857142857142855,4.0,1
166021,1,9,9,0.8888888888888888,5.0,1
166042,1,14,14,0.7142857142857143,7.5,1
166061,1,3,3,0.6666666666666666,2.0,1
166079,1,8,8,0.125,4.5,1
166086,1,8,8,0.0,4.5,1
166093,1,5,5,1.0,3.0,1
166102,1,12,12,0.6666666666666666,6.5,1
166118,1,9,9,0.2222222222222222,5.0,1
166125,1,11,11,0.36363636363636365,6.0,1
166136,2,21,21,0.9047619047619048,7.190476190476191,0
166141,2,9,9,0.4444444444444444,3.0,1
166157,1,5,5,1.0,3.0,1
166177,1,9,9,0.5555555555555556,5.0,1
166179,1,3,3,0.3333333333333333,2.0,1
166191,1,8,8,0.25,4.5,1
166208,1,2,2,1.0,1.5,1
166212,1,1,1,1.0,1.0,1
166220,1,6,6,0.3333333333333333,3.5,1
166226,1,17,17,0.4117647058823529,9.0,0
166231,1,6,6,1.0,3.5,1
166255,1,21,21,0.5238095238095238,11.0,0
166260,1,10,10,0.2,5.5,1
166270,1,31,31,0.22580645161290322,16.0,0
166292,1,6,6,0.6666666666666666,3.5,1
166301,1,16,16,0.375,8.5,0
166304,2,10,10,1.0,3.9,1
166310,1,8,8,0.625,4.5,1
166324,1,18,18,0.4444444444444444,9.5,0
166346,1,6,6,1.0,3.5,1
166348,1,5,5,0.0,3.0,1
166360,1,26,26,0.2692307692307692,13.5,0
166365,1,6,6,0.16666666666666666,3.5,1
166366,1,7,7,0.2857142857142857,4.0,1
166381,1,8,8,0.125,4.5,1
166385,1,1,1,1.0,1.0,1
166398,1,18,18,0.2222222222222222,9.5,0
166399,1,11,11,0.7272727272727273,6.0,1
166434,1,19,19,0.2631578947368421,10.0,0
166449,2,13,13,0.6923076923076923,3.923076923076923,1
166450,1,19,19,1.0,10.0,0
166458,1,4,4,0.0,2.5,1
166460,1,13,13,0.3076923076923077,7.0,1
166465,1,17,17,0.8823529411764706,9.0,0
166466,1,3,3,1.0,2.0,1
166469,1,6,6,0.16666666666666666,3.5,1
166492,2,15,14,0.4666666666666667,4.4,1
166512,1,9,9,1.0,5.0,1
166515,1,9,9,0.6666666666666666,5.0,1
166521,1,16,16,0.8125,8.5,0
166524,1,10,10,0.4,5.5,1
166534,2,45,45,0.6444444444444445,18.555555555555557,0
166538,1,5,5,0.0,3.0,1
166540,1,2,2,1.0,1.5,1
166548,1,18,18,1.0,9.5,0
166594,1,7,7,0.5714285714285714,4.0,1
166603,1,6,6,0.5,3.5,1
166608,1,4,4,1.0,2.5,1
166625,1,25,25,0.8,13.0,0
166632,1,5,5,0.6,3.0,1
166645,1,8,8,0.625,4.5,1
166654,1,34,34,0.9117647058823529,17.5,0
166655,2,31,24,0.967741935483871,8.32258064516129,0
166671,1,11,11,0.36363636363636365,6.0,1
166681,1,12,12,0.25,6.5,1
166694,1,8,8,0.0,4.5,1
166695,1,32,32,1.0,16.5,0
166700,1,4,4,1.0,2.5,1
166715,1,26,26,0.7307692307692307,13.5,0
166725,1,6,6,0.6666666666666666,3.5,1
166728,1,25,25,0.76,13.0,0
166743,1,43,43,0.5348837209302325,22.0,0
166748,1,21,21,0.19047619047619047,11.0,0
166785,2,13,13,0.5384615384615384,4.6923076923076925,1
166795,1,13,13,1.0,7.0,1
166804,1,2,2,1.0,1.5,1
166808,1,3,3,0.6666666666666666,2.0,1
166817,1,4,4,1.0,2.5,1
166828,1,11,11,0.36363636363636365,6.0,1
166835,1,11,11,0.45454545454545453,6.0,1
166836,1,19,19,0.631578947368421,10.0,0
166843,1,26,26,0.0,13.5,0
166866,2,18,17,0.6111111111111112,5.5,0
166894,1,21,21,0.47619047619047616,11.0,0
166902,1,9,9,0.4444444444444444,5.0,1
166905,1,3,3,0.3333333333333333,2.0,1
166908,1,12,12,0.4166666666666667,6.5,1
166917,1,11,11,0.45454545454545453,6.0,1
166919,1,6,6,0.5,3.5,1
166938,1,23,23,0.7391304347826086,12.0,0
166943,1,5,5,0.8,3.0,1
166959,1,6,6,0.0,3.5,1
166965,1,6,6,0.0,3.5,1
166968,1,22,22,0.7727272727272727,11.5,0
166980,1,6,6,0.6666666666666666,3.5,1
166982,1,1,1,1.0,1.0,1
166987,1,22,22,0.7272727272727273,11.5,0
167028,1,10,10,0.5,5.5,1
167030,1,11,11,0.9090909090909091,6.0,1
167037,1,20,20,0.45,10.5,0
167040,1,4,4,0.75,2.5,1
167046,1,10,10,0.7,5.5,1
167055,1,12,12,1.0,6.5,1
167088,1,29,29,0.6551724137931034,15.0,0
167114,1,18,18,0.16666666666666666,9.5,0
167125,1,3,3,0.6666666666666666,2.0,1
167139,1,8,8,0.75,4.5,1
167153,1,24,24,0.6666666666666666,12.5,0
167155,1,4,4,1.0,2.5,1
167156,1,13,13,0.9230769230769231,7.0,1
167159,1,4,4,0.25,2.5,1
167193,1,20,20,0.0,10.5,0
167208,1,5,5,1.0,3.0,1
167209,1,6,6,0.0,3.5,1
167224,1,20,20,0.85,10.5,0
167232,1,7,7,1.0,4.0,1
167233,1,7,7,1.0,4.0,1
167255,1,2,2,1.0,1.5,1
167262,1,1,1,1.0,1.0,1
167265,1,9,9,1.0,5.0,1
167267,1,12,12,1.0,6.5,1
167271,2,19,19,0.7894736842105263,5.368421052631579,0
167273,2,20,20,0.55,5.55,0
167275,1,7,7,0.5714285714285714,4.0,1
167284,1,1,1,0.0,1.0,1
167292,1,7,7,0.8571428571428571,4.0,1
167298,1,6,6,0.8333333333333334,3.5,1
167308,1,29,29,0.27586206896551724,15.0,0
167309,1,14,14,0.9285714285714286,7.5,1
167316,1,12,12,1.0,6.5,1
167325,1,8,8,0.125,4.5,1
167345,1,8,8,0.75,4.5,1
167350,1,10,10,0.4,5.5,1
167363,1,3,3,0.6666666666666666,2.0,1
167367,1,2,2,1.0,1.5,1
167372,1,11,11,0.8181818181818182,6.0,1
167386,1,2,2,1.0,1.5,1
167388,1,22,22,0.13636363636363635,11.5,0
167391,1,1,1,1.0,1.0,1
167392,1,10,10,0.2,5.5,1
167393,1,9,9,0.0,5.0,1
167410,1,6,6,0.5,3.5,1
167425,1,13,13,0.46153846153846156,7.0,1
167427,2,53,45,0.7924528301886793,13.79245283018868,0
167438,1,11,11,1.0,6.0,1
167449,1,17,17,0.7058823529411765,9.0,0
167461,2,27,27,0.8888888888888888,7.2592592592592595,0
167490,1,26,26,0.8846153846153846,13.5,0
167491,3,25,24,0.8,4.92,0
167495,1,16,16,0.9375,8.5,0
167504,1,18,18,0.7777777777777778,9.5,0
167506,1,2,2,0.5,1.5,1
167526,1,20,20,0.9,10.5,0
167532,1,6,6,0.16666666666666666,3.5,1
167548,1,4,4,1.0,2.5,1
167567,1,8,8,0.75,4.5,1
167586,1,4,4,0.0,2.5,1
167608,1,11,11,0.6363636363636364,6.0,1
167610,1,7,7,0.7142857142857143,4.0,1
167611,2,25,18,1.0,7.0,0
167613,1,24,24,0.20833333333333334,12.5,0
167628,1,20,20,0.0,10.5,0
167631,1,6,6,0.0,3.5,1
167641,1,11,11,0.7272727272727273,6.0,1
167649,1,13,13,0.7692307692307693,7.0,1
167664,1,2,2,0.5,1.5,1
167666,1,2,2,0.5,1.5,1
167671,1,4,4,1.0,2.5,1
167674,1,2,2,0.5,1.5,1
167677,1,6,6,0.8333333333333334,3.5,1
167689,1,2,2,1.0,1.5,1
167694,1,13,13,0.5384615384615384,7.0,1
167700,1,5,5,0.0,3.0,1
167717,1,2,2,1.0,1.5,1
167726,1,14,14,0.0,7.5,1
167728,1,2,2,0.0,1.5,1
167782,1,14,14,0.6428571428571429,7.5,1
167797,1,10,10,0.5,5.5,1
167804,1,1,1,0.0,1.0,1
167806,1,8,8,0.5,4.5,1
167817,1,7,7,0.5714285714285714,4.0,1
167874,1,3,3,1.0,2.0,1
167894,1,2,2,0.5,1.5,1
167899,2,10,10,0.8,3.0,1
167901,1,6,6,1.0,3.5,1
167932,1,12,12,0.8333333333333334,6.5,1
167951,1,1,1,0.0,1.0,1
167957,1,9,9,1.0,5.0,1
167970,1,8,8,0.0,4.5,1
167982,1,12,12,0.75,6.5,1
167990,1,2,2,1.0,1.5,1
168003,1,4,4,0.5,2.5,1
168005,1,11,11,0.6363636363636364,6.0,1
168006,2,23,22,0.043478260869565216,6.3478260869565215,0
168009,1,6,6,0.5,3.5,1
168014,1,33,33,0.6666666666666666,17.0,0
168033,1,10,10,0.1,5.5,1
168085,1,9,9,0.4444444444444444,5.0,1
168089,1,4,4,0.75,2.5,1
168134,1,15,15,0.4666666666666667,8.0,1
168155,1,4,4,1.0,2.5,1
168162,2,10,10,1.0,3.0,1
168164,1,9,9,0.3333333333333333,5.0,1
168173,1,27,27,0.5185185185185185,14.0,0
168180,1,22,22,0.36363636363636365,11.5,0
168186,1,23,23,0.5652173913043478,12.0,0
168187,1,8,8,0.5,4.5,1
168197,1,19,19,0.42105263157894735,10.0,0
168206,1,6,6,0.5,3.5,1
168208,1,22,22,0.45454545454545453,11.5,0
168219,1,3,3,0.3333333333333333,2.0,1
168223,1,2,2,0.5,1.5,1
168231,1,8,8,0.75,4.5,1
168274,2,15,15,0.3333333333333333,4.4,0
168312,1,6,6,0.0,3.5,1
168398,1,4,4,0.25,2.5,1
168403,1,5,5,1.0,3.0,1
168416,1,9,9,0.0,5.0,1
168424,1,11,11,0.8181818181818182,6.0,1
168426,1,5,5,0.0,3.0,1
168432,1,2,2,0.5,1.5,1
168436,1,19,19,0.6842105263157895,10.0,0
168438,1,5,5,1.0,3.0,1
168449,1,9,9,0.8888888888888888,5.0,1
168453,1,17,17,0.7058823529411765,9.0,0
168458,1,5,5,0.2,3.0,1
168463,1,3,3,0.0,2.0,1
168488,1,3,3,1.0,2.0,1
168493,1,5,5,0.4,3.0,1
168497,2,9,9,1.0,3.0,1
168508,1,12,12,0.9166666666666666,6.5,1
168542,1,8,8,0.875,4.5,1
168546,1,12,12,0.25,6.5,1
168565,1,12,12,0.5833333333333334,6.5,1
168570,1,22,22,0.9545454545454546,11.5,0
168588,1,2,2,0.0,1.5,1
168641,1,17,17,0.8823529411764706,9.0,0
168651,2,46,46,0.4782608695652174,15.130434782608695,0
168667,1,11,11,1.0,6.0,1
168673,1,4,4,0.0,2.5,1
168679,1,3,3,1.0,2.0,1
168706,1,18,18,0.6666666666666666,9.5,0
168708,1,6,6,0.6666666666666666,3.5,1
168721,1,4,4,0.25,2.5,1
168731,1,6,6,0.6666666666666666,3.5,1
168737,1,11,11,0.2727272727272727,6.0,1
168768,1,10,10,0.6,5.5,1
168799,2,15,14,0.5333333333333333,4.266666666666667,1
168811,1,15,15,0.7333333333333333,8.0,1
168818,1,8,8,1.0,4.5,1
168830,1,14,14,0.21428571428571427,7.5,1
168831,1,24,24,0.3333333333333333,12.5,0
168853,1,18,18,0.2222222222222222,9.5,0
168855,1,10,10,0.9,5.5,1
168862,1,11,11,0.6363636363636364,6.0,1
168864,1,16,16,0.0,8.5,0
168866,1,16,16,0.625,8.5,0
168879,1,6,6,0.5,3.5,1
168883,2,35,35,0.6285714285714286,9.314285714285715,0
168902,1,9,9,0.4444444444444444,5.0,1
168904,1,12,12,0.8333333333333334,6.5,1
168907,1,15,15,0.26666666666666666,8.0,1
168921,1,13,13,1.0,7.0,1
168925,1,4,4,1.0,2.5,1
168938,1,13,13,0.9230769230769231,7.0,1
168940,1,21,21,0.8571428571428571,11.0,0
168942,1,5,5,0.8,3.0,1
168985,2,7,7,0.5714285714285714,2.2857142857142856,1
168986,1,14,14,0.7142857142857143,7.5,1
169007,1,5,5,1.0,3.0,1
169009,1,6,6,0.16666666666666666,3.5,1
169032,1,24,24,0.9583333333333334,12.5,0
169036,1,8,8,0.375,4.5,1
169039,1,3,3,0.3333333333333333,2.0,1
169049,1,8,8,1.0,4.5,1
169068,1,6,6,0.3333333333333333,3.5,1
169071,1,13,13,0.8461538461538461,7.0,1
169080,1,4,4,0.5,2.5,1
169084,1,10,10,0.5,5.5,1
169098,1,18,18,0.2777777777777778,9.5,0
169114,1,3,3,0.3333333333333333,2.0,1
169148,1,6,6,0.3333333333333333,3.5,1
169163,1,6,6,0.5,3.5,1
169187,2,20,20,0.25,5.7,0
169198,1,19,19,0.3684210526315789,10.0,0
169199,1,4,4,1.0,2.5,1
169226,1,9,9,1.0,5.0,1
169231,1,6,6,0.6666666666666666,3.5,1
169246,1,8,8,0.25,4.5,1
169247,1,6,6,0.3333333333333333,3.5,1
169248,1,3,3,0.6666666666666666,2.0,1
169259,1,3,3,1.0,2.0,1
169266,1,39,39,0.46153846153846156,20.0,0
169271,1,6,6,0.5,3.5,1
169275,1,27,27,0.5925925925925926,14.0,0
169288,1,4,4,1.0,2.5,1
169290,1,18,18,0.8888888888888888,9.5,0
169292,1,9,9,0.3333333333333333,5.0,1
169302,1,6,6,0.6666666666666666,3.5,1
169314,1,20,20,0.0,10.5,0
169324,1,14,14,0.35714285714285715,7.5,1
169326,1,5,5,0.0,3.0,1
169329,1,11,11,0.18181818181818182,6.0,1
169338,1,7,7,0.8571428571428571,4.0,1
169344,1,5,5,1.0,3.0,1
169352,1,11,11,1.0,6.0,1
169368,2,19,19,0.6842105263157895,5.578947368421052,0
169380,1,28,28,0.5714285714285714,14.5,0
169384,1,7,7,0.0,4.0,1
169392,1,1,1,1.0,1.0,1
169398,2,4,4,0.75,1.75,1
169403,1,8,8,0.625,4.5,1
169404,1,1,1,0.0,1.0,1
169431,1,12,12,0.0,6.5,1
169444,1,11,11,0.0,6.0,1
169459,1,10,10,0.7,5.5,1
169467,1,18,18,0.5555555555555556,9.5,0
169474,1,6,6,0.6666666666666666,3.5,1
169480,1,19,19,0.631578947368421,10.0,0
169487,1,7,7,0.0,4.0,1
169500,1,3,3,1.0,2.0,1
169506,1,9,9,0.7777777777777778,5.0,1
169517,2,7,7,0.5714285714285714,2.5714285714285716,1
169542,1,2,2,1.0,1.5,1
169550,4,123,113,0.7723577235772358,16.195121951219512,0
169567,1,7,7,0.42857142857142855,4.0,1
169585,1,9,9,0.1111111111111111,5.0,1
169586,5,40,40,0.475,10.2,0
169597,1,12,12,0.5833333333333334,6.5,1
169598,1,12,12,0.0,6.5,1
169600,1,13,13,0.6153846153846154,7.0,1
169621,3,28,28,0.5714285714285714,5.75,0
169629,1,15,15,0.8,8.0,1
169638,2,23,23,0.782608695652174,7.130434782608695,0
169644,1,9,9,0.4444444444444444,5.0,1
169654,2,11,11,0.7272727272727273,3.272727272727273,1
169708,1,11,11,0.7272727272727273,6.0,1
169712,1,23,23,0.7391304347826086,12.0,0
169713,1,9,9,0.8888888888888888,5.0,1
169731,1,21,21,0.9523809523809523,11.0,0
169792,1,13,13,0.9230769230769231,7.0,1
169803,1,2,2,1.0,1.5,1
169816,1,16,16,0.5625,8.5,0
169818,1,19,19,0.7894736842105263,10.0,0
169832,2,13,13,0.6153846153846154,3.923076923076923,1
169845,1,3,3,0.3333333333333333,2.0,1
169857,2,53,48,0.5849056603773585,17.71698113207547,0
169912,1,20,20,0.0,10.5,0
169948,1,11,11,0.45454545454545453,6.0,1
169954,1,2,2,0.0,1.5,1
169956,1,26,26,0.0,13.5,0
169988,1,11,11,0.45454545454545453,6.0,1
169990,1,7,7,0.8571428571428571,4.0,1
169991,1,16,16,0.8125,8.5,0
169997,1,10,10,0.0,5.5,1
170007,2,21,21,0.6666666666666666,6.333333333333333,0
170010,1,12,12,0.0,6.5,1
170012,1,5,5,0.6,3.0,1
170023,1,1,1,0.0,1.0,1
170028,1,7,7,0.42857142857142855,4.0,1
170030,1,5,5,1.0,3.0,1
170039,1,7,7,1.0,4.0,1
170068,1,21,21,0.9047619047619048,11.0,0
170069,1,1,1,1.0,1.0,1
170071,1,10,10,0.7,5.5,1
170096,2,12,11,0.75,3.5,1
170100,2,23,19,0.8260869565217391,6.3478260869565215,0
170114,1,28,28,0.8214285714285714,14.5,0
170119,1,10,10,1.0,5.5,1
170157,1,7,7,0.8571428571428571,4.0,1
170202,1,21,21,0.42857142857142855,11.0,0
170217,1,15,15,1.0,8.0,1
170224,1,6,6,0.8333333333333334,3.5,1
170228,1,3,3,1.0,2.0,1
170233,1,13,13,0.5384615384615384,7.0,1
170242,1,9,9,0.5555555555555556,5.0,1
170243,1,6,6,0.0,3.5,1
170244,1,2,2,0.0,1.5,1
170246,1,3,3,1.0,2.0,1
170248,3,30,30,0.5,7.533333333333333,0
170261,1,10,10,0.0,5.5,1
170280,2,32,25,1.0,9.28125,0
170325,1,2,2,1.0,1.5,1
170363,1,10,10,0.3,5.5,1
170382,1,28,28,0.0,14.5,0
170383,1,10,10,0.3,5.5,1
170404,2,13,13,0.9230769230769231,3.769230769230769,1
170406,1,9,9,1.0,5.0,1
170433,1,11,11,0.0,6.0,1
170435,1,7,7,0.8571428571428571,4.0,1
170451,1,7,7,0.2857142857142857,4.0,1
170459,1,5,5,0.4,3.0,1
170461,1,10,10,0.8,5.5,1
170482,1,2,2,0.5,1.5,1
170494,1,17,17,0.6470588235294118,9.0,0
170504,1,1,1,1.0,1.0,1
170511,1,11,11,0.6363636363636364,6.0,1
170527,1,17,17,0.9411764705882353,9.0,0
170533,1,7,7,1.0,4.0,1
170536,1,3,3,1.0,2.0,1
170539,2,16,13,0.875,5.0625,0
170542,1,8,8,0.75,4.5,1
170548,2,36,36,0.6944444444444444,11.75,0
170552,1,20,20,0.65,10.5,0
170580,1,16,16,0.3125,8.5,0
170581,1,14,14,1.0,7.5,1
170588,1,2,2,1.0,1.5,1
170591,1,3,3,1.0,2.0,1
170615,1,25,25,0.76,13.0,0
170634,1,4,4,0.0,2.5,1
170664,1,1,1,1.0,1.0,1
170674,1,1,1,1.0,1.0,1
170679,1,10,10,0.8,5.5,1
170687,1,9,9,0.8888888888888888,5.0,1
170693,1,5,5,0.8,3.0,1
170700,1,47,47,0.9361702127659575,24.0,0
170703,1,11,11,0.6363636363636364,6.0,1
170704,1,16,16,0.5625,8.5,0
170711,1,9,9,0.0,5.0,1
170716,1,8,8,0.25,4.5,1
170722,1,6,6,1.0,3.5,1
170729,1,27,27,0.4444444444444444,14.0,0
170758,1,28,28,0.5357142857142857,14.5,0
170768,2,35,30,0.7142857142857143,9.314285714285715,0
170821,1,9,9,0.7777777777777778,5.0,1
170822,1,7,7,1.0,4.0,1
170824,1,28,28,0.8571428571428571,14.5,0
170825,1,3,3,0.3333333333333333,2.0,1
170829,1,24,24,0.0,12.5,0
170830,1,30,30,0.36666666666666664,15.5,0
170847,1,28,28,0.6428571428571429,14.5,0
170857,1,7,7,0.8571428571428571,4.0,1
170867,1,11,11,0.8181818181818182,6.0,1
170882,1,12,12,0.9166666666666666,6.5,1
170884,1,38,38,0.868421052631579,19.5,0
170887,1,11,11,1.0,6.0,1
170892,1,3,3,0.6666666666666666,2.0,1
170893,1,4,4,0.75,2.5,1
170906,1,27,27,0.18518518518518517,14.0,0
170909,1,15,15,0.4666666666666667,8.0,1
170911,1,6,6,0.16666666666666666,3.5,1
170918,1,6,6,0.8333333333333334,3.5,1
170930,1,10,10,0.1,5.5,1
170937,1,9,9,1.0,5.0,1
170941,1,30,30,0.8666666666666667,15.5,0
170946,1,1,1,0.0,1.0,1
170962,1,1,1,1.0,1.0,1
170975,1,18,18,0.7777777777777778,9.5,0
170977,1,20,20,0.9,10.5,0
170987,1,15,15,0.4,8.0,1
170996,1,5,5,0.2,3.0,1
170998,1,13,13,0.8461538461538461,7.0,1
171018,1,11,11,0.8181818181818182,6.0,1
171019,1,7,7,0.5714285714285714,4.0,1
171039,1,14,14,0.0,7.5,1
171041,1,3,3,1.0,2.0,1
171042,1,4,4,0.5,2.5,1
171046,1,16,16,0.5,8.5,0
171060,1,11,11,0.2727272727272727,6.0,1
171067,1,28,28,0.5,14.5,0
171075,1,10,10,0.3,5.5,1
171083,1,8,8,0.375,4.5,1
171096,1,8,8,0.875,4.5,1
171102,1,9,9,0.0,5.0,1
171109,2,15,15,0.7333333333333333,4.266666666666667,0
171125,1,17,17,0.8235294117647058,9.0,0
171143,1,7,7,1.0,4.0,1
171162,1,12,12,0.08333333333333333,6.5,1
171188,1,11,11,0.7272727272727273,6.0,1
171191,1,2,2,0.0,1.5,1
171195,1,4,4,0.0,2.5,1
171199,1,8,8,0.125,4.5,1
171207,1,1,1,1.0,1.0,1
171236,2,24,24,0.8333333333333334,6.666666666666667,0
171240,1,1,1,1.0,1.0,1
171244,1,12,12,0.16666666666666666,6.5,1
171248,1,12,12,0.75,6.5,1
171255,1,15,15,0.8666666666666667,8.0,1
171296,1,2,2,1.0,1.5,1
171301,1,7,7,0.0,4.0,1
171305,1,14,14,0.42857142857142855,7.5,1
171309,1,8,8,0.75,4.5,1
171318,2,15,14,0.26666666666666666,5.6,0
171337,1,24,24,0.6666666666666666,12.5,0
171338,1,6,6,1.0,3.5,1
171349,1,15,15,0.7333333333333333,8.0,1
171358,1,18,18,0.3333333333333333,9.5,0
171375,1,4,4,0.5,2.5,1
171380,1,12,12,0.5,6.5,1
171383,1,8,8,0.625,4.5,1
171398,1,2,2,1.0,1.5,1
171400,1,9,9,0.3333333333333333,5.0,1
171407,2,4,4,0.5,1.75,1
171416,1,13,13,0.6153846153846154,7.0,1
171417,2,13,10,0.7692307692307693,3.923076923076923,1
171433,1,9,9,0.1111111111111111,5.0,1
171441,1,20,20,0.55,10.5,0
171465,1,7,7,0.7142857142857143,4.0,1
171470,1,6,6,0.5,3.5,1
171480,1,9,9,0.6666666666666666,5.0,1
171485,1,14,14,0.0,7.5,1
171512,1,2,2,1.0,1.5,1
171519,1,4,4,0.0,2.5,1
171540,1,10,10,1.0,5.5,1
171542,1,11,11,0.9090909090909091,6.0,1
171551,1,10,10,0.6,5.5,1
171563,1,1,1,1.0,1.0,1
171566,1,15,15,0.6,8.0,1
171573,1,13,13,0.6923076923076923,7.0,1
171579,1,13,13,0.38461538461538464,7.0,1
171586,1,20,20,0.9,10.5,0
171596,1,2,2,0.5,1.5,1
171599,1,6,6,1.0,3.5,1
171603,1,5,5,0.0,3.0,1
171605,1,4,4,1.0,2.5,1
171615,1,4,4,0.75,2.5,1
171624,1,7,7,0.5714285714285714,4.0,1
171626,1,29,29,0.7931034482758621,15.0,0
171661,1,24,24,0.875,12.5,0
171666,1,7,7,1.0,4.0,1
171667,1,25,25,0.12,13.0,0
171671,1,9,9,0.5555555555555556,5.0,1
171676,1,6,6,0.5,3.5,1
171677,1,11,11,0.9090909090909091,6.0,1
171684,1,5,5,1.0,3.0,1
171699,1,21,21,0.14285714285714285,11.0,0
171703,1,6,6,0.5,3.5,1
171704,1,1,1,1.0,1.0,1
171712,1,10,10,0.0,5.5,1
171723,1,14,14,0.6428571428571429,7.5,1
171731,1,9,9,0.8888888888888888,5.0,1
171736,1,28,28,0.75,14.5,0
171747,1,3,3,0.6666666666666666,2.0,1
171756,1,2,2,1.0,1.5,1
171757,1,19,19,0.0,10.0,0
171771,2,35,35,0.7142857142857143,9.6,0
171781,1,11,11,0.36363636363636365,6.0,1
171782,1,7,7,0.14285714285714285,4.0,1
171785,2,8,8,0.625,3.625,1
171790,1,2,2,0.0,1.5,1
171807,1,4,4,1.0,2.5,1
171820,1,6,6,0.5,3.5,1
171836,1,7,7,0.2857142857142857,4.0,1
171850,2,14,14,0.8571428571428571,4.642857142857143,1
171861,1,12,12,0.75,6.5,1
171888,1,14,14,0.8571428571428571,7.5,1
171905,1,29,29,0.7241379310344828,15.0,0
171918,1,11,11,1.0,6.0,1
171931,1,5,5,0.4,3.0,1
171945,1,8,8,0.0,4.5,1
171956,1,18,18,1.0,9.5,0
171969,1,9,9,0.7777777777777778,5.0,1
171971,1,10,10,0.0,5.5,1
171972,1,2,2,0.0,1.5,1
171983,1,8,8,1.0,4.5,1
171999,1,12,12,0.25,6.5,1
172004,1,6,6,0.0,3.5,1
172032,1,33,33,0.696969696969697,17.0,0
172034,1,15,15,0.8666666666666667,8.0,1
172036,1,14,14,0.7142857142857143,7.5,1
172065,2,45,45,0.6888888888888889,11.755555555555556,0
172070,1,26,26,0.7692307692307693,13.5,0
172071,1,7,7,0.2857142857142857,4.0,1
172083,1,9,9,0.0,5.0,1
172088,2,43,40,0.7441860465116279,11.953488372093023,0
172096,1,4,4,1.0,2.5,1
172098,1,8,8,1.0,4.5,1
172134,1,1,1,1.0,1.0,1
172140,1,5,5,0.0,3.0,1
172155,1,15,15,0.3333333333333333,8.0,1
172170,1,3,3,0.0,2.0,1
172171,1,3,3,0.6666666666666666,2.0,1
172204,1,28,28,0.9642857142857143,14.5,0
172223,1,4,4,1.0,2.5,1
172226,1,19,19,0.5789473684210527,10.0,0
172259,1,4,4,0.75,2.5,1
172275,1,1,1,1.0,1.0,1
172302,1,11,11,0.09090909090909091,6.0,1
172325,1,7,7,0.5714285714285714,4.0,1
172327,1,8,8,0.75,4.5,1
172340,1,18,18,0.8333333333333334,9.5,0
172345,1,9,9,1.0,5.0,1
172384,1,7,7,0.14285714285714285,4.0,1
172387,1,6,6,0.8333333333333334,3.5,1
172391,1,4,4,0.25,2.5,1
172407,1,2,2,1.0,1.5,1
172410,1,12,12,1.0,6.5,1
172418,1,1,1,0.0,1.0,1
172420,2,30,30,0.13333333333333333,8.533333333333333,0
172427,1,16,16,0.3125,8.5,0
172432,1,4,4,0.25,2.5,1
172481,1,18,18,0.8333333333333334,9.5,0
172491,1,7,7,0.5714285714285714,4.0,1
172509,1,5,5,0.4,3.0,1
172522,1,14,14,0.7142857142857143,7.5,1
172548,1,17,17,0.8235294117647058,9.0,0
172558,1,7,7,0.8571428571428571,4.0,1
172572,1,3,3,1.0,2.0,1
172607,1,21,21,0.9047619047619048,11.0,0
172610,1,6,6,0.0,3.5,1
172621,2,13,11,0.23076923076923078,4.6923076923076925,1
172633,1,18,18,0.0,9.5,0
172642,3,22,18,0.9545454545454546,4.181818181818182,0
172653,1,11,11,1.0,6.0,1
172656,1,19,19,0.7894736842105263,10.0,0
172660,1,4,4,0.0,2.5,1
172673,1,9,9,0.6666666666666666,5.0,1
172697,1,20,20,0.0,10.5,0
172702,1,7,7,0.2857142857142857,4.0,1
172715,1,4,4,0.0,2.5,1
172721,1,5,5,1.0,3.0,1
172736,1,5,5,0.8,3.0,1
172748,1,7,7,0.8571428571428571,4.0,1
172752,1,7,7,1.0,4.0,1
172760,1,19,19,0.42105263157894735,10.0,0
172775,1,11,11,0.18181818181818182,6.0,1
172780,1,8,8,0.5,4.5,1
172786,1,8,8,0.25,4.5,1
172788,1,4,4,0.25,2.5,1
172789,1,31,31,0.5483870967741935,16.0,0
172793,1,10,10,0.3,5.5,1
172801,1,8,8,0.75,4.5,1
172810,1,6,6,0.8333333333333334,3.5,1
172828,1,14,14,0.42857142857142855,7.5,1
172855,1,35,35,0.34285714285714286,18.0,0
172866,1,13,13,0.8461538461538461,7.0,1
172867,1,3,3,0.6666666666666666,2.0,1
172868,1,3,3,1.0,2.0,1
172872,1,5,5,0.8,3.0,1
172883,1,6,6,1.0,3.5,1
172885,1,8,8,1.0,4.5,1
172890,1,6,6,0.5,3.5,1
172891,1,4,4,1.0,2.5,1
172900,1,1,1,0.0,1.0,1
172904,1,9,9,0.3333333333333333,5.0,1
172909,2,7,7,1.0,2.2857142857142856,1
172925,1,1,1,1.0,1.0,1
172935,1,1,1,1.0,1.0,1
172955,1,7,7,1.0,4.0,1
172959,1,6,6,1.0,3.5,1
173004,1,12,12,0.75,6.5,1
173018,1,10,10,0.2,5.5,1
173020,2,4,4,1.0,1.75,1
173027,1,10,10,1.0,5.5,1
173029,1,17,17,0.6470588235294118,9.0,0
173054,1,9,9,0.3333333333333333,5.0,1
173056,1,5,5,0.2,3.0,1
173079,2,28,26,0.7142857142857143,8.392857142857142,0
173092,1,15,15,0.4,8.0,1
173105,1,7,7,0.0,4.0,1
173132,2,4,4,0.5,1.75,1
173133,1,23,23,0.6086956521739131,12.0,0
173137,1,23,23,0.0,12.0,0
173138,2,21,21,0.9047619047619048,5.761904761904762,0
173144,1,17,17,0.11764705882352941,9.0,0
173145,1,4,4,0.5,2.5,1
173152,1,2,2,1.0,1.5,1
173155,1,25,25,0.52,13.0,0
173158,1,12,12,0.5833333333333334,6.5,1
173186,1,40,40,1.0,20.5,0
173187,1,17,17,0.7647058823529411,9.0,0
173213,1,40,40,0.925,20.5,0
173214,1,15,15,1.0,8.0,1
173242,1,8,8,0.5,4.5,1
173247,1,26,26,0.0,13.5,0
173284,1,7,7,0.2857142857142857,4.0,1
173318,1,7,7,0.8571428571428571,4.0,1
173328,1,11,11,0.45454545454545453,6.0,1
173329,1,10,10,0.7,5.5,1
173339,1,12,12,0.0,6.5,1
173344,1,4,4,0.5,2.5,1
173376,1,8,8,0.375,4.5,1
173379,1,10,10,0.5,5.5,1
173381,1,19,19,1.0,10.0,0
173401,1,1,1,1.0,1.0,1
173413,1,21,21,0.19047619047619047,11.0,0
173442,1,8,8,0.5,4.5,1
173447,1,3,3,0.0,2.0,1
173450,1,10,10,0.9,5.5,1
173453,1,19,19,0.5789473684210527,10.0,0
173501,1,9,9,1.0,5.0,1
173504,1,13,13,0.8461538461538461,7.0,1
173509,1,2,2,1.0,1.5,1
173520,2,16,16,0.1875,5.0625,0
173524,2,27,24,0.7037037037037037,7.2592592592592595,0
173598,1,12,12,0.5833333333333334,6.5,1
173603,1,11,11,1.0,6.0,1
173605,1,19,19,0.3684210526315789,10.0,0
173624,1,7,7,1.0,4.0,1
173632,1,2,2,0.0,1.5,1
173664,1,16,16,0.0,8.5,0
173679,1,8,8,0.75,4.5,1
173692,1,12,12,0.25,6.5,1
173699,1,17,17,0.5294117647058824,9.0,0
173708,1,6,6,0.5,3.5,1
173714,1,20,20,0.55,10.5,0
173721,1,11,11,0.45454545454545453,6.0,1
173723,1,7,7,0.8571428571428571,4.0,1
173731,1,5,5,0.4,3.0,1
173737,1,5,5,0.6,3.0,1
173750,1,9,9,0.8888888888888888,5.0,1
173759,1,12,12,0.8333333333333334,6.5,1
173775,1,10,10,0.7,5.5,1
173779,1,6,6,0.6666666666666666,3.5,1
173812,1,15,15,0.6666666666666666,8.0,1
173842,1,2,2,1.0,1.5,1
173850,1,14,14,0.35714285714285715,7.5,1
173861,1,23,23,0.6521739130434783,12.0,0
173867,1,16,16,0.5,8.5,0
173871,1,7,7,0.8571428571428571,4.0,1
173874,1,12,12,1.0,6.5,1
173883,1,3,3,1.0,2.0,1
173884,1,10,10,0.9,5.5,1
173886,1,4,4,0.5,2.5,1
173893,1,13,13,0.38461538461538464,7.0,1
173909,1,4,4,1.0,2.5,1
173913,1,9,9,0.0,5.0,1
173924,1,10,10,0.6,5.5,1
173927,3,9,8,0.8888888888888888,2.111111111111111,1
173946,1,27,27,0.48148148148148145,14.0,0
174019,1,15,15,0.6,8.0,1
174028,1,4,4,1.0,2.5,1
174039,1,2,2,0.5,1.5,1
174041,1,4,4,0.75,2.5,1
174044,1,4,4,1.0,2.5,1
174063,2,29,27,0.7931034482758621,9.206896551724139,0
174065,1,18,18,0.8888888888888888,9.5,0
174066,1,43,43,0.8604651162790697,22.0,0
174072,1,6,6,0.8333333333333334,3.5,1
174084,1,6,6,1.0,3.5,1
174089,1,7,7,0.2857142857142857,4.0,1
174092,1,6,6,0.5,3.5,1
174117,1,3,3,1.0,2.0,1
174133,2,20,16,0.65,5.95,0
174147,1,1,1,0.0,1.0,1
174162,1,11,11,0.0,6.0,1
174194,1,4,4,0.75,2.5,1
174195,1,6,6,0.0,3.5,1
174206,1,10,10,0.8,5.5,1
174207,1,7,7,1.0,4.0,1
174219,1,11,11,0.45454545454545453,6.0,1
174221,1,2,2,0.0,1.5,1
174230,1,3,3,0.6666666666666666,2.0,1
174233,1,1,1,0.0,1.0,1
174240,1,10,10,0.7,5.5,1
174245,1,14,14,0.42857142857142855,7.5,1
174253,1,3,3,0.0,2.0,1
174262,1,5,5,0.6,3.0,1
174264,1,14,14,0.21428571428571427,7.5,1
174276,1,16,16,0.1875,8.5,0
174277,1,5,5,0.2,3.0,1
174279,1,21,21,0.5238095238095238,11.0,0
174301,1,30,30,0.7333333333333333,15.5,0
174321,1,5,5,0.6,3.0,1
174335,1,6,6,1.0,3.5,1
174342,1,9,9,0.1111111111111111,5.0,1
174358,1,13,13,0.23076923076923078,7.0,1
174363,1,1,1,1.0,1.0,1
174384,1,4,4,0.75,2.5,1
174388,1,2,2,0.0,1.5,1
174389,1,6,6,0.6666666666666666,3.5,1
174400,2,25,25,0.8,7.56,0
174407,1,15,15,0.2,8.0,1
174412,1,42,42,0.7857142857142857,21.5,0
174416,1,11,11,0.45454545454545453,6.0,1
174428,1,8,8,0.75,4.5,1
174439,1,6,6,0.6666666666666666,3.5,1
174440,1,1,1,1.0,1.0,1
174445,1,11,11,0.09090909090909091,6.0,1
174448,1,21,21,0.6190476190476191,11.0,0
174451,1,21,21,0.0,11.0,0
174454,1,10,10,0.9,5.5,1
174461,2,15,15,0.13333333333333333,5.6,0
174464,1,3,3,0.6666666666666666,2.0,1
174496,1,3,3,1.0,2.0,1
174508,1,7,7,0.7142857142857143,4.0,1
174517,1,5,5,1.0,3.0,1
174534,1,17,17,0.5882352941176471,9.0,0
174545,1,3,3,0.6666666666666666,2.0,1
174555,2,17,17,0.6470588235294118,5.9411764705882355,0
174569,1,3,3,0.3333333333333333,2.0,1
174573,1,7,7,1.0,4.0,1
174586,1,1,1,1.0,1.0,1
174598,1,3,3,1.0,2.0,1
174617,1,5,5,1.0,3.0,1
174622,1,12,12,0.16666666666666666,6.5,1
174628,1,4,4,1.0,2.5,1
174647,2,16,9,0.75,4.5,1
174649,1,6,6,0.16666666666666666,3.5,1
174652,1,4,4,0.5,2.5,1
174664,1,10,10,0.9,5.5,1
174680,2,12,12,0.5833333333333334,3.5,1
174683,3,32,32,1.0,7.84375,0
174684,1,8,8,0.375,4.5,1
174700,1,1,1,1.0,1.0,1
174705,1,5,5,0.0,3.0,1
174706,1,6,6,0.8333333333333334,3.5,1
174708,2,10,10,0.7,3.1,1
174741,1,18,18,1.0,9.5,0
174778,1,8,8,0.875,4.5,1
174785,1,17,17,0.9411764705882353,9.0,0
174802,2,11,11,1.0,3.272727272727273,1
174807,1,18,18,0.0,9.5,0
174819,1,18,18,0.7222222222222222,9.5,0
174827,1,33,33,0.5757575757575758,17.0,0
174840,1,3,3,0.3333333333333333,2.0,1
174846,1,13,13,0.7692307692307693,7.0,1
174847,1,6,6,0.6666666666666666,3.5,1
174860,1,11,11,0.18181818181818182,6.0,1
174861,1,3,3,1.0,2.0,1
174869,1,17,17,0.7058823529411765,9.0,0
174871,1,4,4,0.5,2.5,1
174880,1,8,8,0.125,4.5,1
174921,1,12,12,0.6666666666666666,6.5,1
174923,1,5,5,0.0,3.0,1
174934,2,57,51,0.6842105263157895,14.964912280701755,0
174943,1,2,2,0.0,1.5,1
174948,1,22,22,0.9545454545454546,11.5,0
174955,1,8,8,0.0,4.5,1
174957,1,8,8,0.25,4.5,1
174966,1,1,1,0.0,1.0,1
174975,1,27,27,0.7777777777777778,14.0,0
175003,1,6,6,0.8333333333333334,3.5,1
175015,1,7,7,0.2857142857142857,4.0,1
175023,1,25,25,0.88,13.0,0
175026,1,2,2,1.0,1.5,1
175033,1,7,7,0.2857142857142857,4.0,1
175057,1,8,8,1.0,4.5,1
175087,1,36,36,0.3611111111111111,18.5,0
175090,1,8,8,0.375,4.5,1
175099,2,12,12,0.9166666666666666,3.8333333333333335,1
175108,1,11,11,0.9090909090909091,6.0,1
175112,1,9,9,0.4444444444444444,5.0,1
175139,1,7,7,0.5714285714285714,4.0,1
175147,1,19,19,0.6842105263157895,10.0,0
175158,1,2,2,1.0,1.5,1
175162,1,3,3,1.0,2.0,1
175166,1,6,6,0.8333333333333334,3.5,1
175167,1,8,8,1.0,4.5,1
175168,1,9,9,0.5555555555555556,5.0,1
175182,1,15,15,0.26666666666666666,8.0,1
175214,1,2,2,1.0,1.5,1
175216,2,8,8,0.75,2.625,1
175224,1,14,14,1.0,7.5,1
175232,1,17,17,0.47058823529411764,9.0,0
175234,1,8,8,0.5,4.5,1
175237,1,6,6,0.6666666666666666,3.5,1
175242,2,14,14,0.5714285714285714,4.071428571428571,1
175245,1,4,4,0.75,2.5,1
175250,1,1,1,1.0,1.0,1
175251,1,17,17,1.0,9.0,0
175288,1,8,8,0.5,4.5,1
175294,1,28,28,1.0,14.5,0
175298,1,17,17,0.9411764705882353,9.0,0
175299,1,17,17,0.0,9.0,0
175304,1,14,14,0.8571428571428571,7.5,1
175306,1,7,7,0.42857142857142855,4.0,1
175312,1,11,11,0.09090909090909091,6.0,1
175316,1,2,2,0.0,1.5,1
175323,1,29,29,0.3448275862068966,15.0,0
175326,1,12,12,0.6666666666666666,6.5,1
175330,1,15,15,0.0,8.0,1
175344,1,15,15,0.2,8.0,1
175349,1,10,10,0.3,5.5,1
175353,1,26,26,0.9230769230769231,13.5,0
175356,1,7,7,0.8571428571428571,4.0,1
175361,1,2,2,0.5,1.5,1
175365,1,10,10,0.6,5.5,1
175382,1,4,4,0.0,2.5,1
175410,1,2,2,1.0,1.5,1
175441,1,3,3,0.6666666666666666,2.0,1
175448,1,9,9,0.5555555555555556,5.0,1
175450,1,26,26,0.6153846153846154,13.5,0
175451,1,12,12,0.9166666666666666,6.5,1
175453,1,13,13,0.3076923076923077,7.0,1
175456,1,1,1,0.0,1.0,1
175472,1,5,5,0.8,3.0,1
175475,1,4,4,0.0,2.5,1
175491,1,26,26,0.6538461538461539,13.5,0
175519,1,4,4,1.0,2.5,1
175523,1,7,7,0.2857142857142857,4.0,1
175533,1,4,4,0.5,2.5,1
175536,1,4,4,1.0,2.5,1
175546,1,15,15,0.6,8.0,1
175560,1,18,18,0.9444444444444444,9.5,0
175565,1,14,14,0.8571428571428571,7.5,1
175598,1,3,3,1.0,2.0,1
175611,1,4,4,1.0,2.5,1
175629,1,12,12,0.0,6.5,1
175635,1,24,24,0.5416666666666666,12.5,0
175643,1,17,17,0.9411764705882353,9.0,0
175647,1,13,13,0.6923076923076923,7.0,1
175656,1,8,8,0.875,4.5,1
175659,1,12,12,0.25,6.5,1
175707,2,6,6,1.0,2.1666666666666665,1
175724,2,20,19,0.95,6.3,0
175729,1,6,6,0.8333333333333334,3.5,1
175732,1,11,11,0.2727272727272727,6.0,1
175734,1,10,10,0.4,5.5,1
175742,1,6,6,1.0,3.5,1
175744,1,3,3,1.0,2.0,1
175765,1,17,17,0.47058823529411764,9.0,0
175768,2,36,33,0.8888888888888888,9.61111111111111,0
175771,1,18,18,0.8888888888888888,9.5,0
175786,1,3,3,1.0,2.0,1
175790,1,8,8,0.75,4.5,1
175809,1,8,8,0.0,4.5,1
175810,1,11,11,0.6363636363636364,6.0,1
175812,1,3,3,0.3333333333333333,2.0,1
175813,2,13,13,0.5384615384615384,3.769230769230769,1
175817,1,4,4,0.25,2.5,1
175831,1,8,8,0.75,4.5,1
175836,1,5,5,0.0,3.0,1
175839,1,3,3,1.0,2.0,1
175887,1,4,4,0.0,2.5,1
175903,1,4,4,1.0,2.5,1
175913,1,1,1,1.0,1.0,1
175918,1,27,27,0.7037037037037037,14.0,0
175936,1,4,4,0.5,2.5,1
175958,1,3,3,1.0,2.0,1
175965,1,22,22,0.45454545454545453,11.5,0
175970,1,9,9,0.7777777777777778,5.0,1
175980,1,30,30,0.9333333333333333,15.5,0
175995,1,2,2,1.0,1.5,1
176010,2,29,26,0.7586206896551724,8.172413793103448,0
176039,2,103,88,0.6407766990291263,26.271844660194176,0
176040,1,16,16,0.5625,8.5,0
176055,1,12,12,0.8333333333333334,6.5,1
176067,1,12,12,0.75,6.5,1
176093,1,10,10,1.0,5.5,1
176101,1,5,5,0.0,3.0,1
176108,2,14,14,0.9285714285714286,4.071428571428571,1
176117,1,13,13,0.15384615384615385,7.0,1
176152,1,9,9,0.2222222222222222,5.0,1
176158,1,5,5,1.0,3.0,1
176182,1,33,33,0.3333333333333333,17.0,0
176195,1,20,20,0.7,10.5,0
176211,1,28,28,0.17857142857142858,14.5,0
176212,3,22,21,0.6818181818181818,4.590909090909091,0
176228,1,9,9,0.8888888888888888,5.0,1
176232,1,10,10,0.7,5.5,1
176246,1,1,1,1.0,1.0,1
176261,1,6,6,1.0,3.5,1
176272,1,17,17,0.0,9.0,0
176278,1,8,8,1.0,4.5,1
176281,1,5,5,0.0,3.0,1
176284,1,13,13,0.3076923076923077,7.0,1
176290,1,3,3,0.3333333333333333,2.0,1
176295,1,1,1,1.0,1.0,1
176297,1,9,9,0.0,5.0,1
176310,1,19,19,0.5263157894736842,10.0,0
176369,1,1,1,0.0,1.0,1
176386,1,18,18,0.9444444444444444,9.5,0
176388,1,9,9,0.8888888888888888,5.0,1
176408,1,3,3,0.6666666666666666,2.0,1
176417,2,12,10,0.9166666666666666,3.5833333333333335,1
176436,1,1,1,1.0,1.0,1
176449,1,29,29,0.5172413793103449,15.0,0
176465,1,3,3,0.6666666666666666,2.0,1
176475,1,19,19,0.631578947368421,10.0,0
176477,1,8,8,0.5,4.5,1
176497,1,9,9,0.5555555555555556,5.0,1
176504,1,14,14,0.7857142857142857,7.5,1
176509,1,4,4,0.0,2.5,1
176517,1,10,10,0.8,5.5,1
176528,1,3,3,1.0,2.0,1
176560,1,13,13,0.5384615384615384,7.0,1
176570,1,17,17,0.29411764705882354,9.0,0
176571,1,3,3,0.0,2.0,1
176576,1,8,8,0.875,4.5,1
176580,1,18,18,0.8333333333333334,9.5,0
176604,1,9,9,0.8888888888888888,5.0,1
176605,1,6,6,0.0,3.5,1
176615,2,12,12,0.5,3.8333333333333335,1
176622,1,21,21,0.3333333333333333,11.0,0
176638,2,28,28,0.7142857142857143,7.5,0
176640,1,4,4,1.0,2.5,1
176646,1,4,4,0.25,2.5,1
176649,1,5,5,0.4,3.0,1
176662,1,6,6,0.16666666666666666,3.5,1
176664,1,13,13,1.0,7.0,1
176677,1,25,25,0.12,13.0,0
176698,1,25,25,0.48,13.0,0
176704,2,12,12,1.0,3.8333333333333335,1
176710,1,7,7,0.8571428571428571,4.0,1
176714,1,10,10,0.5,5.5,1
176719,2,8,8,0.625,2.625,1
176720,1,4,4,0.75,2.5,1
176736,1,1,1,0.0,1.0,1
176737,1,1,1,0.0,1.0,1
176738,1,11,11,0.36363636363636365,6.0,1
176741,1,7,7,0.5714285714285714,4.0,1
176750,1,11,11,0.7272727272727273,6.0,1
176763,1,3,3,0.0,2.0,1
176776,1,11,11,0.8181818181818182,6.0,1
176781,1,6,6,0.8333333333333334,3.5,1
176785,1,7,7,0.5714285714285714,4.0,1
176855,1,19,19,0.5263157894736842,10.0,0
176865,1,6,6,1.0,3.5,1
176866,1,42,42,0.5952380952380952,21.5,0
176869,1,15,15,0.8666666666666667,8.0,1
176886,1,15,15,0.4,8.0,1
176896,1,7,7,1.0,4.0,1
176906,1,21,21,0.2857142857142857,11.0,0
176946,1,3,3,0.6666666666666666,2.0,1
176951,2,13,9,1.0,3.769230769230769,1
176959,1,7,7,1.0,4.0,1
176977,1,2,2,1.0,1.5,1
177001,1,12,12,0.5833333333333334,6.5,1
177004,1,2,2,0.5,1.5,1
177031,1,8,8,0.75,4.5,1
177032,2,13,12,0.9230769230769231,4.6923076923076925,1
177063,1,9,9,0.1111111111111111,5.0,1
177097,1,6,6,1.0,3.5,1
177100,1,1,1,0.0,1.0,1
177110,2,21,17,0.9047619047619048,5.857142857142857,0
177113,1,10,10,0.3,5.5,1
177115,1,1,1,0.0,1.0,1
177122,1,14,14,0.5,7.5,1
177129,1,2,2,1.0,1.5,1
177138,1,24,24,0.5416666666666666,12.5,0
177162,1,3,3,0.3333333333333333,2.0,1
177179,1,6,6,1.0,3.5,1
177201,2,23,18,0.9565217391304348,6.782608695652174,0
177216,1,2,2,1.0,1.5,1
177238,1,11,11,1.0,6.0,1
177244,2,19,19,0.5263157894736842,6.315789473684211,0
177310,1,6,6,1.0,3.5,1
177319,1,3,3,0.3333333333333333,2.0,1
177324,1,5,5,1.0,3.0,1
177336,1,15,15,1.0,8.0,1
177337,1,7,7,1.0,4.0,1
177340,1,14,14,0.42857142857142855,7.5,1
177370,1,4,4,0.0,2.5,1
177388,2,12,11,0.3333333333333333,3.8333333333333335,1
177405,1,9,9,0.7777777777777778,5.0,1
177411,1,7,7,1.0,4.0,1
177418,1,15,15,0.4666666666666667,8.0,1
177438,1,8,8,1.0,4.5,1
177458,1,2,2,1.0,1.5,1
177470,1,9,9,0.7777777777777778,5.0,1
177494,2,20,19,0.8,5.55,0
177513,2,14,14,0.9285714285714286,5.785714285714286,0
177518,1,18,18,0.6111111111111112,9.5,0
177537,1,5,5,1.0,3.0,1
177562,1,8,8,0.875,4.5,1
177570,1,8,8,0.125,4.5,1
177610,1,11,11,0.7272727272727273,6.0,1
177632,1,3,3,0.0,2.0,1
177661,1,5,5,0.8,3.0,1
177663,1,10,10,0.1,5.5,1
177677,1,26,26,0.8461538461538461,13.5,0
177710,1,4,4,1.0,2.5,1
177718,1,16,16,0.75,8.5,0
177719,1,3,3,0.6666666666666666,2.0,1
177777,1,5,5,0.6,3.0,1
177780,1,10,10,1.0,5.5,1
177787,1,3,3,1.0,2.0,1
177789,1,8,8,0.25,4.5,1
177808,1,6,6,0.6666666666666666,3.5,1
177810,1,3,3,0.6666666666666666,2.0,1
177821,1,9,9,0.2222222222222222,5.0,1
177822,1,6,6,1.0,3.5,1
177827,1,2,2,0.5,1.5,1
177830,1,16,16,0.4375,8.5,0
177846,1,12,12,0.0,6.5,1
177849,1,5,5,0.2,3.0,1
177851,1,2,2,0.0,1.5,1
177853,1,2,2,1.0,1.5,1
177855,1,10,10,0.4,5.5,1
177863,1,14,14,0.2857142857142857,7.5,1
177870,1,4,4,1.0,2.5,1
177873,1,10,10,0.9,5.5,1
177879,1,4,4,0.5,2.5,1
177885,1,2,2,0.5,1.5,1
177891,1,7,7,0.2857142857142857,4.0,1
177896,1,7,7,0.7142857142857143,4.0,1
177907,1,15,15,0.0,8.0,1
177909,1,1,1,0.0,1.0,1
177922,1,15,15,0.4,8.0,1
177940,1,11,11,0.36363636363636365,6.0,1
177943,1,14,14,0.7142857142857143,7.5,1
177947,1,9,9,0.0,5.0,1
177950,1,10,10,0.0,5.5,1
177971,1,3,3,0.0,2.0,1
177976,1,17,17,0.7058823529411765,9.0,0
178006,1,4,4,0.0,2.5,1
178021,1,6,6,1.0,3.5,1
178030,2,11,10,0.9090909090909091,3.272727272727273,1
178034,1,5,5,0.4,3.0,1
178055,1,33,33,0.8787878787878788,17.0,0
178060,1,7,7,0.14285714285714285,4.0,1
178065,1,9,9,0.2222222222222222,5.0,1
178074,1,1,1,1.0,1.0,1
178101,2,12,12,0.5833333333333334,3.5833333333333335,1
178107,1,9,9,1.0,5.0,1
178116,1,2,2,1.0,1.5,1
178139,1,24,24,0.8333333333333334,12.5,0
178144,1,11,11,0.5454545454545454,6.0,1
178145,1,13,13,0.46153846153846156,7.0,1
178175,1,6,6,1.0,3.5,1
178188,1,21,21,0.3333333333333333,11.0,0
178209,3,21,21,0.5714285714285714,7.0,0
178236,1,4,4,0.75,2.5,1
178247,1,7,7,0.2857142857142857,4.0,1
178252,1,2,2,1.0,1.5,1
178268,1,7,7,0.14285714285714285,4.0,1
178273,1,10,10,0.8,5.5,1
178279,1,10,10,0.9,5.5,1
178298,1,12,12,0.0,6.5,1
178323,1,7,7,0.42857142857142855,4.0,1
178325,1,28,28,0.9642857142857143,14.5,0
178339,1,6,6,1.0,3.5,1
178341,1,1,1,0.0,1.0,1
178356,1,4,4,0.0,2.5,1
178357,1,21,21,0.14285714285714285,11.0,0
178359,1,3,3,0.6666666666666666,2.0,1
178380,1,3,3,0.6666666666666666,2.0,1
178395,1,14,14,0.6428571428571429,7.5,1
178407,1,16,16,1.0,8.5,0
178435,1,4,4,0.0,2.5,1
178460,1,2,2,1.0,1.5,1
178465,1,2,2,1.0,1.5,1
178483,1,11,11,0.0,6.0,1
178503,1,19,19,0.0,10.0,0
178511,1,10,10,0.1,5.5,1
178520,1,13,13,0.9230769230769231,7.0,1
178532,1,4,4,1.0,2.5,1
178540,1,8,8,1.0,4.5,1
178546,1,16,16,0.4375,8.5,0
178562,1,5,5,0.2,3.0,1
178573,1,6,6,1.0,3.5,1
178578,1,1,1,0.0,1.0,1
178590,1,6,6,1.0,3.5,1
178601,1,9,9,0.5555555555555556,5.0,1
178610,1,3,3,1.0,2.0,1
178618,1,12,12,0.9166666666666666,6.5,1
178630,1,13,13,0.38461538461538464,7.0,1
178667,1,17,17,0.5882352941176471,9.0,0
178686,1,7,7,1.0,4.0,1
178736,1,27,27,0.8888888888888888,14.0,0
178750,1,15,15,0.3333333333333333,8.0,1
178753,1,2,2,0.5,1.5,1
178761,1,15,15,0.6,8.0,1
178785,1,19,19,0.42105263157894735,10.0,0
178797,1,32,32,0.46875,16.5,0
178811,1,2,2,0.0,1.5,1
178819,1,10,10,0.4,5.5,1
178821,2,15,14,1.0,7.066666666666666,0
178824,1,28,28,0.9642857142857143,14.5,0
178827,1,1,1,1.0,1.0,1
178831,2,47,47,0.5106382978723404,12.297872340425531,0
178838,1,1,1,1.0,1.0,1
178842,1,6,6,1.0,3.5,1
178850,1,4,4,1.0,2.5,1
178852,1,7,7,0.14285714285714285,4.0,1
178860,1,30,30,0.6666666666666666,15.5,0
178864,1,20,20,0.5,10.5,0
178866,1,24,24,0.8333333333333334,12.5,0
178889,2,17,17,0.7647058823529411,4.764705882352941,0
178894,1,10,10,0.5,5.5,1
178899,1,7,7,0.8571428571428571,4.0,1
178906,1,10,10,0.7,5.5,1
178914,1,3,3,0.3333333333333333,2.0,1
178916,1,5,5,0.8,3.0,1
178918,1,37,37,0.9459459459459459,19.0,0
178920,1,3,3,1.0,2.0,1
178931,1,10,10,0.5,5.5,1
178948,1,19,19,0.5789473684210527,10.0,0
178958,1,12,12,0.6666666666666666,6.5,1
178966,2,17,17,0.35294117647058826,5.117647058823529,0
178971,1,5,5,0.6,3.0,1
178974,1,8,8,0.875,4.5,1
178979,1,6,6,0.0,3.5,1
178981,1,19,19,0.42105263157894735,10.0,0
178989,1,5,5,1.0,3.0,1
179033,1,7,7,0.8571428571428571,4.0,1
179043,1,9,9,0.2222222222222222,5.0,1
179062,1,3,3,1.0,2.0,1
179084,1,5,5,0.8,3.0,1
179123,2,18,16,0.7777777777777778,5.222222222222222,0
179131,1,16,16,0.6875,8.5,0
179133,1,16,16,0.375,8.5,0
179138,1,5,5,0.0,3.0,1
179158,1,5,5,1.0,3.0,1
179163,1,7,7,0.7142857142857143,4.0,1
179171,1,3,3,1.0,2.0,1
179175,1,20,20,0.3,10.5,0
179187,1,6,6,0.8333333333333334,3.5,1
179192,1,3,3,1.0,2.0,1
179211,1,27,27,0.8518518518518519,14.0,0
179220,1,4,4,1.0,2.5,1
179228,1,8,8,1.0,4.5,1
179269,1,20,20,0.9,10.5,0
179284,1,2,2,1.0,1.5,1
179294,1,16,16,0.0,8.5,0
179300,2,20,19,0.55,6.3,0
179304,1,11,11,0.5454545454545454,6.0,1
179306,2,17,17,0.47058823529411764,4.882352941176471,0
179307,1,7,7,0.5714285714285714,4.0,1
179314,2,3,2,0.3333333333333333,1.3333333333333333,1
179324,1,2,2,0.5,1.5,1
179333,1,14,14,0.14285714285714285,7.5,1
179340,1,5,5,0.4,3.0,1
179342,3,21,18,0.8095238095238095,4.142857142857143,0
179347,1,44,44,0.5454545454545454,22.5,0
179348,2,14,14,0.5,5.142857142857143,0
179358,1,22,22,0.4090909090909091,11.5,0
179373,2,9,8,0.4444444444444444,3.0,1
179379,1,32,32,0.8125,16.5,0
179391,1,6,6,0.5,3.5,1
179406,1,20,20,0.0,10.5,0
179408,1,2,2,0.5,1.5,1
179410,1,7,7,1.0,4.0,1
179413,1,1,1,1.0,1.0,1
179431,1,8,8,0.75,4.5,1
179433,1,25,25,0.4,13.0,0
179435,1,12,12,0.0,6.5,1
179437,1,6,6,1.0,3.5,1
179448,1,2,2,0.5,1.5,1
179469,1,21,21,0.047619047619047616,11.0,0
179477,1,2,2,1.0,1.5,1
179481,1,10,10,0.2,5.5,1
179488,1,16,16,0.5,8.5,0
179508,1,10,10,0.3,5.5,1
179516,1,5,5,0.8,3.0,1
179519,1,8,8,0.0,4.5,1
179520,1,5,5,0.4,3.0,1
179526,2,34,33,0.7352941176470589,13.235294117647058,0
179528,2,24,23,0.08333333333333333,6.541666666666667,0
179529,1,22,22,0.9090909090909091,11.5,0
179548,1,8,8,0.875,4.5,1
179554,1,4,4,0.25,2.5,1
179560,1,1,1,1.0,1.0,1
179569,1,13,13,0.23076923076923078,7.0,1
179588,1,24,24,0.9166666666666666,12.5,0
179595,1,3,3,1.0,2.0,1
179598,1,6,6,0.5,3.5,1
179601,1,15,15,0.6,8.0,1
179606,1,24,24,0.9166666666666666,12.5,0
179610,1,1,1,1.0,1.0,1
179616,1,4,4,0.0,2.5,1
179624,1,6,6,1.0,3.5,1
179629,1,14,14,0.6428571428571429,7.5,1
179640,2,22,21,0.7272727272727273,6.181818181818182,0
179651,1,4,4,0.75,2.5,1
179653,1,11,11,0.8181818181818182,6.0,1
179661,1,3,3,1.0,2.0,1
179667,1,8,8,1.0,4.5,1
179684,1,35,35,0.0,18.0,0
179685,1,16,16,0.625,8.5,0
179687,1,23,23,1.0,12.0,0
179715,1,16,16,0.5625,8.5,0
179730,1,7,7,0.5714285714285714,4.0,1
179752,2,8,8,1.0,2.625,1
179756,1,8,8,0.625,4.5,1
179762,1,6,6,1.0,3.5,1
179765,1,1,1,1.0,1.0,1
179774,1,3,3,0.3333333333333333,2.0,1
179778,1,19,19,0.8947368421052632,10.0,0
179779,1,3,3,0.6666666666666666,2.0,1
179790,1,10,10,0.8,5.5,1
179792,1,6,6,0.8333333333333334,3.5,1
179806,1,2,2,0.0,1.5,1
179827,1,11,11,0.2727272727272727,6.0,1
179835,1,8,8,1.0,4.5,1
179837,1,5,5,1.0,3.0,1
179839,1,12,12,0.6666666666666666,6.5,1
179842,1,11,11,0.36363636363636365,6.0,1
179845,1,11,11,1.0,6.0,1
179886,1,12,12,0.5833333333333334,6.5,1
179895,2,34,30,0.11764705882352941,12.558823529411764,0
179905,1,15,15,1.0,8.0,1
179912,1,7,7,0.42857142857142855,4.0,1
179929,1,7,7,1.0,4.0,1
179931,1,25,25,0.28,13.0,0
179935,1,2,2,1.0,1.5,1
179937,1,10,10,0.8,5.5,1
179942,1,15,15,0.8,8.0,1
179958,1,7,7,0.42857142857142855,4.0,1
179960,1,8,8,0.125,4.5,1
179961,1,8,8,0.125,4.5,1
179965,2,15,12,0.7333333333333333,4.4,1
179966,1,7,7,0.7142857142857143,4.0,1
179968,1,19,19,0.42105263157894735,10.0,0
179973,1,12,12,0.08333333333333333,6.5,1
180010,1,15,15,0.13333333333333333,8.0,1
180013,1,6,6,0.0,3.5,1
180019,1,12,12,0.0,6.5,1
180023,1,10,10,0.9,5.5,1
180031,1,3,3,0.0,2.0,1
180032,1,9,9,0.1111111111111111,5.0,1
180039,1,8,8,0.125,4.5,1
180059,1,30,30,0.0,15.5,0
180074,1,11,11,0.7272727272727273,6.0,1
180075,1,13,13,0.6923076923076923,7.0,1
180095,1,1,1,0.0,1.0,1
180098,1,10,10,0.5,5.5,1
180103,1,13,13,1.0,7.0,1
180135,1,7,7,0.8571428571428571,4.0,1
180141,2,17,12,1.0,4.764705882352941,0
180167,2,22,19,0.9090909090909091,6.181818181818182,0
180175,1,5,5,0.0,3.0,1
180188,1,11,11,0.18181818181818182,6.0,1
180191,1,2,2,0.5,1.5,1
180205,1,22,22,0.5,11.5,0
180214,1,9,9,1.0,5.0,1
180231,1,1,1,0.0,1.0,1
180237,1,4,4,1.0,2.5,1
180266,1,9,9,0.6666666666666666,5.0,1
180267,1,14,14,0.2857142857142857,7.5,1
180275,1,4,4,0.75,2.5,1
180301,1,5,5,0.4,3.0,1
180310,1,11,11,0.45454545454545453,6.0,1
180314,1,6,6,1.0,3.5,1
180332,1,18,18,0.7777777777777778,9.5,0
180342,1,16,16,0.1875,8.5,0
180348,1,19,19,0.5263157894736842,10.0,0
180351,1,33,33,0.6666666666666666,17.0,0
180352,1,10,10,0.8,5.5,1
180353,1,26,26,0.8461538461538461,13.5,0
180365,1,18,18,0.2222222222222222,9.5,0
180397,1,4,4,0.75,2.5,1
180414,1,16,16,1.0,8.5,0
180419,1,14,14,0.5714285714285714,7.5,1
180426,1,4,4,0.0,2.5,1
180444,1,4,4,0.5,2.5,1
180453,1,13,13,0.5384615384615384,7.0,1
180454,2,29,29,0.6206896551724138,10.241379310344827,0
180461,1,5,5,1.0,3.0,1
180480,1,4,4,0.5,2.5,1
180489,1,10,10,0.5,5.5,1
180515,1,11,11,0.9090909090909091,6.0,1
180518,1,4,4,0.75,2.5,1
180543,1,4,4,0.75,2.5,1
180544,1,8,8,0.375,4.5,1
180551,2,9,9,0.3333333333333333,3.0,1
180562,1,1,1,0.0,1.0,1
180563,1,25,25,0.88,13.0,0
180570,1,11,11,0.2727272727272727,6.0,1
180583,2,5,5,0.2,2.2,1
180621,1,5,5,1.0,3.0,1
180624,1,6,6,0.0,3.5,1
180635,1,12,12,0.5833333333333334,6.5,1
180640,1,9,9,0.0,5.0,1
180649,2,45,45,0.6222222222222222,12.2,0
180717,1,3,3,1.0,2.0,1
180719,1,14,14,0.8571428571428571,7.5,1
180724,1,7,7,0.5714285714285714,4.0,1
180734,1,12,12,0.8333333333333334,6.5,1
180735,2,17,15,0.7647058823529411,4.764705882352941,0
180785,1,6,6,0.8333333333333334,3.5,1
180788,1,16,16,0.5,8.5,0
180793,2,10,9,1.0,4.6,1
180796,1,5,5,0.6,3.0,1
180797,1,23,23,0.8260869565217391,12.0,0
180800,1,12,12,1.0,6.5,1
180825,1,9,9,0.7777777777777778,5.0,1
180826,1,25,25,0.64,13.0,0
180828,1,14,14,0.5,7.5,1
180838,1,3,3,1.0,2.0,1
180849,1,13,13,0.46153846153846156,7.0,1
180851,2,13,13,0.6923076923076923,3.923076923076923,1
180855,1,1,1,1.0,1.0,1
180877,1,5,5,0.4,3.0,1
180882,1,2,2,0.5,1.5,1
180886,1,13,13,0.38461538461538464,7.0,1
180891,1,7,7,1.0,4.0,1
180895,1,21,21,0.0,11.0,0
180905,2,53,47,0.22641509433962265,16.245283018867923,0
180912,1,3,3,0.0,2.0,1
180914,1,8,8,0.125,4.5,1
180919,1,10,10,0.2,5.5,1
180962,1,8,8,0.875,4.5,1
180985,1,10,10,1.0,5.5,1
181004,1,11,11,0.5454545454545454,6.0,1
181035,1,16,16,0.375,8.5,0
181039,1,4,4,0.75,2.5,1
181049,1,5,5,0.0,3.0,1
181050,1,19,19,0.47368421052631576,10.0,0
181051,2,11,10,0.45454545454545453,3.4545454545454546,1
181055,1,25,25,0.44,13.0,0
181067,1,4,4,0.0,2.5,1
181070,1,2,2,0.5,1.5,1
181086,1,14,14,0.9285714285714286,7.5,1
181111,1,7,7,0.2857142857142857,4.0,1
181116,2,12,12,0.9166666666666666,3.5,1
181121,2,30,30,0.6333333333333333,8.533333333333333,0
181127,1,10,10,0.9,5.5,1
181134,1,2,2,1.0,1.5,1
181137,1,14,14,0.5,7.5,1
181153,1,5,5,1.0,3.0,1
181163,1,5,5,0.6,3.0,1
181167,1,26,26,0.19230769230769232,13.5,0
181176,1,1,1,1.0,1.0,1
181193,1,6,6,0.8333333333333334,3.5,1
181206,1,7,7,0.8571428571428571,4.0,1
181210,1,10,10,0.8,5.5,1
181225,1,15,15,0.7333333333333333,8.0,1
181263,1,15,15,0.7333333333333333,8.0,1
181265,1,24,24,0.9166666666666666,12.5,0
181267,1,19,19,0.5263157894736842,10.0,0
181324,1,3,3,1.0,2.0,1
181327,1,12,12,0.5,6.5,1
181330,1,5,5,0.2,3.0,1
181342,1,4,4,1.0,2.5,1
181348,1,7,7,0.5714285714285714,4.0,1
181350,1,13,13,0.46153846153846156,7.0,1
181360,1,8,8,0.375,4.5,1
181365,1,14,14,0.7857142857142857,7.5,1
181385,1,12,12,0.5833333333333334,6.5,1
181402,1,21,21,0.23809523809523808,11.0,0
181406,1,23,23,0.0,12.0,0
181443,1,5,5,1.0,3.0,1
181456,1,9,9,0.8888888888888888,5.0,1
181472,1,2,2,0.0,1.5,1
181476,1,4,4,1.0,2.5,1
181484,1,12,12,0.3333333333333333,6.5,1
181492,1,6,6,0.8333333333333334,3.5,1
181548,1,1,1,0.0,1.0,1
181552,1,10,10,0.9,5.5,1
181555,1,7,7,1.0,4.0,1
181563,2,14,14,0.2857142857142857,4.285714285714286,1
181566,2,16,16,0.75,4.5,0
181567,1,1,1,0.0,1.0,1
181574,1,23,23,0.5217391304347826,12.0,0
181596,2,12,12,0.4166666666666667,5.583333333333333,1
181630,1,2,2,0.0,1.5,1
181653,1,19,19,0.6842105263157895,10.0,0
181663,1,6,6,0.16666666666666666,3.5,1
181667,1,14,14,0.5,7.5,1
181671,1,21,21,0.7619047619047619,11.0,0
181678,1,16,16,1.0,8.5,0
181681,2,51,51,0.7450980392156863,13.372549019607844,0
181687,1,5,5,1.0,3.0,1
181691,1,10,10,0.5,5.5,1
181700,3,12,12,0.5833333333333334,2.5833333333333335,0
181719,1,23,23,0.2608695652173913,12.0,0
181729,1,11,11,0.9090909090909091,6.0,1
181747,1,5,5,1.0,3.0,1
181754,1,17,17,0.47058823529411764,9.0,0
181765,2,10,10,0.6,3.0,1
181773,1,5,5,1.0,3.0,1
181774,1,20,20,0.25,10.5,0
181778,2,13,8,0.8461538461538461,3.769230769230769,1
181787,1,14,14,0.42857142857142855,7.5,1
181791,1,16,16,0.8125,8.5,0
181796,2,6,6,0.8333333333333334,2.1666666666666665,1
181815,1,3,3,0.6666666666666666,2.0,1
181819,1,21,21,0.0,11.0,0
181833,1,10,10,0.3,5.5,1
181841,1,8,8,0.875,4.5,1
181857,1,4,4,1.0,2.5,1
181862,2,16,15,0.375,4.5,0
181873,3,19,16,0.6842105263157895,3.8947368421052633,0
181881,1,24,24,0.9583333333333334,12.5,0
181910,1,6,6,0.16666666666666666,3.5,1
181935,1,23,23,0.34782608695652173,12.0,0
181936,1,10,10,0.6,5.5,1
181942,1,1,1,1.0,1.0,1
181943,2,19,19,0.8947368421052632,5.2631578947368425,0
181944,1,10,10,1.0,5.5,1
181970,1,9,9,1.0,5.0,1
182004,1,1,1,1.0,1.0,1
182009,1,4,4,0.0,2.5,1
182020,1,3,3,0.0,2.0,1
182041,2,4,4,0.75,1.75,1
182042,1,2,2,0.5,1.5,1
182061,1,8,8,0.625,4.5,1
182067,2,24,21,0.5,6.666666666666667,0
182080,1,5,5,0.6,3.0,1
182090,1,23,23,0.34782608695652173,12.0,0
182105,1,5,5,0.2,3.0,1
182109,1,6,6,0.3333333333333333,3.5,1
182129,1,13,13,0.46153846153846156,7.0,1
182130,2,8,8,0.875,2.5,1
182159,1,2,2,0.5,1.5,1
182179,2,38,28,0.8947368421052632,10.105263157894736,0
182183,1,15,15,0.9333333333333333,8.0,1
182193,1,11,11,0.6363636363636364,6.0,1
182205,1,30,30,0.8333333333333334,15.5,0
182212,1,11,11,1.0,6.0,1
182215,1,16,16,0.875,8.5,0
182217,1,19,19,0.9473684210526315,10.0,0
182261,1,6,6,0.6666666666666666,3.5,1
182265,1,24,24,0.9166666666666666,12.5,0
182290,1,9,9,0.6666666666666666,5.0,1
182306,2,11,11,0.8181818181818182,3.8181818181818183,1
182313,1,7,7,0.5714285714285714,4.0,1
182318,1,3,3,0.0,2.0,1
182324,1,2,2,1.0,1.5,1
182325,1,3,3,0.0,2.0,1
182327,1,5,5,1.0,3.0,1
182328,1,1,1,1.0,1.0,1
182331,1,6,6,0.16666666666666666,3.5,1
182332,1,9,9,1.0,5.0,1
182345,1,14,14,0.0,7.5,1
182350,1,23,23,0.8695652173913043,12.0,0
182368,1,8,8,0.25,4.5,1
182397,1,20,20,0.6,10.5,0
182399,1,3,3,1.0,2.0,1
182455,1,20,20,0.25,10.5,0
182458,1,16,16,0.9375,8.5,0
182461,1,3,3,0.0,2.0,1
182463,1,13,13,0.7692307692307693,7.0,1
182506,1,12,12,1.0,6.5,1
182530,2,32,29,0.8125,10.03125,0
182537,1,6,6,0.5,3.5,1
182561,2,9,9,0.7777777777777778,3.0,1
182566,1,5,5,0.4,3.0,1
182574,1,7,7,0.0,4.0,1
182586,1,7,7,1.0,4.0,1
182595,1,11,11,1.0,6.0,1
182599,1,11,11,0.0,6.0,1
182612,1,12,12,0.75,6.5,1
182616,1,8,8,0.875,4.5,1
182641,1,3,3,1.0,2.0,1
182642,3,24,22,0.9583333333333334,4.625,0
182644,1,15,15,0.4666666666666667,8.0,1
182652,2,8,8,1.0,3.0,1
182658,1,4,4,1.0,2.5,1
182671,1,8,8,0.0,4.5,1
182689,2,19,19,0.6842105263157895,5.578947368421052,0
182706,1,4,4,0.75,2.5,1
182749,1,18,18,1.0,9.5,0
182757,1,4,4,0.5,2.5,1
182765,1,7,7,0.14285714285714285,4.0,1
182772,1,14,14,0.7857142857142857,7.5,1
182778,2,36,35,0.4444444444444444,10.194444444444445,0
182780,1,16,16,0.6875,8.5,0
182784,1,10,10,0.5,5.5,1
182792,1,4,4,0.5,2.5,1
182817,1,6,6,0.16666666666666666,3.5,1
182821,1,31,31,0.41935483870967744,16.0,0
182851,1,3,3,0.0,2.0,1
182912,1,8,8,0.0,4.5,1
182914,2,13,13,0.3076923076923077,3.769230769230769,1
182915,1,8,8,0.625,4.5,1
182939,1,2,2,0.0,1.5,1
182942,1,8,8,0.125,4.5,1
182949,1,2,2,1.0,1.5,1
182957,1,3,3,0.3333333333333333,2.0,1
182958,1,1,1,1.0,1.0,1
182964,1,5,5,0.6,3.0,1
183006,1,2,2,0.0,1.5,1
183022,1,2,2,0.5,1.5,1
183024,1,14,14,0.5714285714285714,7.5,1
183036,1,4,4,1.0,2.5,1
183044,1,8,8,0.375,4.5,1
183045,1,2,2,0.0,1.5,1
183051,1,25,25,0.56,13.0,0
183076,1,24,24,0.125,12.5,0
183077,1,12,12,0.75,6.5,1
183080,1,25,25,0.84,13.0,0
183117,1,6,6,0.0,3.5,1
183126,1,10,10,1.0,5.5,1
183139,1,4,4,0.75,2.5,1
183143,1,11,11,0.8181818181818182,6.0,1
183146,2,12,12,0.8333333333333334,3.8333333333333335,1
183151,2,18,16,0.8888888888888888,5.888888888888889,0
183158,1,30,30,0.6,15.5,0
183173,1,18,18,0.7222222222222222,9.5,0
183175,1,10,10,0.7,5.5,1
183176,1,6,6,0.3333333333333333,3.5,1
183181,1,13,13,0.5384615384615384,7.0,1
183267,1,3,3,0.6666666666666666,2.0,1
183286,1,13,13,0.38461538461538464,7.0,1
183288,1,9,9,0.6666666666666666,5.0,1
183299,1,18,18,1.0,9.5,0
183302,1,17,17,0.7058823529411765,9.0,0
183305,1,2,2,1.0,1.5,1
183329,1,8,8,0.75,4.5,1
183333,1,6,6,0.5,3.5,1
183334,1,15,15,0.8,8.0,1
183354,1,41,41,0.1951219512195122,21.0,0
183379,1,18,18,0.4444444444444444,9.5,0
183399,1,32,32,0.90625,16.5,0
183402,1,6,6,1.0,3.5,1
183419,1,6,6,0.0,3.5,1
183425,2,9,9,0.6666666666666666,3.0,1
183430,1,13,13,0.9230769230769231,7.0,1
183433,1,15,15,0.26666666666666666,8.0,1
183436,2,34,34,0.6470588235294118,9.117647058823529,0
183475,1,2,2,0.0,1.5,1
183489,1,5,5,1.0,3.0,1
183497,1,19,19,0.631578947368421,10.0,0
183499,1,11,11,0.8181818181818182,6.0,1
183519,2,13,13,0.5384615384615384,4.6923076923076925,1
183532,1,33,33,0.3333333333333333,17.0,0
183535,1,6,6,0.3333333333333333,3.5,1
183539,2,12,12,0.8333333333333334,3.5833333333333335,1
183546,1,11,11,0.6363636363636364,6.0,1
183550,1,7,7,0.42857142857142855,4.0,1
183552,1,17,17,0.8235294117647058,9.0,0
183565,2,8,8,0.125,3.625,1
183568,1,5,5,0.4,3.0,1
183569,1,20,20,0.8,10.5,0
183587,1,4,4,0.0,2.5,1
183595,1,2,2,1.0,1.5,1
183604,1,13,13,0.6923076923076923,7.0,1
183606,2,13,13,0.7692307692307693,3.923076923076923,1
183613,1,6,6,0.8333333333333334,3.5,1
183620,1,10,10,0.3,5.5,1
183623,1,14,14,0.7142857142857143,7.5,1
183636,1,2,2,1.0,1.5,1
183638,1,6,6,0.6666666666666666,3.5,1
183641,1,15,15,0.4666666666666667,8.0,1
183659,1,1,1,0.0,1.0,1
183663,1,6,6,0.8333333333333334,3.5,1
183670,1,11,11,0.0,6.0,1
183695,1,5,5,0.0,3.0,1
183697,1,1,1,1.0,1.0,1
183736,1,10,10,0.9,5.5,1
183742,1,7,7,0.14285714285714285,4.0,1
183765,1,15,15,0.6,8.0,1
183768,2,29,25,0.7241379310344828,7.758620689655173,0
183780,1,6,6,0.6666666666666666,3.5,1
183781,1,9,9,0.5555555555555556,5.0,1
183791,1,16,16,0.375,8.5,0
183800,1,5,5,0.0,3.0,1
183833,1,10,10,0.3,5.5,1
183836,1,13,13,0.23076923076923078,7.0,1
183838,1,9,9,1.0,5.0,1
183844,1,3,3,1.0,2.0,1
183849,1,5,5,0.8,3.0,1
183865,1,26,26,0.8846153846153846,13.5,0
183871,1,6,6,0.3333333333333333,3.5,1
183882,1,17,17,0.23529411764705882,9.0,0
183887,1,8,8,0.875,4.5,1
183890,1,3,3,0.6666666666666666,2.0,1
183906,1,5,5,0.8,3.0,1
183918,1,2,2,1.0,1.5,1
183926,1,6,6,1.0,3.5,1
183945,1,4,4,0.75,2.5,1
183953,2,27,25,0.6296296296296297,7.2592592592592595,0
183968,1,11,11,0.9090909090909091,6.0,1
183969,1,2,2,0.0,1.5,1
183971,1,7,7,0.5714285714285714,4.0,1
183972,1,5,5,0.8,3.0,1
183981,1,11,11,0.9090909090909091,6.0,1
183991,1,10,10,0.8,5.5,1
184011,1,6,6,0.8333333333333334,3.5,1
184014,1,9,9,0.8888888888888888,5.0,1
184017,1,6,6,0.6666666666666666,3.5,1
184020,1,13,13,1.0,7.0,1
184021,3,18,18,0.7222222222222222,4.555555555555555,0
184024,1,10,10,0.8,5.5,1
184027,1,10,10,0.2,5.5,1
184048,1,1,1,0.0,1.0,1
184051,1,7,7,0.8571428571428571,4.0,1
184054,1,9,9,0.8888888888888888,5.0,1
184061,1,7,7,1.0,4.0,1
184079,2,13,13,0.46153846153846156,4.6923076923076925,1
184085,1,4,4,1.0,2.5,1
184089,1,4,4,0.5,2.5,1
184091,1,14,14,0.0,7.5,1
184111,1,23,23,0.17391304347826086,12.0,0
184112,1,4,4,1.0,2.5,1
184119,1,10,10,0.9,5.5,1
184135,1,3,3,0.0,2.0,1
184175,2,11,11,0.7272727272727273,4.363636363636363,1
184183,1,2,2,1.0,1.5,1
184200,1,9,9,0.7777777777777778,5.0,1
184203,1,6,6,0.16666666666666666,3.5,1
184205,1,9,9,0.1111111111111111,5.0,1
184215,1,4,4,1.0,2.5,1
184216,1,4,4,0.75,2.5,1
184224,1,17,17,0.5882352941176471,9.0,0
184232,1,19,19,0.6842105263157895,10.0,0
184235,1,3,3,0.3333333333333333,2.0,1
184248,1,11,11,1.0,6.0,1
184251,1,4,4,1.0,2.5,1
184277,1,3,3,0.0,2.0,1
184284,1,7,7,0.42857142857142855,4.0,1
184296,1,15,15,0.7333333333333333,8.0,1
184304,1,6,6,0.5,3.5,1
184328,1,18,18,0.6666666666666666,9.5,0
184353,1,8,8,0.875,4.5,1
184355,1,4,4,0.0,2.5,1
184360,1,3,3,1.0,2.0,1
184364,1,5,5,0.2,3.0,1
184371,1,5,5,0.8,3.0,1
184382,1,11,11,0.6363636363636364,6.0,1
184385,1,24,24,0.625,12.5,0
184410,1,15,15,0.0,8.0,1
184415,1,9,9,0.4444444444444444,5.0,1
184426,1,6,6,0.8333333333333334,3.5,1
184451,1,13,13,0.9230769230769231,7.0,1
184452,1,13,13,0.0,7.0,1
184498,1,1,1,1.0,1.0,1
184501,1,4,4,1.0,2.5,1
184517,3,9,6,1.0,2.0,1
184522,1,9,9,0.0,5.0,1
184524,1,4,4,0.75,2.5,1
184536,1,5,5,1.0,3.0,1
184567,1,11,11,1.0,6.0,1
184598,1,15,15,0.6,8.0,1
184606,1,4,4,0.5,2.5,1
184607,1,15,15,0.0,8.0,1
184625,1,12,12,1.0,6.5,1
184628,1,6,6,1.0,3.5,1
184635,1,1,1,1.0,1.0,1
184658,1,7,7,1.0,4.0,1
184663,1,3,3,0.3333333333333333,2.0,1
184674,1,3,3,1.0,2.0,1
184689,1,35,35,0.0,18.0,0
184691,2,13,13,0.9230769230769231,3.769230769230769,1
184695,1,22,22,0.5909090909090909,11.5,0
184699,1,14,14,0.7857142857142857,7.5,1
184705,1,6,6,0.8333333333333334,3.5,1
184721,1,3,3,1.0,2.0,1
184723,1,10,10,0.0,5.5,1
184735,1,18,18,1.0,9.5,0
184755,1,7,7,1.0,4.0,1
184763,1,9,9,0.0,5.0,1
184769,1,20,20,0.95,10.5,0
184771,1,7,7,1.0,4.0,1
184773,1,6,6,0.16666666666666666,3.5,1
184776,1,17,17,0.8235294117647058,9.0,0
184797,1,14,14,0.7142857142857143,7.5,1
184803,1,8,8,0.0,4.5,1
184815,1,1,1,0.0,1.0,1
184837,1,13,13,0.8461538461538461,7.0,1
184851,1,20,20,0.75,10.5,0
184855,1,15,15,0.4666666666666667,8.0,1
184858,1,4,4,0.75,2.5,1
184879,1,6,6,1.0,3.5,1
184886,1,5,5,0.2,3.0,1
184913,1,10,10,0.9,5.5,1
184924,1,1,1,1.0,1.0,1
184938,1,5,5,0.8,3.0,1
184962,1,2,2,0.5,1.5,1
184971,1,24,24,0.7083333333333334,12.5,0
184972,1,5,5,0.0,3.0,1
184974,2,27,22,0.8518518518518519,8.37037037037037,0
184991,1,21,21,0.14285714285714285,11.0,0
184992,1,2,2,1.0,1.5,1
184996,1,6,6,0.0,3.5,1
184998,1,13,13,0.9230769230769231,7.0,1
185000,1,11,11,0.8181818181818182,6.0,1
185004,1,6,6,0.6666666666666666,3.5,1
185013,1,5,5,0.8,3.0,1
185023,1,1,1,1.0,1.0,1
185031,1,11,11,1.0,6.0,1
185032,1,14,14,0.7857142857142857,7.5,1
185041,1,8,8,0.125,4.5,1
185049,1,8,8,1.0,4.5,1
185050,1,22,22,0.0,11.5,0
185082,2,15,15,0.0,4.666666666666667,0
185084,2,17,17,0.47058823529411764,4.764705882352941,0
185104,1,18,18,0.8888888888888888,9.5,0
185111,1,14,14,0.5,7.5,1
185114,1,15,15,0.4,8.0,1
185128,2,25,21,0.84,7.96,0
185136,1,7,7,0.5714285714285714,4.0,1
185148,1,2,2,0.5,1.5,1
185164,1,3,3,0.0,2.0,1
185174,1,4,4,1.0,2.5,1
185178,1,13,13,0.5384615384615384,7.0,1
185187,1,11,11,0.36363636363636365,6.0,1
185196,1,2,2,0.5,1.5,1
185205,1,16,16,0.0,8.5,0
185208,1,5,5,1.0,3.0,1
185209,1,6,6,0.0,3.5,1
185230,1,3,3,1.0,2.0,1
185247,1,24,24,0.7083333333333334,12.5,0
185271,1,13,13,0.46153846153846156,7.0,1
185286,1,6,6,0.8333333333333334,3.5,1
185289,1,5,5,1.0,3.0,1
185298,1,8,8,0.625,4.5,1
185301,1,6,6,0.8333333333333334,3.5,1
185304,1,16,16,0.25,8.5,0
185318,1,5,5,1.0,3.0,1
185334,1,5,5,0.8,3.0,1
185341,1,2,2,1.0,1.5,1
185345,1,11,11,0.2727272727272727,6.0,1
185360,1,12,12,0.25,6.5,1
185363,1,5,5,0.8,3.0,1
185374,1,5,5,0.2,3.0,1
185406,2,7,7,1.0,3.142857142857143,1
185420,1,11,11,0.8181818181818182,6.0,1
185428,1,6,6,1.0,3.5,1
185432,2,32,24,0.9375,8.53125,0
185440,1,8,8,0.125,4.5,1
185441,1,10,10,0.7,5.5,1
185452,2,8,8,0.625,2.625,1
185454,1,10,10,0.8,5.5,1
185457,1,6,6,0.0,3.5,1
185460,1,10,10,0.8,5.5,1
185479,1,10,10,0.8,5.5,1
185488,1,9,9,0.6666666666666666,5.0,1
185491,1,25,25,0.76,13.0,0
185493,1,19,19,0.3157894736842105,10.0,0
185502,1,1,1,0.0,1.0,1
185516,1,21,21,0.9047619047619048,11.0,0
185517,2,17,17,0.5294117647058824,4.882352941176471,0
185524,1,4,4,0.75,2.5,1
185537,1,7,7,0.2857142857142857,4.0,1
185560,1,14,14,0.0,7.5,1
185562,1,17,17,1.0,9.0,0
185565,1,4,4,1.0,2.5,1
185576,1,7,7,0.0,4.0,1
185577,1,13,13,0.6153846153846154,7.0,1
185581,1,11,11,0.7272727272727273,6.0,1
185583,1,9,9,0.5555555555555556,5.0,1
185591,1,2,2,0.5,1.5,1
185594,2,35,35,0.6285714285714286,9.6,0
185629,1,4,4,0.25,2.5,1
185632,1,34,34,0.5588235294117647,17.5,0
185634,1,27,27,0.4444444444444444,14.0,0
185641,2,15,15,0.8,4.266666666666667,0
185677,1,7,7,1.0,4.0,1
185692,2,30,24,0.9333333333333333,10.133333333333333,0
185694,1,12,12,0.6666666666666666,6.5,1
185698,1,14,14,0.6428571428571429,7.5,1
185706,1,9,9,0.0,5.0,1
185711,1,19,19,0.3157894736842105,10.0,0
185730,1,4,4,1.0,2.5,1
185758,1,11,11,0.0,6.0,1
185763,1,12,12,0.6666666666666666,6.5,1
185769,1,8,8,0.875,4.5,1
185777,1,20,20,0.75,10.5,0
185789,1,4,4,0.0,2.5,1
185797,1,5,5,0.0,3.0,1
185801,1,6,6,0.6666666666666666,3.5,1
185804,1,1,1,0.0,1.0,1
185813,1,2,2,1.0,1.5,1
185815,1,17,17,0.7058823529411765,9.0,0
185820,1,10,10,0.0,5.5,1
185828,1,3,3,0.0,2.0,1
185843,1,9,9,0.0,5.0,1
185845,1,9,9,0.7777777777777778,5.0,1
185852,1,3,3,1.0,2.0,1
185857,1,4,4,0.25,2.5,1
185877,1,8,8,0.375,4.5,1
185884,1,6,6,0.8333333333333334,3.5,1
185894,2,7,5,1.0,2.5714285714285716,1
185919,1,35,35,0.8571428571428571,18.0,0
185953,1,3,3,0.0,2.0,1
185970,1,8,8,0.0,4.5,1
185977,1,26,26,0.11538461538461539,13.5,0
185999,1,8,8,0.5,4.5,1
186000,1,13,13,0.7692307692307693,7.0,1
186001,1,14,14,0.42857142857142855,7.5,1
186006,1,3,3,1.0,2.0,1
186009,1,15,15,0.5333333333333333,8.0,1
186021,1,8,8,1.0,4.5,1
186033,1,11,11,0.0,6.0,1
186034,1,3,3,0.0,2.0,1
186044,1,11,11,0.2727272727272727,6.0,1
186051,1,8,8,0.25,4.5,1
186053,1,10,10,0.2,5.5,1
186065,1,10,10,0.6,5.5,1
186078,1,12,12,0.4166666666666667,6.5,1
186129,2,11,11,0.8181818181818182,3.272727272727273,1
186133,1,7,7,0.2857142857142857,4.0,1
186138,1,5,5,0.8,3.0,1
186142,1,15,15,0.5333333333333333,8.0,1
186155,1,16,16,0.5625,8.5,0
186161,1,18,18,0.7777777777777778,9.5,0
186164,1,11,11,0.0,6.0,1
186214,1,3,3,0.0,2.0,1
186224,1,3,3,0.6666666666666666,2.0,1
186227,1,18,18,0.7777777777777778,9.5,0
186231,1,4,4,0.25,2.5,1
186233,1,29,29,0.8275862068965517,15.0,0
186234,1,8,8,0.875,4.5,1
186236,2,9,9,0.2222222222222222,2.7777777777777777,1
186260,2,10,7,0.8,3.4,1
186271,2,19,19,0.6842105263157895,6.315789473684211,0
186274,1,12,12,0.6666666666666666,6.5,1
186279,1,11,11,0.09090909090909091,6.0,1
186291,1,8,8,0.5,4.5,1
186331,1,20,20,1.0,10.5,0
186333,1,8,8,0.0,4.5,1
186335,1,12,12,0.8333333333333334,6.5,1
186337,1,11,11,0.8181818181818182,6.0,1
186338,1,13,13,0.7692307692307693,7.0,1
186362,1,13,13,0.15384615384615385,7.0,1
186377,1,9,9,0.8888888888888888,5.0,1
186379,1,11,11,0.6363636363636364,6.0,1
186383,1,15,15,0.26666666666666666,8.0,1
186406,1,3,3,1.0,2.0,1
186407,1,4,4,0.0,2.5,1
186408,1,4,4,0.75,2.5,1
186410,1,6,6,0.5,3.5,1
186412,1,1,1,0.0,1.0,1
186419,2,14,14,0.5714285714285714,4.071428571428571,1
186442,2,6,6,0.6666666666666666,2.1666666666666665,1
186444,1,11,11,0.8181818181818182,6.0,1
186448,1,4,4,1.0,2.5,1
186450,1,8,8,0.5,4.5,1
186453,1,4,4,1.0,2.5,1
186464,1,20,20,0.0,10.5,0
186478,1,16,16,0.9375,8.5,0
186480,1,3,3,0.6666666666666666,2.0,1
186493,1,9,9,0.7777777777777778,5.0,1
186507,1,7,7,0.8571428571428571,4.0,1
186524,2,11,11,0.18181818181818182,3.4545454545454546,1
186558,1,4,4,0.0,2.5,1
186559,1,29,29,0.6551724137931034,15.0,0
186568,1,9,9,0.0,5.0,1
186570,1,23,23,0.391304347826087,12.0,0
186576,1,13,13,0.46153846153846156,7.0,1
186595,1,7,7,0.7142857142857143,4.0,1
186597,1,8,8,0.0,4.5,1
186601,1,8,8,0.375,4.5,1
186603,1,8,8,1.0,4.5,1
186605,1,8,8,0.875,4.5,1
186610,1,6,6,1.0,3.5,1
186616,1,7,7,1.0,4.0,1
186623,1,6,6,1.0,3.5,1
186630,1,6,6,1.0,3.5,1
186648,1,18,18,0.9444444444444444,9.5,0
186663,1,6,6,0.3333333333333333,3.5,1
186666,1,2,2,1.0,1.5,1
186671,1,11,11,0.0,6.0,1
186693,1,4,4,0.0,2.5,1
186721,1,7,7,0.14285714285714285,4.0,1
186739,1,16,16,0.0,8.5,0
186747,1,8,8,0.5,4.5,1
186751,1,6,6,0.6666666666666666,3.5,1
186753,1,7,7,0.14285714285714285,4.0,1
186762,1,6,6,0.5,3.5,1
186764,1,2,2,0.0,1.5,1
186792,1,8,8,0.375,4.5,1
186815,1,1,1,1.0,1.0,1
186816,1,27,27,0.7777777777777778,14.0,0
186836,2,12,12,0.75,4.833333333333333,1
186841,1,25,25,0.68,13.0,0
186847,1,5,5,0.8,3.0,1
186854,1,4,4,0.5,2.5,1
186859,1,1,1,0.0,1.0,1
186873,1,4,4,0.75,2.5,1
186883,1,12,12,0.08333333333333333,6.5,1
186945,1,13,13,0.8461538461538461,7.0,1
186968,1,7,7,0.14285714285714285,4.0,1
186986,1,13,13,0.38461538461538464,7.0,1
187018,1,1,1,1.0,1.0,1
187020,1,12,12,0.0,6.5,1
187027,1,7,7,0.14285714285714285,4.0,1
187029,1,7,7,1.0,4.0,1
187038,1,4,4,0.5,2.5,1
187046,1,7,7,0.8571428571428571,4.0,1
187052,1,8,8,0.625,4.5,1
187056,1,13,13,1.0,7.0,1
187059,1,5,5,0.4,3.0,1
187075,1,17,17,0.7058823529411765,9.0,0
187083,1,12,12,0.8333333333333334,6.5,1
187100,1,6,6,0.5,3.5,1
187108,1,13,13,0.8461538461538461,7.0,1
187118,1,3,3,1.0,2.0,1
187156,1,2,2,1.0,1.5,1
187157,2,8,6,0.875,2.625,1
187188,1,5,5,0.4,3.0,1
187190,1,3,3,0.0,2.0,1
187191,1,9,9,0.0,5.0,1
187208,1,4,4,0.25,2.5,1
187209,1,9,9,0.5555555555555556,5.0,1
187232,1,8,8,0.625,4.5,1
187244,2,20,19,0.7,5.7,0
187247,1,22,22,0.8636363636363636,11.5,0
187261,1,2,2,1.0,1.5,1
187286,1,8,8,0.625,4.5,1
187288,1,16,16,0.4375,8.5,0
187293,1,12,12,0.5833333333333334,6.5,1
187296,1,7,7,0.7142857142857143,4.0,1
187305,1,13,13,0.9230769230769231,7.0,1
187324,1,3,3,1.0,2.0,1
187334,1,2,2,1.0,1.5,1
187335,1,12,12,0.9166666666666666,6.5,1
187362,1,6,6,1.0,3.5,1
187364,1,5,5,0.4,3.0,1
187378,1,19,19,0.9473684210526315,10.0,0
187387,1,3,3,0.3333333333333333,2.0,1
187400,1,4,4,0.75,2.5,1
187404,1,14,14,0.35714285714285715,7.5,1
187426,1,13,13,0.0,7.0,1
187431,1,10,10,0.5,5.5,1
187445,1,6,6,0.5,3.5,1
187458,1,9,9,0.8888888888888888,5.0,1
187459,1,6,6,1.0,3.5,1
187464,1,9,9,0.2222222222222222,5.0,1
187490,1,6,6,0.5,3.5,1
187500,1,1,1,0.0,1.0,1
187504,1,18,18,1.0,9.5,0
187539,1,11,11,0.6363636363636364,6.0,1
187556,1,6,6,0.5,3.5,1
187558,1,4,4,1.0,2.5,1
187560,2,29,29,0.20689655172413793,8.448275862068966,0
187567,1,7,7,0.5714285714285714,4.0,1
187572,1,12,12,0.9166666666666666,6.5,1
187585,1,24,24,0.3333333333333333,12.5,0
187589,2,37,32,0.7567567567567568,9.81081081081081,0
187599,1,3,3,0.6666666666666666,2.0,1
187605,1,4,4,1.0,2.5,1
187609,1,6,6,1.0,3.5,1
187619,1,8,8,0.25,4.5,1
187620,1,15,15,0.7333333333333333,8.0,1
187637,1,4,4,0.75,2.5,1
187653,1,14,14,0.2857142857142857,7.5,1
187657,1,17,17,0.4117647058823529,9.0,0
187665,1,13,13,1.0,7.0,1
187671,1,17,17,0.11764705882352941,9.0,0
187684,1,6,6,0.0,3.5,1
187689,1,10,10,0.9,5.5,1
187697,1,11,11,0.7272727272727273,6.0,1
187706,2,23,23,0.6521739130434783,6.521739130434782,0
187712,1,10,10,1.0,5.5,1
187724,1,1,1,1.0,1.0,1
187726,1,19,19,1.0,10.0,0
187729,1,13,13,0.15384615384615385,7.0,1
187742,1,14,14,0.8571428571428571,7.5,1
187743,1,6,6,0.0,3.5,1
187747,1,4,4,1.0,2.5,1
187750,1,12,12,0.4166666666666667,6.5,1
187753,1,3,3,0.0,2.0,1
187757,1,4,4,0.5,2.5,1
187760,1,18,18,0.6111111111111112,9.5,0
187764,2,12,10,0.75,4.25,1
187817,1,16,16,0.0,8.5,0
187825,1,3,3,0.6666666666666666,2.0,1
187843,1,10,10,0.4,5.5,1
187848,1,19,19,0.6842105263157895,10.0,0
187853,2,24,24,0.75,6.541666666666667,0
187854,1,20,20,0.7,10.5,0
187864,1,31,31,0.41935483870967744,16.0,0
187865,1,26,26,0.46153846153846156,13.5,0
187873,1,8,8,0.0,4.5,1
187900,1,10,10,0.8,5.5,1
187910,1,14,14,0.6428571428571429,7.5,1
187915,1,6,6,0.5,3.5,1
187930,1,10,10,0.9,5.5,1
187932,1,15,15,0.8,8.0,1
187952,1,9,9,0.5555555555555556,5.0,1
187966,1,2,2,0.5,1.5,1
188004,1,7,7,1.0,4.0,1
188008,1,11,11,0.8181818181818182,6.0,1
188014,1,10,10,1.0,5.5,1
188017,1,7,7,1.0,4.0,1
188020,1,13,13,0.7692307692307693,7.0,1
188031,1,1,1,0.0,1.0,1
188045,1,15,15,0.6666666666666666,8.0,1
188062,1,7,7,0.7142857142857143,4.0,1
188067,2,20,20,0.8,5.7,0
188068,1,19,19,0.10526315789473684,10.0,0
188071,1,7,7,0.7142857142857143,4.0,1
188108,1,2,2,0.0,1.5,1
188112,1,10,10,0.6,5.5,1
188138,1,5,5,0.8,3.0,1
188141,1,12,12,0.5,6.5,1
188153,1,9,9,0.0,5.0,1
188156,1,37,37,0.8918918918918919,19.0,0
188178,1,33,33,0.9696969696969697,17.0,0
188187,1,15,15,0.0,8.0,1
188192,3,14,12,0.9285714285714286,3.142857142857143,0
188194,1,8,8,0.375,4.5,1
188222,1,2,2,1.0,1.5,1
188236,1,23,23,0.6086956521739131,12.0,0
188246,1,1,1,1.0,1.0,1
188255,1,5,5,1.0,3.0,1
188259,1,15,15,0.3333333333333333,8.0,1
188264,1,13,13,0.0,7.0,1
188272,1,12,12,0.9166666666666666,6.5,1
188278,1,23,23,0.6086956521739131,12.0,0
188279,1,15,15,0.13333333333333333,8.0,1
188291,2,27,27,0.5925925925925926,7.2592592592592595,0
188300,1,23,23,0.34782608695652173,12.0,0
188307,1,4,4,0.25,2.5,1
188318,1,13,13,0.7692307692307693,7.0,1
188346,1,13,13,0.6923076923076923,7.0,1
188349,1,9,9,0.8888888888888888,5.0,1
188360,1,8,8,0.625,4.5,1
188386,1,3,3,0.0,2.0,1
188390,1,15,15,0.4666666666666667,8.0,1
188398,1,17,17,0.5882352941176471,9.0,0
188405,2,24,24,0.9166666666666666,6.541666666666667,0
188409,1,4,4,0.25,2.5,1
188413,2,15,14,0.8666666666666667,4.266666666666667,1
188417,1,5,5,0.6,3.0,1
188446,1,9,9,0.7777777777777778,5.0,1
188447,1,17,17,0.17647058823529413,9.0,0
188454,1,17,17,0.0,9.0,0
188494,1,2,2,1.0,1.5,1
188521,1,26,26,0.0,13.5,0
188525,2,10,10,1.0,3.1,1
188528,1,45,45,0.6666666666666666,23.0,0
188532,1,9,9,1.0,5.0,1
188534,2,15,14,0.6666666666666666,4.666666666666667,0
188560,1,20,20,0.0,10.5,0
188561,1,23,23,0.6521739130434783,12.0,0
188562,1,2,2,0.5,1.5,1
188587,1,20,20,0.15,10.5,0
188598,1,19,19,0.2631578947368421,10.0,0
188602,1,4,4,0.25,2.5,1
188603,1,5,5,0.0,3.0,1
188608,1,24,24,0.0,12.5,0
188633,1,1,1,0.0,1.0,1
188635,1,11,11,0.0,6.0,1
188659,1,7,7,1.0,4.0,1
188671,1,13,13,0.3076923076923077,7.0,1
188677,2,40,37,0.575,15.4,0
188687,2,22,22,0.8636363636363636,6.0,0
188715,1,1,1,0.0,1.0,1
188727,2,26,24,0.8461538461538461,7.961538461538462,0
188741,1,12,12,0.4166666666666667,6.5,1
188750,1,2,2,1.0,1.5,1
188776,1,20,20,0.9,10.5,0
188781,1,10,10,1.0,5.5,1
188782,1,10,10,0.1,5.5,1
188792,1,19,19,0.2631578947368421,10.0,0
188839,1,24,24,0.7083333333333334,12.5,0
188841,1,9,9,0.3333333333333333,5.0,1
188860,1,2,2,1.0,1.5,1
188924,1,6,6,0.0,3.5,1
188973,1,11,11,0.36363636363636365,6.0,1
188977,1,21,21,0.7142857142857143,11.0,0
188982,1,12,12,0.8333333333333334,6.5,1
188998,2,26,26,0.8461538461538461,9.461538461538462,0
189003,1,4,4,0.75,2.5,1
189015,1,6,6,0.8333333333333334,3.5,1
189025,1,15,15,0.9333333333333333,8.0,1
189034,1,6,6,0.8333333333333334,3.5,1
189051,1,9,9,0.5555555555555556,5.0,1
189062,1,8,8,0.75,4.5,1
189063,1,14,14,0.35714285714285715,7.5,1
189078,1,3,3,0.6666666666666666,2.0,1
189089,2,14,14,0.42857142857142855,4.285714285714286,1
189099,1,2,2,0.0,1.5,1
189109,1,24,24,0.375,12.5,0
189116,1,33,33,0.7878787878787878,17.0,0
189125,1,5,5,0.8,3.0,1
189134,1,12,12,0.75,6.5,1
189144,1,26,26,0.8076923076923077,13.5,0
189157,1,11,11,0.09090909090909091,6.0,1
189175,1,20,20,0.3,10.5,0
189187,1,6,6,0.3333333333333333,3.5,1
189220,1,13,13,1.0,7.0,1
189234,1,7,7,0.42857142857142855,4.0,1
189237,1,6,6,0.3333333333333333,3.5,1
189246,1,14,14,0.9285714285714286,7.5,1
189247,1,12,12,0.3333333333333333,6.5,1
189258,1,23,23,0.5652173913043478,12.0,0
189274,1,9,9,0.7777777777777778,5.0,1
189282,1,8,8,0.0,4.5,1
189297,1,6,6,1.0,3.5,1
189302,1,12,12,0.6666666666666666,6.5,1
189304,1,5,5,0.8,3.0,1
189312,1,8,8,0.125,4.5,1
189315,1,2,2,0.0,1.5,1
189319,1,15,15,0.5333333333333333,8.0,1
189336,1,17,17,0.058823529411764705,9.0,0
189337,1,2,2,0.5,1.5,1
189338,1,9,9,0.0,5.0,1
189348,1,1,1,0.0,1.0,1
189351,2,5,5,0.4,1.8,1
189365,1,20,20,0.05,10.5,0
189367,1,6,6,0.16666666666666666,3.5,1
189401,1,33,33,0.0,17.0,0
189402,1,16,16,0.25,8.5,0
189408,1,17,17,1.0,9.0,0
189409,1,5,5,0.0,3.0,1
189413,1,23,23,0.6086956521739131,12.0,0
189424,1,21,21,0.38095238095238093,11.0,0
189427,1,26,26,0.9230769230769231,13.5,0
189430,1,1,1,1.0,1.0,1
189438,1,22,22,0.9545454545454546,11.5,0
189460,1,10,10,0.9,5.5,1
189471,1,1,1,1.0,1.0,1
189496,1,4,4,0.75,2.5,1
189499,1,7,7,0.7142857142857143,4.0,1
189500,1,5,5,0.2,3.0,1
189531,1,6,6,0.0,3.5,1
189545,1,8,8,0.75,4.5,1
189546,1,11,11,1.0,6.0,1
189552,1,19,19,0.6842105263157895,10.0,0
189557,1,9,9,1.0,5.0,1
189560,1,1,1,1.0,1.0,1
189565,1,6,6,0.6666666666666666,3.5,1
189576,1,10,10,0.6,5.5,1
189632,1,13,13,0.6923076923076923,7.0,1
189640,1,33,33,0.45454545454545453,17.0,0
189641,1,6,6,0.6666666666666666,3.5,1
189651,1,9,9,0.3333333333333333,5.0,1
189669,1,13,13,0.46153846153846156,7.0,1
189696,1,1,1,0.0,1.0,1
189737,1,11,11,0.9090909090909091,6.0,1
189753,1,4,4,0.5,2.5,1
189762,1,2,2,1.0,1.5,1
189766,1,1,1,1.0,1.0,1
189782,1,7,7,0.7142857142857143,4.0,1
189808,1,15,15,0.6666666666666666,8.0,1
189829,1,16,16,0.375,8.5,0
189831,1,1,1,1.0,1.0,1
189838,1,3,3,1.0,2.0,1
189858,1,12,12,1.0,6.5,1
189870,1,23,23,0.782608695652174,12.0,0
189925,1,2,2,1.0,1.5,1
189943,1,7,7,0.2857142857142857,4.0,1
189949,1,17,17,0.0,9.0,0
189954,1,15,15,0.4666666666666667,8.0,1
189955,1,13,13,0.6923076923076923,7.0,1
189974,1,8,8,0.875,4.5,1
189993,1,19,19,0.7368421052631579,10.0,0
190024,1,28,28,0.42857142857142855,14.5,0
190054,1,10,10,0.0,5.5,1
190055,1,6,6,0.5,3.5,1
190059,1,2,2,0.0,1.5,1
190098,1,21,21,0.5238095238095238,11.0,0
190103,1,10,10,0.5,5.5,1
190126,1,4,4,1.0,2.5,1
190132,1,7,7,0.8571428571428571,4.0,1
190133,1,5,5,1.0,3.0,1
190158,1,15,15,0.9333333333333333,8.0,1
190162,1,21,21,0.3333333333333333,11.0,0
190181,1,9,9,0.8888888888888888,5.0,1
190184,1,9,9,0.7777777777777778,5.0,1
190205,1,13,13,0.8461538461538461,7.0,1
190207,2,54,54,0.9444444444444444,14.074074074074074,0
190230,1,14,14,0.2857142857142857,7.5,1
190231,1,4,4,0.75,2.5,1
190232,1,6,6,0.0,3.5,1
190234,1,2,2,1.0,1.5,1
190239,1,26,26,0.07692307692307693,13.5,0
190248,1,2,2,0.5,1.5,1
190269,1,14,14,1.0,7.5,1
190294,1,2,2,0.0,1.5,1
190301,1,2,2,1.0,1.5,1
190310,1,9,9,0.3333333333333333,5.0,1
190318,1,17,17,0.0,9.0,0
190321,1,4,4,0.5,2.5,1
190322,2,22,22,0.6363636363636364,6.045454545454546,0
190326,1,4,4,1.0,2.5,1
190338,1,8,8,0.0,4.5,1
190339,1,15,15,0.5333333333333333,8.0,1
190349,1,15,15,0.9333333333333333,8.0,1
190389,1,4,4,0.5,2.5,1
190391,1,7,7,0.42857142857142855,4.0,1
190409,1,18,18,1.0,9.5,0
190414,1,10,10,0.9,5.5,1
190416,1,4,4,0.5,2.5,1
190428,1,1,1,1.0,1.0,1
190431,1,5,5,1.0,3.0,1
190433,1,7,7,0.8571428571428571,4.0,1
190445,1,6,6,1.0,3.5,1
190463,2,33,33,0.8787878787878788,10.030303030303031,0
190474,1,1,1,1.0,1.0,1
190496,1,2,2,0.0,1.5,1
190502,1,9,9,0.4444444444444444,5.0,1
190516,2,7,7,1.0,2.5714285714285716,1
190519,1,4,4,1.0,2.5,1
190529,1,2,2,0.0,1.5,1
190542,2,34,32,0.6764705882352942,10.882352941176471,0
190558,1,1,1,0.0,1.0,1
190560,1,3,3,1.0,2.0,1
190561,1,11,11,0.6363636363636364,6.0,1
190581,1,7,7,0.7142857142857143,4.0,1
190584,1,8,8,0.375,4.5,1
190592,1,16,16,0.875,8.5,0
190593,1,17,17,0.35294117647058826,9.0,0
190599,2,13,13,0.6923076923076923,3.769230769230769,1
190615,1,6,6,1.0,3.5,1
190652,1,13,13,0.5384615384615384,7.0,1
190662,1,2,2,0.0,1.5,1
190667,1,7,7,0.7142857142857143,4.0,1
190670,1,4,4,0.0,2.5,1
190673,1,11,11,0.5454545454545454,6.0,1
190678,1,2,2,0.5,1.5,1
190688,1,10,10,0.4,5.5,1
190709,1,3,3,1.0,2.0,1
190713,1,6,6,0.6666666666666666,3.5,1
190726,1,5,5,0.6,3.0,1
190732,1,2,2,1.0,1.5,1
190736,1,43,43,0.9302325581395349,22.0,0
190742,1,22,22,0.8636363636363636,11.5,0
190746,1,6,6,0.8333333333333334,3.5,1
190761,1,17,17,0.29411764705882354,9.0,0
190797,1,7,7,0.8571428571428571,4.0,1
190813,1,3,3,0.6666666666666666,2.0,1
190816,1,6,6,0.6666666666666666,3.5,1
190853,1,6,6,0.6666666666666666,3.5,1
190854,1,20,20,0.45,10.5,0
190870,1,5,5,0.2,3.0,1
190883,2,20,14,0.8,5.95,0
190898,1,15,15,1.0,8.0,1
190899,1,4,4,0.5,2.5,1
190923,1,16,16,1.0,8.5,0
190930,2,30,30,0.9333333333333333,10.7,0
190937,1,11,11,0.9090909090909091,6.0,1
190945,1,7,7,0.2857142857142857,4.0,1
190953,1,5,5,0.8,3.0,1
190964,1,16,16,0.5,8.5,0
190990,1,3,3,0.0,2.0,1
190994,1,5,5,0.4,3.0,1
191003,1,9,9,0.0,5.0,1
191025,1,9,9,0.3333333333333333,5.0,1
191042,1,6,6,0.3333333333333333,3.5,1
191054,1,12,12,1.0,6.5,1
191063,1,15,15,0.13333333333333333,8.0,1
191064,1,26,26,0.8076923076923077,13.5,0
191070,1,11,11,0.09090909090909091,6.0,1
191084,1,5,5,0.0,3.0,1
191102,1,12,12,0.25,6.5,1
191106,1,8,8,0.75,4.5,1
191112,1,3,3,0.6666666666666666,2.0,1
191124,1,15,15,0.9333333333333333,8.0,1
191131,1,6,6,0.3333333333333333,3.5,1
191132,1,4,4,0.5,2.5,1
191140,1,5,5,0.8,3.0,1
191170,1,3,3,0.6666666666666666,2.0,1
191181,1,1,1,0.0,1.0,1
191185,1,18,18,0.2222222222222222,9.5,0
191191,1,9,9,0.4444444444444444,5.0,1
191198,1,5,5,0.6,3.0,1
191199,1,11,11,0.9090909090909091,6.0,1
191233,2,11,11,0.45454545454545453,3.272727272727273,1
191242,1,14,14,0.0,7.5,1
191250,1,31,31,0.7741935483870968,16.0,0
191277,1,9,9,0.6666666666666666,5.0,1
191278,1,13,13,0.9230769230769231,7.0,1
191280,1,6,6,0.6666666666666666,3.5,1
191283,1,4,4,0.25,2.5,1
191299,1,6,6,0.8333333333333334,3.5,1
191301,1,26,26,0.9230769230769231,13.5,0
191302,1,11,11,0.8181818181818182,6.0,1
191318,1,5,5,1.0,3.0,1
191319,1,15,15,0.4666666666666667,8.0,1
191324,1,10,10,0.7,5.5,1
191326,1,24,24,0.7083333333333334,12.5,0
191334,3,70,60,0.7857142857142857,15.4,0
191343,1,11,11,0.2727272727272727,6.0,1
191375,1,2,2,0.5,1.5,1
191377,1,14,14,0.21428571428571427,7.5,1
191381,1,7,7,0.42857142857142855,4.0,1
191383,1,11,11,0.45454545454545453,6.0,1
191401,2,10,10,0.4,3.1,1
191410,2,10,10,0.8,4.6,1
191447,1,12,12,1.0,6.5,1
191460,1,29,29,0.3793103448275862,15.0,0
191465,2,19,16,1.0,5.578947368421052,0
191489,1,11,11,0.6363636363636364,6.0,1
191511,2,38,37,0.8157894736842105,10.657894736842104,0
191528,1,1,1,1.0,1.0,1
191535,1,7,7,0.0,4.0,1
191571,1,7,7,0.8571428571428571,4.0,1
191593,1,15,15,0.4,8.0,1
191597,1,5,5,0.6,3.0,1
191605,1,12,12,0.5,6.5,1
191631,2,24,24,0.375,6.875,0
191672,3,33,31,0.7878787878787878,6.393939393939394,0
191675,1,3,3,0.6666666666666666,2.0,1
191704,1,6,6,0.6666666666666666,3.5,1
191710,1,2,2,1.0,1.5,1
191711,1,19,19,0.9473684210526315,10.0,0
191715,1,8,8,1.0,4.5,1
191729,1,8,8,0.0,4.5,1
191750,1,19,19,0.7894736842105263,10.0,0
191755,1,23,23,0.8260869565217391,12.0,0
191762,1,18,18,0.5,9.5,0
191763,1,19,19,0.47368421052631576,10.0,0
191767,1,2,2,1.0,1.5,1
191773,1,13,13,0.0,7.0,1
191811,1,7,7,1.0,4.0,1
191814,1,8,8,0.375,4.5,1
191817,1,11,11,0.2727272727272727,6.0,1
191821,1,15,15,0.9333333333333333,8.0,1
191838,1,4,4,0.0,2.5,1
191847,1,2,2,0.0,1.5,1
191853,1,6,6,1.0,3.5,1
191876,1,9,9,0.3333333333333333,5.0,1
191877,1,14,14,0.5714285714285714,7.5,1
191886,2,3,3,0.3333333333333333,1.3333333333333333,1
191890,1,13,13,0.15384615384615385,7.0,1
191894,1,14,14,0.0,7.5,1
191912,2,11,10,0.7272727272727273,3.272727272727273,1
191916,1,13,13,1.0,7.0,1
191934,1,12,12,0.6666666666666666,6.5,1
191937,1,20,20,0.0,10.5,0
191950,1,11,11,0.9090909090909091,6.0,1
191959,1,3,3,0.0,2.0,1
191961,1,9,9,0.5555555555555556,5.0,1
191962,1,14,14,0.42857142857142855,7.5,1
191973,1,6,6,0.16666666666666666,3.5,1
192010,1,9,9,0.1111111111111111,5.0,1
192015,1,9,9,0.3333333333333333,5.0,1
192029,1,10,10,0.6,5.5,1
192056,1,6,6,0.16666666666666666,3.5,1
192059,1,2,2,0.5,1.5,1
192073,1,45,45,0.4222222222222222,23.0,0
192081,1,10,10,0.2,5.5,1
192083,3,42,37,0.9523809523809523,7.666666666666667,0
192122,1,2,2,0.5,1.5,1
192127,1,14,14,1.0,7.5,1
192128,1,6,6,0.5,3.5,1
192130,1,6,6,0.0,3.5,1
192144,1,20,20,0.45,10.5,0
192171,1,16,16,0.4375,8.5,0
192194,1,5,5,0.8,3.0,1
192210,1,2,2,1.0,1.5,1
192223,1,11,11,0.7272727272727273,6.0,1
192245,1,2,2,1.0,1.5,1
192264,1,3,3,0.6666666666666666,2.0,1
192267,1,24,24,0.5,12.5,0
192287,1,38,38,1.0,19.5,0
192347,1,9,9,0.4444444444444444,5.0,1
192372,1,13,13,0.0,7.0,1
192382,1,5,5,0.2,3.0,1
192396,1,23,23,0.7391304347826086,12.0,0
192398,1,26,26,0.8846153846153846,13.5,0
192430,1,12,12,0.25,6.5,1
192439,1,17,17,0.9411764705882353,9.0,0
192444,2,14,14,0.9285714285714286,4.285714285714286,1
192485,1,7,7,1.0,4.0,1
192507,1,3,3,0.3333333333333333,2.0,1
192550,1,7,7,0.42857142857142855,4.0,1
192551,1,10,10,0.7,5.5,1
192552,1,14,14,0.6428571428571429,7.5,1
192589,1,5,5,0.6,3.0,1
192596,3,9,9,0.6666666666666666,2.4444444444444446,1
192612,1,9,9,0.5555555555555556,5.0,1
192626,1,19,19,0.47368421052631576,10.0,0
192631,1,4,4,0.25,2.5,1
192647,1,1,1,1.0,1.0,1
192657,1,14,14,0.14285714285714285,7.5,1
192672,1,5,5,0.8,3.0,1
192691,2,2,2,0.0,1.0,1
192692,1,4,4,1.0,2.5,1
192695,1,2,2,1.0,1.5,1
192698,1,9,9,0.4444444444444444,5.0,1
192725,1,9,9,0.8888888888888888,5.0,1
192727,1,6,6,0.0,3.5,1
192734,2,34,28,0.7352941176470589,10.058823529411764,0
192747,1,17,17,0.7647058823529411,9.0,0
192752,1,4,4,1.0,2.5,1
192756,1,18,18,0.1111111111111111,9.5,0
192795,2,4,4,0.75,1.75,1
192803,2,14,14,0.7857142857142857,4.071428571428571,1
192812,1,6,6,0.6666666666666666,3.5,1
192816,1,9,9,0.7777777777777778,5.0,1
192819,1,14,14,0.21428571428571427,7.5,1
192821,1,4,4,0.25,2.5,1
192831,1,28,28,1.0,14.5,0
192836,1,16,16,0.3125,8.5,0
192868,1,2,2,0.5,1.5,1
192906,1,9,9,0.6666666666666666,5.0,1
192932,1,12,12,0.5833333333333334,6.5,1
192934,1,7,7,0.5714285714285714,4.0,1
192948,1,13,13,0.8461538461538461,7.0,1
192953,1,17,17,0.5882352941176471,9.0,0
192962,1,10,10,0.0,5.5,1
192963,1,5,5,0.0,3.0,1
192971,1,13,13,0.0,7.0,1
192992,1,3,3,1.0,2.0,1
193003,1,4,4,0.75,2.5,1
193008,1,2,2,0.0,1.5,1
193012,3,16,15,0.6875,3.75,0
193016,1,15,15,1.0,8.0,1
193056,2,46,40,0.9782608695652174,13.065217391304348,0
193063,1,5,5,0.0,3.0,1
193074,1,4,4,0.5,2.5,1
193075,1,7,7,0.0,4.0,1
193089,1,6,6,0.3333333333333333,3.5,1
193090,1,8,8,0.125,4.5,1
193104,2,17,17,0.6470588235294118,5.117647058823529,0
193111,1,10,10,0.8,5.5,1
193112,1,16,16,0.8125,8.5,0
193125,1,5,5,0.4,3.0,1
193126,1,3,3,1.0,2.0,1
193164,2,18,13,1.0,5.055555555555555,0
193173,1,20,20,0.65,10.5,0
193177,1,16,16,0.9375,8.5,0
193181,1,4,4,0.25,2.5,1
193189,1,17,17,0.47058823529411764,9.0,0
193200,1,15,15,0.0,8.0,1
193210,1,6,6,0.16666666666666666,3.5,1
193212,1,18,18,0.5,9.5,0
193223,2,36,36,0.4444444444444444,9.944444444444445,0
193226,1,6,6,0.6666666666666666,3.5,1
193232,1,1,1,0.0,1.0,1
193236,1,6,6,0.0,3.5,1
193238,1,8,8,1.0,4.5,1
193263,1,24,24,0.7083333333333334,12.5,0
193268,1,25,25,0.8,13.0,0
193273,1,24,24,0.4583333333333333,12.5,0
193282,1,33,33,0.8484848484848485,17.0,0
193321,1,8,8,0.875,4.5,1
193347,1,2,2,0.5,1.5,1
193352,1,14,14,0.5,7.5,1
193369,1,10,10,1.0,5.5,1
193372,1,11,11,0.7272727272727273,6.0,1
193382,1,9,9,0.8888888888888888,5.0,1
193397,1,5,5,0.8,3.0,1
193398,1,9,9,1.0,5.0,1
193408,1,4,4,1.0,2.5,1
193442,1,3,3,1.0,2.0,1
193446,1,12,12,0.0,6.5,1
193451,1,15,15,0.7333333333333333,8.0,1
193453,1,18,18,0.5555555555555556,9.5,0
193461,1,4,4,0.0,2.5,1
193462,1,16,16,0.1875,8.5,0
193480,1,2,2,0.0,1.5,1
193481,1,20,20,0.7,10.5,0
193488,1,9,9,0.8888888888888888,5.0,1
193508,1,5,5,0.6,3.0,1
193521,1,4,4,1.0,2.5,1
193535,1,18,18,0.0,9.5,0
193539,1,5,5,0.6,3.0,1
193549,1,7,7,0.42857142857142855,4.0,1
193550,1,13,13,0.6923076923076923,7.0,1
193551,1,8,8,0.625,4.5,1
193557,1,2,2,1.0,1.5,1
193562,1,8,8,0.875,4.5,1
193591,1,3,3,0.6666666666666666,2.0,1
193602,1,28,28,0.6071428571428571,14.5,0
193606,2,43,36,0.7441860465116279,11.255813953488373,0
193626,1,11,11,0.18181818181818182,6.0,1
193635,1,3,3,0.0,2.0,1
193653,2,24,23,0.375,8.541666666666666,0
193672,1,5,5,1.0,3.0,1
193676,1,6,6,1.0,3.5,1
193686,1,7,7,0.2857142857142857,4.0,1
193689,1,11,11,0.0,6.0,1
193700,1,12,12,0.8333333333333334,6.5,1
193730,1,3,3,1.0,2.0,1
193748,1,8,8,0.875,4.5,1
193777,1,9,9,0.6666666666666666,5.0,1
193784,1,1,1,1.0,1.0,1
193796,1,19,19,0.6842105263157895,10.0,0
193798,1,7,7,0.2857142857142857,4.0,1
193808,1,15,15,1.0,8.0,1
193815,2,9,8,1.0,3.4444444444444446,1
193817,1,6,6,0.6666666666666666,3.5,1
193819,1,2,2,0.0,1.5,1
193842,1,10,10,0.2,5.5,1
193843,1,6,6,1.0,3.5,1
193844,1,25,25,0.0,13.0,0
193852,1,3,3,1.0,2.0,1
193873,1,6,6,1.0,3.5,1
193876,1,14,14,0.6428571428571429,7.5,1
193879,1,16,16,0.75,8.5,0
193905,2,16,15,0.375,4.5625,0
193909,1,16,16,0.5625,8.5,0
193914,1,5,5,0.4,3.0,1
193919,1,8,8,1.0,4.5,1
193938,1,7,7,1.0,4.0,1
193939,1,7,7,0.8571428571428571,4.0,1
193962,1,15,15,0.13333333333333333,8.0,1
193963,1,24,24,0.3333333333333333,12.5,0
193971,1,3,3,0.6666666666666666,2.0,1
193972,1,11,11,0.36363636363636365,6.0,1
193977,1,47,47,0.6595744680851063,24.0,0
193980,1,19,19,0.7894736842105263,10.0,0
193981,1,7,7,0.42857142857142855,4.0,1
194012,1,24,24,0.5416666666666666,12.5,0
194023,1,24,24,0.125,12.5,0
194025,1,3,3,0.3333333333333333,2.0,1
194026,2,33,33,0.48484848484848486,8.93939393939394,0
194031,1,16,16,1.0,8.5,0
194040,1,1,1,1.0,1.0,1
194042,1,7,7,0.8571428571428571,4.0,1
194044,1,18,18,0.2222222222222222,9.5,0
194072,1,8,8,0.125,4.5,1
194075,1,8,8,0.25,4.5,1
194081,1,6,6,0.3333333333333333,3.5,1
194089,1,10,10,0.6,5.5,1
194109,2,21,20,0.9523809523809523,5.857142857142857,0
194112,1,3,3,1.0,2.0,1
194118,1,19,19,0.42105263157894735,10.0,0
194128,1,16,16,0.4375,8.5,0
194132,1,3,3,0.6666666666666666,2.0,1
194162,1,14,14,1.0,7.5,1
194166,1,2,2,1.0,1.5,1
194173,1,10,10,0.6,5.5,1
194178,1,13,13,0.38461538461538464,7.0,1
194187,1,16,16,0.75,8.5,0
194216,1,6,6,0.16666666666666666,3.5,1
194218,1,26,26,0.07692307692307693,13.5,0
194230,1,4,4,0.0,2.5,1
194232,1,24,24,0.9166666666666666,12.5,0
194290,1,2,2,0.5,1.5,1
194301,1,5,5,0.4,3.0,1
194309,1,3,3,0.6666666666666666,2.0,1
194310,1,2,2,1.0,1.5,1
194316,1,9,9,0.6666666666666666,5.0,1
194339,1,9,9,0.5555555555555556,5.0,1
194370,1,9,9,0.4444444444444444,5.0,1
194375,1,17,17,0.7058823529411765,9.0,0
194394,1,5,5,1.0,3.0,1
194400,1,14,14,0.35714285714285715,7.5,1
194401,1,12,12,0.5,6.5,1
194408,1,14,14,0.42857142857142855,7.5,1
194440,2,7,5,1.0,2.2857142857142856,1
194445,1,2,2,0.0,1.5,1
194466,1,7,7,0.14285714285714285,4.0,1
194491,1,14,14,0.07142857142857142,7.5,1
194495,2,10,8,0.7,3.9,1
194499,1,6,6,0.3333333333333333,3.5,1
194503,1,25,25,0.76,13.0,0
194505,1,13,13,0.6153846153846154,7.0,1
194507,1,13,13,0.6153846153846154,7.0,1
194533,1,15,15,0.6,8.0,1
194559,1,8,8,0.875,4.5,1
194562,1,23,23,0.6086956521739131,12.0,0
194567,1,3,3,0.6666666666666666,2.0,1
194573,1,15,15,0.7333333333333333,8.0,1
194575,1,13,13,0.5384615384615384,7.0,1
194587,1,7,7,1.0,4.0,1
194605,1,5,5,1.0,3.0,1
194615,1,9,9,1.0,5.0,1
194618,1,7,7,0.0,4.0,1
194620,1,18,18,0.9444444444444444,9.5,0
194628,2,24,24,0.4166666666666667,7.166666666666667,0
194629,1,5,5,0.6,3.0,1
194639,1,11,11,0.36363636363636365,6.0,1
194653,1,6,6,0.6666666666666666,3.5,1
194661,1,7,7,0.8571428571428571,4.0,1
194685,1,4,4,0.0,2.5,1
194704,1,17,17,0.0,9.0,0
194708,1,18,18,0.3333333333333333,9.5,0
194744,1,13,13,0.7692307692307693,7.0,1
194758,2,24,20,0.7916666666666666,7.541666666666667,0
194762,1,1,1,1.0,1.0,1
194799,1,14,14,0.7857142857142857,7.5,1
194805,1,9,9,0.4444444444444444,5.0,1
194812,1,2,2,0.5,1.5,1
194824,1,2,2,0.0,1.5,1
194831,1,9,9,0.3333333333333333,5.0,1
194861,1,9,9,0.0,5.0,1
194864,1,20,20,0.35,10.5,0
194896,1,12,12,0.0,6.5,1
194899,1,6,6,0.6666666666666666,3.5,1
194902,1,2,2,1.0,1.5,1
194906,1,7,7,0.2857142857142857,4.0,1
194908,1,22,22,0.2727272727272727,11.5,0
194914,1,15,15,0.3333333333333333,8.0,1
194917,1,4,4,0.0,2.5,1
194925,1,2,2,1.0,1.5,1
194931,1,6,6,1.0,3.5,1
194934,1,11,11,0.9090909090909091,6.0,1
194935,1,11,11,0.45454545454545453,6.0,1
194943,2,12,12,0.08333333333333333,4.833333333333333,1
194956,1,16,16,0.4375,8.5,0
194964,1,5,5,1.0,3.0,1
194974,1,12,12,0.5833333333333334,6.5,1
194995,1,13,13,0.8461538461538461,7.0,1
195040,1,4,4,1.0,2.5,1
195043,1,7,7,0.7142857142857143,4.0,1
195071,1,11,11,1.0,6.0,1
195080,1,15,15,1.0,8.0,1
195096,1,2,2,0.5,1.5,1
195112,1,13,13,0.3076923076923077,7.0,1
195126,1,4,4,0.25,2.5,1
195138,1,21,21,0.047619047619047616,11.0,0
195142,1,13,13,0.8461538461538461,7.0,1
195147,1,10,10,0.7,5.5,1
195148,1,3,3,0.6666666666666666,2.0,1
195168,1,8,8,1.0,4.5,1
195172,1,3,3,0.0,2.0,1
195186,1,8,8,1.0,4.5,1
195187,1,5,5,0.4,3.0,1
195228,1,10,10,1.0,5.5,1
195229,1,4,4,0.0,2.5,1
195237,1,11,11,1.0,6.0,1
195253,2,10,10,1.0,3.1,1
195259,1,6,6,0.0,3.5,1
195268,1,12,12,0.6666666666666666,6.5,1
195289,1,15,15,0.4,8.0,1
195304,1,9,9,0.5555555555555556,5.0,1
195323,1,2,2,1.0,1.5,1
195331,1,3,3,0.6666666666666666,2.0,1
195377,1,4,4,0.75,2.5,1
195391,1,10,10,0.1,5.5,1
195392,1,3,3,0.6666666666666666,2.0,1
195399,1,20,20,0.95,10.5,0
195423,1,6,6,0.0,3.5,1
195426,1,6,6,0.6666666666666666,3.5,1
195443,2,9,8,0.8888888888888888,3.0,1
195444,1,1,1,0.0,1.0,1
195456,1,9,9,0.7777777777777778,5.0,1
195472,1,1,1,0.0,1.0,1
195485,1,1,1,0.0,1.0,1
195500,1,22,22,0.8181818181818182,11.5,0
195543,1,4,4,0.75,2.5,1
195560,1,20,20,0.95,10.5,0
195586,1,5,5,0.2,3.0,1
195608,1,4,4,1.0,2.5,1
195613,1,11,11,0.2727272727272727,6.0,1
195650,1,8,8,1.0,4.5,1
195657,1,26,26,0.8461538461538461,13.5,0
195673,1,22,22,0.3181818181818182,11.5,0
195683,1,7,7,0.2857142857142857,4.0,1
195701,1,8,8,0.25,4.5,1
195705,1,7,7,0.7142857142857143,4.0,1
195709,1,7,7,0.0,4.0,1
195734,1,10,10,0.7,5.5,1
195738,1,3,3,1.0,2.0,1
195760,1,8,8,0.375,4.5,1
195762,1,13,13,0.9230769230769231,7.0,1
195769,1,16,16,0.0,8.5,0
195804,1,6,6,1.0,3.5,1
195811,1,7,7,1.0,4.0,1
195841,1,2,2,1.0,1.5,1
195846,1,15,15,0.6,8.0,1
195868,1,14,14,0.9285714285714286,7.5,1
195877,1,21,21,0.6190476190476191,11.0,0
195878,1,3,3,0.3333333333333333,2.0,1
195889,1,14,14,0.8571428571428571,7.5,1
195892,1,11,11,0.5454545454545454,6.0,1
195901,1,6,6,0.3333333333333333,3.5,1
195916,1,12,12,0.5,6.5,1
195922,1,6,6,0.3333333333333333,3.5,1
195928,1,30,30,0.43333333333333335,15.5,0
195941,1,10,10,0.2,5.5,1
195978,1,18,18,0.8888888888888888,9.5,0
196002,1,12,12,1.0,6.5,1
196015,1,6,6,0.16666666666666666,3.5,1
196028,1,12,12,0.5,6.5,1
196038,1,9,9,0.7777777777777778,5.0,1
196043,1,8,8,1.0,4.5,1
196055,1,5,5,0.6,3.0,1
196057,1,2,2,0.5,1.5,1
196065,1,3,3,0.6666666666666666,2.0,1
196072,2,2,2,1.0,1.0,1
196075,1,8,8,0.25,4.5,1
196080,2,30,30,0.7666666666666667,8.0,0
196082,2,7,7,0.14285714285714285,3.142857142857143,1
196088,1,29,29,0.1724137931034483,15.0,0
196099,2,10,10,0.6,3.4,1
196104,1,8,8,0.375,4.5,1
196122,2,25,25,0.76,6.76,0
196132,1,24,24,0.375,12.5,0
196148,2,15,14,0.8666666666666667,5.066666666666666,0
196163,1,5,5,0.8,3.0,1
196174,2,22,22,0.45454545454545453,7.136363636363637,0
196177,1,3,3,0.0,2.0,1
196185,1,21,21,0.0,11.0,0
196204,1,4,4,1.0,2.5,1
196208,1,3,3,0.3333333333333333,2.0,1
196209,1,14,14,0.5,7.5,1
196224,3,12,11,0.9166666666666666,3.0833333333333335,0
196227,1,20,20,0.4,10.5,0
196239,1,2,2,1.0,1.5,1
196271,2,56,47,0.6964285714285714,14.785714285714286,0
196296,1,16,16,0.0,8.5,0
196307,1,4,4,0.25,2.5,1
196314,1,9,9,0.4444444444444444,5.0,1
196317,1,12,12,0.6666666666666666,6.5,1
196331,1,3,3,1.0,2.0,1
196341,1,11,11,0.0,6.0,1
196344,1,13,13,0.9230769230769231,7.0,1
196355,1,6,6,1.0,3.5,1
196369,1,1,1,1.0,1.0,1
196396,1,2,2,1.0,1.5,1
196408,1,15,15,0.6666666666666666,8.0,1
196415,1,7,7,1.0,4.0,1
196418,1,20,20,0.9,10.5,0
196421,1,13,13,0.8461538461538461,7.0,1
196423,1,9,9,0.5555555555555556,5.0,1
196436,1,21,21,0.42857142857142855,11.0,0
196456,1,3,3,1.0,2.0,1
196472,1,16,16,0.8125,8.5,0
196481,1,10,10,0.3,5.5,1
196488,1,12,12,0.4166666666666667,6.5,1
196504,1,6,6,0.0,3.5,1
196518,1,11,11,0.6363636363636364,6.0,1
196526,1,10,10,0.4,5.5,1
196548,1,2,2,0.5,1.5,1
196573,1,6,6,0.16666666666666666,3.5,1
196585,1,6,6,1.0,3.5,1
196588,1,29,29,0.41379310344827586,15.0,0
196591,1,8,8,0.25,4.5,1
196595,1,12,12,0.6666666666666666,6.5,1
196604,1,2,2,1.0,1.5,1
196622,1,2,2,1.0,1.5,1
196626,1,4,4,0.0,2.5,1
196665,1,10,10,0.6,5.5,1
196692,1,9,9,0.5555555555555556,5.0,1
196710,2,54,54,0.7962962962962963,14.296296296296296,0
196712,2,9,9,0.7777777777777778,3.4444444444444446,1
196714,1,2,2,1.0,1.5,1
196736,1,15,15,0.06666666666666667,8.0,1
196758,1,3,3,1.0,2.0,1
196760,1,3,3,1.0,2.0,1
196761,1,16,16,0.1875,8.5,0
196766,1,13,13,0.15384615384615385,7.0,1
196769,1,12,12,0.5833333333333334,6.5,1
196770,1,4,4,0.75,2.5,1
196772,1,26,26,0.038461538461538464,13.5,0
196788,1,2,2,0.5,1.5,1
196804,1,6,6,0.3333333333333333,3.5,1
196836,4,47,41,0.7446808510638298,7.0638297872340425,0
196875,1,9,9,1.0,5.0,1
196877,2,19,19,0.47368421052631576,5.894736842105263,0
196890,1,17,17,0.0,9.0,0
196893,1,2,2,1.0,1.5,1
196898,1,12,12,0.0,6.5,1
196912,1,5,5,0.0,3.0,1
196913,1,33,33,0.8787878787878788,17.0,0
196915,1,7,7,0.7142857142857143,4.0,1
196929,1,16,16,1.0,8.5,0
196941,2,14,13,0.9285714285714286,4.0,1
196953,1,15,15,0.4666666666666667,8.0,1
196968,1,15,15,0.6666666666666666,8.0,1
197006,1,25,25,0.68,13.0,0
197007,1,6,6,1.0,3.5,1
197011,1,28,28,0.5714285714285714,14.5,0
197022,2,7,7,0.7142857142857143,2.2857142857142856,1
197029,3,10,9,0.9,2.4,1
197036,1,4,4,0.0,2.5,1
197040,1,6,6,0.0,3.5,1
197056,1,5,5,0.0,3.0,1
197060,1,9,9,0.4444444444444444,5.0,1
197067,1,1,1,1.0,1.0,1
197075,2,33,32,0.6060606060606061,8.757575757575758,0
197085,1,11,11,0.5454545454545454,6.0,1
197103,1,8,8,0.75,4.5,1
197110,1,2,2,1.0,1.5,1
197113,1,5,5,0.0,3.0,1
197127,1,9,9,0.1111111111111111,5.0,1
197129,3,47,43,0.40425531914893614,10.46808510638298,0
197151,1,11,11,0.45454545454545453,6.0,1
197155,1,12,12,0.0,6.5,1
197161,1,7,7,0.0,4.0,1
197162,1,9,9,0.7777777777777778,5.0,1
197171,1,8,8,0.375,4.5,1
197205,1,6,6,1.0,3.5,1
197262,1,13,13,0.46153846153846156,7.0,1
197263,1,1,1,1.0,1.0,1
197300,1,19,19,0.9473684210526315,10.0,0
197303,1,19,19,0.9473684210526315,10.0,0
197306,1,2,2,1.0,1.5,1
197328,1,25,25,1.0,13.0,0
197332,1,5,5,0.0,3.0,1
197356,1,10,10,0.4,5.5,1
197381,1,9,9,1.0,5.0,1
197402,1,5,5,0.2,3.0,1
197422,1,6,6,0.8333333333333334,3.5,1
197426,1,14,14,0.5,7.5,1
197427,2,30,30,0.8333333333333334,8.133333333333333,0
197432,2,21,21,0.42857142857142855,6.333333333333333,0
197433,1,4,4,0.5,2.5,1
197483,1,15,15,0.06666666666666667,8.0,1
197505,1,10,10,0.6,5.5,1
197520,1,7,7,0.0,4.0,1
197521,1,16,16,0.8125,8.5,0
197523,2,9,9,0.7777777777777778,3.4444444444444446,1
197527,1,5,5,1.0,3.0,1
197533,1,6,6,1.0,3.5,1
197560,1,1,1,0.0,1.0,1
197581,1,6,6,0.0,3.5,1
197585,1,6,6,0.8333333333333334,3.5,1
197591,1,6,6,0.6666666666666666,3.5,1
197599,1,10,10,0.0,5.5,1
197610,2,15,14,0.8,5.066666666666666,0
197612,1,8,8,0.875,4.5,1
197624,1,5,5,0.0,3.0,1
197640,1,25,25,0.72,13.0,0
197658,1,24,24,0.5,12.5,0
197669,1,10,10,0.5,5.5,1
197673,1,13,13,0.5384615384615384,7.0,1
197686,1,19,19,0.2631578947368421,10.0,0
197703,1,24,24,0.7916666666666666,12.5,0
197726,1,6,6,0.6666666666666666,3.5,1
197740,1,6,6,0.0,3.5,1
197745,2,12,9,0.9166666666666666,3.8333333333333335,1
197767,1,12,12,0.4166666666666667,6.5,1
197781,1,3,3,0.0,2.0,1
197792,1,11,11,0.45454545454545453,6.0,1
197798,1,11,11,0.45454545454545453,6.0,1
197799,1,18,18,0.5,9.5,0
197827,1,4,4,0.75,2.5,1
197832,1,20,20,0.9,10.5,0
197835,1,13,13,0.07692307692307693,7.0,1
197842,1,9,9,1.0,5.0,1
197857,1,12,12,0.9166666666666666,6.5,1
197870,1,14,14,0.35714285714285715,7.5,1
197900,1,28,28,0.8571428571428571,14.5,0
197905,1,12,12,0.0,6.5,1
197919,1,6,6,0.3333333333333333,3.5,1
197949,1,4,4,0.0,2.5,1
197956,1,23,23,0.30434782608695654,12.0,0
197962,1,2,2,0.0,1.5,1
197984,1,10,10,0.4,5.5,1
197994,1,23,23,0.6086956521739131,12.0,0
197996,1,4,4,0.0,2.5,1
198004,1,9,9,0.5555555555555556,5.0,1
198015,1,6,6,1.0,3.5,1
198021,1,8,8,0.25,4.5,1
198029,1,5,5,1.0,3.0,1
198043,1,19,19,0.42105263157894735,10.0,0
198045,2,18,18,0.7777777777777778,5.5,0
198065,1,9,9,0.8888888888888888,5.0,1
198071,1,5,5,0.2,3.0,1
198085,4,33,27,0.6363636363636364,5.363636363636363,0
198103,2,11,7,1.0,3.272727272727273,1
198106,1,17,17,0.35294117647058826,9.0,0
198113,1,14,14,0.5714285714285714,7.5,1
198120,2,14,14,0.7857142857142857,4.071428571428571,1
198151,1,6,6,0.8333333333333334,3.5,1
198153,1,9,9,0.6666666666666666,5.0,1
198157,1,19,19,0.631578947368421,10.0,0
198159,1,6,6,0.5,3.5,1
198165,2,10,10,0.9,3.1,1
198169,1,9,9,0.2222222222222222,5.0,1
198180,1,19,19,0.8421052631578947,10.0,0
198183,1,23,23,0.4782608695652174,12.0,0
198191,1,9,9,1.0,5.0,1
198205,1,12,12,0.75,6.5,1
198222,1,11,11,0.2727272727272727,6.0,1
198240,1,3,3,0.6666666666666666,2.0,1
198251,1,42,42,0.8809523809523809,21.5,0
198263,1,34,34,0.4411764705882353,17.5,0
198305,1,24,24,0.9583333333333334,12.5,0
198342,1,4,4,1.0,2.5,1
198349,1,10,10,0.0,5.5,1
198354,1,6,6,1.0,3.5,1
198363,1,18,18,0.6666666666666666,9.5,0
198396,1,23,23,0.9565217391304348,12.0,0
198397,1,1,1,0.0,1.0,1
198405,1,13,13,0.8461538461538461,7.0,1
198428,1,15,15,0.0,8.0,1
198434,1,8,8,0.875,4.5,1
198444,1,2,2,1.0,1.5,1
198453,1,22,22,0.5,11.5,0
198454,1,10,10,0.5,5.5,1
198456,1,12,12,0.75,6.5,1
198488,1,34,34,0.7941176470588235,17.5,0
198496,1,2,2,1.0,1.5,1
198500,1,34,34,0.7941176470588235,17.5,0
198502,2,3,3,1.0,1.3333333333333333,1
198536,1,10,10,0.7,5.5,1
198542,1,16,16,0.6875,8.5,0
198543,1,18,18,0.8333333333333334,9.5,0
198555,1,1,1,1.0,1.0,1
198557,1,29,29,0.20689655172413793,15.0,0
198559,1,4,4,0.75,2.5,1
198563,1,21,21,0.7619047619047619,11.0,0
198567,2,20,18,0.8,5.7,0
198571,1,9,9,0.7777777777777778,5.0,1
198584,1,8,8,0.375,4.5,1
198597,2,23,23,0.4782608695652174,6.782608695652174,0
198614,1,12,12,0.4166666666666667,6.5,1
198621,1,4,4,1.0,2.5,1
198626,1,17,17,1.0,9.0,0
198690,1,12,12,0.0,6.5,1
198691,1,13,13,0.5384615384615384,7.0,1
198708,1,3,3,1.0,2.0,1
198709,1,7,7,0.42857142857142855,4.0,1
198729,1,9,9,0.8888888888888888,5.0,1
198770,1,7,7,0.7142857142857143,4.0,1
198806,1,6,6,0.0,3.5,1
198823,1,13,13,0.9230769230769231,7.0,1
198824,1,4,4,0.5,2.5,1
198832,1,8,8,0.375,4.5,1
198839,1,2,2,0.5,1.5,1
198844,1,14,14,0.2857142857142857,7.5,1
198846,1,6,6,0.8333333333333334,3.5,1
198854,1,6,6,0.6666666666666666,3.5,1
198862,1,13,13,0.46153846153846156,7.0,1
198873,2,36,36,0.7222222222222222,10.86111111111111,0
198884,1,6,6,0.8333333333333334,3.5,1
198885,1,7,7,0.7142857142857143,4.0,1
198887,1,13,13,0.23076923076923078,7.0,1
198888,1,36,36,0.5555555555555556,18.5,0
198896,1,3,3,1.0,2.0,1
198910,1,4,4,1.0,2.5,1
198921,1,15,15,0.7333333333333333,8.0,1
198930,2,15,15,0.2,4.666666666666667,0
198948,1,8,8,0.25,4.5,1
199004,1,4,4,0.25,2.5,1
199005,2,24,24,0.375,7.166666666666667,0
199027,1,13,13,0.7692307692307693,7.0,1
199125,1,14,14,0.07142857142857142,7.5,1
199143,1,19,19,0.21052631578947367,10.0,0
199149,1,8,8,0.125,4.5,1
199163,1,12,12,0.9166666666666666,6.5,1
199182,1,2,2,0.0,1.5,1
199212,1,9,9,1.0,5.0,1
199224,1,9,9,0.7777777777777778,5.0,1
199241,1,3,3,0.0,2.0,1
199259,1,4,4,0.5,2.5,1
199275,1,13,13,0.0,7.0,1
199280,1,4,4,0.5,2.5,1
199306,1,7,7,0.8571428571428571,4.0,1
199311,1,25,25,0.44,13.0,0
199333,1,10,10,0.3,5.5,1
199349,1,4,4,0.5,2.5,1
199366,1,2,2,1.0,1.5,1
199379,1,8,8,0.875,4.5,1
199382,1,24,24,0.5416666666666666,12.5,0
199393,1,15,15,0.06666666666666667,8.0,1
199399,1,20,20,0.2,10.5,0
199417,1,1,1,0.0,1.0,1
199432,1,9,9,1.0,5.0,1
199439,1,15,15,0.3333333333333333,8.0,1
199454,3,52,52,0.21153846153846154,10.557692307692308,0
199470,1,6,6,0.3333333333333333,3.5,1
199491,1,4,4,1.0,2.5,1
199505,1,22,22,0.2727272727272727,11.5,0
199519,1,4,4,0.75,2.5,1
199522,1,11,11,0.7272727272727273,6.0,1
199528,1,3,3,1.0,2.0,1
199532,1,3,3,0.6666666666666666,2.0,1
199539,1,10,10,0.8,5.5,1
199594,1,8,8,0.375,4.5,1
199597,2,7,5,0.8571428571428571,2.2857142857142856,1
199614,1,7,7,0.0,4.0,1
199625,1,4,4,1.0,2.5,1
199630,1,2,2,0.5,1.5,1
199634,1,22,22,1.0,11.5,0
199659,1,7,7,0.42857142857142855,4.0,1
199664,1,12,12,0.6666666666666666,6.5,1
199675,1,4,4,0.75,2.5,1
199688,2,20,17,0.85,5.55,0
199690,1,4,4,0.75,2.5,1
199705,1,4,4,0.25,2.5,1
199709,1,8,8,0.875,4.5,1
199714,1,2,2,1.0,1.5,1
199715,1,6,6,1.0,3.5,1
199735,1,5,5,0.8,3.0,1
199752,1,2,2,1.0,1.5,1
199763,1,22,22,0.9090909090909091,11.5,0
199780,2,37,37,0.8108108108108109,11.27027027027027,0
199796,1,17,17,0.8823529411764706,9.0,0
199800,2,14,14,0.7142857142857143,4.0,1
199802,1,6,6,1.0,3.5,1
199803,1,5,5,0.8,3.0,1
199805,1,7,7,0.42857142857142855,4.0,1
199808,1,2,2,1.0,1.5,1
199817,1,12,12,0.75,6.5,1
199824,1,13,13,0.23076923076923078,7.0,1
199850,1,2,2,0.5,1.5,1
199854,1,14,14,0.9285714285714286,7.5,1
199861,1,2,2,0.5,1.5,1
199862,1,65,65,0.3076923076923077,33.0,0
199885,1,6,6,1.0,3.5,1
199886,1,4,4,0.5,2.5,1
199892,1,7,7,0.2857142857142857,4.0,1
199894,1,5,5,0.2,3.0,1
199895,1,9,9,1.0,5.0,1
199896,1,1,1,1.0,1.0,1
199902,1,9,9,0.3333333333333333,5.0,1
199918,1,5,5,1.0,3.0,1
199940,1,7,7,0.42857142857142855,4.0,1
199951,1,3,3,1.0,2.0,1
199959,1,3,3,1.0,2.0,1
199963,1,5,5,0.8,3.0,1
199969,2,7,7,0.14285714285714285,2.2857142857142856,1
199973,1,7,7,0.42857142857142855,4.0,1
199989,1,14,14,0.8571428571428571,7.5,1
199997,1,8,8,0.5,4.5,1
200002,1,10,10,0.8,5.5,1
200005,1,1,1,1.0,1.0,1
200008,1,10,10,0.2,5.5,1
200013,1,7,7,0.7142857142857143,4.0,1
200021,2,10,9,0.8,4.6,1
200034,1,21,21,0.8095238095238095,11.0,0
200041,1,6,6,0.5,3.5,1
200062,3,26,26,0.8846153846153846,5.461538461538462,0
200065,1,12,12,0.4166666666666667,6.5,1
200105,1,3,3,0.6666666666666666,2.0,1
200112,2,26,26,0.6153846153846154,7.153846153846154,0
200118,1,3,3,1.0,2.0,1
200154,1,23,23,0.6521739130434783,12.0,0
200156,2,21,21,0.8571428571428571,6.714285714285714,0
200178,1,16,16,0.4375,8.5,0
200185,1,9,9,0.4444444444444444,5.0,1
200193,1,13,13,0.3076923076923077,7.0,1
200203,1,3,3,0.0,2.0,1
200222,1,6,6,0.5,3.5,1
200245,1,14,14,0.8571428571428571,7.5,1
200246,1,13,13,0.23076923076923078,7.0,1
200249,1,2,2,0.0,1.5,1
200277,1,6,6,0.6666666666666666,3.5,1
200287,1,6,6,0.16666666666666666,3.5,1
200297,1,6,6,1.0,3.5,1
200310,1,1,1,0.0,1.0,1
200316,1,10,10,0.9,5.5,1
200318,2,26,26,0.07692307692307693,7.038461538461538,0
200352,1,3,3,0.3333333333333333,2.0,1
200356,1,3,3,0.6666666666666666,2.0,1
200367,1,10,10,0.0,5.5,1
200394,2,15,15,0.26666666666666666,6.266666666666667,0
200407,1,13,13,1.0,7.0,1
200408,1,8,8,0.0,4.5,1
200418,1,6,6,0.5,3.5,1
200427,1,6,6,1.0,3.5,1
200429,1,3,3,0.6666666666666666,2.0,1
200434,1,22,22,0.22727272727272727,11.5,0
200447,1,9,9,1.0,5.0,1
200470,1,1,1,1.0,1.0,1
200502,1,5,5,0.8,3.0,1
200504,1,6,6,0.5,3.5,1
200507,1,4,4,0.5,2.5,1
200509,1,4,4,0.75,2.5,1
200519,1,3,3,0.6666666666666666,2.0,1
200531,1,4,4,1.0,2.5,1
200546,1,8,8,0.0,4.5,1
200556,1,9,9,0.4444444444444444,5.0,1
200563,1,10,10,1.0,5.5,1
200577,1,16,16,1.0,8.5,0
200619,1,1,1,1.0,1.0,1
200634,1,2,2,1.0,1.5,1
200688,1,7,7,0.0,4.0,1
200701,1,6,6,0.6666666666666666,3.5,1
200705,1,8,8,0.5,4.5,1
200727,1,11,11,0.9090909090909091,6.0,1
200739,1,4,4,0.0,2.5,1
200747,1,13,13,0.9230769230769231,7.0,1
200755,1,5,5,0.8,3.0,1
200790,1,6,6,0.6666666666666666,3.5,1
200793,1,8,8,0.5,4.5,1
200800,2,3,3,1.0,1.3333333333333333,1
200807,1,13,13,0.9230769230769231,7.0,1
200840,1,3,3,0.0,2.0,1
200860,1,17,17,0.8235294117647058,9.0,0
200866,1,7,7,0.42857142857142855,4.0,1
200898,1,7,7,0.7142857142857143,4.0,1
200901,1,3,3,0.0,2.0,1
200904,1,12,12,0.8333333333333334,6.5,1
200907,1,8,8,0.375,4.5,1
200922,1,14,14,0.0,7.5,1
200940,2,26,26,0.7692307692307693,8.884615384615385,0
200942,1,7,7,0.2857142857142857,4.0,1
201006,1,12,12,0.5,6.5,1
201012,1,16,16,0.5625,8.5,0
201022,1,12,12,0.4166666666666667,6.5,1
201026,2,9,9,0.7777777777777778,2.7777777777777777,1
201033,2,19,16,0.631578947368421,6.315789473684211,0
201034,1,1,1,1.0,1.0,1
201039,1,8,8,0.25,4.5,1
201081,1,2,2,1.0,1.5,1
201085,1,5,5,1.0,3.0,1
201099,1,1,1,0.0,1.0,1
201102,1,6,6,0.8333333333333334,3.5,1
201122,1,8,8,1.0,4.5,1
201135,2,9,9,0.3333333333333333,2.7777777777777777,1
201162,1,7,7,0.5714285714285714,4.0,1
201183,2,7,6,0.7142857142857143,2.5714285714285716,1
201201,1,4,4,1.0,2.5,1
201210,1,9,9,1.0,5.0,1
201221,1,1,1,1.0,1.0,1
201226,1,3,3,0.6666666666666666,2.0,1
201229,1,12,12,1.0,6.5,1
201242,1,3,3,1.0,2.0,1
201248,1,15,15,1.0,8.0,1
201274,1,7,7,0.7142857142857143,4.0,1
201330,1,13,13,0.8461538461538461,7.0,1
201358,1,8,8,1.0,4.5,1
201359,1,13,13,0.8461538461538461,7.0,1
201385,1,6,6,0.6666666666666666,3.5,1
201412,2,19,19,0.9473684210526315,5.578947368421052,0
201414,1,14,14,0.21428571428571427,7.5,1
201430,1,10,10,1.0,5.5,1
201435,1,5,5,0.4,3.0,1
201446,2,5,5,0.4,1.8,1
201453,1,2,2,0.5,1.5,1
201498,1,2,2,1.0,1.5,1
201517,1,6,6,0.0,3.5,1
201528,1,2,2,0.5,1.5,1
201547,1,6,6,0.0,3.5,1
201554,1,12,12,0.25,6.5,1
201561,1,6,6,0.16666666666666666,3.5,1
201572,1,9,9,0.0,5.0,1
201587,1,3,3,0.6666666666666666,2.0,1
201593,1,2,2,1.0,1.5,1
201612,1,3,3,1.0,2.0,1
201623,3,71,67,0.9577464788732394,14.929577464788732,0
201629,2,17,17,0.8235294117647058,5.117647058823529,0
201639,1,15,15,0.26666666666666666,8.0,1
201640,1,11,11,0.2727272727272727,6.0,1
201648,1,5,5,1.0,3.0,1
201652,1,31,31,0.25806451612903225,16.0,0
201665,1,5,5,0.0,3.0,1
201679,1,13,13,0.9230769230769231,7.0,1
201680,1,13,13,0.3076923076923077,7.0,1
201684,1,4,4,0.25,2.5,1
201724,1,8,8,0.75,4.5,1
201741,1,24,24,1.0,12.5,0
201744,1,10,10,0.9,5.5,1
201748,1,10,10,0.0,5.5,1
201770,1,10,10,0.1,5.5,1
201779,1,12,12,0.6666666666666666,6.5,1
201788,1,1,1,1.0,1.0,1
201799,1,17,17,0.7058823529411765,9.0,0
201818,1,7,7,0.5714285714285714,4.0,1
201845,1,11,11,0.36363636363636365,6.0,1
201850,1,12,12,0.5,6.5,1
201852,1,2,2,1.0,1.5,1
201861,1,8,8,0.75,4.5,1
201869,1,11,11,0.0,6.0,1
201885,1,11,11,0.0,6.0,1
201887,1,1,1,1.0,1.0,1
201891,2,5,5,0.2,1.8,1
201913,1,29,29,0.7586206896551724,15.0,0
201918,1,3,3,1.0,2.0,1
201923,1,5,5,0.2,3.0,1
201962,1,1,1,1.0,1.0,1
201966,1,23,23,0.9130434782608695,12.0,0
201968,1,4,4,0.5,2.5,1
201980,1,10,10,0.3,5.5,1
201982,1,13,13,0.38461538461538464,7.0,1
201988,1,13,13,0.8461538461538461,7.0,1
202002,1,5,5,1.0,3.0,1
202035,1,11,11,0.8181818181818182,6.0,1
202045,1,5,5,0.8,3.0,1
202059,1,23,23,0.6086956521739131,12.0,0
202090,1,9,9,0.4444444444444444,5.0,1
202101,1,13,13,0.46153846153846156,7.0,1
202108,1,7,7,0.0,4.0,1
202132,1,4,4,0.0,2.5,1
202158,1,4,4,0.25,2.5,1
202159,2,41,40,0.8780487804878049,15.195121951219512,0
202163,2,5,5,0.8,2.2,1
202166,1,11,11,0.6363636363636364,6.0,1
202169,1,7,7,0.7142857142857143,4.0,1
202209,1,6,6,1.0,3.5,1
202214,1,15,15,0.7333333333333333,8.0,1
202217,1,34,34,0.20588235294117646,17.5,0
202223,1,13,13,1.0,7.0,1
202229,1,1,1,1.0,1.0,1
202255,1,5,5,0.6,3.0,1
202276,1,1,1,0.0,1.0,1
202279,1,9,9,0.6666666666666666,5.0,1
202282,1,13,13,0.8461538461538461,7.0,1
202290,1,4,4,0.75,2.5,1
202292,1,8,8,1.0,4.5,1
202293,1,16,16,0.9375,8.5,0
202303,1,11,11,0.5454545454545454,6.0,1
202304,2,9,9,0.4444444444444444,3.4444444444444446,1
202313,1,15,15,0.9333333333333333,8.0,1
202319,1,1,1,1.0,1.0,1
202321,1,2,2,1.0,1.5,1
202322,1,3,3,0.0,2.0,1
202334,1,4,4,0.0,2.5,1
202343,1,10,10,0.5,5.5,1
202347,1,1,1,1.0,1.0,1
202349,1,7,7,1.0,4.0,1
202359,1,3,3,1.0,2.0,1
202364,1,15,15,0.6666666666666666,8.0,1
202373,1,10,10,0.3,5.5,1
202392,1,8,8,0.75,4.5,1
202394,2,6,6,1.0,2.1666666666666665,1
202432,1,16,16,0.0,8.5,0
202434,1,7,7,0.5714285714285714,4.0,1
202447,1,8,8,0.0,4.5,1
202448,1,5,5,1.0,3.0,1
202451,1,4,4,0.25,2.5,1
202464,1,2,2,1.0,1.5,1
202465,1,5,5,1.0,3.0,1
202478,1,2,2,1.0,1.5,1
202496,1,8,8,0.75,4.5,1
202521,1,6,6,1.0,3.5,1
202527,1,5,5,0.0,3.0,1
202530,1,1,1,1.0,1.0,1
202532,1,11,11,0.18181818181818182,6.0,1
202555,1,14,14,0.9285714285714286,7.5,1
202580,1,7,7,0.42857142857142855,4.0,1
202616,1,5,5,1.0,3.0,1
202640,1,14,14,0.5,7.5,1
202641,1,16,16,0.5,8.5,0
202642,1,12,12,0.0,6.5,1
202650,1,8,8,0.875,4.5,1
202657,1,10,10,0.8,5.5,1
202658,1,6,6,0.3333333333333333,3.5,1
202663,1,7,7,0.0,4.0,1
202676,1,12,12,0.8333333333333334,6.5,1
202689,1,1,1,1.0,1.0,1
202697,1,1,1,1.0,1.0,1
202713,2,29,29,0.7586206896551724,7.9655172413793105,0
202733,1,11,11,0.7272727272727273,6.0,1
202735,1,8,8,0.5,4.5,1
202736,1,1,1,1.0,1.0,1
202741,1,1,1,1.0,1.0,1
202773,1,8,8,0.0,4.5,1
202775,1,19,19,0.0,10.0,0
202779,1,3,3,0.6666666666666666,2.0,1
202833,1,25,25,0.76,13.0,0
202867,1,1,1,1.0,1.0,1
202872,1,17,17,0.4117647058823529,9.0,0
202885,1,6,6,1.0,3.5,1
202890,1,6,6,0.5,3.5,1
202896,1,6,6,0.8333333333333334,3.5,1
202902,1,16,16,0.375,8.5,0
202939,1,1,1,1.0,1.0,1
202947,1,10,10,0.4,5.5,1
202989,1,5,5,1.0,3.0,1
203002,1,8,8,0.5,4.5,1
203019,1,1,1,1.0,1.0,1
203020,1,6,6,0.5,3.5,1
203025,1,14,14,0.0,7.5,1
203031,1,7,7,0.8571428571428571,4.0,1
203035,1,7,7,0.2857142857142857,4.0,1
203072,1,10,10,0.7,5.5,1
203077,1,5,5,0.8,3.0,1
203083,1,13,13,1.0,7.0,1
203085,2,17,16,0.9411764705882353,4.764705882352941,0
203098,1,5,5,0.6,3.0,1
203115,1,1,1,1.0,1.0,1
203121,1,6,6,1.0,3.5,1
203125,1,10,10,0.3,5.5,1
203126,1,16,16,0.4375,8.5,0
203143,1,1,1,1.0,1.0,1
203159,1,12,12,0.5833333333333334,6.5,1
203166,1,20,20,0.5,10.5,0
203167,1,21,21,0.19047619047619047,11.0,0
203173,1,25,25,0.88,13.0,0
203178,1,15,15,0.4,8.0,1
203183,1,11,11,0.8181818181818182,6.0,1
203185,1,9,9,0.4444444444444444,5.0,1
203186,1,23,23,0.21739130434782608,12.0,0
203194,2,41,38,0.8292682926829268,11.487804878048781,0
203195,1,8,8,0.375,4.5,1
203202,1,9,9,0.0,5.0,1
203218,1,25,25,0.24,13.0,0
203241,1,19,19,0.7894736842105263,10.0,0
203251,2,28,28,0.35714285714285715,7.821428571428571,0
203256,1,14,14,0.7142857142857143,7.5,1
203259,1,6,6,0.3333333333333333,3.5,1
203264,1,14,14,0.14285714285714285,7.5,1
203266,1,9,9,0.8888888888888888,5.0,1
203270,1,13,13,0.7692307692307693,7.0,1
203271,1,3,3,1.0,2.0,1
203287,1,16,16,0.5,8.5,0
203300,1,3,3,1.0,2.0,1
203325,1,11,11,0.8181818181818182,6.0,1
203326,2,26,17,0.8461538461538461,7.346153846153846,0
203353,1,6,6,0.3333333333333333,3.5,1
203356,1,5,5,1.0,3.0,1
203360,2,6,6,1.0,2.0,1
203381,1,13,13,0.7692307692307693,7.0,1
203404,1,16,16,1.0,8.5,0
203412,1,12,12,0.3333333333333333,6.5,1
203421,1,23,23,0.6521739130434783,12.0,0
203443,1,5,5,0.0,3.0,1
203450,1,8,8,0.75,4.5,1
203455,1,2,2,1.0,1.5,1
203463,1,16,16,0.5625,8.5,0
203473,1,20,20,0.55,10.5,0
203482,1,28,28,0.6071428571428571,14.5,0
203490,1,7,7,0.0,4.0,1
203503,1,9,9,0.8888888888888888,5.0,1
203512,2,38,31,0.868421052631579,11.68421052631579,0
203540,1,9,9,0.3333333333333333,5.0,1
203543,1,20,20,0.75,10.5,0
203545,1,5,5,0.8,3.0,1
203552,1,5,5,0.6,3.0,1
203557,1,29,29,0.4482758620689655,15.0,0
203575,1,3,3,0.0,2.0,1
203588,1,4,4,0.75,2.5,1
203589,1,16,16,0.375,8.5,0
203595,1,12,12,0.4166666666666667,6.5,1
203614,1,7,7,0.5714285714285714,4.0,1
203650,1,15,15,0.9333333333333333,8.0,1
203656,1,13,13,0.15384615384615385,7.0,1
203673,2,6,6,1.0,2.0,1
203687,1,1,1,1.0,1.0,1
203698,1,8,8,0.5,4.5,1
203714,1,21,21,0.5714285714285714,11.0,0
203720,1,15,15,0.3333333333333333,8.0,1
203734,1,9,9,0.2222222222222222,5.0,1
203773,1,7,7,0.14285714285714285,4.0,1
203779,1,6,6,1.0,3.5,1
203785,1,5,5,0.8,3.0,1
203787,1,2,2,1.0,1.5,1
203794,1,7,7,0.0,4.0,1
203804,1,24,24,0.041666666666666664,12.5,0
203811,1,2,2,1.0,1.5,1
203815,1,8,8,0.5,4.5,1
203838,1,24,24,0.16666666666666666,12.5,0
203843,1,11,11,0.18181818181818182,6.0,1
203849,1,2,2,1.0,1.5,1
203858,1,4,4,1.0,2.5,1
203868,1,4,4,0.5,2.5,1
203870,1,10,10,0.5,5.5,1
203884,1,3,3,1.0,2.0,1
203896,1,15,15,0.7333333333333333,8.0,1
203909,1,1,1,1.0,1.0,1
203911,1,2,2,0.0,1.5,1
203914,1,6,6,0.6666666666666666,3.5,1
203919,1,16,16,1.0,8.5,0
203927,1,21,21,0.9047619047619048,11.0,0
203931,1,14,14,0.7857142857142857,7.5,1
203952,2,21,21,0.7142857142857143,6.0476190476190474,0
203958,1,1,1,1.0,1.0,1
203969,1,3,3,1.0,2.0,1
203976,1,4,4,0.0,2.5,1
203977,1,6,6,0.3333333333333333,3.5,1
204007,1,21,21,0.8095238095238095,11.0,0
204012,1,5,5,0.8,3.0,1
204023,1,11,11,0.36363636363636365,6.0,1
204039,1,14,14,0.8571428571428571,7.5,1
204040,1,5,5,0.6,3.0,1
204048,1,5,5,0.4,3.0,1
204057,1,13,13,0.46153846153846156,7.0,1
204063,1,13,13,0.0,7.0,1
204069,2,27,21,0.9629629629629629,7.703703703703703,0
204086,2,5,4,0.6,1.8,1
204099,2,6,6,0.16666666666666666,2.6666666666666665,1
204108,1,9,9,0.7777777777777778,5.0,1
204111,1,8,8,0.375,4.5,1
204112,1,34,34,0.9705882352941176,17.5,0
204114,1,5,5,0.0,3.0,1
204142,1,13,13,0.6153846153846154,7.0,1
204159,1,2,2,1.0,1.5,1
204184,1,2,2,0.0,1.5,1
204204,1,10,10,0.0,5.5,1
204211,1,14,14,0.5714285714285714,7.5,1
204233,1,8,8,0.875,4.5,1
204249,1,21,21,0.7142857142857143,11.0,0
204257,1,15,15,0.0,8.0,1
204271,1,11,11,0.36363636363636365,6.0,1
204305,1,7,7,0.5714285714285714,4.0,1
204312,1,18,18,0.1111111111111111,9.5,0
204313,1,1,1,0.0,1.0,1
204314,1,10,10,1.0,5.5,1
204317,1,3,3,0.0,2.0,1
204322,1,7,7,0.8571428571428571,4.0,1
204327,1,16,16,0.4375,8.5,0
204335,1,20,20,0.3,10.5,0
204342,1,25,25,0.12,13.0,0
204345,1,1,1,1.0,1.0,1
204354,2,24,24,0.8333333333333334,7.541666666666667,0
204358,1,11,11,0.9090909090909091,6.0,1
204366,1,4,4,0.75,2.5,1
204375,1,18,18,0.7777777777777778,9.5,0
204378,1,4,4,0.75,2.5,1
204384,1,9,9,0.3333333333333333,5.0,1
204401,1,11,11,0.6363636363636364,6.0,1
204446,1,10,10,0.7,5.5,1
204447,1,14,14,0.2857142857142857,7.5,1
204457,1,3,3,0.3333333333333333,2.0,1
204462,1,6,6,0.3333333333333333,3.5,1
204467,1,2,2,0.0,1.5,1
204484,2,16,10,0.9375,4.5625,1
204486,1,6,6,0.6666666666666666,3.5,1
204495,1,3,3,1.0,2.0,1
204548,1,31,31,0.5483870967741935,16.0,0
204555,1,12,12,1.0,6.5,1
204560,1,4,4,0.75,2.5,1
204571,1,8,8,0.875,4.5,1
204584,1,8,8,0.5,4.5,1
204605,1,15,15,0.8666666666666667,8.0,1
204612,1,24,24,0.75,12.5,0
204630,1,9,9,0.4444444444444444,5.0,1
204633,1,11,11,0.9090909090909091,6.0,1
204652,1,19,19,0.2631578947368421,10.0,0
204675,1,11,11,0.8181818181818182,6.0,1
204681,1,10,10,1.0,5.5,1
204721,1,16,16,0.125,8.5,0
204726,1,13,13,0.5384615384615384,7.0,1
204751,1,8,8,0.125,4.5,1
204752,1,8,8,0.0,4.5,1
204778,1,10,10,0.3,5.5,1
204793,2,10,9,0.6,3.1,1
204802,1,13,13,0.6153846153846154,7.0,1
204829,1,16,16,0.0,8.5,0
204848,1,37,37,0.5945945945945946,19.0,0
204853,1,17,17,0.29411764705882354,9.0,0
204854,2,15,13,0.8,4.4,1
204858,1,21,21,0.5714285714285714,11.0,0
204863,1,14,14,0.21428571428571427,7.5,1
204868,1,11,11,0.09090909090909091,6.0,1
204886,1,4,4,0.0,2.5,1
204912,1,4,4,0.75,2.5,1
204919,2,30,27,0.7666666666666667,8.033333333333333,0
204944,1,7,7,0.7142857142857143,4.0,1
204962,1,2,2,1.0,1.5,1
204967,2,5,4,1.0,1.8,1
204999,1,13,13,0.15384615384615385,7.0,1
205031,1,5,5,0.0,3.0,1
205060,1,12,12,0.4166666666666667,6.5,1
205062,1,2,2,1.0,1.5,1
205064,1,1,1,1.0,1.0,1
205084,1,3,3,0.6666666666666666,2.0,1
205096,1,16,16,0.75,8.5,0
205097,1,1,1,1.0,1.0,1
205101,1,15,15,0.0,8.0,1
205102,1,11,11,0.2727272727272727,6.0,1
205107,1,12,12,1.0,6.5,1
205123,1,22,22,0.22727272727272727,11.5,0
205139,1,11,11,1.0,6.0,1
205147,1,7,7,1.0,4.0,1
205151,1,7,7,0.7142857142857143,4.0,1
205156,1,16,16,0.0,8.5,0
205173,1,4,4,1.0,2.5,1
205177,2,22,22,0.6363636363636364,8.227272727272727,0
205181,1,1,1,0.0,1.0,1
205200,1,9,9,0.5555555555555556,5.0,1
205218,1,7,7,0.14285714285714285,4.0,1
205228,1,3,3,1.0,2.0,1
205233,1,3,3,0.0,2.0,1
205237,1,12,12,0.5833333333333334,6.5,1
205262,1,16,16,0.8125,8.5,0
205264,1,10,10,0.0,5.5,1
205267,2,5,5,0.8,1.8,1
205287,1,12,12,0.8333333333333334,6.5,1
205321,1,33,33,0.6060606060606061,17.0,0
205326,1,8,8,1.0,4.5,1
205369,1,9,9,0.2222222222222222,5.0,1
205388,2,13,13,0.15384615384615385,3.923076923076923,1
205398,1,2,2,0.5,1.5,1
205442,1,21,21,0.38095238095238093,11.0,0
205454,2,16,15,1.0,4.5625,0
205459,1,1,1,0.0,1.0,1
205471,1,13,13,0.7692307692307693,7.0,1
205517,1,18,18,0.9444444444444444,9.5,0
205543,1,13,13,0.15384615384615385,7.0,1
205550,1,11,11,0.0,6.0,1
205552,1,2,2,0.5,1.5,1
205557,1,26,26,0.38461538461538464,13.5,0
205619,1,8,8,0.25,4.5,1
205647,1,6,6,0.8333333333333334,3.5,1
205650,1,20,20,0.8,10.5,0
205684,1,9,9,0.8888888888888888,5.0,1
205691,1,2,2,1.0,1.5,1
205695,1,13,13,0.9230769230769231,7.0,1
205700,1,2,2,1.0,1.5,1
205709,1,8,8,0.875,4.5,1
205713,1,12,12,0.3333333333333333,6.5,1
205729,2,26,26,0.9615384615384616,7.038461538461538,0
205741,1,18,18,0.0,9.5,0
205745,1,12,12,0.3333333333333333,6.5,1
205754,1,37,37,0.8648648648648649,19.0,0
205761,1,11,11,0.5454545454545454,6.0,1
205767,1,12,12,0.16666666666666666,6.5,1
205780,1,8,8,0.75,4.5,1
205784,2,16,16,0.75,6.0625,0
205787,2,16,15,1.0,4.5625,0
205794,1,3,3,1.0,2.0,1
205801,1,21,21,0.23809523809523808,11.0,0
205811,1,23,23,0.5217391304347826,12.0,0
205852,1,10,10,0.5,5.5,1
205853,1,4,4,0.0,2.5,1
205878,1,8,8,1.0,4.5,1
205888,1,5,5,0.8,3.0,1
205908,1,4,4,1.0,2.5,1
205943,1,5,5,1.0,3.0,1
205947,1,15,15,0.0,8.0,1
205968,1,4,4,1.0,2.5,1
205970,1,8,8,1.0,4.5,1
205990,1,5,5,0.8,3.0,1
206043,2,27,24,0.48148148148148145,7.481481481481482,0
206045,1,11,11,0.36363636363636365,6.0,1
206052,1,7,7,0.14285714285714285,4.0,1
206082,1,20,20,0.6,10.5,0
206084,1,2,2,0.0,1.5,1
206104,1,18,18,0.8333333333333334,9.5,0
206105,2,8,8,1.0,2.625,1
206158,1,4,4,0.75,2.5,1
206162,1,8,8,0.875,4.5,1
206187,1,14,14,0.9285714285714286,7.5,1
206206,1,4,4,1.0,2.5,1
206207,1,8,8,0.875,4.5,1
206208,1,16,16,0.75,8.5,0
