user_id,orders,products,unique_products,reorder_rate,mean_cart_position
13,1,5,5,0.6,3.0
23,1,9,9,0.0,5.0
27,1,13,13,0.46153846153846156,7.0
36,1,3,3,0.3333333333333333,2.0
42,1,6,6,0.16666666666666666,3.5
66,1,5,5,0.2,3.0
75,1,11,11,0.6363636363636364,6.0
90,1,12,12,0.8333333333333334,6.5
118,1,7,7,0.5714285714285714,4.0
137,1,12,12,1.0,6.5
150,2,25,25,0.56,7.0
155,1,12,12,0.9166666666666666,6.5
173,1,1,1,0.0,1.0
206,1,5,5,0.6,3.0
208,1,5,5,0.8,3.0
210,1,23,23,0.5652173913043478,12.0
214,1,24,24,0.75,12.5
218,1,1,1,0.0,1.0
222,1,5,5,0.8,3.0
226,1,12,12,0.6666666666666666,6.5
233,1,16,16,0.875,8.5
236,1,19,19,0.6842105263157895,10.0
248,1,5,5,0.6,3.0
323,1,10,10,1.0,5.5
334,1,6,6,0.8333333333333334,3.5
355,1,7,7,1.0,4.0
370,1,11,11,0.36363636363636365,6.0
378,1,3,3,0.0,2.0
381,1,13,13,0.3076923076923077,7.0
382,1,4,4,1.0,2.5
396,1,19,19,0.2631578947368421,10.0
417,1,4,4,0.75,2.5
422,1,15,15,0.8666666666666667,8.0
423,1,1,1,1.0,1.0
440,1,3,3,0.6666666666666666,2.0
451,1,7,7,1.0,4.0
453,1,8,8,0.625,4.5
481,1,16,16,1.0,8.5
496,1,5,5,0.2,3.0
503,1,9,9,0.3333333333333333,5.0
508,1,1,1,1.0,1.0
521,1,7,7,0.7142857142857143,4.0
529,1,14,14,0.0,7.5
568,1,15,15,0.4666666666666667,8.0
583,1,27,27,0.7407407407407407,14.0
585,1,5,5,0.0,3.0
593,1,2,2,1.0,1.5
635,1,5,5,0.6,3.0
649,1,16,16,0.9375,8.5
650,1,13,13,0.8461538461538461,7.0
652,1,4,4,0.5,2.5
653,1,6,6,1.0,3.5
655,1,13,13,0.6923076923076923,7.0
667,1,1,1,1.0,1.0
678,1,17,17,0.8823529411764706,9.0
688,1,6,6,1.0,3.5
756,2,18,18,0.7777777777777778,5.888888888888889
773,1,9,9,0.2222222222222222,5.0
787,2,10,7,0.9,3.0
800,1,3,3,0.6666666666666666,2.0
818,1,4,4,0.75,2.5
824,1,3,3,1.0,2.0
854,1,12,12,0.16666666666666666,6.5
857,1,15,15,1.0,8.0
868,1,5,5,0.4,3.0
892,1,13,13,0.3076923076923077,7.0
911,1,13,13,0.8461538461538461,7.0
917,1,18,18,0.9444444444444444,9.5
920,1,5,5,1.0,3.0
933,1,5,5,1.0,3.0
938,1,1,1,1.0,1.0
961,1,7,7,1.0,4.0
963,1,8,8,0.875,4.5
964,1,7,7,0.8571428571428571,4.0
967,1,12,12,0.08333333333333333,6.5
971,1,2,2,0.5,1.5
978,1,28,28,0.32142857142857145,14.5
999,1,25,25,0.64,13.0
1000,1,15,15,0.7333333333333333,8.0
1044,1,5,5,0.6,3.0
1050,1,2,2,1.0,1.5
1059,1,29,29,0.9310344827586207,15.0
1072,1,13,13,0.38461538461538464,7.0
1082,1,4,4,0.5,2.5
1095,1,15,15,0.4666666666666667,8.0
1103,1,3,3,0.6666666666666666,2.0
1105,1,13,13,0.3076923076923077,7.0
1120,1,13,13,0.8461538461538461,7.0
1122,1,17,17,0.5882352941176471,9.0
1139,1,20,20,0.45,10.5
1156,1,22,22,0.0,11.5
1164,2,15,15,0.7333333333333333,4.666666666666667
1177,1,6,6,0.6666666666666666,3.5
1191,1,5,5,0.6,3.0
1202,1,6,6,1.0,3.5
1203,1,7,7,0.7142857142857143,4.0
1223,1,13,13,0.7692307692307693,7.0
1225,1,16,16,0.375,8.5
1235,2,15,14,0.26666666666666666,4.266666666666667
1237,1,25,25,0.8,13.0
1240,1,12,12,0.9166666666666666,6.5
1241,1,8,8,0.5,4.5
1242,1,2,2,0.0,1.5
1246,1,8,8,0.625,4.5
1263,1,5,5,0.0,3.0
1264,1,11,11,0.9090909090909091,6.0
1271,1,21,21,0.38095238095238093,11.0
1274,1,7,7,0.8571428571428571,4.0
1302,1,20,20,0.05,10.5
1344,1,3,3,0.6666666666666666,2.0
1368,1,3,3,0.6666666666666666,2.0
1372,1,33,33,0.42424242424242425,17.0
1373,1,2,2,0.5,1.5
1378,1,28,28,0.5357142857142857,14.5
1381,1,24,24,0.5833333333333334,12.5
1387,1,3,3,0.6666666666666666,2.0
1402,1,2,2,0.5,1.5
1417,1,1,1,0.0,1.0
1423,1,32,32,0.875,16.5
1427,1,2,2,0.0,1.5
1440,1,16,16,0.375,8.5
1487,2,9,9,0.1111111111111111,2.7777777777777777
1498,1,15,15,0.6666666666666666,8.0
1503,1,6,6,0.8333333333333334,3.5
1519,1,3,3,1.0,2.0
1531,1,8,8,1.0,4.5
1548,1,19,19,0.5789473684210527,10.0
1579,1,10,10,0.7,5.5
1602,1,6,6,0.6666666666666666,3.5
1615,1,13,13,1.0,7.0
1617,1,7,7,1.0,4.0
1623,2,5,5,0.8,2.2
1627,1,17,17,0.0,9.0
1629,1,8,8,0.875,4.5
1632,1,8,8,0.75,4.5
1642,1,5,5,0.6,3.0
1657,1,2,2,0.0,1.5
1658,1,3,3,0.6666666666666666,2.0
1667,1,10,10,0.0,5.5
1676,1,15,15,0.8,8.0
1679,1,9,9,1.0,5.0
1683,1,12,12,0.5833333333333334,6.5
1696,1,6,6,0.16666666666666666,3.5
1697,1,4,4,0.75,2.5
1710,1,13,13,0.0,7.0
1712,1,16,16,0.0,8.5
1727,1,13,13,0.9230769230769231,7.0
1746,1,8,8,0.25,4.5
1750,2,25,25,0.72,9.0
1753,1,10,10,0.8,5.5
1767,1,3,3,0.6666666666666666,2.0
1778,1,4,4,0.25,2.5
1815,1,16,16,0.8125,8.5
1828,1,20,20,0.5,10.5
1850,2,40,31,0.95,10.5
1867,1,4,4,0.5,2.5
1868,1,11,11,1.0,6.0
1873,1,8,8,0.25,4.5
1874,1,6,6,1.0,3.5
1899,1,25,25,0.6,13.0
1901,1,14,14,0.8571428571428571,7.5
1920,2,41,34,0.3902439024390244,10.902439024390244
1922,1,7,7,0.0,4.0
1923,1,12,12,0.9166666666666666,6.5
1948,1,12,12,0.75,6.5
1955,1,7,7,0.5714285714285714,4.0
1958,1,6,6,1.0,3.5
1976,1,3,3,0.6666666666666666,2.0
2011,1,7,7,1.0,4.0
2013,1,7,7,0.14285714285714285,4.0
2022,1,13,13,0.3076923076923077,7.0
2033,1,10,10,1.0,5.5
2049,1,3,3,0.3333333333333333,2.0
2055,1,1,1,0.0,1.0
2059,1,8,8,0.0,4.5
2075,1,6,6,0.6666666666666666,3.5
2083,1,3,3,0.6666666666666666,2.0
2086,1,13,13,0.6923076923076923,7.0
2092,1,1,1,0.0,1.0
2103,1,1,1,1.0,1.0
2121,1,19,19,0.42105263157894735,10.0
2130,1,5,5,0.8,3.0
2173,1,4,4,0.25,2.5
2175,1,3,3,0.6666666666666666,2.0
2184,1,6,6,0.3333333333333333,3.5
2201,1,20,20,0.55,10.5
2211,1,17,17,0.9411764705882353,9.0
2215,1,1,1,1.0,1.0
2225,1,5,5,0.8,3.0
2229,1,6,6,0.8333333333333334,3.5
2237,1,4,4,0.5,2.5
2258,1,14,14,0.0,7.5
2262,1,11,11,0.2727272727272727,6.0
2282,1,1,1,1.0,1.0
2286,1,13,13,0.8461538461538461,7.0
2299,1,4,4,0.5,2.5
2312,1,11,11,0.2727272727272727,6.0
2313,1,7,7,0.2857142857142857,4.0
2334,1,5,5,1.0,3.0
2335,1,52,52,0.9615384615384616,26.5
2342,1,18,18,0.5,9.5
2344,1,10,10,0.8,5.5
2371,1,7,7,0.0,4.0
2375,1,6,6,0.3333333333333333,3.5
2383,2,9,9,0.7777777777777778,4.111111111111111
2408,1,6,6,0.0,3.5
2423,1,21,21,0.7142857142857143,11.0
2440,1,25,25,0.72,13.0
2462,1,32,32,0.875,16.5
2475,1,6,6,1.0,3.5
2496,1,12,12,1.0,6.5
2531,1,5,5,0.6,3.0
2535,1,18,18,0.5555555555555556,9.5
2539,1,4,4,1.0,2.5
2547,1,1,1,1.0,1.0
2555,1,2,2,1.0,1.5
2556,1,1,1,1.0,1.0
2565,1,22,22,0.7727272727272727,11.5
2590,1,3,3,0.3333333333333333,2.0
2593,1,28,28,0.32142857142857145,14.5
2599,1,18,18,0.5,9.5
2604,1,22,22,0.5,11.5
2609,1,6,6,0.5,3.5
2614,1,13,13,0.07692307692307693,7.0
2627,1,10,10,0.7,5.5
2638,1,13,13,0.9230769230769231,7.0
2642,1,2,2,0.0,1.5
2646,1,7,7,1.0,4.0
2650,1,7,7,1.0,4.0
2655,1,6,6,1.0,3.5
2658,1,5,5,0.2,3.0
2668,1,13,13,0.46153846153846156,7.0
2676,1,18,18,0.5555555555555556,9.5
2688,2,28,28,0.6785714285714286,8.392857142857142
2698,1,8,8,0.75,4.5
2700,1,1,1,1.0,1.0
2754,1,5,5,0.4,3.0
2777,1,6,6,1.0,3.5
2785,1,8,8,0.5,4.5
2797,1,5,5,0.2,3.0
2807,1,2,2,1.0,1.5
2822,2,14,13,0.2857142857142857,4.071428571428571
2823,1,13,13,0.0,7.0
2833,1,2,2,1.0,1.5
2838,1,6,6,0.16666666666666666,3.5
2839,1,13,13,0.0,7.0
2849,1,5,5,1.0,3.0
2868,1,19,19,0.3157894736842105,10.0
2880,1,2,2,0.5,1.5
2899,1,8,8,0.75,4.5
2917,1,10,10,1.0,5.5
2947,1,10,10,0.4,5.5
2985,1,9,9,0.7777777777777778,5.0
3001,1,6,6,1.0,3.5
3002,1,6,6,0.0,3.5
3004,1,13,13,0.9230769230769231,7.0
3007,1,5,5,0.2,3.0
3040,1,7,7,0.0,4.0
3051,1,17,17,0.0,9.0
3060,1,3,3,0.0,2.0
3106,1,3,3,1.0,2.0
3107,1,1,1,1.0,1.0
3148,1,16,16,1.0,8.5
3192,1,7,7,0.7142857142857143,4.0
3219,2,15,15,0.5333333333333333,4.666666666666667
3242,1,22,22,0.5,11.5
3243,1,14,14,0.8571428571428571,7.5
3252,1,2,2,0.5,1.5
3257,1,4,4,0.75,2.5
3269,1,4,4,1.0,2.5
3273,1,15,15,0.7333333333333333,8.0
3280,1,7,7,0.0,4.0
3319,1,23,23,0.30434782608695654,12.0
3321,1,11,11,1.0,6.0
3326,1,13,13,0.7692307692307693,7.0
3351,1,12,12,0.25,6.5
3357,1,6,6,0.3333333333333333,3.5
3358,1,8,8,0.625,4.5
3366,1,6,6,0.16666666666666666,3.5
3375,1,2,2,1.0,1.5
3387,1,3,3,0.6666666666666666,2.0
3393,1,1,1,1.0,1.0
3394,1,4,4,0.75,2.5
3412,2,14,14,0.7857142857142857,4.071428571428571
3417,1,11,11,0.18181818181818182,6.0
3422,1,10,10,0.9,5.5
3428,1,16,16,0.875,8.5
3434,1,4,4,0.0,2.5
3435,1,7,7,1.0,4.0
3453,1,1,1,1.0,1.0
3456,1,10,10,0.8,5.5
3459,1,16,16,0.0,8.5
3475,1,6,6,0.6666666666666666,3.5
3481,1,6,6,0.6666666666666666,3.5
3485,1,9,9,0.8888888888888888,5.0
3493,1,7,7,0.5714285714285714,4.0
3536,1,22,22,1.0,11.5
3550,1,5,5,1.0,3.0
3558,1,3,3,0.6666666666666666,2.0
3562,1,1,1,1.0,1.0
3579,1,14,14,0.9285714285714286,7.5
3583,1,2,2,0.5,1.5
3593,1,6,6,1.0,3.5
3597,1,15,15,0.8666666666666667,8.0
3599,1,3,3,0.0,2.0
3615,1,2,2,1.0,1.5
3616,1,10,10,0.0,5.5
3626,1,11,11,0.8181818181818182,6.0
3634,1,9,9,1.0,5.0
3646,1,13,13,0.0,7.0
3648,1,8,8,1.0,4.5
3651,1,11,11,0.7272727272727273,6.0
3657,1,4,4,0.0,2.5
3667,1,1,1,1.0,1.0
3671,2,17,14,0.35294117647058826,6.529411764705882
3680,1,4,4,0.25,2.5
3683,1,10,10,0.9,5.5
3688,1,3,3,0.6666666666666666,2.0
3708,1,10,10,0.0,5.5
3725,1,9,9,0.7777777777777778,5.0
3741,1,1,1,1.0,1.0
3758,1,4,4,0.5,2.5
3770,1,7,7,1.0,4.0
3782,3,27,22,0.7037037037037037,5.481481481481482
3787,1,5,5,0.8,3.0
3789,2,12,12,0.25,4.25
3804,1,1,1,1.0,1.0
3807,1,13,13,1.0,7.0
3818,1,13,13,0.15384615384615385,7.0
3823,1,14,14,1.0,7.5
3828,1,5,5,0.0,3.0
3830,1,19,19,0.7894736842105263,10.0
3905,1,4,4,1.0,2.5
3947,1,4,4,0.0,2.5
3962,2,13,13,0.6153846153846154,3.769230769230769
3963,1,17,17,0.4117647058823529,9.0
3964,1,23,23,0.6956521739130435,12.0
3974,1,13,13,0.8461538461538461,7.0
3985,1,8,8,0.625,4.5
3990,1,22,22,0.3181818181818182,11.5
3994,1,6,6,0.0,3.5
4041,1,9,9,0.3333333333333333,5.0
4048,1,17,17,0.11764705882352941,9.0
4057,1,14,14,0.0,7.5
4061,1,12,12,0.3333333333333333,6.5
4067,1,7,7,0.2857142857142857,4.0
4069,1,4,4,0.5,2.5
4076,1,15,15,0.7333333333333333,8.0
4087,1,12,12,0.9166666666666666,6.5
4090,1,14,14,0.5714285714285714,7.5
4099,1,7,7,0.14285714285714285,4.0
4111,1,9,9,0.5555555555555556,5.0
4121,1,12,12,0.4166666666666667,6.5
4122,1,2,2,0.5,1.5
4129,1,6,6,1.0,3.5
4130,1,12,12,0.25,6.5
4141,1,10,10,0.6,5.5
4166,1,15,15,0.9333333333333333,8.0
4171,1,3,3,0.0,2.0
4176,1,12,12,0.5,6.5
4178,1,27,27,0.37037037037037035,14.0
4189,1,7,7,0.2857142857142857,4.0
4199,1,12,12,0.5833333333333334,6.5
4200,1,10,10,0.1,5.5
4201,1,15,15,0.7333333333333333,8.0
4209,1,10,10,0.6,5.5
4216,1,13,13,0.0,7.0
4218,2,29,26,0.7931034482758621,8.448275862068966
4220,1,4,4,1.0,2.5
4252,1,4,4,0.75,2.5
4267,1,8,8,0.75,4.5
4280,1,1,1,1.0,1.0
4281,1,1,1,1.0,1.0
4282,1,14,14,0.9285714285714286,7.5
4297,1,26,26,0.6923076923076923,13.5
4312,1,4,4,0.75,2.5
4313,1,16,16,0.75,8.5
4315,1,6,6,0.6666666666666666,3.5
4325,1,4,4,1.0,2.5
4326,1,10,10,1.0,5.5
4336,2,42,42,0.30952380952380953,11.023809523809524
4344,1,9,9,0.6666666666666666,5.0
4356,1,28,28,0.9285714285714286,14.5
4363,1,22,22,0.7272727272727273,11.5
4368,1,7,7,1.0,4.0
4376,1,21,21,0.7619047619047619,11.0
4394,1,1,1,1.0,1.0
4416,1,17,17,0.11764705882352941,9.0
4433,1,1,1,1.0,1.0
4436,1,9,9,0.7777777777777778,5.0
4441,1,4,4,0.0,2.5
4443,1,8,8,0.0,4.5
4459,1,7,7,0.0,4.0
4477,1,14,14,0.5,7.5
4484,1,7,7,0.7142857142857143,4.0
4490,1,10,10,0.9,5.5
4499,1,10,10,0.9,5.5
4520,1,14,14,0.5,7.5
4531,1,5,5,0.6,3.0
4544,1,17,17,0.7058823529411765,9.0
4549,1,18,18,0.0,9.5
4558,1,2,2,1.0,1.5
4584,1,5,5,0.8,3.0
4588,1,9,9,0.6666666666666666,5.0
4597,1,5,5,0.2,3.0
4599,1,6,6,0.6666666666666666,3.5
4604,1,19,19,0.631578947368421,10.0
4612,1,3,3,0.6666666666666666,2.0
4623,1,25,25,0.0,13.0
4629,1,5,5,1.0,3.0
4631,1,17,17,0.9411764705882353,9.0
4645,1,4,4,0.75,2.5
4647,1,10,10,0.8,5.5
4652,1,7,7,0.8571428571428571,4.0
4661,1,7,7,0.5714285714285714,4.0
4693,1,10,10,0.9,5.5
4697,1,9,9,0.5555555555555556,5.0
4703,1,19,19,0.5263157894736842,10.0
4711,1,15,15,1.0,8.0
4724,1,35,35,0.7142857142857143,18.0
4730,1,4,4,0.5,2.5
4731,1,12,12,0.8333333333333334,6.5
4762,1,3,3,1.0,2.0
4764,1,4,4,0.25,2.5
4787,1,11,11,0.18181818181818182,6.0
4789,2,38,33,0.8157894736842105,10.026315789473685
4793,1,9,9,0.5555555555555556,5.0
4820,1,12,12,0.4166666666666667,6.5
4823,1,4,4,0.75,2.5
4851,1,12,12,0.6666666666666666,6.5
4865,1,6,6,0.8333333333333334,3.5
4869,1,5,5,1.0,3.0
4881,1,9,9,0.7777777777777778,5.0
4900,1,17,17,0.8235294117647058,9.0
4931,1,15,15,0.26666666666666666,8.0
4937,1,7,7,0.42857142857142855,4.0
4948,1,18,18,0.6666666666666666,9.5
4949,1,19,19,0.8947368421052632,10.0
4966,1,7,7,1.0,4.0
4971,1,15,15,0.13333333333333333,8.0
4974,1,21,21,0.9523809523809523,11.0
4988,1,10,10,0.3,5.5
4993,1,6,6,0.6666666666666666,3.5
5006,1,7,7,0.0,4.0
5010,1,5,5,0.2,3.0
5030,1,10,10,0.8,5.5
5036,1,16,16,0.3125,8.5
5045,1,9,9,0.3333333333333333,5.0
5057,1,15,15,0.4666666666666667,8.0
5070,1,8,8,0.0,4.5
5085,1,4,4,0.25,2.5
5098,1,2,2,0.0,1.5
5101,2,10,10,0.9,3.1
5103,1,6,6,0.8333333333333334,3.5
5110,1,14,14,0.07142857142857142,7.5
5149,1,2,2,0.5,1.5
5152,1,7,7,0.7142857142857143,4.0
5189,1,6,6,1.0,3.5
5206,1,12,12,0.0,6.5
5211,1,8,8,0.375,4.5
5217,1,7,7,0.5714285714285714,4.0
5236,1,1,1,1.0,1.0
5241,1,13,13,1.0,7.0
5255,1,3,3,0.3333333333333333,2.0
5266,1,6,6,0.5,3.5
5285,1,16,16,0.4375,8.5
5286,1,13,13,0.46153846153846156,7.0
5296,1,15,15,1.0,8.0
5303,1,15,15,0.8,8.0
5307,1,17,17,0.8823529411764706,9.0
5314,1,8,8,1.0,4.5
5315,1,11,11,0.09090909090909091,6.0
5321,1,15,15,0.6666666666666666,8.0
5326,1,8,8,0.25,4.5
5330,1,19,19,0.0,10.0
5346,1,14,14,0.35714285714285715,7.5
5360,2,73,65,0.8493150684931506,19.164383561643834
5361,1,18,18,0.7222222222222222,9.5
5365,1,6,6,0.8333333333333334,3.5
5374,1,8,8,0.375,4.5
5387,1,1,1,1.0,1.0
5392,1,3,3,1.0,2.0
5394,1,3,3,0.0,2.0
5408,1,3,3,0.0,2.0
5409,1,6,6,0.0,3.5
5412,1,6,6,0.8333333333333334,3.5
5430,1,5,5,1.0,3.0
5436,1,19,19,0.0,10.0
5439,1,11,11,0.45454545454545453,6.0
5441,2,26,25,0.2692307692307692,12.538461538461538
5449,1,6,6,0.5,3.5
5453,1,17,17,0.7647058823529411,9.0
5473,1,8,8,0.125,4.5
5474,1,12,12,0.0,6.5
5493,2,31,30,0.5161290322580645,8.64516129032258
5502,1,8,8,1.0,4.5
5536,1,3,3,1.0,2.0
5543,2,51,51,0.35294117647058826,13.647058823529411
5552,1,6,6,0.3333333333333333,3.5
5575,1,10,10,0.0,5.5
5587,1,14,14,0.5714285714285714,7.5
5588,1,26,26,0.9615384615384616,13.5
5591,1,6,6,0.0,3.5
5610,1,27,27,0.4074074074074074,14.0
5613,1,23,23,0.782608695652174,12.0
5629,1,6,6,0.8333333333333334,3.5
5642,1,20,20,0.8,10.5
5647,1,10,10,0.2,5.5
5674,1,2,2,0.5,1.5
5692,2,15,14,0.6666666666666666,4.4
5718,1,2,2,1.0,1.5
5721,1,3,3,0.3333333333333333,2.0
5729,1,7,7,0.14285714285714285,4.0
5738,1,8,8,0.75,4.5
5745,1,11,11,1.0,6.0
5758,1,9,9,0.1111111111111111,5.0
5777,1,1,1,1.0,1.0
5779,2,20,20,0.55,5.7
5782,1,2,2,1.0,1.5
5785,1,5,5,0.4,3.0
5788,1,11,11,0.0,6.0
5789,1,9,9,0.5555555555555556,5.0
5801,1,15,15,0.6666666666666666,8.0
5802,1,2,2,1.0,1.5
5808,1,10,10,0.3,5.5
5818,1,5,5,0.6,3.0
5824,1,10,10,0.0,5.5
5848,1,18,18,0.9444444444444444,9.5
5860,1,7,7,1.0,4.0
5897,2,29,29,0.5517241379310345,10.241379310344827
5902,1,2,2,1.0,1.5
5910,1,6,6,0.0,3.5
5927,1,19,19,0.7368421052631579,10.0
5937,1,7,7,0.5714285714285714,4.0
5938,1,7,7,0.0,4.0
5942,1,3,3,1.0,2.0
5946,1,2,2,1.0,1.5
5963,1,14,14,0.9285714285714286,7.5
5970,1,13,13,0.07692307692307693,7.0
5978,1,10,10,1.0,5.5
5992,1,2,2,1.0,1.5
6003,1,7,7,0.42857142857142855,4.0
6020,1,7,7,0.8571428571428571,4.0
6031,1,3,3,1.0,2.0
6035,1,6,6,1.0,3.5
6045,1,2,2,0.5,1.5
6060,1,10,10,0.9,5.5
6069,1,1,1,1.0,1.0
6077,1,13,13,0.38461538461538464,7.0
6085,1,10,10,0.5,5.5
6092,1,11,11,0.5454545454545454,6.0
6094,2,11,11,0.8181818181818182,4.363636363636363
6099,1,31,31,0.7096774193548387,16.0
6101,1,1,1,1.0,1.0
6103,1,3,3,1.0,2.0
6118,2,21,21,0.8571428571428571,9.19047619047619
6126,1,20,20,0.6,10.5
6131,2,15,13,0.6,4.4
6136,1,17,17,0.47058823529411764,9.0
6139,1,26,26,0.5,13.5
6141,2,30,30,0.1,8.033333333333333
6163,1,15,15,0.6666666666666666,8.0
6175,1,11,11,0.7272727272727273,6.0
6216,1,14,14,0.9285714285714286,7.5
6228,1,1,1,0.0,1.0
6241,1,35,35,0.5142857142857142,18.0
6246,1,5,5,0.2,3.0
6320,1,2,2,1.0,1.5
6329,1,6,6,0.0,3.5
6344,1,10,10,0.9,5.5
6362,1,18,18,0.2777777777777778,9.5
6371,1,1,1,1.0,1.0
6390,1,1,1,1.0,1.0
6392,1,3,3,0.0,2.0
6401,1,5,5,0.6,3.0
6405,1,15,15,0.6,8.0
6409,4,125,56,0.944,16.312
6413,1,4,4,0.0,2.5
6417,1,9,9,0.7777777777777778,5.0
6418,1,13,13,0.0,7.0
6419,1,2,2,0.5,1.5
6441,1,6,6,0.0,3.5
6448,1,8,8,1.0,4.5
6462,1,6,6,0.6666666666666666,3.5
6463,1,1,1,1.0,1.0
6467,1,14,14,0.2857142857142857,7.5
6468,1,15,15,0.5333333333333333,8.0
6482,1,2,2,1.0,1.5
6492,1,8,8,0.875,4.5
6501,2,17,14,0.8235294117647058,4.882352941176471
6517,1,27,27,0.2962962962962963,14.0
6532,1,6,6,0.8333333333333334,3.5
6537,1,5,5,0.6,3.0
6560,1,2,2,0.0,1.5
6567,1,10,10,0.6,5.5
6573,1,6,6,1.0,3.5
6577,1,22,22,0.5454545454545454,11.5
6613,1,5,5,1.0,3.0
6634,1,4,4,1.0,2.5
6636,1,7,7,1.0,4.0
6654,1,16,16,0.1875,8.5
6688,1,3,3,1.0,2.0
6689,1,14,14,0.5714285714285714,7.5
6692,1,21,21,0.5238095238095238,11.0
6696,1,4,4,0.5,2.5
6697,1,20,20,0.65,10.5
6698,1,13,13,0.6923076923076923,7.0
6705,1,15,15,0.13333333333333333,8.0
6709,1,6,6,0.3333333333333333,3.5
6721,1,11,11,0.8181818181818182,6.0
6735,1,14,14,0.8571428571428571,7.5
6739,1,7,7,0.8571428571428571,4.0
6754,2,21,16,0.6190476190476191,5.761904761904762
6756,1,5,5,1.0,3.0
6766,1,10,10,0.0,5.5
6778,1,18,18,0.8888888888888888,9.5
6801,2,17,17,0.8823529411764706,4.764705882352941
6803,1,4,4,0.75,2.5
6808,1,11,11,1.0,6.0
6810,1,9,9,0.7777777777777778,5.0
6812,1,2,2,1.0,1.5
6820,1,5,5,0.4,3.0
6821,1,4,4,1.0,2.5
6822,1,5,5,0.6,3.0
6832,1,14,14,0.7142857142857143,7.5
6841,1,8,8,0.875,4.5
6851,2,20,20,0.65,6.3
6856,1,10,10,0.5,5.5
6877,1,9,9,0.2222222222222222,5.0
6895,1,9,9,0.8888888888888888,5.0
6915,2,4,4,0.0,1.75
6933,1,8,8,0.125,4.5
6956,1,4,4,1.0,2.5
6990,1,7,7,0.5714285714285714,4.0
7004,1,4,4,0.75,2.5
7020,1,9,9,0.2222222222222222,5.0
7044,1,27,27,0.7407407407407407,14.0
7105,1,3,3,0.0,2.0
7114,1,7,7,1.0,4.0
7116,1,2,2,0.5,1.5
7144,1,4,4,0.75,2.5
7149,1,15,15,0.6,8.0
7151,1,7,7,1.0,4.0
7156,1,11,11,0.8181818181818182,6.0
7166,1,2,2,0.0,1.5
7175,1,5,5,1.0,3.0
7185,1,3,3,1.0,2.0
7203,1,15,15,0.0,8.0
7205,1,2,2,1.0,1.5
7206,1,5,5,0.8,3.0
7228,1,6,6,0.3333333333333333,3.5
7229,1,2,2,0.0,1.5
7233,1,11,11,0.8181818181818182,6.0
7236,1,6,6,0.6666666666666666,3.5
7245,2,16,16,0.9375,4.5
7278,1,20,20,0.5,10.5
7287,1,8,8,0.5,4.5
7293,1,24,24,0.8333333333333334,12.5
7301,1,1,1,1.0,1.0
7309,1,10,10,0.4,5.5
7331,1,4,4,0.0,2.5
7333,1,3,3,1.0,2.0
7334,1,19,19,0.5789473684210527,10.0
7351,1,1,1,0.0,1.0
7358,1,13,13,0.23076923076923078,7.0
7359,1,17,17,0.7647058823529411,9.0
7372,1,8,8,0.5,4.5
7374,1,1,1,1.0,1.0
7402,1,1,1,0.0,1.0
7404,1,7,7,0.8571428571428571,4.0
7415,1,5,5,0.2,3.0
7427,1,4,4,0.75,2.5
7439,1,12,12,0.4166666666666667,6.5
7440,1,10,10,0.9,5.5
7448,1,9,9,0.4444444444444444,5.0
7449,1,8,8,0.875,4.5
7465,1,1,1,0.0,1.0
7492,1,23,23,0.8260869565217391,12.0
7497,2,30,27,0.5,8.3
7503,1,21,21,1.0,11.0
7520,1,12,12,0.8333333333333334,6.5
7524,1,1,1,1.0,1.0
7543,3,16,15,0.375,3.8125
7562,2,8,8,1.0,3.0
7565,1,4,4,1.0,2.5
7569,1,13,13,0.23076923076923078,7.0
7580,1,3,3,0.3333333333333333,2.0
7593,1,6,6,0.0,3.5
7608,1,9,9,0.1111111111111111,5.0
7610,1,15,15,0.4666666666666667,8.0
7618,1,9,9,0.3333333333333333,5.0
7622,1,3,3,0.6666666666666666,2.0
7625,1,6,6,0.0,3.5
7636,1,13,13,1.0,7.0
7653,1,21,21,0.47619047619047616,11.0
7658,1,2,2,1.0,1.5
7663,1,4,4,0.0,2.5
7677,1,10,10,0.5,5.5
7682,1,4,4,0.5,2.5
7695,1,18,18,0.5555555555555556,9.5
7701,2,35,35,0.9428571428571428,9.314285714285715
7706,1,12,12,0.9166666666666666,6.5
7717,1,8,8,0.0,4.5
7743,1,6,6,0.5,3.5
7744,1,15,15,1.0,8.0
7746,1,32,32,0.28125,16.5
7755,1,9,9,0.5555555555555556,5.0
7775,1,4,4,1.0,2.5
7792,2,40,40,0.525,16.9
7806,1,6,6,0.8333333333333334,3.5
7809,1,4,4,0.75,2.5
7810,1,17,17,0.47058823529411764,9.0
7818,1,17,17,0.7058823529411765,9.0
7831,1,6,6,0.5,3.5
7832,1,11,11,0.9090909090909091,6.0
7848,1,5,5,0.8,3.0
7864,1,11,11,0.36363636363636365,6.0
7870,1,11,11,0.18181818181818182,6.0
7886,1,3,3,0.6666666666666666,2.0
7892,1,4,4,0.25,2.5
7903,1,17,17,0.6470588235294118,9.0
7911,1,7,7,0.8571428571428571,4.0
7913,1,7,7,0.42857142857142855,4.0
7917,1,9,9,0.4444444444444444,5.0
7927,2,11,10,0.36363636363636365,3.272727272727273
7934,1,10,10,0.0,5.5
7952,1,2,2,0.5,1.5
7962,1,8,8,0.5,4.5
7966,1,5,5,0.8,3.0
7981,1,3,3,0.0,2.0
7982,2,3,3,1.0,1.3333333333333333
7983,1,9,9,0.3333333333333333,5.0
7988,1,19,19,0.0,10.0
7991,1,14,14,0.7142857142857143,7.5
8018,1,2,2,0.0,1.5
8022,1,6,6,0.8333333333333334,3.5
8037,1,13,13,0.23076923076923078,7.0
8046,1,12,12,1.0,6.5
8047,1,32,32,0.5,16.5
8054,1,2,2,1.0,1.5
8059,1,14,14,0.7857142857142857,7.5
8061,2,35,30,0.7714285714285715,10.114285714285714
8068,1,5,5,0.2,3.0
8075,1,4,4,1.0,2.5
8076,1,4,4,0.0,2.5
8084,1,7,7,0.42857142857142855,4.0
8088,1,7,7,0.42857142857142855,4.0
8089,2,6,6,0.8333333333333334,2.1666666666666665
8092,1,1,1,0.0,1.0
8100,1,3,3,0.3333333333333333,2.0
8129,1,8,8,1.0,4.5
8154,1,3,3,0.0,2.0
8170,1,10,10,1.0,5.5
8175,1,5,5,0.6,3.0
8189,1,3,3,1.0,2.0
8198,1,12,12,1.0,6.5
8216,1,13,13,0.6923076923076923,7.0
8236,1,8,8,0.75,4.5
8241,1,9,9,0.7777777777777778,5.0
8245,1,9,9,0.8888888888888888,5.0
8260,1,17,17,0.4117647058823529,9.0
8265,1,4,4,1.0,2.5
8273,1,18,18,0.9444444444444444,9.5
8309,1,3,3,0.6666666666666666,2.0
8323,1,2,2,1.0,1.5
8337,1,1,1,0.0,1.0
8340,1,20,20,0.85,10.5
8356,1,2,2,1.0,1.5
8359,1,19,19,1.0,10.0
8378,1,11,11,0.18181818181818182,6.0
8379,1,9,9,0.0,5.0
8384,1,1,1,1.0,1.0
8405,1,14,14,0.5714285714285714,7.5
8406,1,9,9,1.0,5.0
8411,1,14,14,0.0,7.5
8417,1,9,9,0.6666666666666666,5.0
8420,1,7,7,1.0,4.0
8421,2,10,10,0.7,4.6
8422,1,8,8,0.75,4.5
8432,1,21,21,0.9047619047619048,11.0
8456,1,4,4,0.5,2.5
8470,1,5,5,0.4,3.0
8485,1,13,13,0.46153846153846156,7.0
8492,1,28,28,0.5,14.5
8502,1,17,17,0.8235294117647058,9.0
8506,1,29,29,0.6896551724137931,15.0
8509,1,11,11,0.36363636363636365,6.0
8516,1,11,11,0.0,6.0
8535,2,15,15,1.0,7.066666666666666
8544,1,20,20,0.6,10.5
8547,1,7,7,0.5714285714285714,4.0
8574,1,15,15,0.8,8.0
8627,1,16,16,0.6875,8.5
8634,1,3,3,0.6666666666666666,2.0
8637,1,10,10,0.8,5.5
8656,1,14,14,1.0,7.5
8657,1,3,3,0.6666666666666666,2.0
8661,1,12,12,0.5833333333333334,6.5
8664,2,16,16,0.8125,5.5
8672,1,4,4,1.0,2.5
8677,1,5,5,0.8,3.0
8687,1,10,10,0.2,5.5
8691,1,6,6,0.16666666666666666,3.5
8703,1,5,5,1.0,3.0
8716,1,10,10,0.5,5.5
8719,1,22,22,0.0,11.5
8747,1,5,5,0.2,3.0
8748,1,3,3,0.6666666666666666,2.0
8759,1,2,2,0.5,1.5
8770,2,8,6,0.75,2.625
8777,1,6,6,1.0,3.5
8794,1,4,4,0.25,2.5
8806,1,11,11,0.9090909090909091,6.0
8839,1,11,11,0.45454545454545453,6.0
8841,1,7,7,1.0,4.0
8849,1,23,23,0.17391304347826086,12.0
8859,1,2,2,0.0,1.5
8875,1,3,3,0.0,2.0
8910,1,2,2,1.0,1.5
8911,1,1,1,1.0,1.0
8926,1,6,6,1.0,3.5
8931,1,9,9,0.6666666666666666,5.0
8941,1,13,13,0.6923076923076923,7.0
8962,1,11,11,0.6363636363636364,6.0
8967,1,25,25,0.0,13.0
8975,1,11,11,0.9090909090909091,6.0
8999,1,14,14,0.7142857142857143,7.5
9006,1,10,10,0.7,5.5
9007,1,15,15,0.8,8.0
9026,1,7,7,0.2857142857142857,4.0
9036,1,50,50,0.9,25.5
9063,1,17,17,0.0,9.0
9070,1,10,10,1.0,5.5
9077,1,4,4,0.0,2.5
9083,1,4,4,1.0,2.5
9094,1,8,8,0.0,4.5
9095,1,10,10,0.2,5.5
9097,1,7,7,1.0,4.0
9109,1,1,1,1.0,1.0
9119,1,4,4,0.75,2.5
9124,1,11,11,0.7272727272727273,6.0
9159,1,26,26,0.07692307692307693,13.5
9160,1,11,11,0.45454545454545453,6.0
9161,1,13,13,0.7692307692307693,7.0
9170,1,21,21,0.0,11.0
9180,1,1,1,0.0,1.0
9182,1,8,8,0.875,4.5
9185,1,5,5,0.0,3.0
9220,1,2,2,1.0,1.5
9221,1,5,5,0.6,3.0
9227,1,34,34,0.47058823529411764,17.5
9239,1,11,11,0.9090909090909091,6.0
9266,1,15,15,0.4,8.0
9271,1,2,2,1.0,1.5
9278,1,12,12,0.6666666666666666,6.5
9291,1,13,13,1.0,7.0
9321,2,38,38,0.42105263157894735,15.157894736842104
9330,1,5,5,1.0,3.0
9339,1,2,2,1.0,1.5
9347,2,13,13,0.15384615384615385,3.769230769230769
9364,1,14,14,0.7857142857142857,7.5
9365,1,20,20,0.6,10.5
9380,1,11,11,0.45454545454545453,6.0
9382,1,11,11,0.36363636363636365,6.0
9390,1,8,8,0.875,4.5
9401,1,15,15,0.8666666666666667,8.0
9432,1,6,6,1.0,3.5
9452,1,19,19,0.5789473684210527,10.0
9479,2,19,15,0.42105263157894735,5.368421052631579
9486,2,34,34,0.6176470588235294,9.0
9492,1,20,20,0.0,10.5
9493,1,3,3,1.0,2.0
9501,1,8,8,0.75,4.5
9509,1,3,3,0.6666666666666666,2.0
9526,1,9,9,0.0,5.0
9579,1,5,5,0.0,3.0
9608,1,10,10,0.4,5.5
9615,1,9,9,1.0,5.0
9637,1,5,5,0.6,3.0
9650,1,10,10,0.5,5.5
9675,1,22,22,0.9545454545454546,11.5
9682,1,10,10,1.0,5.5
9719,1,40,40,0.0,20.5
9734,1,6,6,1.0,3.5
9757,1,23,23,0.8695652173913043,12.0
9790,1,10,10,0.2,5.5
9793,1,13,13,0.8461538461538461,7.0
9829,1,4,4,1.0,2.5
9841,1,9,9,1.0,5.0
9850,1,8,8,0.0,4.5
9852,1,9,9,0.6666666666666666,5.0
9868,1,12,12,0.5833333333333334,6.5
9902,1,9,9,0.8888888888888888,5.0
9929,1,11,11,1.0,6.0
9945,1,3,3,1.0,2.0
9950,1,1,1,1.0,1.0
10000,1,13,13,0.23076923076923078,7.0
10020,1,10,10,0.4,5.5
10031,1,3,3,0.3333333333333333,2.0
10068,1,2,2,0.5,1.5
10105,1,19,19,0.7368421052631579,10.0
10114,1,6,6,1.0,3.5
10124,1,3,3,0.6666666666666666,2.0
10126,1,10,10,0.7,5.5
10130,1,5,5,0.0,3.0
10156,1,18,18,0.16666666666666666,9.5
10159,1,6,6,0.5,3.5
10170,1,13,13,0.9230769230769231,7.0
10171,1,2,2,0.5,1.5
10193,1,8,8,0.375,4.5
10221,1,4,4,0.75,2.5
10228,1,13,13,0.23076923076923078,7.0
10236,1,8,8,0.5,4.5
10241,1,25,25,0.8,13.0
10291,1,19,19,0.8947368421052632,10.0
10293,1,5,5,0.8,3.0
10339,1,5,5,0.4,3.0
10343,1,12,12,0.3333333333333333,6.5
10344,1,2,2,0.5,1.5
10351,1,5,5,1.0,3.0
10358,1,14,14,0.5714285714285714,7.5
10397,1,23,23,0.7391304347826086,12.0
10412,2,5,5,0.2,2.2
10419,1,4,4,1.0,2.5
10429,1,14,14,0.7142857142857143,7.5
10434,1,8,8,0.25,4.5
10441,1,4,4,0.5,2.5
10446,1,40,40,0.45,20.5
10461,1,10,10,0.6,5.5
10493,1,12,12,0.6666666666666666,6.5
10518,1,17,17,0.47058823529411764,9.0
10527,1,3,3,1.0,2.0
10535,1,4,4,0.5,2.5
10541,1,5,5,1.0,3.0
10542,1,15,15,0.4666666666666667,8.0
10546,1,7,7,0.5714285714285714,4.0
10548,1,16,16,0.6875,8.5
10570,1,8,8,0.0,4.5
10580,1,9,9,0.7777777777777778,5.0
10585,2,63,63,0.5396825396825397,16.285714285714285
10592,1,7,7,1.0,4.0
10597,1,18,18,0.6111111111111112,9.5
10600,3,15,15,0.6,3.2666666666666666
10627,1,4,4,0.75,2.5
10632,1,7,7,0.2857142857142857,4.0
10640,1,19,19,0.5263157894736842,10.0
10649,1,20,20,0.8,10.5
10660,1,10,10,0.8,5.5
10669,1,4,4,0.0,2.5
10671,1,15,15,0.2,8.0
10696,1,12,12,0.08333333333333333,6.5
10699,1,4,4,0.75,2.5
10704,1,13,13,0.5384615384615384,7.0
10712,1,7,7,1.0,4.0
10718,1,3,3,0.0,2.0
10722,1,11,11,0.09090909090909091,6.0
10747,1,8,8,1.0,4.5
10779,1,14,14,0.35714285714285715,7.5
10782,1,5,5,0.0,3.0
10783,1,1,1,0.0,1.0
10790,1,5,5,0.0,3.0
10799,1,2,2,0.5,1.5
10830,1,32,32,0.8125,16.5
10868,1,7,7,0.14285714285714285,4.0
10875,1,1,1,1.0,1.0
10877,1,7,7,0.0,4.0
10882,1,10,10,0.2,5.5
10888,1,10,10,0.9,5.5
10919,1,17,17,0.8235294117647058,9.0
10934,1,13,13,0.8461538461538461,7.0
10951,1,20,20,0.5,10.5
10988,1,5,5,0.0,3.0
11001,1,3,3,0.6666666666666666,2.0
11010,1,15,15,0.4666666666666667,8.0
11018,1,7,7,0.0,4.0
11026,1,4,4,1.0,2.5
11027,1,4,4,0.5,2.5
11036,1,8,8,0.625,4.5
11039,1,6,6,0.6666666666666666,3.5
11047,1,9,9,0.8888888888888888,5.0
11060,1,10,10,0.8,5.5
11062,1,7,7,1.0,4.0
11068,1,10,10,0.5,5.5
11082,1,11,11,0.6363636363636364,6.0
11111,1,8,8,0.625,4.5
11116,1,16,16,0.75,8.5
11121,1,11,11,0.2727272727272727,6.0
11122,1,28,28,0.6785714285714286,14.5
11141,1,2,2,0.0,1.5
11146,1,8,8,0.5,4.5
11152,1,8,8,0.75,4.5
11171,1,9,9,0.0,5.0
11176,2,12,11,0.75,3.5
11196,1,9,9,0.3333333333333333,5.0
11208,1,4,4,0.5,2.5
11210,1,12,12,1.0,6.5
11216,2,8,8,0.5,3.0
11222,1,4,4,0.5,2.5
11223,1,13,13,0.6923076923076923,7.0
11225,1,6,6,0.8333333333333334,3.5
11231,2,49,40,0.6938775510204082,13.36734693877551
11236,3,22,18,0.7272727272727273,6.181818181818182
11241,1,35,35,0.17142857142857143,18.0
11286,1,3,3,0.6666666666666666,2.0
11288,1,14,14,0.8571428571428571,7.5
11319,1,3,3,0.3333333333333333,2.0
11323,1,10,10,0.1,5.5
11334,1,4,4,0.5,2.5
11335,1,44,44,0.8863636363636364,22.5
11337,1,10,10,0.8,5.5
11344,1,11,11,0.09090909090909091,6.0
11365,1,9,9,0.0,5.0
11374,1,14,14,0.35714285714285715,7.5
11378,1,17,17,0.5882352941176471,9.0
11387,1,8,8,0.25,4.5
11418,1,4,4,0.75,2.5
11419,1,5,5,0.4,3.0
11450,1,33,33,0.48484848484848486,17.0
11455,1,9,9,0.4444444444444444,5.0
11457,1,16,16,0.875,8.5
11485,1,11,11,0.36363636363636365,6.0
11496,1,1,1,1.0,1.0
11499,1,8,8,0.5,4.5
11511,1,16,16,0.8125,8.5
11523,1,16,16,0.8125,8.5
11529,1,8,8,0.625,4.5
11547,2,5,5,0.8,1.8
11562,1,9,9,0.4444444444444444,5.0
11566,1,2,2,0.0,1.5
11574,1,6,6,0.8333333333333334,3.5
11588,2,27,22,0.8888888888888888,8.814814814814815
11592,1,10,10,0.6,5.5
11603,1,7,7,0.8571428571428571,4.0
11604,1,8,8,0.0,4.5
11635,1,14,14,0.5,7.5
11650,1,9,9,1.0,5.0
11661,1,9,9,0.6666666666666666,5.0
11665,1,17,17,0.0,9.0
11685,1,8,8,1.0,4.5
11689,1,7,7,0.0,4.0
11698,1,9,9,0.4444444444444444,5.0
11712,1,3,3,1.0,2.0
11716,1,11,11,0.9090909090909091,6.0
11724,1,3,3,0.6666666666666666,2.0
11729,1,49,49,0.7959183673469388,25.0
11742,1,4,4,1.0,2.5
11752,1,7,7,0.42857142857142855,4.0
11755,1,7,7,0.8571428571428571,4.0
11785,2,19,16,0.5263157894736842,5.2631578947368425
11789,1,21,21,0.047619047619047616,11.0
11808,1,25,25,0.84,13.0
11828,1,7,7,0.14285714285714285,4.0
11845,2,22,22,0.9090909090909091,9.681818181818182
11852,2,31,31,0.12903225806451613,13.290322580645162
11866,1,8,8,0.5,4.5
11907,2,30,30,0.7,8.033333333333333
11912,1,41,41,0.9024390243902439,21.0
11914,1,16,16,0.75,8.5
11924,1,4,4,1.0,2.5
11931,1,6,6,0.16666666666666666,3.5
11953,1,10,10,1.0,5.5
11961,1,14,14,0.2857142857142857,7.5
11998,1,10,10,0.4,5.5
12007,1,26,26,0.6153846153846154,13.5
12010,2,20,20,0.3,8.7
12016,2,29,29,0.3103448275862069,7.827586206896552
12025,1,1,1,1.0,1.0
12026,1,19,19,0.8421052631578947,10.0
12042,1,5,5,1.0,3.0
12043,1,11,11,0.45454545454545453,6.0
12044,1,13,13,0.9230769230769231,7.0
12046,1,19,19,0.0,10.0
12050,1,3,3,0.3333333333333333,2.0
12081,1,7,7,0.0,4.0
12084,1,9,9,0.2222222222222222,5.0
12090,1,20,20,0.45,10.5
12091,1,9,9,0.6666666666666666,5.0
12094,1,15,15,0.6,8.0
12102,2,51,51,0.9803921568627451,14.666666666666666
12114,1,17,17,0.5882352941176471,9.0
12123,1,13,13,0.23076923076923078,7.0
12126,1,6,6,0.6666666666666666,3.5
12132,1,34,34,0.0,17.5
12190,1,10,10,0.7,5.5
12191,1,12,12,0.8333333333333334,6.5
12205,2,8,8,1.0,3.0
12208,1,7,7,0.2857142857142857,4.0
12239,1,2,2,1.0,1.5
12249,1,18,18,0.8888888888888888,9.5
12269,1,12,12,0.9166666666666666,6.5
12295,1,12,12,0.9166666666666666,6.5
12300,1,60,60,0.85,30.5
12324,1,4,4,0.0,2.5
12325,1,30,30,0.7666666666666667,15.5
12326,1,9,9,0.5555555555555556,5.0
12329,1,7,7,0.42857142857142855,4.0
12374,1,28,28,0.39285714285714285,14.5
12394,1,19,19,0.7368421052631579,10.0
12407,2,5,5,1.0,1.8
12424,1,9,9,1.0,5.0
12433,2,31,31,0.06451612903225806,13.290322580645162
12445,1,1,1,1.0,1.0
12446,2,18,18,0.7222222222222222,5.0
12469,1,10,10,0.8,5.5
12477,1,18,18,0.0,9.5
12479,1,12,12,0.5,6.5
12486,1,1,1,1.0,1.0
12496,1,27,27,0.2962962962962963,14.0
12514,3,39,34,0.8974358974358975,7.17948717948718
12520,1,10,10,0.6,5.5
12523,1,17,17,0.47058823529411764,9.0
12533,1,13,13,0.3076923076923077,7.0
12590,1,8,8,0.0,4.5
12629,1,9,9,0.5555555555555556,5.0
12640,1,3,3,0.0,2.0
12657,1,4,4,0.75,2.5
12662,2,6,6,1.0,2.1666666666666665
12664,1,5,5,0.4,3.0
12666,1,30,30,0.7666666666666667,15.5
12670,1,8,8,0.875,4.5
12672,1,4,4,1.0,2.5
12691,1,13,13,0.6153846153846154,7.0
12702,1,11,11,0.9090909090909091,6.0
12710,1,16,16,0.5,8.5
12711,2,48,41,0.9166666666666666,13.833333333333334
12726,2,41,34,0.8780487804878049,12.121951219512194
12735,1,12,12,0.3333333333333333,6.5
12739,1,17,17,0.5294117647058824,9.0
12759,1,2,2,1.0,1.5
12775,1,9,9,0.7777777777777778,5.0
12782,1,4,4,0.25,2.5
12784,1,1,1,1.0,1.0
12788,1,13,13,0.38461538461538464,7.0
12807,1,5,5,0.0,3.0
12824,2,11,10,0.7272727272727273,3.272727272727273
12840,1,3,3,0.0,2.0
12856,1,13,13,0.9230769230769231,7.0
12863,1,2,2,1.0,1.5
12884,1,9,9,0.6666666666666666,5.0
12886,2,16,13,0.5625,4.75
12889,1,10,10,0.6,5.5
12899,2,25,25,1.0,9.64
12904,1,3,3,0.6666666666666666,2.0
12906,2,29,27,0.7931034482758621,7.758620689655173
12913,1,7,7,0.5714285714285714,4.0
12918,1,4,4,0.5,2.5
12924,1,12,12,0.8333333333333334,6.5
12951,1,5,5,1.0,3.0
12960,1,20,20,0.85,10.5
12978,1,3,3,0.6666666666666666,2.0
13009,1,6,6,1.0,3.5
13010,1,6,6,1.0,3.5
13018,1,5,5,0.6,3.0
13019,1,13,13,0.23076923076923078,7.0
13038,1,8,8,0.0,4.5
13053,2,2,2,1.0,1.0
13055,1,7,7,0.8571428571428571,4.0
13073,1,1,1,1.0,1.0
13107,1,8,8,1.0,4.5
13112,1,6,6,1.0,3.5
13120,1,14,14,0.7857142857142857,7.5
13127,3,15,15,0.4,3.466666666666667
13131,1,25,25,0.92,13.0
13141,2,21,21,0.42857142857142855,5.857142857142857
13149,1,6,6,1.0,3.5
13152,1,3,3,0.6666666666666666,2.0
13161,1,24,24,0.4583333333333333,12.5
13181,1,2,2,0.0,1.5
13212,1,7,7,0.2857142857142857,4.0
13275,1,5,5,0.4,3.0
13276,1,13,13,0.5384615384615384,7.0
13285,1,5,5,0.6,3.0
13288,1,13,13,0.0,7.0
13289,1,4,4,0.5,2.5
13315,1,15,15,1.0,8.0
13326,1,5,5,1.0,3.0
13334,1,4,4,0.5,2.5
13337,1,4,4,0.75,2.5
13346,1,9,9,0.2222222222222222,5.0
13347,1,5,5,1.0,3.0
13349,2,26,21,0.8461538461538461,8.384615384615385
13350,1,31,31,0.7096774193548387,16.0
13354,1,5,5,0.8,3.0
13375,1,20,20,0.55,10.5
13385,1,14,14,0.14285714285714285,7.5
13406,2,18,18,0.8333333333333334,5.5
13421,1,3,3,0.3333333333333333,2.0
13440,1,15,15,0.5333333333333333,8.0
13442,1,6,6,0.8333333333333334,3.5
13443,1,17,17,0.29411764705882354,9.0
13444,1,5,5,0.6,3.0
13445,1,12,12,0.9166666666666666,6.5
13446,1,13,13,0.8461538461538461,7.0
13451,1,12,12,0.4166666666666667,6.5
13476,1,3,3,0.0,2.0
13485,1,15,15,0.26666666666666666,8.0
13509,2,13,12,0.6923076923076923,3.769230769230769
13513,1,8,8,0.125,4.5
13516,1,8,8,0.25,4.5
13517,1,6,6,0.3333333333333333,3.5
13523,1,13,13,0.9230769230769231,7.0
13531,2,20,19,0.65,6.3
13536,1,1,1,0.0,1.0
13554,2,16,16,0.9375,4.5
13559,1,6,6,0.6666666666666666,3.5
13570,1,12,12,0.0,6.5
13596,1,6,6,0.5,3.5
13598,1,6,6,0.6666666666666666,3.5
13607,1,20,20,0.85,10.5
13616,1,14,14,0.0,7.5
13623,1,2,2,0.0,1.5
13649,1,6,6,0.16666666666666666,3.5
13656,1,24,24,0.625,12.5
13657,1,8,8,0.0,4.5
13665,1,2,2,0.0,1.5
13681,1,19,19,0.3684210526315789,10.0
13701,3,79,75,0.8734177215189873,13.721518987341772
13721,1,2,2,1.0,1.5
13731,1,7,7,0.7142857142857143,4.0
13739,1,7,7,0.2857142857142857,4.0
13748,1,1,1,0.0,1.0
13749,2,14,12,0.6428571428571429,4.071428571428571
13776,1,5,5,0.6,3.0
13782,1,9,9,0.1111111111111111,5.0
13796,1,1,1,1.0,1.0
13807,1,1,1,0.0,1.0
13841,1,4,4,0.75,2.5
13870,1,17,17,0.4117647058823529,9.0
13927,1,11,11,1.0,6.0
13943,1,5,5,1.0,3.0
13998,1,6,6,1.0,3.5
13999,1,11,11,0.7272727272727273,6.0
14003,1,23,23,0.8260869565217391,12.0
14012,1,8,8,0.875,4.5
14021,1,25,25,0.72,13.0
14027,1,13,13,0.46153846153846156,7.0
14043,2,18,18,0.3888888888888889,5.222222222222222
14052,1,5,5,0.6,3.0
14075,1,8,8,0.625,4.5
14078,1,20,20,0.45,10.5
14082,1,6,6,0.6666666666666666,3.5
14091,1,25,25,0.6,13.0
14092,1,5,5,0.8,3.0
14111,1,4,4,0.25,2.5
14139,1,1,1,0.0,1.0
14151,1,19,19,0.9473684210526315,10.0
14160,1,5,5,0.6,3.0
14172,1,9,9,1.0,5.0
14212,1,4,4,0.0,2.5
14218,1,3,3,1.0,2.0
14221,1,2,2,1.0,1.5
14226,1,1,1,1.0,1.0
14249,2,34,34,0.6176470588235294,9.735294117647058
14260,1,6,6,0.5,3.5
14264,1,25,25,0.76,13.0
14275,1,2,2,1.0,1.5
14288,1,20,20,0.0,10.5
14289,1,10,10,0.2,5.5
14293,1,12,12,0.6666666666666666,6.5
14303,1,13,13,0.8461538461538461,7.0
14321,1,13,13,1.0,7.0
14332,1,1,1,0.0,1.0
14348,1,4,4,0.0,2.5
14357,1,3,3,0.3333333333333333,2.0
14358,1,7,7,0.8571428571428571,4.0
14367,4,66,58,0.7121212121212122,9.909090909090908
14373,1,3,3,1.0,2.0
14386,1,7,7,0.2857142857142857,4.0
14410,1,12,12,0.9166666666666666,6.5
14413,1,12,12,1.0,6.5
14416,1,13,13,0.9230769230769231,7.0
14421,1,5,5,0.2,3.0
14423,1,14,14,0.35714285714285715,7.5
14437,1,6,6,1.0,3.5
14448,1,13,13,0.8461538461538461,7.0
14453,1,3,3,0.6666666666666666,2.0
14459,1,4,4,1.0,2.5
14473,1,9,9,0.0,5.0
14477,1,5,5,0.6,3.0
14489,2,34,30,0.8235294117647058,9.735294117647058
14490,1,3,3,0.3333333333333333,2.0
14494,1,14,14,0.42857142857142855,7.5
14502,1,7,7,0.7142857142857143,4.0
14509,1,14,14,0.6428571428571429,7.5
14530,1,2,2,0.5,1.5
14537,1,2,2,0.0,1.5
14540,1,3,3,1.0,2.0
14572,1,2,2,0.5,1.5
14579,1,7,7,0.5714285714285714,4.0
14584,1,12,12,0.8333333333333334,6.5
14588,1,4,4,0.5,2.5
14594,1,1,1,0.0,1.0
14598,1,25,25,0.88,13.0
14600,1,10,10,0.3,5.5
14630,1,8,8,0.875,4.5
14631,1,35,35,0.8,18.0
14634,1,10,10,0.3,5.5
14663,1,3,3,0.3333333333333333,2.0
14664,1,9,9,0.0,5.0
14668,1,8,8,0.625,4.5
14684,1,8,8,0.75,4.5
14689,1,1,1,1.0,1.0
14695,1,10,10,0.8,5.5
14700,1,2,2,0.0,1.5
14702,2,9,9,0.5555555555555556,3.4444444444444446
14709,1,9,9,0.6666666666666666,5.0
14714,1,1,1,1.0,1.0
14723,1,1,1,1.0,1.0
14725,1,1,1,1.0,1.0
14734,1,13,13,0.9230769230769231,7.0
14737,1,14,14,0.5714285714285714,7.5
14746,1,6,6,0.6666666666666666,3.5
14748,2,2,2,1.0,1.0
14766,1,12,12,0.4166666666666667,6.5
14773,1,3,3,0.6666666666666666,2.0
14776,1,3,3,1.0,2.0
14777,1,6,6,0.16666666666666666,3.5
14781,1,13,13,0.6923076923076923,7.0
14787,1,7,7,0.0,4.0
14809,1,2,2,0.0,1.5
14817,1,22,22,0.0,11.5
14821,1,16,16,0.0,8.5
14825,1,6,6,0.5,3.5
14857,2,50,50,0.88,14.28
14867,1,4,4,0.5,2.5
14868,3,43,41,0.8837209302325582,9.162790697674419
14872,1,13,13,0.7692307692307693,7.0
14873,2,51,51,0.7254901960784313,13.294117647058824
14882,1,9,9,0.7777777777777778,5.0
14892,1,7,7,0.0,4.0
14895,1,3,3,0.0,2.0
14900,1,1,1,1.0,1.0
14920,1,9,9,1.0,5.0
14934,1,3,3,1.0,2.0
14936,1,4,4,0.25,2.5
14941,1,7,7,0.8571428571428571,4.0
14955,1,5,5,1.0,3.0
14981,1,1,1,1.0,1.0
14987,1,4,4,0.5,2.5
14990,1,21,21,0.0,11.0
14996,1,8,8,0.5,4.5
15003,1,14,14,0.8571428571428571,7.5
15030,1,4,4,1.0,2.5
15032,1,5,5,0.8,3.0
15036,1,11,11,0.45454545454545453,6.0
15038,1,13,13,0.0,7.0
15059,1,11,11,0.0,6.0
15060,1,6,6,0.8333333333333334,3.5
15068,1,7,7,0.42857142857142855,4.0
15083,1,19,19,0.0,10.0
15112,1,17,17,0.4117647058823529,9.0
15124,1,4,4,1.0,2.5
15147,1,10,10,0.9,5.5
15154,1,9,9,0.0,5.0
15160,1,9,9,0.7777777777777778,5.0
15161,1,1,1,1.0,1.0
15165,1,5,5,0.4,3.0
15169,1,9,9,0.5555555555555556,5.0
15170,1,12,12,0.08333333333333333,6.5
15177,1,9,9,0.0,5.0
15182,1,3,3,1.0,2.0
15194,1,12,12,0.3333333333333333,6.5
15196,1,9,9,0.4444444444444444,5.0
15197,1,11,11,0.2727272727272727,6.0
15202,1,3,3,0.0,2.0
15234,1,2,2,0.5,1.5
15273,1,3,3,0.3333333333333333,2.0
15297,1,1,1,1.0,1.0
15302,1,9,9,0.0,5.0
15314,1,6,6,0.8333333333333334,3.5
15322,1,34,34,0.4411764705882353,17.5
15332,1,8,8,0.5,4.5
15356,1,11,11,0.7272727272727273,6.0
15380,1,11,11,0.0,6.0
15392,1,11,11,0.0,6.0
15411,1,11,11,1.0,6.0
15428,1,6,6,0.5,3.5
15445,1,8,8,0.375,4.5
15447,3,10,8,1.0,2.3
15460,1,7,7,1.0,4.0
15461,1,9,9,0.3333333333333333,5.0
15463,1,10,10,0.2,5.5
15466,1,15,15,0.8666666666666667,8.0
15474,1,8,8,1.0,4.5
15479,1,10,10,0.5,5.5
15501,1,18,18,1.0,9.5
15505,1,6,6,0.6666666666666666,3.5
15514,1,5,5,0.4,3.0
15521,1,10,10,0.6,5.5
15527,1,18,18,0.6666666666666666,9.5
15528,1,20,20,0.5,10.5
15539,1,10,10,0.8,5.5
15540,2,14,14,0.7857142857142857,4.285714285714286
15556,1,15,15,0.2,8.0
15572,1,6,6,0.5,3.5
15579,1,10,10,1.0,5.5
15589,1,1,1,0.0,1.0
15592,1,2,2,1.0,1.5
15608,1,17,17,0.9411764705882353,9.0
15621,1,12,12,0.9166666666666666,6.5
15626,1,4,4,0.75,2.5
15634,1,10,10,0.9,5.5
15652,1,30,30,0.6,15.5
15673,1,3,3,0.3333333333333333,2.0
15682,2,16,13,0.8125,4.5
15700,1,6,6,0.16666666666666666,3.5
15733,1,13,13,0.15384615384615385,7.0
15741,1,19,19,0.8421052631578947,10.0
15744,2,12,12,0.08333333333333333,3.5
15754,1,17,17,0.7647058823529411,9.0
15755,1,5,5,0.8,3.0
15765,1,5,5,1.0,3.0
15785,1,17,17,1.0,9.0
15791,1,15,15,0.4,8.0
15803,1,6,6,1.0,3.5
15811,2,32,28,0.84375,8.5
15819,1,13,13,0.3076923076923077,7.0
15835,1,15,15,0.6,8.0
15857,1,17,17,0.6470588235294118,9.0
15864,2,18,17,0.3888888888888889,5.0
15885,1,15,15,0.5333333333333333,8.0
15896,1,20,20,0.95,10.5
15899,1,18,18,0.6111111111111112,9.5
15906,1,18,18,0.8333333333333334,9.5
15943,1,9,9,1.0,5.0
15946,1,12,12,0.6666666666666666,6.5
15956,1,7,7,0.42857142857142855,4.0
15957,1,2,2,1.0,1.5
15959,1,18,18,0.4444444444444444,9.5
15962,1,25,25,0.72,13.0
15968,1,33,33,0.7878787878787878,17.0
15977,1,9,9,0.0,5.0
15979,1,10,10,0.2,5.5
15981,1,18,18,1.0,9.5
15999,1,11,11,0.6363636363636364,6.0
16000,1,6,6,0.0,3.5
16001,1,7,7,1.0,4.0
16011,1,10,10,0.9,5.5
16013,1,11,11,0.2727272727272727,6.0
16017,1,6,6,0.5,3.5
16022,1,12,12,0.0,6.5
16024,1,3,3,0.6666666666666666,2.0
16030,1,22,22,0.5454545454545454,11.5
16032,1,37,37,0.4594594594594595,19.0
16066,1,16,16,0.5625,8.5
16072,1,10,10,0.5,5.5
16103,1,10,10,0.4,5.5
16108,1,3,3,0.3333333333333333,2.0
16111,1,11,11,0.7272727272727273,6.0
16136,1,12,12,0.8333333333333334,6.5
16137,1,3,3,0.6666666666666666,2.0
16152,1,17,17,0.11764705882352941,9.0
16165,1,6,6,0.3333333333333333,3.5
16166,1,12,12,0.8333333333333334,6.5
16181,1,23,23,0.6956521739130435,12.0
16184,1,3,3,1.0,2.0
16196,1,1,1,1.0,1.0
16204,1,14,14,0.2857142857142857,7.5
16225,1,11,11,0.0,6.0
16226,2,14,14,0.7857142857142857,4.071428571428571
16227,1,8,8,0.0,4.5
16247,1,7,7,0.7142857142857143,4.0
16256,1,12,12,0.6666666666666666,6.5
16261,1,5,5,0.2,3.0
16272,1,17,17,0.47058823529411764,9.0
16278,1,8,8,0.75,4.5
16286,1,4,4,0.75,2.5
16288,1,14,14,0.0,7.5
16298,2,17,16,0.8823529411764706,5.117647058823529
16307,1,3,3,1.0,2.0
16315,1,3,3,1.0,2.0
16345,1,17,17,0.9411764705882353,9.0
16356,1,20,20,0.55,10.5
16357,2,19,19,0.631578947368421,5.578947368421052
16364,1,8,8,0.625,4.5
16370,1,5,5,1.0,3.0
16390,1,19,19,0.631578947368421,10.0
16397,1,1,1,1.0,1.0
16400,1,2,2,1.0,1.5
16401,1,19,19,0.8947368421052632,10.0
16408,2,37,37,0.13513513513513514,11.702702702702704
16428,1,9,9,0.7777777777777778,5.0
16429,1,5,5,1.0,3.0
16456,1,1,1,0.0,1.0
16482,1,25,25,0.68,13.0
16492,1,9,9,0.4444444444444444,5.0
16502,1,3,3,0.6666666666666666,2.0
16504,1,17,17,1.0,9.0
16554,1,6,6,0.6666666666666666,3.5
16567,1,6,6,0.0,3.5
16570,1,13,13,0.6923076923076923,7.0
16573,1,2,2,1.0,1.5
16578,1,12,12,0.0,6.5
16581,1,2,2,1.0,1.5
16583,2,22,17,0.7727272727272727,6.0
16592,1,2,2,1.0,1.5
16600,1,13,13,1.0,7.0
16612,1,19,19,0.3684210526315789,10.0
16615,1,12,12,0.75,6.5
16624,1,14,14,0.0,7.5
16656,1,20,20,0.8,10.5
16669,1,8,8,0.875,4.5
16674,1,6,6,0.0,3.5
16680,1,6,6,1.0,3.5
16686,1,4,4,0.0,2.5
16694,1,4,4,0.0,2.5
16708,2,28,27,0.2857142857142857,7.821428571428571
16712,1,1,1,1.0,1.0
16716,1,15,15,0.7333333333333333,8.0
16722,1,14,14,0.5,7.5
16734,1,10,10,0.8,5.5
16754,2,9,8,0.4444444444444444,2.7777777777777777
16803,1,3,3,1.0,2.0
16810,1,7,7,0.42857142857142855,4.0
16826,1,13,13,0.3076923076923077,7.0
16837,1,27,27,0.6666666666666666,14.0
16848,2,10,10,0.7,3.1
16850,1,21,21,0.42857142857142855,11.0
16860,1,4,4,0.25,2.5
16864,1,8,8,0.0,4.5
16866,2,23,21,0.6521739130434783,6.782608695652174
16869,1,16,16,0.5,8.5
16874,1,7,7,0.42857142857142855,4.0
16879,1,17,17,0.8235294117647058,9.0
16883,1,5,5,1.0,3.0
16884,1,7,7,0.2857142857142857,4.0
16916,1,4,4,0.0,2.5
16928,1,11,11,0.45454545454545453,6.0
16933,1,2,2,0.0,1.5
16948,1,6,6,0.6666666666666666,3.5
16954,1,8,8,0.625,4.5
16976,1,9,9,0.4444444444444444,5.0
16986,1,23,23,0.8695652173913043,12.0
16989,1,6,6,1.0,3.5
16992,1,4,4,0.5,2.5
17000,1,7,7,0.5714285714285714,4.0
17001,1,4,4,1.0,2.5
17005,1,6,6,0.6666666666666666,3.5
17006,1,26,26,0.5,13.5
17029,1,19,19,0.8947368421052632,10.0
17031,1,26,26,0.23076923076923078,13.5
17056,1,3,3,0.3333333333333333,2.0
17076,1,9,9,0.0,5.0
17086,1,9,9,1.0,5.0
17096,1,12,12,0.75,6.5
17108,1,46,46,0.6304347826086957,23.5
17152,1,5,5,1.0,3.0
17155,2,37,35,0.8108108108108109,10.297297297297296
17163,1,10,10,0.5,5.5
17166,1,10,10,0.7,5.5
17168,1,24,24,0.4583333333333333,12.5
17170,1,6,6,0.8333333333333334,3.5
17173,1,17,17,0.9411764705882353,9.0
17202,2,5,5,0.8,1.8
17207,1,5,5,0.4,3.0
17221,1,12,12,0.8333333333333334,6.5
17224,1,21,21,0.5238095238095238,11.0
17238,1,11,11,0.45454545454545453,6.0
17242,1,4,4,0.5,2.5
17253,1,10,10,0.5,5.5
17282,1,19,19,0.8421052631578947,10.0
17317,1,12,12,0.75,6.5
17323,1,11,11,0.5454545454545454,6.0
17338,2,23,22,0.7391304347826086,7.565217391304348
17356,2,15,15,0.5333333333333333,4.266666666666667
17370,1,6,6,0.0,3.5
17383,1,13,13,0.9230769230769231,7.0
17391,2,5,5,0.4,2.2
17403,1,3,3,1.0,2.0
17406,1,27,27,0.6296296296296297,14.0
17420,1,14,14,1.0,7.5
17450,1,8,8,1.0,4.5
17454,1,8,8,0.75,4.5
17461,1,10,10,0.9,5.5
17472,2,16,15,0.25,4.75
17485,1,10,10,0.4,5.5
17493,1,13,13,0.6153846153846154,7.0
17501,1,3,3,0.3333333333333333,2.0
17507,2,17,17,0.5882352941176471,6.529411764705882
17521,1,9,9,0.2222222222222222,5.0
17538,1,11,11,0.09090909090909091,6.0
17544,1,23,23,0.6956521739130435,12.0
17547,1,4,4,0.75,2.5
17551,1,9,9,0.7777777777777778,5.0
17575,1,12,12,0.5,6.5
17579,1,8,8,1.0,4.5
17582,1,13,13,0.3076923076923077,7.0
17609,1,15,15,0.4666666666666667,8.0
17610,2,17,16,0.5882352941176471,4.882352941176471
17617,1,6,6,0.8333333333333334,3.5
17669,1,6,6,0.0,3.5
17684,1,5,5,0.8,3.0
17694,1,5,5,1.0,3.0
17740,2,12,12,0.5,3.8333333333333335
17742,1,21,21,1.0,11.0
17752,1,6,6,0.8333333333333334,3.5
17776,1,14,14,0.42857142857142855,7.5
17778,1,20,20,0.7,10.5
17783,1,9,9,1.0,5.0
17806,1,17,17,0.5294117647058824,9.0
17839,1,15,15,0.3333333333333333,8.0
17841,1,24,24,0.4583333333333333,12.5
17856,1,1,1,1.0,1.0
17861,1,2,2,0.5,1.5
17870,2,9,9,0.6666666666666666,3.0
17884,2,20,17,0.75,5.95
17886,2,17,17,0.7058823529411765,5.9411764705882355
17892,1,1,1,0.0,1.0
17896,2,18,17,0.9444444444444444,8.555555555555555
17900,1,18,18,0.8888888888888888,9.5
17901,1,26,26,0.7307692307692307,13.5
17911,1,6,6,0.3333333333333333,3.5
17926,1,10,10,0.4,5.5
17930,2,22,22,0.9090909090909091,6.045454545454546
17962,2,21,20,0.47619047619047616,5.857142857142857
17964,2,25,25,0.76,7.96
17965,1,2,2,0.0,1.5
17967,2,22,22,0.5909090909090909,6.045454545454546
17968,1,3,3,1.0,2.0
17974,1,3,3,1.0,2.0
17985,1,11,11,0.2727272727272727,6.0
17994,1,7,7,0.42857142857142855,4.0
18000,1,2,2,1.0,1.5
18011,1,4,4,1.0,2.5
18018,1,3,3,0.6666666666666666,2.0
18044,1,18,18,0.7777777777777778,9.5
18055,1,9,9,0.6666666666666666,5.0
18067,1,15,15,0.4,8.0
18075,1,9,9,0.5555555555555556,5.0
18085,1,9,9,0.8888888888888888,5.0
18089,1,1,1,0.0,1.0
18093,1,2,2,0.0,1.5
18094,1,7,7,0.8571428571428571,4.0
18097,1,11,11,0.09090909090909091,6.0
18098,1,5,5,0.4,3.0
18107,1,18,18,0.3333333333333333,9.5
18116,1,7,7,0.7142857142857143,4.0
18124,1,12,12,0.16666666666666666,6.5
18128,1,1,1,0.0,1.0
18130,1,9,9,1.0,5.0
18177,1,8,8,0.75,4.5
18192,1,17,17,0.7058823529411765,9.0
18194,1,11,11,0.8181818181818182,6.0
18201,2,16,16,0.625,5.5
18215,1,15,15,0.26666666666666666,8.0
18219,1,8,8,0.625,4.5
18237,1,11,11,0.36363636363636365,6.0
18239,1,7,7,0.2857142857142857,4.0
18244,1,17,17,0.0,9.0
18261,1,17,17,0.17647058823529413,9.0
18270,1,2,2,1.0,1.5
18275,2,6,6,1.0,2.1666666666666665
18283,1,7,7,0.2857142857142857,4.0
18287,1,4,4,0.25,2.5
18291,1,7,7,0.42857142857142855,4.0
18311,1,9,9,0.7777777777777778,5.0
18312,1,9,9,0.6666666666666666,5.0
18327,1,1,1,1.0,1.0
18332,1,23,23,1.0,12.0
18342,1,1,1,0.0,1.0
18355,1,2,2,0.5,1.5
18374,2,15,15,0.4,5.066666666666666
18393,1,8,8,0.375,4.5
18409,1,8,8,0.375,4.5
18432,1,11,11,0.36363636363636365,6.0
18433,1,14,14,0.8571428571428571,7.5
18435,1,13,13,0.0,7.0
18440,1,9,9,0.8888888888888888,5.0
18457,1,3,3,0.6666666666666666,2.0
18462,1,21,21,0.3333333333333333,11.0
18464,2,10,10,0.3,3.4
18471,1,6,6,0.8333333333333334,3.5
18473,1,8,8,0.375,4.5
18474,1,8,8,0.75,4.5
18488,1,7,7,0.7142857142857143,4.0
18491,3,21,19,0.8095238095238095,4.142857142857143
18499,1,12,12,0.25,6.5
18532,1,9,9,1.0,5.0
18536,1,20,20,0.75,10.5
18550,1,24,24,0.4166666666666667,12.5
18606,1,5,5,0.4,3.0
18607,1,5,5,0.0,3.0
18631,1,8,8,1.0,4.5
18632,1,7,7,1.0,4.0
18633,1,19,19,0.6842105263157895,10.0
18640,1,9,9,0.1111111111111111,5.0
18650,1,22,22,0.0,11.5
18658,1,23,23,0.43478260869565216,12.0
18664,1,3,3,0.6666666666666666,2.0
18669,1,18,18,0.3888888888888889,9.5
18679,1,6,6,1.0,3.5
18683,2,29,29,0.8620689655172413,8.172413793103448
18685,1,10,10,0.8,5.5
18688,1,3,3,1.0,2.0
18692,1,3,3,0.6666666666666666,2.0
18698,1,12,12,0.0,6.5
18700,1,6,6,0.0,3.5
18702,1,4,4,0.5,2.5
18745,1,24,24,0.4166666666666667,12.5
18751,1,11,11,0.0,6.0
18775,2,9,9,0.5555555555555556,2.7777777777777777
18781,1,10,10,0.9,5.5
18782,1,6,6,0.16666666666666666,3.5
18783,2,22,22,0.7272727272727273,6.045454545454546
18795,1,4,4,1.0,2.5
18816,1,1,1,1.0,1.0
18817,1,4,4,0.25,2.5
18831,1,18,18,1.0,9.5
18859,1,3,3,1.0,2.0
18866,2,7,7,0.5714285714285714,2.2857142857142856
18926,1,4,4,0.75,2.5
18948,1,11,11,0.7272727272727273,6.0
18978,1,14,14,1.0,7.5
18981,1,3,3,1.0,2.0
18984,1,1,1,0.0,1.0
19006,1,8,8,1.0,4.5
19010,1,10,10,1.0,5.5
19019,1,3,3,1.0,2.0
19020,1,5,5,0.4,3.0
19028,1,22,22,0.0,11.5
19029,1,10,10,0.2,5.5
19038,1,9,9,0.8888888888888888,5.0
19043,1,8,8,0.25,4.5
19074,1,12,12,0.0,6.5
19102,1,34,34,0.9705882352941176,17.5
19119,1,29,29,0.896551724137931,15.0
19129,1,11,11,0.0,6.0
19143,1,9,9,0.8888888888888888,5.0
19183,1,11,11,0.7272727272727273,6.0
19186,1,11,11,0.9090909090909091,6.0
19192,1,10,10,0.5,5.5
19227,1,13,13,0.7692307692307693,7.0
19229,1,17,17,0.0,9.0
19251,1,8,8,0.75,4.5
19259,1,9,9,0.8888888888888888,5.0
19323,1,12,12,0.6666666666666666,6.5
19348,2,13,12,0.46153846153846156,3.769230769230769
19351,1,11,11,0.0,6.0
19364,1,8,8,0.75,4.5
19389,1,1,1,1.0,1.0
19415,1,7,7,0.8571428571428571,4.0
19432,1,17,17,0.9411764705882353,9.0
19439,1,8,8,0.75,4.5
19464,1,11,11,0.2727272727272727,6.0
19468,2,12,12,0.16666666666666666,4.833333333333333
19478,1,11,11,0.7272727272727273,6.0
19481,1,14,14,0.35714285714285715,7.5
19482,1,7,7,0.14285714285714285,4.0
19492,1,4,4,1.0,2.5
19500,1,10,10,0.8,5.5
19501,1,1,1,1.0,1.0
19512,1,18,18,0.7777777777777778,9.5
19522,1,9,9,0.5555555555555556,5.0
19528,1,10,10,1.0,5.5
19556,1,6,6,0.6666666666666666,3.5
19569,1,1,1,0.0,1.0
19601,1,13,13,0.7692307692307693,7.0
19625,1,6,6,0.8333333333333334,3.5
19626,1,15,15,0.26666666666666666,8.0
19668,1,15,15,1.0,8.0
19686,2,11,9,0.7272727272727273,3.272727272727273
19693,1,11,11,0.7272727272727273,6.0
19731,2,38,37,0.39473684210526316,10.421052631578947
19741,1,8,8,1.0,4.5
19775,1,6,6,0.0,3.5
19781,1,3,3,0.3333333333333333,2.0
19785,1,10,10,0.3,5.5
19823,1,6,6,0.0,3.5
19832,1,1,1,1.0,1.0
19849,1,4,4,0.5,2.5
19867,1,15,15,0.0,8.0
19868,1,2,2,0.0,1.5
19875,1,7,7,0.42857142857142855,4.0
19879,1,9,9,0.7777777777777778,5.0
19896,1,1,1,0.0,1.0
19918,2,22,22,0.9545454545454546,6.045454545454546
19933,1,2,2,0.5,1.5
19963,2,16,16,0.3125,5.0625
20008,2,15,14,0.7333333333333333,5.066666666666666
20013,1,18,18,0.0,9.5
20014,1,4,4,0.5,2.5
20017,1,11,11,0.45454545454545453,6.0
20018,1,7,7,0.7142857142857143,4.0
20029,1,4,4,0.0,2.5
20038,2,14,10,0.8571428571428571,4.071428571428571
20044,1,7,7,0.5714285714285714,4.0
20047,1,12,12,0.6666666666666666,6.5
20053,1,12,12,0.16666666666666666,6.5
20096,1,5,5,1.0,3.0
20126,1,5,5,1.0,3.0
20130,2,12,12,0.25,5.583333333333333
20149,1,14,14,0.8571428571428571,7.5
20150,1,2,2,0.5,1.5
20152,1,1,1,1.0,1.0
20189,1,12,12,0.8333333333333334,6.5
20197,1,2,2,0.5,1.5
20215,1,10,10,0.9,5.5
20216,1,1,1,1.0,1.0
20225,1,13,13,0.38461538461538464,7.0
20275,1,19,19,0.8421052631578947,10.0
20278,1,8,8,1.0,4.5
20280,1,6,6,0.5,3.5
20283,3,54,50,0.8333333333333334,9.851851851851851
20300,2,8,8,0.875,2.5
20306,1,11,11,0.7272727272727273,6.0
20342,1,8,8,1.0,4.5
20361,1,5,5,1.0,3.0
20374,1,3,3,0.3333333333333333,2.0
20383,2,19,19,0.8421052631578947,6.315789473684211
20388,1,1,1,1.0,1.0
20396,1,7,7,1.0,4.0
20414,1,8,8,0.25,4.5
20424,1,3,3,0.3333333333333333,2.0
20429,1,21,21,0.9523809523809523,11.0
20442,1,2,2,1.0,1.5
20454,1,29,29,0.7586206896551724,15.0
20456,1,4,4,0.0,2.5
20463,1,10,10,0.4,5.5
20468,2,8,8,0.625,3.0
20487,1,3,3,0.6666666666666666,2.0
20498,3,54,41,0.8148148148148148,10.407407407407407
20509,1,4,4,0.5,2.5
20513,1,8,8,0.0,4.5
20537,1,3,3,0.6666666666666666,2.0
20548,1,8,8,1.0,4.5
20555,1,20,20,0.9,10.5
20558,1,5,5,1.0,3.0
20561,1,8,8,0.375,4.5
20563,1,23,23,0.6086956521739131,12.0
20571,1,23,23,0.9130434782608695,12.0
20610,1,5,5,0.8,3.0
20645,1,5,5,0.6,3.0
20663,1,8,8,0.75,4.5
20687,1,4,4,1.0,2.5
20689,1,17,17,0.5882352941176471,9.0
20690,1,8,8,0.75,4.5
20712,1,9,9,0.7777777777777778,5.0
20719,1,12,12,0.25,6.5
20726,1,4,4,0.75,2.5
20730,3,44,40,0.7954545454545454,8.045454545454545
20731,1,10,10,0.8,5.5
20733,1,18,18,0.6666666666666666,9.5
20744,1,16,16,0.9375,8.5
20773,1,26,26,0.7307692307692307,13.5
20796,1,12,12,0.3333333333333333,6.5
20813,1,28,28,0.21428571428571427,14.5
20818,1,4,4,0.75,2.5
20822,1,14,14,0.7857142857142857,7.5
20825,1,11,11,0.6363636363636364,6.0
20829,1,19,19,0.5789473684210527,10.0
20831,1,3,3,1.0,2.0
20835,1,10,10,0.7,5.5
20879,1,2,2,0.5,1.5
20885,1,6,6,1.0,3.5
20907,1,5,5,0.4,3.0
20908,1,7,7,1.0,4.0
20924,3,18,18,0.3888888888888889,4.555555555555555
20930,1,2,2,1.0,1.5
20944,1,10,10,0.9,5.5
20965,1,4,4,1.0,2.5
20966,1,12,12,0.5833333333333334,6.5
20972,1,3,3,1.0,2.0
20993,1,14,14,0.9285714285714286,7.5
21000,2,48,48,0.7083333333333334,13.020833333333334
21002,1,8,8,0.375,4.5
21021,2,44,44,0.7045454545454546,12.318181818181818
21024,1,14,14,0.6428571428571429,7.5
21026,1,7,7,0.7142857142857143,4.0
21030,1,5,5,0.8,3.0
21061,1,10,10,0.2,5.5
21089,1,21,21,0.42857142857142855,11.0
21110,1,7,7,0.2857142857142857,4.0
21116,1,7,7,0.0,4.0
21117,1,2,2,1.0,1.5
21119,1,22,22,0.8181818181818182,11.5
21126,1,3,3,1.0,2.0
21134,1,7,7,0.42857142857142855,4.0
21143,1,24,24,0.4166666666666667,12.5
21151,1,5,5,1.0,3.0
21157,1,10,10,0.0,5.5
21163,1,4,4,0.5,2.5
21166,2,18,18,0.6111111111111112,5.055555555555555
21167,2,14,14,0.5,4.285714285714286
21169,1,9,9,0.4444444444444444,5.0
21170,1,1,1,1.0,1.0
21174,1,1,1,0.0,1.0
21191,1,23,23,0.8260869565217391,12.0
21192,1,4,4,0.5,2.5
21195,1,3,3,0.6666666666666666,2.0
21211,1,7,7,0.5714285714285714,4.0
21221,1,26,26,0.6153846153846154,13.5
21237,1,12,12,1.0,6.5
21240,1,7,7,1.0,4.0
21269,1,9,9,0.6666666666666666,5.0
21280,1,18,18,0.16666666666666666,9.5
21284,1,8,8,1.0,4.5
21289,1,10,10,0.3,5.5
21310,1,8,8,0.0,4.5
21314,1,15,15,0.06666666666666667,8.0
21318,1,4,4,1.0,2.5
21332,1,5,5,0.8,3.0
21334,1,15,15,0.06666666666666667,8.0
21335,1,21,21,0.42857142857142855,11.0
21336,1,10,10,0.5,5.5
21343,1,13,13,0.9230769230769231,7.0
21347,1,4,4,0.0,2.5
21356,1,9,9,1.0,5.0
21358,1,20,20,0.55,10.5
21361,1,13,13,0.7692307692307693,7.0
21366,1,16,16,0.0,8.5
21389,1,10,10,0.9,5.5
21425,1,3,3,0.3333333333333333,2.0
21456,2,40,40,0.325,13.0
21463,1,10,10,0.3,5.5
21469,1,3,3,0.6666666666666666,2.0
21470,2,5,5,0.6,1.8
21471,1,7,7,0.5714285714285714,4.0
21489,1,10,10,0.0,5.5
21516,2,23,23,0.8260869565217391,6.260869565217392
21519,1,8,8,0.75,4.5
21535,1,4,4,0.75,2.5
21551,2,44,44,0.8636363636363636,15.340909090909092
21560,1,17,17,0.47058823529411764,9.0
21574,1,3,3,0.6666666666666666,2.0
21582,2,9,9,0.8888888888888888,3.0
21587,1,9,9,0.5555555555555556,5.0
21616,1,9,9,0.6666666666666666,5.0
21626,1,14,14,0.6428571428571429,7.5
21630,1,16,16,0.8125,8.5
21632,1,19,19,0.9473684210526315,10.0
21633,1,2,2,1.0,1.5
21637,2,18,18,0.8888888888888888,5.0
21641,1,5,5,1.0,3.0
21642,1,9,9,0.4444444444444444,5.0
21643,2,6,5,1.0,2.0
21653,1,9,9,1.0,5.0
21666,1,32,32,0.5625,16.5
21677,1,9,9,0.0,5.0
21729,1,11,11,0.45454545454545453,6.0
21782,1,8,8,1.0,4.5
21789,1,9,9,0.6666666666666666,5.0
21803,1,10,10,0.5,5.5
21807,1,8,8,1.0,4.5
21819,3,25,24,0.92,5.64
21823,1,8,8,0.25,4.5
21828,1,10,10,0.9,5.5
21835,1,8,8,0.625,4.5
21854,1,25,25,0.68,13.0
21879,1,12,12,0.5,6.5
21887,1,2,2,1.0,1.5
21929,1,26,26,0.6153846153846154,13.5
21931,1,43,43,0.7209302325581395,22.0
21936,1,5,5,0.6,3.0
21946,1,25,25,0.32,13.0
21959,1,47,47,0.6595744680851063,24.0
21986,1,10,10,0.6,5.5
22005,1,14,14,0.8571428571428571,7.5
22028,1,1,1,1.0,1.0
22031,2,8,8,1.0,2.625
22035,1,17,17,0.8235294117647058,9.0
22037,1,5,5,0.8,3.0
22055,1,3,3,0.0,2.0
22068,1,5,5,0.8,3.0
22093,1,8,8,0.375,4.5
22104,3,12,11,0.9166666666666666,2.75
22108,1,2,2,1.0,1.5
22122,1,1,1,0.0,1.0
22129,1,13,13,0.3076923076923077,7.0
22133,1,7,7,1.0,4.0
22168,1,4,4,1.0,2.5
22180,1,3,3,1.0,2.0
22187,1,1,1,1.0,1.0
22198,1,1,1,1.0,1.0
22205,2,15,14,0.3333333333333333,4.666666666666667
22211,1,4,4,0.75,2.5
22240,1,9,9,0.2222222222222222,5.0
22243,2,28,28,0.6071428571428571,8.785714285714286
22246,1,9,9,0.8888888888888888,5.0
22263,1,5,5,0.4,3.0
22270,1,10,10,0.7,5.5
22274,4,20,19,0.6,3.1
22285,2,16,16,0.25,6.75
22317,1,11,11,0.18181818181818182,6.0
22318,1,10,10,0.6,5.5
22322,1,12,12,0.8333333333333334,6.5
22337,2,3,2,1.0,1.3333333333333333
22344,1,1,1,1.0,1.0
22350,1,5,5,0.0,3.0
22351,1,2,2,0.5,1.5
22352,1,3,3,0.0,2.0
22357,1,7,7,0.42857142857142855,4.0
22364,1,16,16,0.3125,8.5
22373,1,14,14,1.0,7.5
22375,1,17,17,0.47058823529411764,9.0
22385,1,10,10,0.3,5.5
22395,1,8,8,0.625,4.5
22401,1,14,14,0.5,7.5
22418,1,2,2,1.0,1.5
22421,1,7,7,0.14285714285714285,4.0
22433,1,5,5,0.0,3.0
22440,1,8,8,1.0,4.5
22447,1,17,17,0.7058823529411765,9.0
22459,1,9,9,0.4444444444444444,5.0
22466,1,9,9,0.5555555555555556,5.0
22488,1,10,10,0.8,5.5
22505,1,27,27,0.2962962962962963,14.0
22506,1,14,14,0.7142857142857143,7.5
22507,1,7,7,0.42857142857142855,4.0
22517,1,9,9,0.3333333333333333,5.0
22519,2,46,46,0.45652173913043476,12.347826086956522
22520,1,15,15,0.7333333333333333,8.0
22524,1,11,11,0.45454545454545453,6.0
22530,1,15,15,0.9333333333333333,8.0
22562,1,9,9,0.5555555555555556,5.0
22570,1,5,5,0.8,3.0
22606,1,22,22,0.9545454545454546,11.5
22616,1,10,10,0.2,5.5
22619,1,20,20,0.9,10.5
22621,1,25,25,0.64,13.0
22624,1,1,1,1.0,1.0
22652,1,2,2,1.0,1.5
22664,1,10,10,0.9,5.5
22674,1,17,17,0.0,9.0
22684,1,4,4,0.0,2.5
22686,1,14,14,0.42857142857142855,7.5
22698,1,16,16,0.625,8.5
22728,1,4,4,0.0,2.5
22756,1,12,12,0.16666666666666666,6.5
22757,1,7,7,0.8571428571428571,4.0
22758,1,3,3,0.3333333333333333,2.0
22773,2,22,21,0.6363636363636364,7.636363636363637
22778,1,14,14,0.7142857142857143,7.5
22824,1,6,6,0.8333333333333334,3.5
22835,3,31,24,0.4838709677419355,6.387096774193548
22836,1,11,11,0.6363636363636364,6.0
22842,1,3,3,1.0,2.0
22845,1,4,4,0.75,2.5
22852,1,14,14,0.42857142857142855,7.5
22865,1,5,5,1.0,3.0
22869,1,3,3,1.0,2.0
22904,2,21,15,0.8095238095238095,5.761904761904762
22909,2,27,27,0.7037037037037037,8.0
22914,2,22,21,0.8181818181818182,7.136363636363637
22926,1,25,25,0.56,13.0
22927,1,9,9,0.3333333333333333,5.0
22937,1,6,6,1.0,3.5
22948,1,6,6,0.6666666666666666,3.5
22961,1,15,15,0.7333333333333333,8.0
22962,1,1,1,0.0,1.0
22963,2,23,18,0.6956521739130435,7.130434782608695
22967,1,12,12,0.5,6.5
22983,1,7,7,0.7142857142857143,4.0
22986,1,10,10,0.9,5.5
22995,1,9,9,0.3333333333333333,5.0
23001,1,14,14,0.0,7.5
23011,1,18,18,0.3333333333333333,9.5
23023,1,19,19,0.631578947368421,10.0
23033,1,8,8,1.0,4.5
23040,1,11,11,0.45454545454545453,6.0
23047,1,9,9,0.1111111111111111,5.0
23053,1,12,12,0.9166666666666666,6.5
23057,1,13,13,0.6153846153846154,7.0
23061,1,3,3,1.0,2.0
23096,1,1,1,0.0,1.0
23106,1,13,13,0.0,7.0
23107,1,16,16,1.0,8.5
23122,1,6,6,0.16666666666666666,3.5
23140,1,12,12,0.75,6.5
23150,1,17,17,0.0,9.0
23162,1,14,14,0.14285714285714285,7.5
23170,1,15,15,1.0,8.0
23172,1,5,5,1.0,3.0
23198,1,9,9,0.3333333333333333,5.0
23208,1,2,2,1.0,1.5
23224,1,6,6,1.0,3.5
23244,1,41,41,0.7804878048780488,21.0
23264,1,13,13,0.7692307692307693,7.0
23266,1,3,3,0.6666666666666666,2.0
23275,1,14,14,0.7857142857142857,7.5
23278,1,29,29,0.41379310344827586,15.0
23297,1,20,20,0.8,10.5
23332,1,6,6,0.5,3.5
23341,1,21,21,0.9047619047619048,11.0
23346,1,4,4,0.25,2.5
23351,1,10,10,0.7,5.5
23370,1,7,7,0.8571428571428571,4.0
23371,1,14,14,1.0,7.5
23372,1,30,30,0.0,15.5
23378,2,23,23,0.7391304347826086,6.260869565217392
23379,1,1,1,1.0,1.0
23391,1,6,6,1.0,3.5
23397,1,7,7,0.2857142857142857,4.0
23405,1,32,32,0.125,16.5
23415,1,14,14,0.8571428571428571,7.5
23425,1,15,15,0.5333333333333333,8.0
23470,1,2,2,1.0,1.5
23475,1,20,20,0.35,10.5
23492,1,2,2,1.0,1.5
23498,1,7,7,0.8571428571428571,4.0
23524,1,11,11,0.6363636363636364,6.0
23535,1,6,6,0.5,3.5
23548,1,8,8,1.0,4.5
23563,1,10,10,0.6,5.5
23566,1,14,14,0.7857142857142857,7.5
23568,1,16,16,0.875,8.5
23584,1,25,25,0.68,13.0
23601,1,21,21,0.19047619047619047,11.0
23618,1,13,13,0.0,7.0
23627,1,20,20,0.5,10.5
23630,1,10,10,0.6,5.5
23642,1,1,1,1.0,1.0
23644,2,6,6,0.8333333333333334,2.6666666666666665
23663,1,22,22,0.0,11.5
23664,1,5,5,1.0,3.0
23695,1,2,2,1.0,1.5
23711,1,19,19,0.9473684210526315,10.0
23750,1,16,16,0.0,8.5
23753,1,1,1,1.0,1.0
23783,1,7,7,0.8571428571428571,4.0
23832,2,33,33,0.9090909090909091,9.666666666666666
23841,1,7,7,1.0,4.0
23845,1,4,4,0.25,2.5
23851,1,5,5,0.4,3.0
23875,2,19,19,0.7368421052631579,5.368421052631579
23878,1,12,12,0.8333333333333334,6.5
23897,1,5,5,0.4,3.0
23931,1,4,4,0.25,2.5
23933,1,11,11,0.6363636363636364,6.0
23974,1,3,3,0.6666666666666666,2.0
24014,1,14,14,0.5714285714285714,7.5
24019,1,14,14,0.5714285714285714,7.5
24034,1,35,35,0.6285714285714286,18.0
24065,1,68,68,0.7352941176470589,34.5
24079,1,7,7,0.7142857142857143,4.0
24081,1,14,14,0.0,7.5
24085,1,8,8,0.5,4.5
24106,1,9,9,0.3333333333333333,5.0
24113,1,10,10,0.8,5.5
24124,1,3,3,0.6666666666666666,2.0
24135,1,47,47,0.8936170212765957,24.0
24146,1,7,7,0.8571428571428571,4.0
24147,1,5,5,0.8,3.0
24157,1,12,12,0.0,6.5
24166,1,3,3,1.0,2.0
24167,1,14,14,0.5714285714285714,7.5
24170,1,8,8,1.0,4.5
24173,1,9,9,0.4444444444444444,5.0
24195,1,9,9,0.5555555555555556,5.0
24205,1,15,15,0.5333333333333333,8.0
24206,2,15,13,0.4666666666666667,4.666666666666667
24213,1,24,24,0.5416666666666666,12.5
24226,1,8,8,0.0,4.5
24258,1,1,1,0.0,1.0
24261,1,1,1,1.0,1.0
24272,1,13,13,0.0,7.0
24299,1,3,3,0.0,2.0
24301,1,13,13,0.6153846153846154,7.0
24305,1,10,10,0.5,5.5
24312,1,4,4,1.0,2.5
24319,1,14,14,0.0,7.5
24366,1,4,4,0.5,2.5
24406,2,13,13,0.6923076923076923,3.923076923076923
24415,1,7,7,0.42857142857142855,4.0
24434,1,5,5,0.4,3.0
24447,1,23,23,0.5652173913043478,12.0
24448,1,10,10,0.4,5.5
24466,1,2,2,0.5,1.5
24486,1,11,11,0.2727272727272727,6.0
24504,1,12,12,0.0,6.5
24508,1,3,3,0.6666666666666666,2.0
24511,1,25,25,0.92,13.0
24530,1,23,23,0.782608695652174,12.0
24548,1,2,2,0.5,1.5
24565,3,32,24,0.96875,6.15625
24575,1,33,33,0.5151515151515151,17.0
24576,1,5,5,0.8,3.0
24609,1,12,12,0.9166666666666666,6.5
24621,1,27,27,0.8148148148148148,14.0
24622,1,5,5,0.0,3.0
24631,1,13,13,0.5384615384615384,7.0
24634,1,6,6,0.3333333333333333,3.5
24657,1,17,17,0.5294117647058824,9.0
24659,1,7,7,1.0,4.0
24667,2,15,15,0.4,4.266666666666667
24681,1,7,7,1.0,4.0
24693,1,6,6,1.0,3.5
24704,1,4,4,0.75,2.5
24706,2,21,21,0.42857142857142855,6.0476190476190474
24719,1,5,5,0.4,3.0
24721,1,8,8,0.75,4.5
24738,1,3,3,0.3333333333333333,2.0
24742,1,1,1,1.0,1.0
24768,1,5,5,0.0,3.0
24789,1,5,5,0.4,3.0
24792,1,7,7,0.42857142857142855,4.0
24823,1,35,35,0.6285714285714286,18.0
24847,1,6,6,0.0,3.5
24848,1,2,2,0.0,1.5
24860,1,3,3,0.3333333333333333,2.0
24882,1,7,7,0.8571428571428571,4.0
24913,1,6,6,1.0,3.5
24914,1,6,6,0.8333333333333334,3.5
24930,1,4,4,0.75,2.5
25013,1,1,1,0.0,1.0
25023,1,5,5,0.4,3.0
25033,1,22,22,0.5909090909090909,11.5
25041,1,13,13,0.6153846153846154,7.0
25063,1,3,3,0.6666666666666666,2.0
25085,2,11,11,0.9090909090909091,3.272727272727273
25090,1,13,13,0.8461538461538461,7.0
25099,1,4,4,0.0,2.5
25116,1,7,7,0.7142857142857143,4.0
25121,1,5,5,0.6,3.0
25122,1,5,5,0.2,3.0
25136,1,12,12,0.6666666666666666,6.5
25141,1,1,1,1.0,1.0
25149,1,28,28,0.75,14.5
25167,1,24,24,0.9166666666666666,12.5
25193,1,3,3,1.0,2.0
25242,2,12,12,0.5,3.8333333333333335
25254,1,2,2,0.0,1.5
25261,1,16,16,0.0,8.5
25287,1,1,1,0.0,1.0
25295,1,13,13,0.8461538461538461,7.0
25306,1,6,6,1.0,3.5
25321,1,19,19,1.0,10.0
25322,2,26,26,0.7307692307692307,7.346153846153846
25347,2,17,17,1.0,5.470588235294118
25351,1,5,5,0.0,3.0
25358,1,12,12,0.3333333333333333,6.5
25368,1,12,12,0.4166666666666667,6.5
25388,1,3,3,0.0,2.0
25396,1,22,22,0.45454545454545453,11.5
25397,1,9,9,0.3333333333333333,5.0
25401,1,13,13,0.46153846153846156,7.0
25409,1,1,1,1.0,1.0
25412,1,30,30,0.6666666666666666,15.5
25414,2,16,15,0.5625,4.5625
25416,1,6,6,1.0,3.5
25433,1,5,5,0.8,3.0
25440,1,21,21,0.8571428571428571,11.0
25466,1,22,22,1.0,11.5
25472,1,16,16,0.8125,8.5
25482,1,1,1,1.0,1.0
25503,1,3,3,1.0,2.0
25508,1,5,5,0.4,3.0
25517,2,19,15,0.47368421052631576,5.2631578947368425
25532,1,12,12,0.5833333333333334,6.5
25538,1,25,25,0.4,13.0
25539,1,3,3,0.3333333333333333,2.0
25540,2,26,26,0.5769230769230769,7.153846153846154
25544,1,13,13,0.5384615384615384,7.0
25545,1,4,4,0.5,2.5
25557,1,4,4,1.0,2.5
25559,1,4,4,0.75,2.5
25576,1,3,3,1.0,2.0
25579,1,18,18,0.7777777777777778,9.5
25582,1,18,18,0.6666666666666666,9.5
25596,1,9,9,0.4444444444444444,5.0
25600,1,5,5,0.6,3.0
25615,1,11,11,0.9090909090909091,6.0
25633,1,1,1,1.0,1.0
25636,2,8,8,0.5,3.0
25645,1,3,3,1.0,2.0
25666,1,3,3,0.6666666666666666,2.0
25685,1,28,28,0.9285714285714286,14.5
25715,2,6,6,0.8333333333333334,2.6666666666666665
25721,1,13,13,0.38461538461538464,7.0
25732,1,10,10,0.4,5.5
25744,1,3,3,1.0,2.0
25747,1,6,6,1.0,3.5
25768,1,18,18,0.2777777777777778,9.5
25775,1,12,12,0.9166666666666666,6.5
25781,1,11,11,0.9090909090909091,6.0
25783,1,9,9,0.4444444444444444,5.0
25793,1,11,11,0.18181818181818182,6.0
25816,1,23,23,0.0,12.0
25834,1,22,22,0.7272727272727273,11.5
25838,1,6,6,1.0,3.5
25862,1,9,9,0.5555555555555556,5.0
25867,1,13,13,0.7692307692307693,7.0
25870,2,7,7,0.5714285714285714,2.5714285714285716
25873,2,16,15,0.75,4.75
25876,1,3,3,0.3333333333333333,2.0
25877,1,1,1,1.0,1.0
25882,1,14,14,0.35714285714285715,7.5
25883,1,7,7,0.14285714285714285,4.0
25897,1,26,26,0.34615384615384615,13.5
25902,1,19,19,0.42105263157894735,10.0
25920,1,8,8,0.0,4.5
25923,1,4,4,0.25,2.5
25925,1,5,5,0.6,3.0
25966,1,4,4,0.75,2.5
25967,1,9,9,0.0,5.0
25981,1,7,7,1.0,4.0
25987,1,15,15,0.9333333333333333,8.0
25993,1,5,5,0.6,3.0
26022,1,7,7,0.8571428571428571,4.0
26029,1,6,6,1.0,3.5
26030,2,19,19,0.8421052631578947,5.894736842105263
26033,1,8,8,0.25,4.5
26064,1,10,10,1.0,5.5
26072,1,6,6,0.3333333333333333,3.5
26074,1,9,9,0.7777777777777778,5.0
26086,1,16,16,0.875,8.5
26092,1,7,7,1.0,4.0
26101,1,1,1,1.0,1.0
26111,1,18,18,0.4444444444444444,9.5
26113,1,11,11,0.8181818181818182,6.0
26117,1,7,7,0.5714285714285714,4.0
26120,1,12,12,1.0,6.5
26123,1,18,18,0.9444444444444444,9.5
26130,1,18,18,0.6666666666666666,9.5
26145,1,16,16,0.9375,8.5
26150,1,4,4,0.0,2.5
26183,1,9,9,0.4444444444444444,5.0
26189,1,11,11,0.2727272727272727,6.0
26199,1,16,16,0.8125,8.5
26225,1,16,16,0.5625,8.5
26226,1,3,3,1.0,2.0
26235,1,22,22,0.45454545454545453,11.5
26271,1,37,37,0.5945945945945946,19.0
26274,1,3,3,0.0,2.0
26277,1,1,1,0.0,1.0
26279,1,11,11,0.2727272727272727,6.0
26299,1,29,29,0.6896551724137931,15.0
26308,1,34,34,0.5882352941176471,17.5
26312,1,36,36,0.8611111111111112,18.5
26325,1,8,8,0.375,4.5
26337,1,4,4,1.0,2.5
26355,1,6,6,0.6666666666666666,3.5
26363,1,17,17,0.4117647058823529,9.0
26387,1,5,5,0.6,3.0
26392,1,3,3,0.3333333333333333,2.0
26395,1,2,2,1.0,1.5
26412,1,7,7,1.0,4.0
26416,1,1,1,1.0,1.0
26422,1,5,5,0.6,3.0
26428,2,13,13,0.6923076923076923,3.923076923076923
26441,1,2,2,0.5,1.5
26454,1,5,5,1.0,3.0
26471,1,7,7,0.7142857142857143,4.0
26481,1,3,3,0.6666666666666666,2.0
26489,1,1,1,1.0,1.0
26536,1,6,6,1.0,3.5
26546,2,12,12,0.75,3.5
26553,1,3,3,0.3333333333333333,2.0
26559,1,16,16,0.8125,8.5
26564,1,11,11,0.6363636363636364,6.0
26591,1,8,8,0.0,4.5
26599,1,3,3,0.6666666666666666,2.0
26602,1,15,15,0.8666666666666667,8.0
26615,1,13,13,0.7692307692307693,7.0
26620,1,5,5,0.4,3.0
26628,1,7,7,0.8571428571428571,4.0
26635,1,4,4,1.0,2.5
26652,1,14,14,0.9285714285714286,7.5
26665,1,14,14,0.7142857142857143,7.5
26669,1,5,5,0.8,3.0
26693,1,4,4,1.0,2.5
26708,1,14,14,0.9285714285714286,7.5
26712,1,13,13,0.6153846153846154,7.0
26714,1,17,17,0.8235294117647058,9.0
26718,1,4,4,0.75,2.5
26727,1,13,13,0.7692307692307693,7.0
26735,1,5,5,1.0,3.0
26745,1,1,1,1.0,1.0
26763,1,7,7,0.42857142857142855,4.0
26770,1,2,2,1.0,1.5
26783,1,5,5,0.4,3.0
26802,1,11,11,0.18181818181818182,6.0
26810,1,2,2,0.5,1.5
26819,1,3,3,1.0,2.0
26832,1,7,7,0.5714285714285714,4.0
26846,1,2,2,1.0,1.5
26861,1,1,1,0.0,1.0
26871,1,10,10,0.1,5.5
26878,1,3,3,1.0,2.0
26884,1,3,3,0.3333333333333333,2.0
26885,1,17,17,0.6470588235294118,9.0
26890,1,12,12,0.0,6.5
26897,2,53,53,0.9433962264150944,13.867924528301886
26899,1,2,2,1.0,1.5
26915,1,2,2,1.0,1.5
26938,2,43,34,0.8372093023255814,11.30232558139535
26948,1,7,7,0.7142857142857143,4.0
26978,1,10,10,0.9,5.5
26984,2,11,11,0.7272727272727273,3.4545454545454546
26993,1,17,17,0.6470588235294118,9.0
26999,1,11,11,0.36363636363636365,6.0
27022,2,30,30,0.4666666666666667,8.3
27027,1,5,5,0.2,3.0
27036,1,4,4,1.0,2.5
27042,1,11,11,0.6363636363636364,6.0
27077,1,26,26,0.4230769230769231,13.5
27081,1,2,2,0.5,1.5
27108,1,22,22,0.8181818181818182,11.5
27170,1,11,11,0.5454545454545454,6.0
27186,1,4,4,0.5,2.5
27212,1,13,13,0.9230769230769231,7.0
27245,1,16,16,0.5625,8.5
27250,1,11,11,0.5454545454545454,6.0
27263,1,9,9,0.6666666666666666,5.0
27268,1,1,1,0.0,1.0
27281,1,1,1,1.0,1.0
27292,1,5,5,0.8,3.0
27295,2,38,28,0.7105263157894737,10.421052631578947
27306,1,8,8,0.375,4.5
27312,1,8,8,1.0,4.5
27344,1,6,6,0.5,3.5
27353,2,24,21,0.9166666666666666,6.5
27360,1,10,10,1.0,5.5
27386,1,5,5,0.4,3.0
27392,1,2,2,1.0,1.5
27404,1,6,6,0.3333333333333333,3.5
27414,1,11,11,1.0,6.0
27435,1,13,13,0.5384615384615384,7.0
27448,1,3,3,0.3333333333333333,2.0
27450,2,6,6,0.8333333333333334,2.1666666666666665
27466,1,12,12,0.8333333333333334,6.5
27498,1,5,5,0.6,3.0
27526,1,4,4,0.0,2.5
27539,1,5,5,0.6,3.0
27546,1,16,16,0.0,8.5
27549,1,9,9,0.3333333333333333,5.0
27550,1,13,13,0.7692307692307693,7.0
27557,1,15,15,0.9333333333333333,8.0
27561,1,12,12,0.08333333333333333,6.5
27565,1,8,8,0.75,4.5
27568,1,5,5,0.2,3.0
27575,1,9,9,0.0,5.0
27577,2,18,15,0.7222222222222222,5.222222222222222
27580,1,6,6,0.6666666666666666,3.5
27582,1,23,23,0.30434782608695654,12.0
27584,1,5,5,0.6,3.0
27594,1,19,19,0.42105263157894735,10.0
27606,1,2,2,0.5,1.5
27608,1,7,7,0.5714285714285714,4.0
27623,1,3,3,0.6666666666666666,2.0
27625,1,7,7,1.0,4.0
27641,1,9,9,0.5555555555555556,5.0
27642,1,5,5,1.0,3.0
27661,1,15,15,0.4,8.0
27664,1,6,6,0.0,3.5
27670,1,7,7,0.7142857142857143,4.0
27671,1,7,7,0.5714285714285714,4.0
27672,1,18,18,1.0,9.5
27679,1,5,5,0.8,3.0
27682,1,3,3,0.3333333333333333,2.0
27726,1,9,9,0.7777777777777778,5.0
27730,1,16,16,0.9375,8.5
27733,1,15,15,0.5333333333333333,8.0
27750,1,12,12,0.0,6.5
27754,3,51,48,0.5294117647058824,9.843137254901961
27770,2,13,9,0.8461538461538461,3.923076923076923
27772,1,21,21,0.14285714285714285,11.0
27784,1,14,14,0.5714285714285714,7.5
27785,1,3,3,0.3333333333333333,2.0
27791,1,3,3,0.3333333333333333,2.0
27801,1,27,27,0.5925925925925926,14.0
27836,1,13,13,0.46153846153846156,7.0
27838,1,10,10,0.5,5.5
27896,2,32,32,0.625,8.625
27900,1,34,34,0.9705882352941176,17.5
27907,1,9,9,0.3333333333333333,5.0
27919,1,9,9,0.2222222222222222,5.0
27921,1,10,10,0.3,5.5
27944,1,8,8,0.875,4.5
27952,1,19,19,0.5263157894736842,10.0
28010,1,3,3,0.3333333333333333,2.0
28044,2,6,6,0.6666666666666666,2.6666666666666665
28054,1,19,19,0.8421052631578947,10.0
28056,1,23,23,0.34782608695652173,12.0
28088,1,12,12,0.16666666666666666,6.5
28102,2,13,13,0.46153846153846156,5.3076923076923075
28117,1,9,9,0.8888888888888888,5.0
28120,1,7,7,0.5714285714285714,4.0
28134,1,13,13,0.7692307692307693,7.0
28150,1,1,1,1.0,1.0
28173,1,11,11,0.36363636363636365,6.0
28186,1,2,2,1.0,1.5
28191,1,5,5,0.2,3.0
28201,1,10,10,0.6,5.5
28218,1,2,2,0.5,1.5
28223,1,3,3,1.0,2.0
28238,2,9,8,0.8888888888888888,3.0
28250,1,14,14,0.42857142857142855,7.5
28266,1,17,17,1.0,9.0
28275,1,8,8,0.25,4.5
28281,1,8,8,0.875,4.5
28287,1,3,3,0.0,2.0
28311,1,13,13,0.46153846153846156,7.0
28320,1,10,10,1.0,5.5
28329,1,2,2,1.0,1.5
28332,1,5,5,0.4,3.0
28345,1,5,5,0.0,3.0
28378,1,8,8,0.75,4.5
28394,1,15,15,0.4,8.0
28401,1,34,34,0.14705882352941177,17.5
28415,1,8,8,1.0,4.5
28427,1,25,25,0.64,13.0
28439,1,1,1,0.0,1.0
28445,1,16,16,0.6875,8.5
28446,1,15,15,1.0,8.0
28455,1,29,29,0.3448275862068966,15.0
28460,1,24,24,0.5,12.5
28466,1,8,8,0.125,4.5
28467,1,4,4,0.0,2.5
28473,1,4,4,0.0,2.5
28476,1,9,9,1.0,5.0
28479,1,8,8,1.0,4.5
28483,1,5,5,0.2,3.0
28486,2,19,19,0.631578947368421,5.578947368421052
28492,1,38,38,0.34210526315789475,19.5
28522,1,18,18,0.0,9.5
28535,1,15,15,0.4666666666666667,8.0
28537,1,28,28,0.03571428571428571,14.5
28542,1,4,4,0.25,2.5
28543,1,12,12,0.8333333333333334,6.5
28547,1,12,12,0.9166666666666666,6.5
28567,1,18,18,0.7222222222222222,9.5
28571,1,2,2,1.0,1.5
28582,1,4,4,0.75,2.5
28584,1,14,14,0.8571428571428571,7.5
28585,1,10,10,0.2,5.5
28586,1,5,5,0.0,3.0
28600,1,6,6,0.8333333333333334,3.5
28640,1,1,1,1.0,1.0
28641,1,11,11,0.5454545454545454,6.0
28659,1,4,4,0.0,2.5
28662,1,11,11,0.36363636363636365,6.0
28679,2,31,28,0.3225806451612903,8.451612903225806
28680,1,8,8,0.625,4.5
28685,1,15,15,0.9333333333333333,8.0
28710,1,30,30,0.6333333333333333,15.5
28723,1,13,13,0.0,7.0
28725,1,23,23,0.0,12.0
28730,1,10,10,0.7,5.5
28733,1,18,18,0.7777777777777778,9.5
28743,1,11,11,0.18181818181818182,6.0
28756,1,22,22,0.36363636363636365,11.5
28759,1,10,10,0.0,5.5
28773,1,5,5,1.0,3.0
28775,1,1,1,1.0,1.0
28778,1,9,9,0.6666666666666666,5.0
28798,1,9,9,0.8888888888888888,5.0
28820,1,9,9,0.2222222222222222,5.0
28826,1,12,12,1.0,6.5
28827,1,2,2,0.0,1.5
28830,1,14,14,0.8571428571428571,7.5
28847,1,11,11,0.6363636363636364,6.0
28866,1,5,5,0.6,3.0
28869,1,11,11,0.0,6.0
28881,1,3,3,1.0,2.0
28885,1,15,15,0.4,8.0
28907,1,3,3,0.6666666666666666,2.0
28910,1,14,14,0.42857142857142855,7.5
28917,1,14,14,0.9285714285714286,7.5
28921,1,14,14,0.42857142857142855,7.5
28945,1,16,16,0.4375,8.5
28950,1,29,29,1.0,15.0
28951,1,5,5,0.6,3.0
28957,1,17,17,0.47058823529411764,9.0
28963,1,10,10,0.4,5.5
28976,1,11,11,0.5454545454545454,6.0
28980,2,30,30,0.43333333333333335,8.033333333333333
28999,1,19,19,0.8947368421052632,10.0
29024,1,7,7,0.42857142857142855,4.0
29046,1,4,4,0.5,2.5
29067,1,3,3,1.0,2.0
29096,1,16,16,0.0,8.5
29098,1,8,8,0.25,4.5
29099,1,10,10,1.0,5.5
29136,1,4,4,0.5,2.5
29138,1,17,17,0.5294117647058824,9.0
29147,1,16,16,0.9375,8.5
29148,2,7,7,0.5714285714285714,2.2857142857142856
29149,1,18,18,0.5,9.5
29151,2,14,14,0.7142857142857143,4.071428571428571
29163,1,8,8,0.25,4.5
29167,1,18,18,0.9444444444444444,9.5
29176,1,10,10,0.4,5.5
29207,1,1,1,0.0,1.0
29216,1,22,22,0.5909090909090909,11.5
29218,1,18,18,0.4444444444444444,9.5
29227,1,15,15,0.8,8.0
29231,1,22,22,0.8181818181818182,11.5
29233,1,13,13,0.38461538461538464,7.0
29236,1,7,7,0.7142857142857143,4.0
29244,1,13,13,0.46153846153846156,7.0
29269,1,3,3,0.6666666666666666,2.0
29274,3,50,48,0.7,10.44
29283,1,20,20,0.0,10.5
29288,1,19,19,0.0,10.0
29291,1,16,16,0.0,8.5
29298,1,4,4,0.75,2.5
29308,1,9,9,0.7777777777777778,5.0
29370,3,36,33,0.6388888888888888,6.611111111111111
29412,1,18,18,0.2777777777777778,9.5
29413,1,14,14,0.8571428571428571,7.5
29424,1,9,9,0.2222222222222222,5.0
29430,1,6,6,0.8333333333333334,3.5
29436,1,11,11,0.5454545454545454,6.0
29448,1,2,2,0.0,1.5
29451,1,2,2,1.0,1.5
29453,1,5,5,0.8,3.0
29456,1,10,10,0.9,5.5
29459,1,12,12,0.6666666666666666,6.5
29471,1,6,6,0.0,3.5
29479,2,23,23,0.5652173913043478,6.3478260869565215
29482,1,19,19,1.0,10.0
29494,1,11,11,0.9090909090909091,6.0
29498,1,19,19,0.5789473684210527,10.0
29530,1,14,14,0.5714285714285714,7.5
29552,1,14,14,0.6428571428571429,7.5
29561,2,18,18,0.3333333333333333,5.222222222222222
29570,1,6,6,0.8333333333333334,3.5
29596,1,8,8,0.375,4.5
29611,1,6,6,1.0,3.5
29621,1,10,10,1.0,5.5
29623,2,6,4,1.0,2.0
29639,1,1,1,1.0,1.0
29659,1,4,4,1.0,2.5
29665,1,14,14,0.7142857142857143,7.5
29675,1,10,10,0.4,5.5
29697,1,3,3,0.3333333333333333,2.0
29699,1,4,4,0.0,2.5
29713,1,11,11,0.9090909090909091,6.0
29723,1,4,4,0.5,2.5
29724,1,3,3,1.0,2.0
29727,1,1,1,1.0,1.0
29781,1,2,2,1.0,1.5
29790,1,4,4,0.75,2.5
29797,1,3,3,0.3333333333333333,2.0
29805,1,5,5,0.6,3.0
29846,1,19,19,0.42105263157894735,10.0
29869,1,7,7,0.8571428571428571,4.0
29896,1,6,6,0.5,3.5
29916,1,14,14,0.6428571428571429,7.5
29928,2,9,8,0.6666666666666666,4.111111111111111
29932,1,15,15,0.6666666666666666,8.0
29959,1,6,6,0.3333333333333333,3.5
29970,1,8,8,0.625,4.5
29974,1,4,4,0.0,2.5
29979,1,14,14,0.6428571428571429,7.5
29984,1,9,9,0.1111111111111111,5.0
29987,1,20,20,0.75,10.5
29995,1,7,7,0.5714285714285714,4.0
30007,1,16,16,0.5625,8.5
30009,1,3,3,0.0,2.0
30024,1,11,11,1.0,6.0
30035,2,12,12,0.25,3.8333333333333335
30070,1,5,5,1.0,3.0
30079,2,43,41,0.27906976744186046,11.30232558139535
30096,1,5,5,0.8,3.0
30098,1,21,21,0.9047619047619048,11.0
30154,1,12,12,0.5,6.5
30165,1,7,7,0.42857142857142855,4.0
30182,1,10,10,0.0,5.5
30213,1,16,16,0.3125,8.5
30222,1,12,12,0.8333333333333334,6.5
30227,1,6,6,0.5,3.5
30252,1,1,1,1.0,1.0
30260,1,24,24,0.9166666666666666,12.5
30275,1,6,6,1.0,3.5
30287,1,3,3,0.6666666666666666,2.0
30293,1,14,14,0.7142857142857143,7.5
30307,1,12,12,0.5,6.5
30320,1,8,8,0.375,4.5
30323,1,6,6,0.5,3.5
30367,1,10,10,0.4,5.5
30379,1,7,7,0.42857142857142855,4.0
30380,1,18,18,0.4444444444444444,9.5
30382,1,7,7,0.5714285714285714,4.0
30388,1,21,21,0.09523809523809523,11.0
30418,1,37,37,0.8918918918918919,19.0
30429,1,14,14,0.5714285714285714,7.5
30439,1,14,14,0.7857142857142857,7.5
30448,1,19,19,0.0,10.0
30502,1,17,17,0.8823529411764706,9.0
30520,1,5,5,1.0,3.0
30526,1,7,7,0.5714285714285714,4.0
30542,1,7,7,0.7142857142857143,4.0
30548,1,21,21,0.19047619047619047,11.0
30564,2,28,28,0.7857142857142857,7.821428571428571
30572,1,13,13,0.38461538461538464,7.0
30576,1,14,14,0.5714285714285714,7.5
30603,1,3,3,0.3333333333333333,2.0
30616,1,3,3,1.0,2.0
30617,1,14,14,0.5714285714285714,7.5
30618,1,4,4,1.0,2.5
30625,1,3,3,0.3333333333333333,2.0
30634,1,10,10,0.3,5.5
30647,1,7,7,0.8571428571428571,4.0
30650,2,11,11,0.2727272727272727,3.272727272727273
30675,1,22,22,0.8181818181818182,11.5
30686,2,4,4,1.0,1.5
30695,1,3,3,1.0,2.0
30698,1,12,12,0.9166666666666666,6.5
30716,1,28,28,0.25,14.5
30737,1,5,5,0.8,3.0
30752,1,19,19,0.8421052631578947,10.0
30763,1,5,5,0.0,3.0
30780,1,10,10,0.9,5.5
30785,1,16,16,0.6875,8.5
30787,1,9,9,1.0,5.0
30816,1,3,3,0.0,2.0
30822,1,14,14,0.7142857142857143,7.5
30845,1,1,1,1.0,1.0
30849,1,6,6,0.0,3.5
30856,1,3,3,0.3333333333333333,2.0
30883,1,9,9,1.0,5.0
30904,1,22,22,0.2727272727272727,11.5
30930,1,15,15,0.6,8.0
30952,1,4,4,0.25,2.5
30959,1,11,11,0.45454545454545453,6.0
30981,1,2,2,1.0,1.5
30997,1,7,7,0.8571428571428571,4.0
31001,1,3,3,0.3333333333333333,2.0
31003,1,14,14,0.0,7.5
31007,1,5,5,0.8,3.0
31010,1,24,24,0.875,12.5
31012,1,3,3,1.0,2.0
31019,1,10,10,0.9,5.5
31021,1,4,4,0.25,2.5
31030,1,10,10,0.8,5.5
31034,1,9,9,0.2222222222222222,5.0
31035,1,6,6,1.0,3.5
31038,1,7,7,0.8571428571428571,4.0
31057,1,19,19,0.7368421052631579,10.0
31067,1,3,3,0.6666666666666666,2.0
31096,1,16,16,1.0,8.5
31111,1,12,12,0.16666666666666666,6.5
31118,1,20,20,0.95,10.5
31120,1,15,15,0.6,8.0
31121,1,7,7,1.0,4.0
31127,1,9,9,0.7777777777777778,5.0
31145,1,22,22,0.45454545454545453,11.5
31156,2,10,10,0.7,3.4
31161,1,9,9,0.6666666666666666,5.0
31182,1,27,27,0.25925925925925924,14.0
31189,1,20,20,0.8,10.5
31204,1,6,6,1.0,3.5
31219,1,7,7,0.8571428571428571,4.0
31224,1,7,7,0.42857142857142855,4.0
31235,1,11,11,0.8181818181818182,6.0
31241,1,4,4,0.75,2.5
31253,1,9,9,0.2222222222222222,5.0
31259,1,1,1,1.0,1.0
31292,1,5,5,0.4,3.0
31302,1,7,7,0.5714285714285714,4.0
31308,1,26,26,0.0,13.5
31324,1,17,17,0.058823529411764705,9.0
31344,2,24,24,0.20833333333333334,7.541666666666667
31375,1,5,5,0.2,3.0
31384,1,8,8,0.625,4.5
31389,1,11,11,0.36363636363636365,6.0
31396,1,20,20,0.7,10.5
31399,1,8,8,0.875,4.5
31416,1,12,12,0.6666666666666666,6.5
31417,1,2,2,0.0,1.5
31419,1,13,13,0.46153846153846156,7.0
31427,1,7,7,0.0,4.0
31430,2,6,5,0.5,2.0
31445,1,5,5,0.2,3.0
31452,1,20,20,0.65,10.5
31465,1,4,4,1.0,2.5
31468,1,22,22,0.6363636363636364,11.5
31471,1,4,4,0.25,2.5
31486,1,2,2,1.0,1.5
31513,1,12,12,1.0,6.5
31516,1,9,9,0.0,5.0
31528,1,2,2,1.0,1.5
31534,1,10,10,0.7,5.5
31535,1,13,13,1.0,7.0
31562,1,16,16,0.3125,8.5
31582,1,16,16,0.75,8.5
31583,1,22,22,0.7727272727272727,11.5
31606,2,21,17,1.0,5.857142857142857
31613,1,31,31,0.5161290322580645,16.0
31615,1,10,10,0.6,5.5
31637,1,15,15,0.3333333333333333,8.0
31639,1,1,1,1.0,1.0
31642,1,14,14,0.9285714285714286,7.5
31658,2,32,32,0.84375,8.5
31663,1,13,13,0.9230769230769231,7.0
31669,1,4,4,0.5,2.5
31674,1,12,12,1.0,6.5
31677,1,8,8,0.75,4.5
31690,1,6,6,1.0,3.5
31716,1,21,21,0.38095238095238093,11.0
31719,1,4,4,0.25,2.5
31754,1,6,6,0.0,3.5
31760,1,8,8,0.75,4.5
31761,1,8,8,0.375,4.5
31763,1,5,5,1.0,3.0
31770,1,11,11,1.0,6.0
31773,1,25,25,0.72,13.0
31787,1,2,2,0.5,1.5
31802,1,2,2,1.0,1.5
31807,1,11,11,0.0,6.0
31812,1,12,12,0.08333333333333333,6.5
31816,1,2,2,1.0,1.5
31829,1,7,7,0.42857142857142855,4.0
31847,1,10,10,0.0,5.5
31849,1,5,5,1.0,3.0
31884,1,7,7,0.7142857142857143,4.0
31885,1,23,23,0.6956521739130435,12.0
31895,1,25,25,0.0,13.0
31898,1,18,18,0.6111111111111112,9.5
31900,1,21,21,0.8571428571428571,11.0
31914,1,10,10,0.0,5.5
31935,1,6,6,0.5,3.5
31957,1,20,20,0.6,10.5
31972,1,25,25,0.64,13.0
31977,1,14,14,0.9285714285714286,7.5
31982,1,12,12,0.75,6.5
31988,1,6,6,0.6666666666666666,3.5
31989,1,23,23,0.8260869565217391,12.0
31990,1,5,5,0.2,3.0
31998,1,5,5,0.4,3.0
32001,2,22,20,0.9090909090909091,7.636363636363637
32004,1,12,12,0.6666666666666666,6.5
32016,1,1,1,1.0,1.0
32024,1,10,10,0.2,5.5
32036,1,11,11,0.09090909090909091,6.0
32043,1,1,1,1.0,1.0
32082,1,2,2,0.0,1.5
32084,1,4,4,0.75,2.5
32099,1,22,22,0.36363636363636365,11.5
32107,1,7,7,0.42857142857142855,4.0
32121,1,1,1,1.0,1.0
32126,2,18,17,0.5555555555555556,5.222222222222222
32127,1,1,1,1.0,1.0
32134,1,8,8,0.5,4.5
32165,2,5,5,0.6,1.8
32186,1,27,27,0.37037037037037035,14.0
32208,2,12,10,1.0,3.5833333333333335
32210,1,3,3,0.6666666666666666,2.0
32221,1,12,12,0.75,6.5
32227,2,24,21,0.5416666666666666,6.875
32240,1,10,10,0.9,5.5
32248,1,7,7,0.7142857142857143,4.0
32252,2,9,9,0.6666666666666666,2.7777777777777777
32257,1,21,21,0.7142857142857143,11.0
32268,1,6,6,0.8333333333333334,3.5
32270,1,19,19,0.8947368421052632,10.0
32283,1,8,8,0.25,4.5
32288,1,1,1,0.0,1.0
32307,1,5,5,0.0,3.0
32314,1,2,2,1.0,1.5
32317,1,14,14,0.0,7.5
32321,1,21,21,0.0,11.0
32324,1,7,7,0.2857142857142857,4.0
32339,1,10,10,0.8,5.5
32340,1,1,1,0.0,1.0
32380,1,9,9,1.0,5.0
32385,1,4,4,0.75,2.5
32427,1,9,9,0.8888888888888888,5.0
32429,1,8,8,0.25,4.5
32442,1,8,8,0.75,4.5
32459,1,14,14,0.14285714285714285,7.5
32490,1,3,3,0.3333333333333333,2.0
32497,1,13,13,0.7692307692307693,7.0
32508,1,16,16,1.0,8.5
32512,1,11,11,0.5454545454545454,6.0
32528,1,6,6,1.0,3.5
32537,1,8,8,0.875,4.5
32557,1,8,8,0.5,4.5
32567,1,4,4,0.0,2.5
32574,1,14,14,0.2857142857142857,7.5
32575,1,10,10,0.1,5.5
32581,1,13,13,0.3076923076923077,7.0
32591,1,6,6,0.3333333333333333,3.5
32597,1,10,10,0.9,5.5
32618,1,11,11,0.36363636363636365,6.0
32620,1,8,8,0.0,4.5
32634,1,1,1,1.0,1.0
32644,1,3,3,0.6666666666666666,2.0
32652,1,5,5,1.0,3.0
32667,3,36,36,0.4444444444444444,7.861111111111111
32684,1,15,15,0.8,8.0
32686,1,6,6,1.0,3.5
32702,1,5,5,0.0,3.0
32717,2,8,8,0.625,2.5
32724,1,9,9,0.2222222222222222,5.0
32766,1,24,24,0.8333333333333334,12.5
32772,1,2,2,1.0,1.5
32775,2,13,12,0.6923076923076923,4.6923076923076925
32802,3,13,12,0.9230769230769231,3.076923076923077
32803,1,11,11,0.18181818181818182,6.0
32820,2,11,11,0.7272727272727273,5.090909090909091
32835,1,15,15,0.3333333333333333,8.0
32860,1,3,3,0.0,2.0
32875,1,13,13,0.6923076923076923,7.0
32910,1,6,6,0.8333333333333334,3.5
32912,1,3,3,0.0,2.0
32931,1,10,10,0.5,5.5
32937,1,9,9,0.3333333333333333,5.0
32939,1,7,7,1.0,4.0
32950,1,2,2,1.0,1.5
32953,1,22,22,0.8181818181818182,11.5
32969,1,7,7,0.0,4.0
32975,1,9,9,0.4444444444444444,5.0
32985,1,2,2,1.0,1.5
32999,1,1,1,0.0,1.0
33009,1,12,12,0.0,6.5
33039,1,18,18,0.7222222222222222,9.5
33045,1,11,11,0.2727272727272727,6.0
33055,1,12,12,0.8333333333333334,6.5
33056,1,5,5,0.8,3.0
33079,1,3,3,1.0,2.0
33083,1,7,7,0.0,4.0
33094,1,12,12,0.9166666666666666,6.5
33110,1,16,16,0.625,8.5
33133,1,7,7,0.0,4.0
33186,1,13,13,0.15384615384615385,7.0
33195,2,27,27,0.7777777777777778,10.592592592592593
33197,1,24,24,0.7916666666666666,12.5
33200,1,8,8,0.875,4.5
33222,1,6,6,0.0,3.5
33240,1,25,25,0.0,13.0
33242,1,1,1,1.0,1.0
33253,1,19,19,0.47368421052631576,10.0
33255,1,8,8,0.75,4.5
33263,1,22,22,0.7272727272727273,11.5
33268,1,7,7,0.7142857142857143,4.0
33308,1,5,5,0.2,3.0
33334,1,43,43,0.7209302325581395,22.0
33343,1,19,19,0.0,10.0
33386,1,1,1,0.0,1.0
33391,1,11,11,0.0,6.0
33397,1,3,3,0.6666666666666666,2.0
33436,1,9,9,0.5555555555555556,5.0
33437,1,12,12,0.25,6.5
33447,1,12,12,0.6666666666666666,6.5
33448,1,8,8,0.25,4.5
33452,1,20,20,0.8,10.5
33463,1,8,8,0.75,4.5
33466,1,1,1,1.0,1.0
33467,1,23,23,0.4782608695652174,12.0
33475,2,9,9,0.5555555555555556,2.7777777777777777
33481,2,32,30,0.78125,8.5
33488,1,5,5,0.4,3.0
33489,1,6,6,0.0,3.5
33495,1,8,8,1.0,4.5
33501,1,9,9,0.4444444444444444,5.0
33525,1,23,23,1.0,12.0
33526,1,7,7,0.42857142857142855,4.0
33549,1,10,10,0.6,5.5
33555,1,8,8,0.875,4.5
33581,1,3,3,0.0,2.0
33596,1,17,17,0.6470588235294118,9.0
33606,1,4,4,0.25,2.5
33611,1,11,11,0.2727272727272727,6.0
33618,1,10,10,0.8,5.5
33626,1,17,17,0.0,9.0
33627,1,14,14,0.5,7.5
33650,1,4,4,1.0,2.5
33704,1,17,17,0.47058823529411764,9.0
33713,1,3,3,0.3333333333333333,2.0
33716,1,16,16,0.75,8.5
33719,1,5,5,0.6,3.0
33731,1,3,3,1.0,2.0
33746,1,2,2,0.5,1.5
33747,1,15,15,1.0,8.0
33766,1,11,11,0.8181818181818182,6.0
33769,1,3,3,1.0,2.0
33780,1,7,7,0.0,4.0
33785,1,26,26,0.5384615384615384,13.5
33799,1,1,1,1.0,1.0
33807,1,6,6,1.0,3.5
33824,1,9,9,0.6666666666666666,5.0
33826,1,12,12,1.0,6.5
33829,1,4,4,1.0,2.5
33831,1,1,1,1.0,1.0
33845,1,17,17,0.47058823529411764,9.0
33863,1,17,17,0.9411764705882353,9.0
33867,1,2,2,0.5,1.5
33871,1,8,8,0.125,4.5
33886,1,10,10,1.0,5.5
33904,1,9,9,0.1111111111111111,5.0
33907,1,4,4,0.5,2.5
33914,1,13,13,0.46153846153846156,7.0
33915,1,20,20,0.9,10.5
33918,1,8,8,0.25,4.5
33935,1,8,8,0.25,4.5
33938,1,14,14,0.35714285714285715,7.5
33940,1,6,6,1.0,3.5
33967,1,22,22,0.9545454545454546,11.5
34000,1,7,7,0.5714285714285714,4.0
34005,1,13,13,0.6153846153846154,7.0
34011,1,2,2,0.0,1.5
34012,1,4,4,0.25,2.5
34016,2,15,15,0.06666666666666667,4.266666666666667
34021,1,9,9,0.4444444444444444,5.0
34037,1,25,25,0.28,13.0
34038,1,2,2,1.0,1.5
34040,1,14,14,0.6428571428571429,7.5
34065,1,18,18,0.8888888888888888,9.5
34076,1,4,4,0.75,2.5
34094,1,6,6,0.0,3.5
34104,1,16,16,0.375,8.5
34108,1,11,11,0.8181818181818182,6.0
34117,1,12,12,0.8333333333333334,6.5
34124,1,9,9,0.0,5.0
34143,1,5,5,0.8,3.0
34174,1,19,19,0.5789473684210527,10.0
34179,1,12,12,0.9166666666666666,6.5
34180,1,14,14,0.21428571428571427,7.5
34200,2,35,35,0.6285714285714286,10.114285714285714
34215,1,11,11,0.0,6.0
34219,1,5,5,0.4,3.0
34229,1,13,13,0.8461538461538461,7.0
34239,1,1,1,1.0,1.0
34256,1,6,6,1.0,3.5
34303,1,15,15,0.0,8.0
34310,1,7,7,0.8571428571428571,4.0
34315,1,6,6,0.3333333333333333,3.5
34333,1,17,17,0.058823529411764705,9.0
34334,1,6,6,0.3333333333333333,3.5
34340,3,6,5,1.0,1.6666666666666667
34349,1,1,1,0.0,1.0
34350,1,10,10,0.9,5.5
34362,1,5,5,1.0,3.0
34383,1,12,12,0.5833333333333334,6.5
34386,1,4,4,0.25,2.5
34389,1,24,24,0.0,12.5
34393,1,12,12,0.6666666666666666,6.5
34396,3,6,5,1.0,1.6666666666666667
34404,1,18,18,0.6666666666666666,9.5
34416,1,7,7,0.8571428571428571,4.0
34466,1,28,28,0.5714285714285714,14.5
34478,1,7,7,1.0,4.0
34483,1,6,6,0.16666666666666666,3.5
34514,1,21,21,0.47619047619047616,11.0
34522,1,2,2,1.0,1.5
34525,1,37,37,0.32432432432432434,19.0
34535,1,3,3,0.0,2.0
34546,1,11,11,0.36363636363636365,6.0
34558,1,7,7,0.14285714285714285,4.0
34565,1,20,20,1.0,10.5
34567,1,1,1,1.0,1.0
34571,1,14,14,0.7857142857142857,7.5
34587,1,12,12,0.9166666666666666,6.5
34602,1,4,4,1.0,2.5
34608,2,20,18,0.55,7.95
34620,1,5,5,0.8,3.0
34629,1,15,15,0.8666666666666667,8.0
34637,1,19,19,0.42105263157894735,10.0
34652,1,6,6,0.3333333333333333,3.5
34654,1,19,19,0.9473684210526315,10.0
34667,1,16,16,0.125,8.5
34678,1,18,18,0.5,9.5
34680,1,24,24,0.25,12.5
34691,1,15,15,0.8666666666666667,8.0
34701,2,9,9,0.5555555555555556,2.7777777777777777
34715,1,14,14,0.6428571428571429,7.5
34721,1,4,4,0.5,2.5
34727,1,1,1,0.0,1.0
34737,1,17,17,0.8823529411764706,9.0
34740,1,12,12,0.9166666666666666,6.5
34764,1,9,9,0.8888888888888888,5.0
34772,1,5,5,0.4,3.0
34777,1,5,5,0.4,3.0
34791,1,6,6,0.5,3.5
34792,1,5,5,0.0,3.0
34794,2,49,39,0.7755102040816326,13.0
34840,1,2,2,1.0,1.5
34857,1,23,23,0.5217391304347826,12.0
34858,2,31,30,0.8064516129032258,8.451612903225806
34859,1,4,4,0.25,2.5
34870,1,2,2,0.0,1.5
34873,1,13,13,0.9230769230769231,7.0
34875,1,15,15,0.8,8.0
34881,1,11,11,0.18181818181818182,6.0
34882,1,4,4,0.5,2.5
34893,1,37,37,0.43243243243243246,19.0
34905,1,5,5,0.4,3.0
34933,1,21,21,0.47619047619047616,11.0
34990,1,11,11,0.45454545454545453,6.0
34994,1,39,39,0.8974358974358975,20.0
35005,1,9,9,0.8888888888888888,5.0
35017,1,20,20,1.0,10.5
35044,1,14,14,0.9285714285714286,7.5
35048,1,26,26,0.9230769230769231,13.5
35050,1,35,35,0.7714285714285715,18.0
35058,1,7,7,0.42857142857142855,4.0
35063,1,8,8,0.375,4.5
35073,1,26,26,0.46153846153846156,13.5
35079,1,4,4,0.5,2.5
35082,1,12,12,1.0,6.5
35085,1,1,1,0.0,1.0
35086,1,12,12,0.08333333333333333,6.5
35107,1,17,17,0.9411764705882353,9.0
35150,1,40,40,0.8,20.5
35153,1,9,9,0.7777777777777778,5.0
35158,1,10,10,0.0,5.5
35169,1,12,12,0.75,6.5
35176,1,3,3,0.0,2.0
35180,1,1,1,0.0,1.0
35181,1,20,20,0.8,10.5
35198,1,12,12,0.25,6.5
35219,1,4,4,0.0,2.5
35220,1,5,5,0.2,3.0
35250,1,20,20,0.5,10.5
35261,1,16,16,0.1875,8.5
35274,1,1,1,0.0,1.0
35286,1,3,3,0.6666666666666666,2.0
35293,1,7,7,0.8571428571428571,4.0
35314,1,11,11,0.8181818181818182,6.0
35340,1,13,13,1.0,7.0
35360,1,10,10,0.8,5.5
35372,1,7,7,0.14285714285714285,4.0
35373,1,13,13,0.6153846153846154,7.0
35375,1,8,8,0.0,4.5
35381,1,6,6,0.0,3.5
35395,1,6,6,0.5,3.5
35396,2,11,11,0.5454545454545454,3.272727272727273
35404,1,19,19,0.9473684210526315,10.0
35409,1,7,7,0.42857142857142855,4.0
35412,2,7,6,1.0,3.142857142857143
35416,1,20,20,0.5,10.5
35443,1,2,2,0.0,1.5
35444,1,44,44,0.38636363636363635,22.5
35449,1,10,10,1.0,5.5
35476,1,4,4,0.75,2.5
35487,1,10,10,0.4,5.5
35490,1,14,14,0.9285714285714286,7.5
35508,1,5,5,0.2,3.0
35519,1,2,2,0.0,1.5
35529,1,10,10,0.8,5.5
35556,1,19,19,0.42105263157894735,10.0
35560,2,4,4,1.0,1.75
35569,1,6,6,0.6666666666666666,3.5
35582,1,23,23,0.782608695652174,12.0
35583,1,16,16,0.375,8.5
35611,1,7,7,0.42857142857142855,4.0
35629,1,17,17,0.9411764705882353,9.0
35632,1,13,13,0.0,7.0
35646,1,4,4,1.0,2.5
35651,1,1,1,1.0,1.0
35654,1,10,10,0.7,5.5
35662,1,9,9,0.5555555555555556,5.0
35678,1,7,7,0.42857142857142855,4.0
35687,1,5,5,0.2,3.0
35689,1,11,11,1.0,6.0
35692,1,5,5,0.6,3.0
35704,1,6,6,0.6666666666666666,3.5
35718,1,23,23,0.5652173913043478,12.0
35719,1,16,16,0.9375,8.5
35763,1,14,14,0.35714285714285715,7.5
35774,1,5,5,0.8,3.0
35779,1,6,6,0.6666666666666666,3.5
35798,1,11,11,0.5454545454545454,6.0
35832,1,3,3,0.0,2.0
35849,1,1,1,0.0,1.0
35851,1,7,7,0.8571428571428571,4.0
35864,1,10,10,0.9,5.5
35868,1,1,1,1.0,1.0
35871,1,21,21,0.5238095238095238,11.0
35876,1,5,5,0.8,3.0
35914,1,7,7,0.14285714285714285,4.0
35968,1,6,6,0.0,3.5
36010,1,3,3,1.0,2.0
36042,1,14,14,0.7142857142857143,7.5
36047,1,4,4,0.5,2.5
36052,1,18,18,0.6666666666666666,9.5
36069,1,6,6,1.0,3.5
36110,1,13,13,1.0,7.0
36113,1,6,6,1.0,3.5
36137,1,18,18,0.8888888888888888,9.5
36138,1,17,17,0.7058823529411765,9.0
36149,1,9,9,1.0,5.0
36150,1,6,6,0.5,3.5
36159,1,9,9,0.4444444444444444,5.0
36163,1,11,11,0.9090909090909091,6.0
36166,1,4,4,0.5,2.5
36167,1,15,15,0.9333333333333333,8.0
36176,2,11,11,0.2727272727272727,3.4545454545454546
36181,1,6,6,0.8333333333333334,3.5
36196,1,7,7,0.2857142857142857,4.0
36205,1,1,1,0.0,1.0
36217,1,10,10,0.4,5.5
36271,1,3,3,1.0,2.0
36272,1,6,6,1.0,3.5
36278,1,9,9,0.4444444444444444,5.0
36299,1,5,5,1.0,3.0
36304,1,10,10,0.4,5.5
36310,1,14,14,0.42857142857142855,7.5
36314,1,6,6,0.6666666666666666,3.5
36325,1,20,20,0.3,10.5
36343,1,24,24,0.20833333333333334,12.5
36346,1,5,5,1.0,3.0
36369,1,4,4,0.5,2.5
36376,2,18,18,0.8333333333333334,6.388888888888889
36415,1,24,24,0.9166666666666666,12.5
36427,1,1,1,1.0,1.0
36431,1,2,2,1.0,1.5
36436,1,6,6,0.0,3.5
36445,1,37,37,0.7297297297297297,19.0
36459,1,2,2,1.0,1.5
36481,1,3,3,1.0,2.0
36484,1,2,2,0.5,1.5
36497,1,5,5,0.6,3.0
36502,1,12,12,0.5,6.5
36504,1,2,2,1.0,1.5
36506,1,11,11,0.0,6.0
36538,1,10,10,0.0,5.5
36546,1,10,10,0.4,5.5
36585,1,18,18,0.8333333333333334,9.5
36593,1,14,14,0.21428571428571427,7.5
36602,1,6,6,1.0,3.5
36603,1,1,1,0.0,1.0
36614,1,4,4,0.75,2.5
36621,1,2,2,0.0,1.5
36627,2,58,54,0.8275862068965517,15.017241379310345
36630,1,8,8,0.875,4.5
36650,1,15,15,0.4,8.0
36659,1,5,5,0.8,3.0
36663,1,10,10,0.7,5.5
36664,1,18,18,0.7222222222222222,9.5
36666,1,3,3,1.0,2.0
36667,1,9,9,0.0,5.0
36682,1,14,14,0.5,7.5
36686,1,1,1,1.0,1.0
36694,1,19,19,0.8421052631578947,10.0
36705,1,12,12,0.0,6.5
36716,1,6,6,0.8333333333333334,3.5
36733,1,12,12,0.5833333333333334,6.5
36740,1,10,10,0.5,5.5
36774,1,1,1,1.0,1.0
36783,1,9,9,0.8888888888888888,5.0
36811,1,11,11,1.0,6.0
36824,1,11,11,1.0,6.0
36848,2,32,32,0.59375,8.625
36861,1,12,12,0.0,6.5
36875,2,5,5,1.0,1.8
36882,1,1,1,1.0,1.0
36916,2,2,2,1.0,1.0
36928,2,21,21,0.5714285714285714,6.333333333333333
36939,1,1,1,1.0,1.0
36943,1,1,1,1.0,1.0
36972,1,5,5,1.0,3.0
36975,1,9,9,0.4444444444444444,5.0
36992,1,3,3,0.6666666666666666,2.0
37002,1,5,5,1.0,3.0
37007,2,19,19,0.8421052631578947,5.894736842105263
37019,1,19,19,1.0,10.0
37030,1,6,6,0.3333333333333333,3.5
37032,1,6,6,1.0,3.5
37042,1,3,3,0.0,2.0
37057,1,26,26,0.6923076923076923,13.5
37074,1,7,7,0.5714285714285714,4.0
37086,1,9,9,1.0,5.0
37096,1,23,23,0.0,12.0
37108,1,4,4,1.0,2.5
37126,1,15,15,0.0,8.0
37142,4,42,38,0.7380952380952381,5.976190476190476
37149,1,15,15,0.06666666666666667,8.0
37171,1,3,3,1.0,2.0
37175,1,15,15,0.26666666666666666,8.0
37186,1,8,8,0.75,4.5
37187,1,4,4,0.5,2.5
37204,1,1,1,1.0,1.0
37210,1,6,6,0.16666666666666666,3.5
37223,1,28,28,0.7857142857142857,14.5
37224,1,12,12,0.0,6.5
37227,1,3,3,0.3333333333333333,2.0
37236,1,4,4,0.0,2.5
37240,1,6,6,0.0,3.5
37261,1,4,4,0.25,2.5
37277,1,3,3,0.0,2.0
37307,1,18,18,0.0,9.5
37314,1,8,8,1.0,4.5
37322,1,8,8,1.0,4.5
37358,1,6,6,0.0,3.5
37359,1,3,3,1.0,2.0
37362,1,26,26,0.6153846153846154,13.5
37376,2,18,14,0.5555555555555556,5.0
37384,1,14,14,0.7142857142857143,7.5
37388,1,9,9,0.7777777777777778,5.0
37393,1,1,1,1.0,1.0
37396,1,1,1,0.0,1.0
37424,1,9,9,0.4444444444444444,5.0
37427,1,1,1,0.0,1.0
37442,1,1,1,0.0,1.0
37452,1,10,10,0.8,5.5
37460,1,3,3,0.6666666666666666,2.0
37467,1,8,8,0.625,4.5
37473,1,17,17,0.9411764705882353,9.0
37481,2,8,6,0.875,2.625
37493,1,4,4,0.75,2.5
37495,1,10,10,0.0,5.5
37506,1,6,6,0.3333333333333333,3.5
37507,1,8,8,0.625,4.5
37533,1,7,7,0.5714285714285714,4.0
37557,1,1,1,1.0,1.0
37560,1,9,9,0.3333333333333333,5.0
37562,1,2,2,1.0,1.5
37578,1,24,24,0.16666666666666666,12.5
37595,1,7,7,1.0,4.0
37597,1,11,11,0.45454545454545453,6.0
37603,1,4,4,1.0,2.5
37606,1,7,7,0.7142857142857143,4.0
37609,1,1,1,1.0,1.0
37613,2,5,5,0.6,2.2
37618,1,3,3,0.6666666666666666,2.0
37628,1,9,9,0.7777777777777778,5.0
37654,1,1,1,1.0,1.0
37662,1,4,4,0.5,2.5
37668,1,2,2,1.0,1.5
37700,1,6,6,0.5,3.5
37701,1,9,9,0.7777777777777778,5.0
37708,1,5,5,0.4,3.0
37732,1,8,8,0.75,4.5
37738,1,1,1,1.0,1.0
37750,1,19,19,0.8421052631578947,10.0
37751,1,4,4,0.5,2.5
37753,1,38,38,0.8421052631578947,19.5
37762,2,17,15,0.7058823529411765,4.764705882352941
37763,1,8,8,0.0,4.5
37785,1,4,4,1.0,2.5
37794,1,27,27,0.7777777777777778,14.0
37804,3,26,23,0.9230769230769231,5.076923076923077
37809,1,11,11,0.36363636363636365,6.0
37818,1,10,10,0.8,5.5
37835,1,14,14,0.6428571428571429,7.5
37853,1,23,23,0.34782608695652173,12.0
37866,1,2,2,1.0,1.5
37879,1,7,7,0.8571428571428571,4.0
37883,1,2,2,0.5,1.5
37890,1,14,14,0.0,7.5
37903,1,6,6,1.0,3.5
37913,1,1,1,1.0,1.0
37928,1,6,6,1.0,3.5
37949,2,22,22,0.7272727272727273,9.681818181818182
37982,1,5,5,0.0,3.0
37983,1,21,21,0.7619047619047619,11.0
37995,1,1,1,0.0,1.0
38035,1,12,12,0.5833333333333334,6.5
38077,1,1,1,1.0,1.0
38088,1,6,6,0.8333333333333334,3.5
38095,2,9,6,1.0,2.7777777777777777
38099,1,19,19,0.9473684210526315,10.0
38134,1,29,29,0.4482758620689655,15.0
38148,1,5,5,0.6,3.0
38171,2,11,11,0.36363636363636365,3.4545454545454546
38179,1,5,5,0.0,3.0
38184,1,5,5,0.2,3.0
38187,1,11,11,0.45454545454545453,6.0
38188,1,5,5,0.4,3.0
38194,1,11,11,0.7272727272727273,6.0
38210,1,7,7,1.0,4.0
38242,1,3,3,0.0,2.0
38259,1,17,17,0.35294117647058826,9.0
38261,1,11,11,0.7272727272727273,6.0
38282,1,3,3,0.6666666666666666,2.0
38291,1,16,16,0.4375,8.5
38304,1,2,2,0.0,1.5
38307,1,8,8,0.375,4.5
38320,1,2,2,1.0,1.5
38323,1,10,10,0.7,5.5
38327,1,10,10,0.6,5.5
38344,1,6,6,0.5,3.5
38353,1,9,9,1.0,5.0
38366,1,7,7,0.7142857142857143,4.0
38371,1,2,2,0.5,1.5
38380,1,3,3,1.0,2.0
38394,1,4,4,0.75,2.5
38402,1,6,6,0.5,3.5
38409,1,15,15,0.4,8.0
38411,1,1,1,0.0,1.0
38445,2,14,14,0.6428571428571429,4.071428571428571
38453,1,25,25,0.24,13.0
38458,1,10,10,0.4,5.5
38460,1,5,5,0.8,3.0
38464,1,50,50,0.28,25.5
38469,1,12,12,0.25,6.5
38495,2,15,15,1.0,4.4
38506,1,7,7,0.7142857142857143,4.0
38525,1,2,2,0.0,1.5
38559,1,18,18,0.7222222222222222,9.5
38569,1,4,4,0.25,2.5
38574,2,22,16,0.9090909090909091,6.0
38593,1,9,9,0.0,5.0
38610,1,6,6,0.3333333333333333,3.5
38617,1,9,9,0.5555555555555556,5.0
38630,1,13,13,0.38461538461538464,7.0
38643,1,18,18,0.7222222222222222,9.5
38648,1,8,8,0.75,4.5
38653,1,7,7,0.0,4.0
38664,1,3,3,1.0,2.0
38668,1,7,7,0.0,4.0
38683,2,27,26,0.8888888888888888,9.333333333333334
38711,1,13,13,0.8461538461538461,7.0
38720,1,9,9,0.5555555555555556,5.0
38722,2,16,16,0.6875,4.5625
38724,1,22,22,0.22727272727272727,11.5
38732,1,24,24,0.75,12.5
38733,1,17,17,0.9411764705882353,9.0
38748,1,10,10,0.4,5.5
38752,1,1,1,1.0,1.0
38756,1,12,12,0.6666666666666666,6.5
38764,1,1,1,1.0,1.0
38765,2,21,21,0.8571428571428571,6.333333333333333
38767,2,22,20,1.0,8.909090909090908
38834,2,39,39,0.6666666666666666,10.564102564102564
38858,1,10,10,0.0,5.5
38863,1,7,7,0.0,4.0
38874,1,5,5,0.0,3.0
38879,1,5,5,0.4,3.0
38886,1,4,4,1.0,2.5
38890,1,6,6,0.5,3.5
38902,1,12,12,0.25,6.5
38930,1,7,7,0.42857142857142855,4.0
38936,2,5,5,1.0,1.8
38940,1,12,12,0.5,6.5
38948,1,17,17,1.0,9.0
38958,1,2,2,0.5,1.5
38983,1,6,6,0.16666666666666666,3.5
39017,1,5,5,0.6,3.0
39021,1,4,4,0.75,2.5
39023,1,18,18,1.0,9.5
39033,1,3,3,1.0,2.0
39039,1,12,12,0.9166666666666666,6.5
39056,1,1,1,1.0,1.0
39059,2,5,4,1.0,2.2
39064,1,6,6,0.3333333333333333,3.5
39068,1,24,24,0.4583333333333333,12.5
39088,1,17,17,0.0,9.0
39098,1,5,5,0.8,3.0
39112,1,5,5,0.0,3.0
39114,1,18,18,0.7777777777777778,9.5
39115,1,4,4,0.75,2.5
39117,1,14,14,0.7857142857142857,7.5
39133,1,5,5,0.8,3.0
39141,1,15,15,0.9333333333333333,8.0
39142,1,6,6,0.8333333333333334,3.5
39143,1,10,10,0.9,5.5
39144,1,15,15,1.0,8.0
39147,1,4,4,0.25,2.5
39161,1,10,10,0.1,5.5
39165,2,22,22,0.4090909090909091,6.7272727272727275
39176,2,2,1,1.0,1.0
39180,1,4,4,0.25,2.5
39187,1,16,16,0.8125,8.5
39202,1,7,7,1.0,4.0
39216,1,9,9,0.6666666666666666,5.0
39218,1,1,1,0.0,1.0
39219,1,4,4,0.75,2.5
39264,1,14,14,1.0,7.5
39278,1,3,3,1.0,2.0
39287,1,9,9,0.4444444444444444,5.0
39295,1,2,2,0.5,1.5
39308,1,22,22,0.3181818181818182,11.5
39316,1,10,10,0.9,5.5
39324,1,1,1,0.0,1.0
39327,1,6,6,0.8333333333333334,3.5
39328,1,4,4,1.0,2.5
39332,1,13,13,0.3076923076923077,7.0
39341,1,3,3,0.6666666666666666,2.0
39357,1,8,8,0.5,4.5
39361,1,7,7,0.8571428571428571,4.0
39371,2,12,12,0.25,3.5
39428,1,2,2,1.0,1.5
39449,1,3,3,0.6666666666666666,2.0
39455,1,7,7,1.0,4.0
39460,2,23,20,0.782608695652174,6.3478260869565215
39469,1,3,3,0.3333333333333333,2.0
39475,1,7,7,0.7142857142857143,4.0
39484,1,9,9,0.3333333333333333,5.0
39488,1,9,9,0.3333333333333333,5.0
39495,1,1,1,1.0,1.0
39509,1,3,3,0.6666666666666666,2.0
39545,1,19,19,0.05263157894736842,10.0
39551,1,12,12,0.08333333333333333,6.5
39563,1,13,13,0.3076923076923077,7.0
39566,1,11,11,0.09090909090909091,6.0
39586,1,22,22,0.5909090909090909,11.5
39594,1,1,1,1.0,1.0
39596,1,15,15,0.0,8.0
39630,2,15,15,0.13333333333333333,4.266666666666667
39643,1,8,8,0.0,4.5
39648,1,28,28,0.6428571428571429,14.5
39663,1,2,2,1.0,1.5
39688,1,10,10,0.5,5.5
39703,1,7,7,0.7142857142857143,4.0
39706,1,29,29,0.5862068965517241,15.0
39713,1,10,10,0.3,5.5
39720,1,1,1,1.0,1.0
39727,1,4,4,0.25,2.5
39728,1,30,30,0.4,15.5
39733,1,1,1,1.0,1.0
39738,1,13,13,0.9230769230769231,7.0
39762,1,12,12,0.75,6.5
39779,1,16,16,0.8125,8.5
39786,1,26,26,0.8846153846153846,13.5
39821,1,13,13,0.5384615384615384,7.0
39824,1,22,22,1.0,11.5
39825,1,7,7,1.0,4.0
39831,1,8,8,0.625,4.5
39836,1,31,31,0.8064516129032258,16.0
39837,1,6,6,0.3333333333333333,3.5
39840,1,20,20,0.9,10.5
39853,1,4,4,1.0,2.5
39858,1,7,7,0.7142857142857143,4.0
39869,1,6,6,0.0,3.5
39873,1,23,23,0.4782608695652174,12.0
39878,1,24,24,0.875,12.5
39911,1,8,8,0.875,4.5
39922,1,16,16,1.0,8.5
39929,1,12,12,0.6666666666666666,6.5
39947,1,5,5,0.2,3.0
39982,1,7,7,0.42857142857142855,4.0
39993,1,1,1,1.0,1.0
39998,1,11,11,0.9090909090909091,6.0
40018,1,38,38,0.7368421052631579,19.5
40083,2,36,36,0.7222222222222222,9.944444444444445
40092,1,9,9,0.8888888888888888,5.0
40107,1,8,8,0.0,4.5
40124,1,24,24,0.7083333333333334,12.5
40125,1,1,1,1.0,1.0
40139,1,10,10,0.1,5.5
40177,2,10,9,0.9,3.0
40184,1,11,11,0.09090909090909091,6.0
40188,1,3,3,1.0,2.0
40192,1,7,7,0.5714285714285714,4.0
40211,1,29,29,0.7586206896551724,15.0
40226,1,9,9,1.0,5.0
40270,1,10,10,0.0,5.5
40286,1,5,5,0.6,3.0
40296,1,12,12,0.0,6.5
40325,1,4,4,0.0,2.5
40332,1,4,4,1.0,2.5
40371,1,4,4,0.25,2.5
40375,1,4,4,0.5,2.5
40390,2,43,39,0.3953488372093023,11.720930232558139
40405,1,24,24,0.625,12.5
40437,1,14,14,0.7857142857142857,7.5
40438,1,3,3,1.0,2.0
40444,1,16,16,0.0,8.5
40486,1,6,6,0.0,3.5
40493,1,18,18,0.4444444444444444,9.5
40496,1,29,29,0.4827586206896552,15.0
40548,1,1,1,0.0,1.0
40556,2,28,28,0.4642857142857143,7.821428571428571
40574,1,8,8,0.625,4.5
40583,1,1,1,1.0,1.0
40585,1,5,5,0.4,3.0
40590,2,30,30,0.8333333333333334,8.833333333333334
40623,1,10,10,0.6,5.5
40627,1,17,17,0.9411764705882353,9.0
40703,1,23,23,0.4782608695652174,12.0
40723,1,8,8,0.5,4.5
40738,1,17,17,0.7647058823529411,9.0
40744,1,4,4,0.0,2.5
40746,1,8,8,0.75,4.5
40751,1,5,5,0.8,3.0
40754,1,6,6,1.0,3.5
40772,1,7,7,0.5714285714285714,4.0
40783,1,12,12,0.8333333333333334,6.5
40806,1,19,19,0.6842105263157895,10.0
40809,1,8,8,0.0,4.5
40828,1,8,8,1.0,4.5
40846,1,8,8,1.0,4.5
40853,1,9,9,0.8888888888888888,5.0
40864,1,11,11,0.5454545454545454,6.0
40874,1,13,13,0.7692307692307693,7.0
40898,1,9,9,0.8888888888888888,5.0
40913,1,3,3,0.6666666666666666,2.0
40925,1,5,5,0.8,3.0
40929,1,7,7,0.8571428571428571,4.0
40966,1,8,8,0.625,4.5
40975,1,7,7,0.42857142857142855,4.0
41002,1,13,13,0.9230769230769231,7.0
41008,1,9,9,0.5555555555555556,5.0
41019,1,11,11,0.6363636363636364,6.0
41023,1,3,3,0.0,2.0
41026,2,19,19,0.6842105263157895,5.578947368421052
41030,1,6,6,1.0,3.5
41031,1,30,30,0.9,15.5
41033,1,7,7,0.5714285714285714,4.0
41043,2,24,19,0.9166666666666666,6.875
41051,1,25,25,0.32,13.0
41052,1,7,7,0.2857142857142857,4.0
41059,1,13,13,0.0,7.0
41061,1,11,11,0.7272727272727273,6.0
41074,1,26,26,0.9230769230769231,13.5
41086,1,3,3,0.6666666666666666,2.0
41097,1,6,6,0.0,3.5
41099,1,2,2,1.0,1.5
41106,1,6,6,0.16666666666666666,3.5
41107,1,9,9,0.2222222222222222,5.0
41116,1,8,8,0.875,4.5
41117,1,25,25,0.64,13.0
41125,1,8,8,0.5,4.5
41126,1,10,10,0.7,5.5
41151,1,7,7,1.0,4.0
41155,1,14,14,0.35714285714285715,7.5
41163,1,3,3,0.0,2.0
41172,1,12,12,0.9166666666666666,6.5
41185,1,21,21,0.5238095238095238,11.0
41211,1,4,4,1.0,2.5
41214,1,5,5,1.0,3.0
41218,1,8,8,0.75,4.5
41233,1,1,1,0.0,1.0
41242,1,33,33,0.5757575757575758,17.0
41253,1,6,6,0.0,3.5
41333,1,16,16,0.9375,8.5
41335,1,3,3,1.0,2.0
41341,1,6,6,1.0,3.5
41347,1,2,2,1.0,1.5
41351,2,47,47,0.8085106382978723,12.680851063829786
41356,1,9,9,1.0,5.0
41380,1,1,1,0.0,1.0
41388,1,9,9,0.5555555555555556,5.0
41392,1,6,6,0.8333333333333334,3.5
41400,1,6,6,1.0,3.5
41439,1,10,10,0.7,5.5
41457,2,36,33,0.9444444444444444,9.75
41468,1,2,2,0.0,1.5
41469,1,9,9,1.0,5.0
41477,1,7,7,0.0,4.0
41479,1,8,8,1.0,4.5
41489,1,5,5,0.6,3.0
41498,1,20,20,0.45,10.5
41502,1,9,9,0.6666666666666666,5.0
41518,1,1,1,0.0,1.0
41521,1,3,3,1.0,2.0
41523,1,14,14,0.7142857142857143,7.5
41546,1,9,9,0.6666666666666666,5.0
41580,1,7,7,0.8571428571428571,4.0
41586,1,10,10,0.3,5.5
41587,1,16,16,1.0,8.5
41588,1,5,5,0.8,3.0
41591,2,15,15,0.6,4.666666666666667
41594,1,9,9,0.8888888888888888,5.0
41611,1,6,6,0.3333333333333333,3.5
41617,1,6,6,0.5,3.5
41634,1,6,6,0.6666666666666666,3.5
41640,1,4,4,1.0,2.5
41644,1,1,1,1.0,1.0
41662,2,8,7,0.25,2.625
41697,1,15,15,0.3333333333333333,8.0
41702,1,14,14,0.5714285714285714,7.5
41703,1,16,16,0.75,8.5
41722,1,6,6,0.6666666666666666,3.5
41725,1,13,13,0.0,7.0
41729,1,15,15,0.3333333333333333,8.0
41731,1,14,14,0.21428571428571427,7.5
41739,2,12,12,0.6666666666666666,3.5833333333333335
41752,1,16,16,1.0,8.5
41756,1,17,17,0.29411764705882354,9.0
41761,1,12,12,0.0,6.5
41767,1,7,7,1.0,4.0
41771,1,11,11,0.8181818181818182,6.0
41783,1,5,5,1.0,3.0
41789,1,21,21,0.8095238095238095,11.0
41802,1,21,21,0.3333333333333333,11.0
41807,1,13,13,0.5384615384615384,7.0
41817,1,2,2,0.5,1.5
41853,2,18,17,0.3333333333333333,5.055555555555555
41862,1,15,15,0.6666666666666666,8.0
41877,1,2,2,1.0,1.5
41896,1,8,8,1.0,4.5
41909,1,11,11,1.0,6.0
41934,1,9,9,0.0,5.0
41973,1,6,6,0.8333333333333334,3.5
41976,1,11,11,0.5454545454545454,6.0
41996,1,7,7,1.0,4.0
42009,1,5,5,0.8,3.0
42015,1,9,9,0.7777777777777778,5.0
42037,2,8,8,0.875,3.0
42044,1,11,11,1.0,6.0
42064,1,8,8,0.875,4.5
42066,1,9,9,0.6666666666666666,5.0
42077,1,3,3,0.6666666666666666,2.0
42080,1,5,5,0.2,3.0
42081,1,10,10,0.8,5.5
42085,1,24,24,0.4166666666666667,12.5
42101,1,7,7,0.8571428571428571,4.0
42107,1,26,26,0.46153846153846156,13.5
42116,1,15,15,0.6666666666666666,8.0
42117,1,18,18,1.0,9.5
42130,1,7,7,0.0,4.0
42147,1,11,11,0.5454545454545454,6.0
42181,1,4,4,1.0,2.5
42199,1,2,2,0.0,1.5
42206,2,14,13,0.35714285714285715,4.642857142857143
42208,1,10,10,0.0,5.5
42210,1,11,11,0.8181818181818182,6.0
42236,1,4,4,0.5,2.5
42249,1,11,11,1.0,6.0
42254,1,5,5,0.0,3.0
42257,1,39,39,0.5641025641025641,20.0
42276,1,10,10,0.0,5.5
42278,1,3,3,0.0,2.0
42307,1,18,18,0.7777777777777778,9.5
42322,2,17,17,0.6470588235294118,5.117647058823529
42344,1,14,14,0.0,7.5
42377,1,2,2,0.5,1.5
42378,1,3,3,0.6666666666666666,2.0
42416,1,10,10,0.8,5.5
42417,1,19,19,1.0,10.0
42423,1,12,12,0.16666666666666666,6.5
42431,1,18,18,0.1111111111111111,9.5
42438,1,7,7,0.14285714285714285,4.0
42467,1,12,12,0.3333333333333333,6.5
42471,1,5,5,0.6,3.0
42474,1,6,6,0.6666666666666666,3.5
42480,1,14,14,0.5,7.5
42481,2,26,24,0.5384615384615384,7.615384615384615
42489,1,6,6,0.0,3.5
42497,1,11,11,0.9090909090909091,6.0
42507,2,14,14,0.7142857142857143,4.285714285714286
42520,1,13,13,0.6153846153846154,7.0
42526,1,14,14,0.5714285714285714,7.5
42550,2,42,42,0.5,11.857142857142858
42555,1,3,3,0.3333333333333333,2.0
42560,1,3,3,0.3333333333333333,2.0
42582,1,13,13,0.38461538461538464,7.0
42583,1,7,7,0.2857142857142857,4.0
42591,1,12,12,0.5,6.5
42610,1,10,10,0.9,5.5
42622,1,4,4,0.75,2.5
42640,1,7,7,0.7142857142857143,4.0
42650,1,18,18,0.8333333333333334,9.5
42664,1,10,10,0.0,5.5
42671,1,11,11,0.7272727272727273,6.0
42681,1,3,3,0.0,2.0
42685,1,35,35,0.7714285714285715,18.0
42699,1,14,14,0.7857142857142857,7.5
42701,1,9,9,0.3333333333333333,5.0
42706,1,2,2,0.0,1.5
42711,1,5,5,1.0,3.0
42736,1,21,21,0.6666666666666666,11.0
42737,1,9,9,0.5555555555555556,5.0
42762,1,18,18,0.8333333333333334,9.5
42764,1,5,5,0.6,3.0
42789,2,10,10,0.6,3.1
42792,2,43,42,0.5348837209302325,12.930232558139535
42806,1,7,7,0.5714285714285714,4.0
42814,1,12,12,0.25,6.5
42818,1,3,3,0.0,2.0
42825,1,4,4,1.0,2.5
42826,1,19,19,0.8947368421052632,10.0
42827,1,10,10,0.3,5.5
42831,1,11,11,0.6363636363636364,6.0
42834,1,13,13,0.07692307692307693,7.0
42874,1,1,1,1.0,1.0
42897,1,15,15,0.9333333333333333,8.0
42902,1,3,3,0.6666666666666666,2.0
42910,1,9,9,0.7777777777777778,5.0
42914,2,26,22,0.2692307692307692,7.038461538461538
42930,1,13,13,0.6153846153846154,7.0
42935,1,22,22,0.7272727272727273,11.5
42945,1,18,18,0.6666666666666666,9.5
42953,1,2,2,1.0,1.5
42955,1,13,13,0.9230769230769231,7.0
42957,2,15,12,1.0,4.666666666666667
42959,1,11,11,0.0,6.0
42962,1,8,8,0.0,4.5
42964,1,7,7,0.42857142857142855,4.0
42986,1,1,1,1.0,1.0
42991,1,13,13,0.9230769230769231,7.0
42996,1,17,17,1.0,9.0
43015,1,9,9,0.3333333333333333,5.0
43020,1,22,22,0.6818181818181818,11.5
43022,1,5,5,0.4,3.0
43023,1,18,18,0.2222222222222222,9.5
43026,1,8,8,0.625,4.5
43038,2,15,15,0.3333333333333333,5.6
43039,1,1,1,0.0,1.0
43052,1,1,1,0.0,1.0
43062,1,7,7,1.0,4.0
43082,1,10,10,0.7,5.5
43089,1,5,5,1.0,3.0
43107,1,13,13,0.9230769230769231,7.0
43123,1,3,3,1.0,2.0
43147,1,8,8,0.375,4.5
43190,2,4,4,0.75,1.5
43192,1,6,6,1.0,3.5
43203,1,4,4,0.5,2.5
43220,1,19,19,0.47368421052631576,10.0
43236,1,9,9,0.8888888888888888,5.0
43252,1,13,13,0.7692307692307693,7.0
43281,1,8,8,1.0,4.5
43295,1,26,26,0.5384615384615384,13.5
43303,1,6,6,0.8333333333333334,3.5
43305,1,2,2,0.0,1.5
43318,1,17,17,1.0,9.0
43322,1,28,28,0.0,14.5
43323,1,7,7,0.7142857142857143,4.0
43329,2,9,9,1.0,2.7777777777777777
43334,1,19,19,0.3684210526315789,10.0
43341,1,14,14,1.0,7.5
43342,2,3,3,0.3333333333333333,1.3333333333333333
43344,1,5,5,1.0,3.0
43349,1,6,6,0.5,3.5
43365,2,26,26,0.9230769230769231,7.615384615384615
43371,1,10,10,0.6,5.5
43373,1,2,2,0.5,1.5
43385,1,5,5,1.0,3.0
43408,1,4,4,1.0,2.5
43421,1,14,14,1.0,7.5
43491,2,4,3,1.0,1.75
43502,1,8,8,0.75,4.5
43517,1,9,9,1.0,5.0
43518,1,21,21,0.5714285714285714,11.0
43527,1,17,17,0.7647058823529411,9.0
43544,1,11,11,0.2727272727272727,6.0
43551,1,5,5,1.0,3.0
43562,1,2,2,1.0,1.5
43565,2,29,29,0.7241379310344828,7.758620689655173
43576,1,5,5,0.6,3.0
43584,1,7,7,1.0,4.0
43599,1,5,5,1.0,3.0
43607,2,38,38,0.3157894736842105,10.236842105263158
43617,1,6,6,0.8333333333333334,3.5
43621,1,24,24,0.7916666666666666,12.5
43629,1,12,12,0.6666666666666666,6.5
43633,1,21,21,0.47619047619047616,11.0
43641,1,9,9,0.4444444444444444,5.0
43643,1,12,12,0.25,6.5
43644,1,22,22,0.5454545454545454,11.5
43675,1,5,5,1.0,3.0
43694,1,15,15,0.6666666666666666,8.0
43723,1,2,2,0.5,1.5
43724,1,19,19,1.0,10.0
43756,1,17,17,0.5882352941176471,9.0
43758,2,30,29,0.9,8.3
43767,1,6,6,0.0,3.5
43783,1,9,9,0.6666666666666666,5.0
43798,1,5,5,0.4,3.0
43813,1,11,11,0.0,6.0
43818,2,13,13,0.15384615384615385,4.230769230769231
43823,1,3,3,1.0,2.0
43825,1,39,39,0.6923076923076923,20.0
43826,1,1,1,1.0,1.0
43844,1,5,5,1.0,3.0
43851,1,9,9,1.0,5.0
43860,1,2,2,0.0,1.5
43867,1,4,4,0.75,2.5
43872,1,23,23,0.43478260869565216,12.0
43897,1,3,3,0.0,2.0
43904,1,20,20,0.5,10.5
43905,1,13,13,0.15384615384615385,7.0
43906,1,1,1,0.0,1.0
43910,1,2,2,0.5,1.5
43914,1,3,3,0.0,2.0
43931,1,15,15,0.4,8.0
43934,1,39,39,0.0,20.0
43946,1,9,9,0.4444444444444444,5.0
43968,1,15,15,0.4,8.0
43978,1,8,8,1.0,4.5
43987,2,12,11,0.8333333333333334,3.8333333333333335
43989,1,5,5,0.6,3.0
44005,1,6,6,1.0,3.5
44006,1,13,13,0.6923076923076923,7.0
44016,1,13,13,0.3076923076923077,7.0
44018,1,6,6,0.5,3.5
44035,1,6,6,0.3333333333333333,3.5
44053,1,1,1,0.0,1.0
44062,1,11,11,0.8181818181818182,6.0
44070,1,5,5,1.0,3.0
44075,1,6,6,0.0,3.5
44089,1,9,9,1.0,5.0
44101,1,10,10,1.0,5.5
44103,2,3,3,1.0,1.3333333333333333
44120,1,1,1,1.0,1.0
44124,1,8,8,0.625,4.5
44133,1,20,20,0.35,10.5
44136,1,1,1,0.0,1.0
44141,1,7,7,0.8571428571428571,4.0
44157,2,18,14,0.8333333333333334,5.888888888888889
44196,1,9,9,0.4444444444444444,5.0
44217,1,8,8,0.875,4.5
44220,1,2,2,1.0,1.5
44227,1,14,14,0.8571428571428571,7.5
44229,1,6,6,0.5,3.5
44238,1,5,5,0.8,3.0
44246,1,4,4,0.5,2.5
44249,1,4,4,1.0,2.5
44250,2,44,44,0.7954545454545454,11.590909090909092
44251,1,11,11,0.9090909090909091,6.0
44262,1,14,14,0.6428571428571429,7.5
44285,2,18,18,0.9444444444444444,5.5
44301,1,11,11,0.8181818181818182,6.0
44313,1,31,31,0.41935483870967744,16.0
44319,1,11,11,0.45454545454545453,6.0
44320,1,15,15,0.9333333333333333,8.0
44326,1,6,6,0.0,3.5
44327,2,4,4,0.5,1.5
44345,1,16,16,0.25,8.5
44366,1,10,10,0.1,5.5
44383,1,2,2,1.0,1.5
44395,1,5,5,0.0,3.0
44396,1,7,7,0.2857142857142857,4.0
44402,1,5,5,0.2,3.0
44431,1,8,8,0.875,4.5
44450,1,14,14,0.6428571428571429,7.5
44451,1,9,9,1.0,5.0
44463,1,19,19,0.15789473684210525,10.0
44474,1,7,7,0.7142857142857143,4.0
44475,1,5,5,0.8,3.0
44477,1,6,6,0.16666666666666666,3.5
44489,1,37,37,0.0,19.0
44503,1,7,7,0.0,4.0
44519,1,24,24,0.0,12.5
44543,1,12,12,0.0,6.5
44563,1,18,18,0.7777777777777778,9.5
44593,1,8,8,0.25,4.5
44594,2,18,18,0.7222222222222222,5.222222222222222
44598,1,22,22,0.9545454545454546,11.5
44624,1,4,4,0.5,2.5
44629,1,13,13,0.5384615384615384,7.0
44633,1,26,26,0.6153846153846154,13.5
44638,1,6,6,0.8333333333333334,3.5
44639,1,12,12,0.25,6.5
44663,1,2,2,0.0,1.5
44671,1,6,6,1.0,3.5
44676,1,15,15,0.3333333333333333,8.0
44686,1,13,13,0.8461538461538461,7.0
44687,1,5,5,0.4,3.0
44705,1,10,10,0.7,5.5
44713,2,19,19,0.5789473684210527,5.2631578947368425
44734,1,8,8,0.375,4.5
44749,2,14,14,0.9285714285714286,4.071428571428571
44785,1,18,18,1.0,9.5
44786,1,5,5,0.8,3.0
44802,1,3,3,0.3333333333333333,2.0
44803,1,11,11,0.45454545454545453,6.0
44835,1,21,21,0.5714285714285714,11.0
44859,1,7,7,1.0,4.0
44867,1,5,5,1.0,3.0
44870,1,3,3,1.0,2.0
44884,1,4,4,1.0,2.5
44888,1,10,10,0.7,5.5
44893,1,13,13,0.6923076923076923,7.0
44903,1,6,6,0.8333333333333334,3.5
44922,1,15,15,0.6,8.0
44961,1,4,4,0.5,2.5
44970,1,7,7,0.8571428571428571,4.0
44983,1,29,29,0.6206896551724138,15.0
44992,3,43,36,0.7674418604651163,8.279069767441861
44995,1,3,3,0.3333333333333333,2.0
45004,1,14,14,0.0,7.5
45006,1,15,15,0.4,8.0
45013,1,7,7,0.5714285714285714,4.0
45018,1,16,16,0.5,8.5
45027,1,8,8,0.75,4.5
45035,1,10,10,0.2,5.5
45040,1,14,14,0.14285714285714285,7.5
45059,1,42,42,0.9047619047619048,21.5
45075,3,37,32,0.4864864864864865,9.756756756756756
45076,1,8,8,0.0,4.5
45077,1,25,25,0.0,13.0
45082,1,13,13,0.0,7.0
45090,2,64,64,0.890625,20.015625
45129,1,9,9,0.7777777777777778,5.0
45139,2,22,22,0.8636363636363636,7.136363636363637
45160,1,2,2,0.5,1.5
45167,1,16,16,0.6875,8.5
45175,1,21,21,0.8095238095238095,11.0
45198,1,14,14,0.6428571428571429,7.5
45211,1,19,19,1.0,10.0
45219,1,5,5,1.0,3.0
45228,2,42,34,0.9047619047619048,11.095238095238095
45236,1,6,6,0.6666666666666666,3.5
45255,1,4,4,1.0,2.5
45258,1,6,6,0.8333333333333334,3.5
45293,1,7,7,0.42857142857142855,4.0
45297,1,10,10,0.1,5.5
45311,1,1,1,1.0,1.0
45319,1,25,25,0.8,13.0
45331,1,13,13,0.8461538461538461,7.0
45333,1,5,5,0.6,3.0
45335,1,18,18,0.5,9.5
45345,1,7,7,0.5714285714285714,4.0
45357,1,5,5,0.6,3.0
45405,1,1,1,1.0,1.0
45407,1,32,32,0.0,16.5
45417,1,5,5,0.6,3.0
45422,1,17,17,0.4117647058823529,9.0
45426,2,34,33,0.38235294117647056,9.117647058823529
45441,1,9,9,0.3333333333333333,5.0
45445,1,5,5,0.8,3.0
45461,1,14,14,0.6428571428571429,7.5
45472,1,1,1,0.0,1.0
45476,1,1,1,1.0,1.0
45492,1,7,7,0.2857142857142857,4.0
45495,1,5,5,0.0,3.0
45501,1,3,3,0.6666666666666666,2.0
45504,1,17,17,0.0,9.0
45515,1,5,5,0.2,3.0
45517,1,1,1,0.0,1.0
45527,1,16,16,0.875,8.5
45538,2,15,15,0.6666666666666666,4.4
45564,1,9,9,0.8888888888888888,5.0
45569,1,2,2,0.0,1.5
45576,1,5,5,0.6,3.0
45580,1,27,27,0.6666666666666666,14.0
45582,1,8,8,0.375,4.5
45587,2,27,23,0.7777777777777778,7.2592592592592595
45588,1,29,29,0.3793103448275862,15.0
45591,1,32,32,0.5,16.5
45595,2,7,4,0.8571428571428571,2.2857142857142856
45609,1,4,4,0.5,2.5
45628,1,8,8,1.0,4.5
45631,1,15,15,0.4666666666666667,8.0
45640,1,1,1,1.0,1.0
45648,1,8,8,0.375,4.5
45661,1,2,2,1.0,1.5
45671,1,2,2,1.0,1.5
45674,1,5,5,0.4,3.0
45686,1,15,15,0.8666666666666667,8.0
45699,1,4,4,0.5,2.5
45746,1,14,14,0.8571428571428571,7.5
45758,1,2,2,0.5,1.5
45765,1,4,4,0.25,2.5
45766,1,5,5,0.4,3.0
45779,1,12,12,0.9166666666666666,6.5
45781,1,9,9,0.3333333333333333,5.0
45782,1,2,2,1.0,1.5
45787,1,16,16,0.5,8.5
45788,1,9,9,0.7777777777777778,5.0
45790,1,5,5,1.0,3.0
45802,1,8,8,0.625,4.5
45803,1,22,22,0.7727272727272727,11.5
45813,1,34,34,0.3235294117647059,17.5
45827,1,6,6,1.0,3.5
45830,1,8,8,0.625,4.5
45892,1,14,14,0.8571428571428571,7.5
45911,1,10,10,1.0,5.5
45929,1,10,10,0.4,5.5
45933,1,10,10,0.8,5.5
45934,1,2,2,1.0,1.5
45936,1,6,6,1.0,3.5
45961,1,11,11,0.9090909090909091,6.0
45981,1,2,2,1.0,1.5
45990,1,2,2,1.0,1.5
46000,1,20,20,0.75,10.5
46019,1,2,2,1.0,1.5
46050,1,8,8,0.25,4.5
46054,1,12,12,0.16666666666666666,6.5
46059,2,18,18,0.8333333333333334,5.055555555555555
46063,1,1,1,0.0,1.0
46070,1,12,12,1.0,6.5
46071,1,3,3,0.6666666666666666,2.0
46079,1,22,22,0.45454545454545453,11.5
46087,1,34,34,0.14705882352941177,17.5
46097,1,21,21,0.5714285714285714,11.0
46103,1,20,20,0.55,10.5
46109,1,4,4,0.5,2.5
46111,1,8,8,0.875,4.5
46127,1,6,6,0.8333333333333334,3.5
46152,1,5,5,0.0,3.0
46163,2,16,16,0.6875,4.5
46170,1,16,16,0.625,8.5
46177,1,6,6,0.0,3.5
46184,1,1,1,0.0,1.0
46186,1,17,17,1.0,9.0
46192,1,11,11,0.5454545454545454,6.0
46215,1,15,15,0.4666666666666667,8.0
46237,1,8,8,0.625,4.5
46241,1,21,21,0.047619047619047616,11.0
46244,1,12,12,0.5,6.5
46245,1,3,3,0.3333333333333333,2.0
46248,1,4,4,0.75,2.5
46255,3,38,32,0.9210526315789473,7.684210526315789
46257,2,32,30,0.65625,8.78125
46259,1,5,5,0.8,3.0
46268,1,7,7,0.2857142857142857,4.0
46269,1,7,7,0.14285714285714285,4.0
46272,1,4,4,1.0,2.5
46275,1,13,13,0.23076923076923078,7.0
46277,1,1,1,1.0,1.0
46303,1,6,6,0.6666666666666666,3.5
46305,1,9,9,0.3333333333333333,5.0
46320,2,8,8,0.5,3.625
46330,1,1,1,1.0,1.0
46338,1,8,8,0.25,4.5
46345,1,26,26,0.8846153846153846,13.5
46351,1,28,28,0.0,14.5
46356,1,19,19,0.631578947368421,10.0
46374,1,11,11,0.45454545454545453,6.0
46379,1,8,8,0.75,4.5
46382,1,17,17,0.29411764705882354,9.0
46402,1,7,7,0.2857142857142857,4.0
46404,1,13,13,0.46153846153846156,7.0
46408,1,7,7,0.2857142857142857,4.0
46411,1,6,6,1.0,3.5
46454,1,4,4,0.75,2.5
46476,1,13,13,0.5384615384615384,7.0
46491,1,6,6,0.3333333333333333,3.5
46496,1,8,8,0.625,4.5
46510,1,27,27,0.2962962962962963,14.0
46511,1,8,8,0.625,4.5
46516,1,6,6,0.6666666666666666,3.5
46521,1,8,8,0.375,4.5
46527,1,8,8,1.0,4.5
46529,1,17,17,0.8823529411764706,9.0
46534,1,2,2,0.0,1.5
46546,1,12,12,0.5,6.5
46566,1,9,9,1.0,5.0
46593,1,3,3,1.0,2.0
46621,1,6,6,0.6666666666666666,3.5
46654,1,14,14,1.0,7.5
46701,1,11,11,0.36363636363636365,6.0
46705,1,7,7,0.7142857142857143,4.0
46712,1,25,25,0.2,13.0
46717,1,3,3,1.0,2.0
46735,1,2,2,0.0,1.5
46748,1,21,21,0.42857142857142855,11.0
46749,1,23,23,0.8695652173913043,12.0
46753,1,12,12,0.5833333333333334,6.5
46765,1,14,14,0.35714285714285715,7.5
46800,1,11,11,0.36363636363636365,6.0
46838,2,25,21,0.8,7.24
46839,1,9,9,0.1111111111111111,5.0
46854,1,7,7,0.42857142857142855,4.0
46855,1,2,2,0.5,1.5
46866,1,15,15,0.5333333333333333,8.0
46880,1,3,3,0.6666666666666666,2.0
46931,1,11,11,0.6363636363636364,6.0
46935,2,12,12,0.5833333333333334,3.5
46940,1,3,3,0.6666666666666666,2.0
47006,1,27,27,0.14814814814814814,14.0
47014,1,1,1,0.0,1.0
47015,1,12,12,0.5833333333333334,6.5
47019,1,5,5,0.8,3.0
47029,1,9,9,0.6666666666666666,5.0
47035,1,16,16,0.9375,8.5
47036,1,10,10,0.0,5.5
47038,1,11,11,0.8181818181818182,6.0
47062,1,13,13,0.46153846153846156,7.0
47066,1,9,9,0.7777777777777778,5.0
47077,1,6,6,0.8333333333333334,3.5
47084,1,16,16,0.4375,8.5
47094,1,8,8,0.0,4.5
47142,1,6,6,0.5,3.5
47166,1,18,18,0.4444444444444444,9.5
47171,1,7,7,1.0,4.0
47172,1,7,7,0.0,4.0
47184,1,8,8,0.875,4.5
47194,1,11,11,0.5454545454545454,6.0
47202,1,8,8,0.75,4.5
47233,1,9,9,1.0,5.0
47270,1,2,2,1.0,1.5
47277,1,17,17,0.5294117647058824,9.0
47280,1,12,12,0.9166666666666666,6.5
47294,1,7,7,0.2857142857142857,4.0
47296,1,5,5,0.2,3.0
47336,1,2,2,0.5,1.5
47340,2,13,13,0.46153846153846156,3.769230769230769
47358,1,11,11,0.2727272727272727,6.0
47359,1,5,5,0.6,3.0
47368,1,3,3,1.0,2.0
47375,1,13,13,0.8461538461538461,7.0
47390,1,11,11,0.0,6.0
47395,1,5,5,0.4,3.0
47396,1,3,3,0.3333333333333333,2.0
47448,1,12,12,0.3333333333333333,6.5
47468,1,6,6,0.16666666666666666,3.5
47474,1,5,5,0.0,3.0
47484,1,8,8,1.0,4.5
47488,1,5,5,0.8,3.0
47494,1,5,5,1.0,3.0
47496,1,18,18,0.3333333333333333,9.5
47522,1,9,9,1.0,5.0
47543,1,20,20,0.65,10.5
47586,2,22,22,0.45454545454545453,8.227272727272727
47606,1,20,20,0.4,10.5
47608,1,4,4,1.0,2.5
47610,1,2,2,1.0,1.5
47617,1,9,9,0.4444444444444444,5.0
47622,1,6,6,1.0,3.5
47624,1,1,1,1.0,1.0
47631,1,47,47,0.7872340425531915,24.0
47637,1,6,6,0.8333333333333334,3.5
47640,1,21,21,0.5238095238095238,11.0
47642,1,9,9,0.7777777777777778,5.0
47644,1,5,5,0.0,3.0
47647,1,7,7,1.0,4.0
47667,1,13,13,0.0,7.0
47669,1,4,4,1.0,2.5
47676,1,6,6,0.8333333333333334,3.5
47686,1,11,11,0.6363636363636364,6.0
47698,1,2,2,0.5,1.5
47707,1,4,4,0.0,2.5
47717,1,5,5,1.0,3.0
47721,1,6,6,0.8333333333333334,3.5
47729,1,21,21,0.9047619047619048,11.0
47755,1,8,8,0.125,4.5
47763,1,8,8,0.875,4.5
47784,2,3,3,1.0,1.3333333333333333
47811,1,11,11,0.7272727272727273,6.0
47814,1,7,7,0.7142857142857143,4.0
47819,1,16,16,0.0,8.5
47828,1,14,14,0.2857142857142857,7.5
47844,1,8,8,1.0,4.5
47873,1,13,13,0.7692307692307693,7.0
47879,1,20,20,0.4,10.5
47883,1,4,4,0.5,2.5
47890,2,4,4,0.5,1.5
47902,1,3,3,0.3333333333333333,2.0
47932,1,17,17,0.0,9.0
47936,1,13,13,0.8461538461538461,7.0
47954,1,14,14,0.8571428571428571,7.5
47971,1,5,5,0.4,3.0
47985,1,5,5,1.0,3.0
48005,1,12,12,0.0,6.5
48012,1,10,10,0.5,5.5
48019,1,4,4,0.75,2.5
48023,1,26,26,0.9230769230769231,13.5
48024,1,5,5,0.6,3.0
48042,1,2,2,1.0,1.5
48049,2,27,27,0.37037037037037035,9.925925925925926
48052,1,8,8,0.25,4.5
48094,1,7,7,1.0,4.0
48096,1,17,17,0.7058823529411765,9.0
48123,1,12,12,0.75,6.5
48127,1,13,13,0.7692307692307693,7.0
48128,1,4,4,0.0,2.5
48143,1,4,4,1.0,2.5
48160,1,5,5,1.0,3.0
48176,1,20,20,0.55,10.5
48178,1,11,11,1.0,6.0
48203,1,21,21,0.3333333333333333,11.0
48206,1,23,23,1.0,12.0
48215,1,4,4,0.0,2.5
48224,1,9,9,0.2222222222222222,5.0
48233,1,3,3,0.0,2.0
48235,1,14,14,0.7857142857142857,7.5
48249,1,11,11,0.5454545454545454,6.0
48256,1,12,12,0.16666666666666666,6.5
48267,1,8,8,0.5,4.5
48279,1,6,6,0.6666666666666666,3.5
48308,2,31,31,0.7096774193548387,8.32258064516129
48321,2,22,22,0.8181818181818182,6.409090909090909
48335,1,7,7,1.0,4.0
48340,1,4,4,0.0,2.5
48361,1,15,15,0.6,8.0
48369,1,15,15,0.8666666666666667,8.0
48384,1,26,26,0.46153846153846156,13.5
48399,1,7,7,0.7142857142857143,4.0
48401,1,1,1,1.0,1.0
48406,1,7,7,0.0,4.0
48412,1,19,19,0.0,10.0
48417,1,40,40,0.775,20.5
48424,1,11,11,0.8181818181818182,6.0
48436,1,11,11,0.0,6.0
48465,1,36,36,1.0,18.5
48466,1,11,11,0.6363636363636364,6.0
48476,1,9,9,0.7777777777777778,5.0
48477,1,17,17,0.7058823529411765,9.0
48480,1,13,13,1.0,7.0
48502,1,9,9,0.4444444444444444,5.0
48512,1,1,1,1.0,1.0
48519,1,17,17,0.5882352941176471,9.0
48527,1,4,4,1.0,2.5
48536,1,16,16,0.6875,8.5
48547,1,9,9,1.0,5.0
48571,1,16,16,0.5625,8.5
48580,1,6,6,0.5,3.5
48588,1,10,10,0.3,5.5
48590,1,24,24,0.4583333333333333,12.5
48592,1,11,11,0.18181818181818182,6.0
48610,1,10,10,0.5,5.5
48666,1,6,6,0.8333333333333334,3.5
48689,1,14,14,0.7142857142857143,7.5
48723,1,3,3,0.6666666666666666,2.0
48730,1,19,19,0.5263157894736842,10.0
48737,1,6,6,0.0,3.5
48744,1,12,12,0.6666666666666666,6.5
48760,1,2,2,1.0,1.5
48764,1,4,4,0.5,2.5
48767,2,23,23,0.6086956521739131,6.3478260869565215
48801,1,11,11,0.7272727272727273,6.0
48813,1,17,17,0.5294117647058824,9.0
48830,1,13,13,1.0,7.0
48862,2,45,45,0.5555555555555556,12.688888888888888
48867,1,2,2,1.0,1.5
48882,1,10,10,0.0,5.5
48889,1,12,12,0.0,6.5
48890,3,39,39,0.7692307692307693,7.487179487179487
48897,1,10,10,0.2,5.5
48900,1,9,9,0.7777777777777778,5.0
48924,1,5,5,0.6,3.0
48936,1,14,14,0.6428571428571429,7.5
48958,1,7,7,0.7142857142857143,4.0
48968,1,16,16,0.3125,8.5
48970,1,6,6,0.16666666666666666,3.5
48992,1,17,17,0.8823529411764706,9.0
48998,1,17,17,0.4117647058823529,9.0
49001,1,12,12,0.6666666666666666,6.5
49006,1,5,5,0.4,3.0
49017,1,7,7,0.8571428571428571,4.0
49030,2,19,19,0.47368421052631576,5.368421052631579
49064,1,4,4,1.0,2.5
49066,1,2,2,0.0,1.5
49088,1,8,8,0.5,4.5
49107,1,5,5,0.0,3.0
49116,1,4,4,1.0,2.5
49131,1,13,13,0.3076923076923077,7.0
49144,1,21,21,0.7619047619047619,11.0
49159,1,1,1,1.0,1.0
49168,1,3,3,1.0,2.0
49182,1,4,4,0.5,2.5
49186,1,1,1,1.0,1.0
49187,1,11,11,0.0,6.0
49210,3,38,38,0.9210526315789473,8.131578947368421
49211,1,14,14,0.35714285714285715,7.5
49216,1,8,8,0.375,4.5
49219,1,16,16,0.5,8.5
49225,1,5,5,1.0,3.0
49230,1,12,12,0.9166666666666666,6.5
49233,1,4,4,1.0,2.5
49237,1,13,13,0.5384615384615384,7.0
49240,1,7,7,1.0,4.0
49249,1,9,9,0.8888888888888888,5.0
49251,1,23,23,0.6086956521739131,12.0
49271,1,8,8,0.875,4.5
49275,1,10,10,0.5,5.5
49284,1,10,10,0.8,5.5
49287,1,4,4,1.0,2.5
49293,1,18,18,0.3333333333333333,9.5
49299,1,17,17,0.8823529411764706,9.0
49312,1,24,24,0.8333333333333334,12.5
49332,1,1,1,1.0,1.0
49342,1,2,2,0.5,1.5
49353,1,4,4,0.75,2.5
49355,1,16,16,0.6875,8.5
49368,1,3,3,1.0,2.0
49372,1,8,8,0.625,4.5
49373,1,21,21,0.5714285714285714,11.0
49405,1,16,16,0.875,8.5
49413,1,22,22,1.0,11.5
49417,1,3,3,0.0,2.0
49420,1,1,1,1.0,1.0
49445,2,53,53,0.5849056603773585,14.320754716981131
49468,1,11,11,0.36363636363636365,6.0
49478,1,16,16,0.875,8.5
49486,1,2,2,0.5,1.5
49495,1,18,18,0.5,9.5
49497,1,36,36,0.19444444444444445,18.5
49522,2,18,18,0.7777777777777778,5.888888888888889
49531,1,17,17,0.7647058823529411,9.0
49537,1,18,18,0.7222222222222222,9.5
49545,1,15,15,0.9333333333333333,8.0
49563,1,9,9,0.7777777777777778,5.0
49597,1,1,1,0.0,1.0
49605,1,6,6,0.8333333333333334,3.5
49608,1,10,10,0.8,5.5
49610,1,3,3,0.0,2.0
49611,1,13,13,0.9230769230769231,7.0
49616,1,4,4,1.0,2.5
49618,1,8,8,0.5,4.5
49664,1,4,4,1.0,2.5
49679,1,30,30,0.5,15.5
49683,1,12,12,0.5833333333333334,6.5
49701,2,32,31,0.875,9.625
49732,1,25,25,0.32,13.0
49754,1,1,1,1.0,1.0
49755,1,4,4,0.5,2.5
49770,1,16,16,0.5,8.5
49802,1,7,7,1.0,4.0
49808,1,7,7,0.7142857142857143,4.0
49824,1,3,3,0.3333333333333333,2.0
49838,1,10,10,0.5,5.5
49841,2,18,17,0.8888888888888888,5.222222222222222
49855,1,10,10,0.8,5.5
49896,1,16,16,0.125,8.5
49898,1,8,8,0.0,4.5
49902,1,29,29,0.9310344827586207,15.0
49918,1,6,6,0.5,3.5
49934,1,18,18,1.0,9.5
49957,2,15,15,0.8666666666666667,6.266666666666667
49977,1,15,15,0.7333333333333333,8.0
49988,1,3,3,0.3333333333333333,2.0
49999,1,36,36,0.8888888888888888,18.5
50000,1,6,6,1.0,3.5
50005,1,33,33,0.0,17.0
50008,1,8,8,0.875,4.5
50024,1,5,5,0.2,3.0
50037,1,25,25,0.32,13.0
50038,1,7,7,1.0,4.0
50041,1,1,1,1.0,1.0
50074,2,17,14,0.9411764705882353,5.117647058823529
50082,1,7,7,0.8571428571428571,4.0
50084,1,9,9,0.2222222222222222,5.0
50096,1,26,26,0.46153846153846156,13.5
50109,1,7,7,0.0,4.0
50111,1,7,7,0.5714285714285714,4.0
50123,1,8,8,0.75,4.5
50148,1,8,8,0.875,4.5
50174,1,10,10,0.9,5.5
50193,1,2,2,0.5,1.5
50196,1,11,11,0.45454545454545453,6.0
50198,1,24,24,0.375,12.5
50199,1,19,19,0.7894736842105263,10.0
50200,1,1,1,0.0,1.0
50201,1,8,8,0.375,4.5
50227,1,6,6,1.0,3.5
50237,2,8,8,0.75,3.0
50246,1,27,27,0.8888888888888888,14.0
50250,1,5,5,0.6,3.0
50276,1,14,14,0.8571428571428571,7.5
50277,1,14,14,0.5714285714285714,7.5
50299,1,19,19,0.8421052631578947,10.0
50338,1,1,1,1.0,1.0
50341,1,27,27,1.0,14.0
50362,1,16,16,1.0,8.5
50400,1,12,12,0.75,6.5
50403,1,12,12,0.25,6.5
50435,1,11,11,0.9090909090909091,6.0
50436,1,3,3,1.0,2.0
50442,1,5,5,1.0,3.0
50449,2,8,8,0.5,2.5
50451,1,11,11,0.6363636363636364,6.0
50471,1,7,7,0.5714285714285714,4.0
50491,1,15,15,0.6,8.0
50516,1,1,1,0.0,1.0
50525,1,18,18,0.3333333333333333,9.5
50558,2,4,4,0.5,1.75
50562,1,10,10,0.6,5.5
50564,1,14,14,1.0,7.5
50583,2,32,32,0.84375,8.78125
50591,1,6,6,1.0,3.5
50592,1,22,22,0.5909090909090909,11.5
50607,1,8,8,1.0,4.5
50616,1,1,1,0.0,1.0
50620,1,7,7,0.42857142857142855,4.0
50628,1,12,12,1.0,6.5
50630,1,20,20,0.3,10.5
50631,1,6,6,1.0,3.5
50645,1,17,17,0.11764705882352941,9.0
50649,1,11,11,0.45454545454545453,6.0
50652,1,7,7,0.8571428571428571,4.0
50679,1,10,10,0.8,5.5
50683,1,12,12,0.4166666666666667,6.5
50697,1,11,11,0.2727272727272727,6.0
50710,1,15,15,0.0,8.0
50716,1,14,14,0.35714285714285715,7.5
50730,1,6,6,0.8333333333333334,3.5
50733,1,11,11,0.5454545454545454,6.0
50761,3,49,37,0.6530612244897959,9.16326530612245
50790,1,7,7,0.5714285714285714,4.0
50791,1,14,14,0.7857142857142857,7.5
50805,1,13,13,1.0,7.0
50811,1,5,5,0.8,3.0
50836,1,9,9,0.5555555555555556,5.0
50848,1,11,11,0.6363636363636364,6.0
50889,1,7,7,0.5714285714285714,4.0
50905,1,2,2,1.0,1.5
50909,1,10,10,0.1,5.5
50916,1,7,7,1.0,4.0
50921,1,11,11,0.6363636363636364,6.0
50929,1,23,23,0.8695652173913043,12.0
50943,1,5,5,1.0,3.0
51003,1,9,9,0.8888888888888888,5.0
51016,1,4,4,1.0,2.5
51039,1,3,3,0.0,2.0
51061,1,14,14,0.6428571428571429,7.5
51064,1,20,20,0.75,10.5
51074,1,19,19,0.7894736842105263,10.0
51104,1,6,6,0.6666666666666666,3.5
51122,1,6,6,1.0,3.5
51123,1,6,6,0.8333333333333334,3.5
51126,1,5,5,1.0,3.0
51129,1,6,6,1.0,3.5
51141,1,3,3,1.0,2.0
51162,1,8,8,1.0,4.5
51163,1,3,3,1.0,2.0
51172,1,9,9,1.0,5.0
51176,1,3,3,0.0,2.0
51177,1,19,19,0.9473684210526315,10.0
51178,2,41,41,0.8536585365853658,10.902439024390244
51180,1,9,9,0.5555555555555556,5.0
51197,1,11,11,0.2727272727272727,6.0
51198,1,8,8,0.875,4.5
51199,1,7,7,0.42857142857142855,4.0
51227,2,54,54,0.9259259259259259,14.166666666666666
51228,1,10,10,0.7,5.5
51239,1,7,7,0.5714285714285714,4.0
51244,1,15,15,1.0,8.0
51250,1,12,12,0.75,6.5
51263,1,8,8,1.0,4.5
51269,1,5,5,0.8,3.0
51272,1,5,5,0.8,3.0
51278,1,5,5,0.8,3.0
51302,1,8,8,0.875,4.5
51307,1,15,15,0.06666666666666667,8.0
51308,1,15,15,0.13333333333333333,8.0
51309,1,6,6,1.0,3.5
51338,1,10,10,0.8,5.5
51359,1,1,1,1.0,1.0
51366,1,12,12,0.5833333333333334,6.5
51388,1,3,3,0.0,2.0
51424,1,3,3,0.3333333333333333,2.0
51425,1,8,8,0.375,4.5
51432,1,2,2,0.5,1.5
51439,1,9,9,0.4444444444444444,5.0
51443,1,7,7,0.42857142857142855,4.0
51470,1,12,12,1.0,6.5
51476,1,13,13,0.46153846153846156,7.0
51479,1,15,15,0.0,8.0
51495,1,8,8,1.0,4.5
51507,1,5,5,0.8,3.0
51508,1,15,15,0.0,8.0
51524,1,16,16,1.0,8.5
51526,1,16,16,0.125,8.5
51556,1,1,1,1.0,1.0
51563,1,2,2,0.5,1.5
51566,1,6,6,0.8333333333333334,3.5
51571,1,13,13,0.6923076923076923,7.0
51572,1,4,4,1.0,2.5
51585,1,1,1,0.0,1.0
51603,1,10,10,0.5,5.5
51605,3,5,4,0.8,1.6
51625,1,21,21,1.0,11.0
51635,1,5,5,0.2,3.0
51645,1,12,12,0.5833333333333334,6.5
51649,1,12,12,0.25,6.5
51656,1,4,4,0.25,2.5
51658,1,3,3,1.0,2.0
51680,1,4,4,0.75,2.5
51694,1,10,10,0.5,5.5
51704,2,27,27,0.9259259259259259,7.481481481481482
51742,1,7,7,0.14285714285714285,4.0
51753,1,14,14,0.5,7.5
51760,2,15,15,0.6666666666666666,4.266666666666667
51763,1,5,5,0.2,3.0
51775,1,13,13,0.6153846153846154,7.0
51780,1,1,1,0.0,1.0
51784,1,18,18,0.5,9.5
51811,2,9,7,0.7777777777777778,3.0
51817,1,5,5,1.0,3.0
51834,1,9,9,0.3333333333333333,5.0
51844,1,9,9,0.8888888888888888,5.0
51849,1,22,22,0.7272727272727273,11.5
51860,1,10,10,0.3,5.5
51862,1,13,13,1.0,7.0
51867,3,39,39,0.8461538461538461,8.461538461538462
51872,1,14,14,0.5714285714285714,7.5
51880,1,8,8,0.125,4.5
51892,1,10,10,0.5,5.5
51894,1,16,16,1.0,8.5
51911,1,15,15,0.0,8.0
51915,1,9,9,0.8888888888888888,5.0
51928,1,4,4,0.5,2.5
51931,1,11,11,0.2727272727272727,6.0
51955,1,9,9,0.0,5.0
51967,1,6,6,0.8333333333333334,3.5
51978,1,21,21,0.5714285714285714,11.0
51979,1,6,6,1.0,3.5
51994,1,8,8,0.375,4.5
52006,1,5,5,0.6,3.0
52016,1,7,7,0.0,4.0
52028,1,16,16,0.375,8.5
52048,1,10,10,0.5,5.5
52063,2,17,17,0.29411764705882354,6.529411764705882
52084,1,6,6,1.0,3.5
52101,1,15,15,0.0,8.0
52131,1,19,19,0.47368421052631576,10.0
52141,1,1,1,1.0,1.0
52150,1,17,17,0.0,9.0
52153,2,30,30,0.4666666666666667,9.2
52180,1,9,9,0.7777777777777778,5.0
52205,1,13,13,0.38461538461538464,7.0
52222,1,22,22,0.0,11.5
52230,1,1,1,0.0,1.0
52231,1,3,3,0.0,2.0
52233,1,1,1,1.0,1.0
52293,1,3,3,0.0,2.0
52335,1,10,10,0.8,5.5
52339,1,2,2,0.0,1.5
52352,2,12,12,0.75,3.8333333333333335
52370,1,11,11,0.7272727272727273,6.0
52372,1,7,7,0.14285714285714285,4.0
52385,1,9,9,0.7777777777777778,5.0
52409,1,33,33,0.21212121212121213,17.0
52412,1,7,7,0.8571428571428571,4.0
52459,1,12,12,1.0,6.5
52465,1,8,8,0.125,4.5
52473,1,18,18,0.16666666666666666,9.5
52478,1,5,5,0.6,3.0
52483,1,11,11,0.45454545454545453,6.0
52493,1,13,13,0.46153846153846156,7.0
52496,1,2,2,0.5,1.5
52498,1,10,10,0.9,5.5
52511,1,4,4,0.75,2.5
52527,1,15,15,0.6666666666666666,8.0
52540,1,4,4,0.5,2.5
52548,1,4,4,1.0,2.5
52561,1,3,3,0.0,2.0
52564,1,3,3,0.0,2.0
52572,1,33,33,0.8181818181818182,17.0
52605,1,5,5,0.4,3.0
52638,1,32,32,0.0,16.5
52640,1,6,6,0.0,3.5
52649,1,16,16,0.3125,8.5
52652,1,4,4,0.5,2.5
52662,1,8,8,0.625,4.5
52678,1,2,2,0.5,1.5
52683,1,3,3,1.0,2.0
52691,2,4,4,0.0,1.5
52740,1,7,7,0.42857142857142855,4.0
52745,1,8,8,0.125,4.5
52751,1,13,13,0.0,7.0
52765,1,13,13,0.23076923076923078,7.0
52767,1,1,1,0.0,1.0
52778,1,22,22,0.6363636363636364,11.5
52783,1,9,9,0.7777777777777778,5.0
52788,1,5,5,0.2,3.0
52798,1,1,1,0.0,1.0
52805,1,7,7,0.7142857142857143,4.0
52814,2,37,37,0.8918918918918919,10.08108108108108
52824,2,40,40,0.85,10.6
52843,1,18,18,1.0,9.5
52844,1,6,6,0.6666666666666666,3.5
52853,1,9,9,0.8888888888888888,5.0
52860,1,22,22,0.36363636363636365,11.5
52886,1,3,3,1.0,2.0
52888,1,5,5,0.2,3.0
52889,1,20,20,0.9,10.5
52891,1,6,6,0.0,3.5
52892,1,6,6,0.3333333333333333,3.5
52906,1,3,3,0.6666666666666666,2.0
52919,1,20,20,0.95,10.5
52923,1,7,7,0.0,4.0
52949,1,4,4,1.0,2.5
52960,1,6,6,1.0,3.5
52961,1,3,3,1.0,2.0
52962,1,12,12,1.0,6.5
52981,1,1,1,1.0,1.0
53020,1,2,2,0.0,1.5
53026,1,14,14,0.5,7.5
53052,1,29,29,0.3103448275862069,15.0
53065,1,3,3,1.0,2.0
53078,1,10,10,0.0,5.5
53096,1,16,16,0.1875,8.5
53103,1,2,2,0.5,1.5
53130,2,10,10,0.7,3.1
53147,1,13,13,0.46153846153846156,7.0
53160,2,31,29,0.6129032258064516,9.225806451612904
53179,2,16,14,1.0,5.0625
53186,1,29,29,0.7241379310344828,15.0
53187,1,1,1,0.0,1.0
53212,1,13,13,0.15384615384615385,7.0
53228,1,13,13,0.0,7.0
53240,1,17,17,0.0,9.0
53243,1,33,33,0.7272727272727273,17.0
53250,2,21,21,0.6666666666666666,6.714285714285714
53272,1,11,11,0.18181818181818182,6.0
53292,1,4,4,0.0,2.5
53301,1,3,3,0.6666666666666666,2.0
53303,1,10,10,0.5,5.5
53339,1,13,13,0.7692307692307693,7.0
53355,1,8,8,1.0,4.5
53360,1,10,10,0.8,5.5
53449,1,1,1,1.0,1.0
53450,1,3,3,0.3333333333333333,2.0
53457,1,6,6,0.3333333333333333,3.5
53482,1,9,9,0.0,5.0
53488,1,8,8,1.0,4.5
53491,1,8,8,0.0,4.5
53504,1,3,3,1.0,2.0
53511,1,5,5,0.0,3.0
53515,1,6,6,0.0,3.5
53533,1,2,2,0.0,1.5
53539,1,10,10,0.3,5.5
53545,1,19,19,0.2631578947368421,10.0
53551,1,26,26,0.5,13.5
53553,1,9,9,1.0,5.0
53555,1,11,11,0.36363636363636365,6.0
53572,1,1,1,0.0,1.0
53574,1,16,16,0.5,8.5
53579,1,8,8,0.125,4.5
53587,1,13,13,0.0,7.0
53596,1,13,13,1.0,7.0
53600,1,8,8,0.25,4.5
53621,1,13,13,0.7692307692307693,7.0
53630,2,18,18,0.5555555555555556,6.388888888888889
53645,1,6,6,0.6666666666666666,3.5
53673,1,13,13,0.8461538461538461,7.0
53682,1,13,13,0.5384615384615384,7.0
53694,1,10,10,0.7,5.5
53701,1,7,7,0.2857142857142857,4.0
53737,1,12,12,0.75,6.5
53741,1,19,19,0.7894736842105263,10.0
53748,1,5,5,0.8,3.0
53792,1,4,4,0.25,2.5
53794,1,5,5,0.2,3.0
53805,1,4,4,1.0,2.5
53809,1,3,3,0.0,2.0
53819,1,11,11,0.8181818181818182,6.0
53820,1,3,3,0.6666666666666666,2.0
53825,1,15,15,1.0,8.0
53835,1,7,7,0.8571428571428571,4.0
53836,1,18,18,0.7222222222222222,9.5
53837,2,33,33,0.8181818181818182,9.121212121212121
53840,1,17,17,0.23529411764705882,9.0
53852,1,4,4,0.5,2.5
53854,1,4,4,0.75,2.5
53855,1,9,9,0.3333333333333333,5.0
53897,1,23,23,1.0,12.0
53907,1,2,2,1.0,1.5
53914,1,5,5,0.8,3.0
53921,1,14,14,0.07142857142857142,7.5
53932,1,6,6,0.8333333333333334,3.5
53936,1,13,13,0.23076923076923078,7.0
53965,1,14,14,0.5,7.5
53967,1,11,11,0.8181818181818182,6.0
53973,1,6,6,0.8333333333333334,3.5
53976,1,6,6,0.8333333333333334,3.5
53981,1,9,9,1.0,5.0
53982,1,25,25,0.48,13.0
54000,1,6,6,0.6666666666666666,3.5
54001,2,31,30,0.8709677419354839,11.161290322580646
54014,1,4,4,0.5,2.5
54067,1,4,4,0.25,2.5
54077,1,5,5,0.4,3.0
54141,1,22,22,0.0,11.5
54151,1,8,8,0.375,4.5
54171,1,1,1,1.0,1.0
54217,1,2,2,0.5,1.5
54222,1,1,1,1.0,1.0
54232,1,12,12,0.0,6.5
54235,2,19,19,0.8421052631578947,7.473684210526316
54238,1,1,1,1.0,1.0
54247,1,6,6,1.0,3.5
54254,1,26,26,0.8846153846153846,13.5
54255,1,12,12,0.6666666666666666,6.5
54263,1,1,1,0.0,1.0
54275,1,9,9,0.2222222222222222,5.0
54292,1,17,17,0.8235294117647058,9.0
54307,1,9,9,0.8888888888888888,5.0
54308,1,9,9,1.0,5.0
54312,1,8,8,0.375,4.5
54314,1,5,5,1.0,3.0
54315,1,14,14,0.5,7.5
54323,1,10,10,0.4,5.5
54330,1,18,18,1.0,9.5
54336,1,7,7,0.5714285714285714,4.0
54351,1,7,7,0.14285714285714285,4.0
54352,1,11,11,0.45454545454545453,6.0
54365,1,3,3,0.6666666666666666,2.0
54369,1,5,5,1.0,3.0
54374,1,16,16,0.6875,8.5
54379,1,24,24,0.5833333333333334,12.5
54380,1,9,9,0.7777777777777778,5.0
54397,1,6,6,0.8333333333333334,3.5
54437,1,15,15,0.26666666666666666,8.0
54440,1,2,2,1.0,1.5
54452,1,3,3,1.0,2.0
54463,2,17,17,0.8823529411764706,6.529411764705882
54482,1,9,9,0.3333333333333333,5.0
54490,1,9,9,0.8888888888888888,5.0
54500,1,3,3,1.0,2.0
54521,1,35,35,0.0,18.0
54528,1,7,7,0.8571428571428571,4.0
54538,1,3,3,1.0,2.0
54543,1,4,4,0.5,2.5
54562,1,18,18,0.5,9.5
54574,1,11,11,0.09090909090909091,6.0
54587,1,5,5,0.6,3.0
54591,1,18,18,0.3333333333333333,9.5
54592,1,10,10,0.7,5.5
54594,2,14,14,0.8571428571428571,6.571428571428571
54607,2,24,24,0.125,8.541666666666666
54616,1,2,2,1.0,1.5
54624,1,5,5,1.0,3.0
54625,1,4,4,0.75,2.5
54632,1,4,4,0.0,2.5
54671,1,20,20,0.45,10.5
54681,1,4,4,0.0,2.5
54691,1,7,7,0.8571428571428571,4.0
54708,1,11,11,1.0,6.0
54724,1,18,18,0.7222222222222222,9.5
54729,1,11,11,0.9090909090909091,6.0
54743,1,3,3,0.0,2.0
54747,1,6,6,0.8333333333333334,3.5
54768,2,17,17,0.47058823529411764,5.470588235294118
54769,2,3,3,0.0,1.3333333333333333
54772,1,20,20,0.3,10.5
54781,1,5,5,1.0,3.0
54797,1,12,12,0.6666666666666666,6.5
54798,1,1,1,0.0,1.0
54803,1,3,3,1.0,2.0
54817,1,20,20,0.35,10.5
54831,1,6,6,1.0,3.5
54834,1,5,5,0.8,3.0
54844,2,18,18,0.5555555555555556,5.222222222222222
54847,1,11,11,0.45454545454545453,6.0
54861,1,8,8,0.375,4.5
54869,1,7,7,0.7142857142857143,4.0
54876,1,27,27,0.5925925925925926,14.0
54878,1,13,13,0.15384615384615385,7.0
54886,1,20,20,0.9,10.5
54888,1,9,9,0.0,5.0
54895,1,22,22,0.8181818181818182,11.5
54900,1,14,14,0.5,7.5
54901,1,5,5,1.0,3.0
54902,2,20,20,0.55,5.55
54907,1,13,13,0.38461538461538464,7.0
54915,1,7,7,0.14285714285714285,4.0
54921,2,21,21,0.38095238095238093,6.0476190476190474
54927,1,9,9,0.2222222222222222,5.0
54938,1,1,1,1.0,1.0
54953,1,3,3,0.6666666666666666,2.0
54957,1,9,9,0.6666666666666666,5.0
54967,1,10,10,0.5,5.5
54977,1,24,24,0.375,12.5
55007,1,2,2,1.0,1.5
55035,1,26,26,0.19230769230769232,13.5
55044,1,5,5,0.8,3.0
55049,1,29,29,0.9655172413793104,15.0
55056,1,7,7,0.14285714285714285,4.0
55059,1,15,15,0.06666666666666667,8.0
55066,1,6,6,0.6666666666666666,3.5
55074,1,4,4,1.0,2.5
55076,1,9,9,0.3333333333333333,5.0
55099,1,6,6,0.3333333333333333,3.5
55102,1,14,14,0.2857142857142857,7.5
55104,2,47,47,0.8297872340425532,13.446808510638299
55131,1,13,13,0.5384615384615384,7.0
55133,1,1,1,0.0,1.0
55149,1,5,5,0.0,3.0
55154,1,18,18,0.1111111111111111,9.5
55168,1,7,7,0.2857142857142857,4.0
55169,1,7,7,0.14285714285714285,4.0
55177,1,6,6,0.8333333333333334,3.5
55179,1,10,10,0.9,5.5
55198,1,9,9,0.1111111111111111,5.0
55209,1,8,8,0.75,4.5
55212,1,5,5,0.6,3.0
55222,1,9,9,0.2222222222222222,5.0
55237,1,4,4,1.0,2.5
55243,1,15,15,0.8,8.0
55270,1,8,8,0.375,4.5
55331,1,3,3,1.0,2.0
55336,1,5,5,0.8,3.0
55339,1,11,11,0.45454545454545453,6.0
55352,1,12,12,0.75,6.5
55355,2,32,32,0.8125,8.78125
55360,2,30,30,0.4666666666666667,11.333333333333334
55368,1,8,8,0.125,4.5
55370,2,20,20,0.75,6.3
55379,1,25,25,0.0,13.0
55402,2,19,18,0.5263157894736842,5.2631578947368425
55404,1,10,10,0.2,5.5
55418,1,7,7,0.0,4.0
55419,1,9,9,0.7777777777777778,5.0
55436,1,16,16,0.625,8.5
55441,2,8,8,0.875,3.0
55453,1,1,1,0.0,1.0
55474,1,17,17,0.7058823529411765,9.0
55489,1,7,7,0.7142857142857143,4.0
55509,1,6,6,0.6666666666666666,3.5
55520,1,6,6,0.0,3.5
55607,1,3,3,0.3333333333333333,2.0
55609,1,3,3,0.6666666666666666,2.0
55626,3,39,29,0.9230769230769231,7.717948717948718
55633,1,14,14,0.21428571428571427,7.5
55651,1,16,16,0.0,8.5
55657,1,3,3,1.0,2.0
55664,1,15,15,0.8,8.0
55666,1,9,9,1.0,5.0
55667,1,1,1,1.0,1.0
55668,1,13,13,0.9230769230769231,7.0
55670,1,15,15,0.7333333333333333,8.0
55687,2,14,12,0.7857142857142857,4.0
55695,1,5,5,0.8,3.0
55700,1,20,20,0.6,10.5
55713,1,6,6,1.0,3.5
55731,1,3,3,0.3333333333333333,2.0
55739,1,9,9,0.7777777777777778,5.0
55752,1,8,8,0.25,4.5
55754,1,28,28,0.0,14.5
55756,1,27,27,0.14814814814814814,14.0
55785,1,14,14,0.14285714285714285,7.5
55793,1,16,16,0.0,8.5
55802,1,27,27,0.8888888888888888,14.0
55821,1,20,20,0.7,10.5
55835,1,22,22,0.45454545454545453,11.5
55839,1,1,1,1.0,1.0
55864,1,3,3,0.6666666666666666,2.0
55893,1,13,13,0.3076923076923077,7.0
55911,1,18,18,0.0,9.5
55930,1,3,3,0.0,2.0
55962,1,5,5,1.0,3.0
55968,1,5,5,0.6,3.0
55978,1,12,12,0.4166666666666667,6.5
55979,1,24,24,0.9583333333333334,12.5
55983,1,6,6,1.0,3.5
55989,1,1,1,1.0,1.0
56005,1,12,12,0.25,6.5
56008,1,1,1,1.0,1.0
56014,1,2,2,1.0,1.5
56022,1,25,25,0.64,13.0
56041,1,15,15,0.6666666666666666,8.0
56048,1,11,11,0.7272727272727273,6.0
56056,1,14,14,0.21428571428571427,7.5
56081,1,8,8,0.75,4.5
56085,1,6,6,0.0,3.5
56103,1,7,7,0.0,4.0
56154,1,12,12,0.6666666666666666,6.5
56158,1,8,8,0.75,4.5
56166,1,13,13,0.38461538461538464,7.0
56187,1,9,9,0.5555555555555556,5.0
56193,1,5,5,0.6,3.0
56210,1,8,8,0.875,4.5
56223,1,1,1,1.0,1.0
56229,1,25,25,0.56,13.0
56236,1,20,20,0.0,10.5
56239,1,3,3,0.6666666666666666,2.0
56265,1,4,4,0.75,2.5
56274,1,6,6,0.6666666666666666,3.5
56285,1,16,16,0.4375,8.5
56294,1,5,5,1.0,3.0
56315,1,13,13,0.0,7.0
56316,2,12,12,0.16666666666666666,3.5833333333333335
56323,1,10,10,0.9,5.5
56325,1,13,13,0.8461538461538461,7.0
56330,1,13,13,0.3076923076923077,7.0
56337,1,9,9,0.8888888888888888,5.0
56345,1,8,8,0.0,4.5
56361,1,12,12,0.6666666666666666,6.5
56364,2,12,12,0.6666666666666666,3.5833333333333335
56367,1,6,6,0.6666666666666666,3.5
56377,1,10,10,0.1,5.5
56413,1,17,17,0.5294117647058824,9.0
56415,1,15,15,0.06666666666666667,8.0
56419,1,1,1,1.0,1.0
56472,1,11,11,0.5454545454545454,6.0
56477,1,12,12,0.3333333333333333,6.5
56509,1,13,13,0.0,7.0
56513,1,11,11,0.8181818181818182,6.0
56523,1,11,11,0.45454545454545453,6.0
56525,1,12,12,0.75,6.5
56542,1,5,5,0.6,3.0
56546,1,32,32,0.40625,16.5
56573,1,2,2,0.5,1.5
56574,1,7,7,0.42857142857142855,4.0
56586,2,7,6,0.8571428571428571,2.2857142857142856
56587,1,15,15,0.0,8.0
56604,2,8,8,0.875,2.625
56613,1,23,23,0.782608695652174,12.0
56620,1,12,12,0.6666666666666666,6.5
56639,1,12,12,0.6666666666666666,6.5
56653,1,1,1,0.0,1.0
56672,1,2,2,0.5,1.5
56677,1,5,5,0.0,3.0
56698,1,9,9,1.0,5.0
56719,1,3,3,0.6666666666666666,2.0
56734,1,8,8,0.125,4.5
56748,1,10,10,1.0,5.5
56755,2,45,37,0.7777777777777778,11.755555555555556
56768,1,4,4,1.0,2.5
56795,1,17,17,0.47058823529411764,9.0
56799,1,6,6,0.8333333333333334,3.5
56815,1,17,17,0.23529411764705882,9.0
56820,1,8,8,0.25,4.5
56835,1,14,14,0.5714285714285714,7.5
56840,1,14,14,0.21428571428571427,7.5
56843,1,9,9,0.7777777777777778,5.0
56854,1,16,16,0.375,8.5
56888,1,8,8,1.0,4.5
56892,1,8,8,0.875,4.5
56896,1,22,22,0.0,11.5
56903,1,10,10,1.0,5.5
56904,1,7,7,1.0,4.0
56909,1,2,2,1.0,1.5
56911,1,5,5,0.0,3.0
56916,1,3,3,0.3333333333333333,2.0
56927,1,2,2,0.5,1.5
56929,1,9,9,0.0,5.0
56944,1,1,1,1.0,1.0
56950,1,17,17,0.7647058823529411,9.0
56977,1,2,2,1.0,1.5
56979,1,1,1,1.0,1.0
56994,1,4,4,0.75,2.5
56995,2,8,8,0.25,2.5
56999,1,12,12,0.08333333333333333,6.5
57009,1,5,5,1.0,3.0
57043,1,46,46,0.0,23.5
57046,1,3,3,1.0,2.0
57071,2,23,23,0.43478260869565216,6.260869565217392
57123,1,8,8,0.875,4.5
57130,3,22,19,0.7272727272727273,5.545454545454546
57142,1,3,3,0.3333333333333333,2.0
57158,1,4,4,0.75,2.5
57178,1,1,1,0.0,1.0
57190,1,10,10,0.6,5.5
57199,1,11,11,0.9090909090909091,6.0
57205,1,17,17,0.29411764705882354,9.0
57209,1,8,8,0.0,4.5
57218,2,26,26,0.5769230769230769,7.346153846153846
57226,1,17,17,0.29411764705882354,9.0
57229,1,4,4,0.5,2.5
57249,1,11,11,0.6363636363636364,6.0
57252,1,5,5,1.0,3.0
57261,1,13,13,0.38461538461538464,7.0
57278,1,14,14,0.07142857142857142,7.5
57299,1,3,3,0.0,2.0
57344,1,1,1,1.0,1.0
57362,1,7,7,1.0,4.0
57367,1,11,11,0.7272727272727273,6.0
57380,2,16,16,0.875,6.0625
57384,1,13,13,0.3076923076923077,7.0
57399,1,13,13,0.0,7.0
57459,1,3,3,0.3333333333333333,2.0
57469,1,7,7,0.7142857142857143,4.0
57494,1,23,23,0.34782608695652173,12.0
57513,1,12,12,0.0,6.5
57518,1,15,15,0.8,8.0
57522,1,11,11,0.6363636363636364,6.0
57523,1,8,8,0.875,4.5
57524,1,4,4,0.25,2.5
57530,1,19,19,0.631578947368421,10.0
57561,1,6,6,1.0,3.5
57576,2,29,27,0.7586206896551724,8.793103448275861
57581,1,14,14,0.7142857142857143,7.5
57582,1,9,9,0.1111111111111111,5.0
57590,1,2,2,1.0,1.5
57601,1,1,1,1.0,1.0
57609,2,27,22,0.7777777777777778,8.0
57621,1,3,3,1.0,2.0
57628,1,2,2,0.0,1.5
57633,1,7,7,0.5714285714285714,4.0
57639,1,2,2,0.5,1.5
57640,1,5,5,0.6,3.0
57645,1,1,1,1.0,1.0
57654,1,12,12,0.0,6.5
57702,1,4,4,1.0,2.5
57704,1,7,7,1.0,4.0
57725,1,4,4,0.0,2.5
57757,1,7,7,0.2857142857142857,4.0
57771,1,10,10,0.9,5.5
57796,1,1,1,0.0,1.0
57825,1,4,4,0.5,2.5
57827,1,45,45,0.8888888888888888,23.0
57828,1,5,5,0.4,3.0
57829,1,5,5,0.6,3.0
57851,3,34,32,0.7058823529411765,6.294117647058823
57862,1,9,9,0.2222222222222222,5.0
57866,1,4,4,1.0,2.5
57877,1,1,1,0.0,1.0
57896,1,8,8,0.5,4.5
57907,1,2,2,1.0,1.5
57911,1,3,3,0.0,2.0
57920,1,7,7,0.8571428571428571,4.0
57923,1,5,5,0.0,3.0
57934,1,1,1,1.0,1.0
57954,1,20,20,0.3,10.5
57955,1,11,11,0.6363636363636364,6.0
57957,1,10,10,0.5,5.5
57965,1,6,6,0.0,3.5
57970,1,8,8,0.25,4.5
57986,1,4,4,0.0,2.5
57996,1,8,8,0.5,4.5
58005,1,17,17,0.9411764705882353,9.0
58009,1,3,3,1.0,2.0
58017,1,25,25,0.2,13.0
58043,3,14,13,0.6428571428571429,3.4285714285714284
58050,1,2,2,1.0,1.5
58065,1,9,9,0.7777777777777778,5.0
58075,1,15,15,0.2,8.0
58076,1,7,7,1.0,4.0
58077,1,18,18,0.5555555555555556,9.5
58087,1,24,24,0.0,12.5
58091,1,5,5,1.0,3.0
58096,1,6,6,0.5,3.5
58097,1,7,7,0.8571428571428571,4.0
58122,2,9,9,0.7777777777777778,3.0
58123,2,7,7,0.7142857142857143,2.2857142857142856
58141,1,9,9,0.7777777777777778,5.0
58144,1,3,3,0.6666666666666666,2.0
58150,1,18,18,0.2777777777777778,9.5
58170,1,1,1,1.0,1.0
58202,1,10,10,0.6,5.5
58208,1,11,11,0.2727272727272727,6.0
58250,1,7,7,0.7142857142857143,4.0
58259,1,3,3,0.0,2.0
58262,1,9,9,0.5555555555555556,5.0
58264,1,7,7,1.0,4.0
58278,2,16,16,0.6875,5.0625
58289,1,19,19,0.5789473684210527,10.0
58306,1,16,16,0.0,8.5
58324,1,11,11,0.9090909090909091,6.0
58337,1,20,20,0.45,10.5
58376,1,10,10,0.6,5.5
58384,1,12,12,0.4166666666666667,6.5
58409,1,23,23,0.9565217391304348,12.0
58441,1,11,11,0.5454545454545454,6.0
58460,1,14,14,0.42857142857142855,7.5
58490,1,5,5,0.4,3.0
58491,1,6,6,0.8333333333333334,3.5
58497,1,13,13,0.38461538461538464,7.0
58511,1,4,4,0.75,2.5
58532,1,4,4,0.75,2.5
58538,1,2,2,0.5,1.5
58541,1,3,3,0.3333333333333333,2.0
58550,1,20,20,0.05,10.5
58566,1,3,3,1.0,2.0
58589,1,3,3,1.0,2.0
58596,1,7,7,1.0,4.0
58599,1,6,6,0.0,3.5
58602,1,5,5,1.0,3.0
58605,1,15,15,1.0,8.0
58615,1,17,17,0.7647058823529411,9.0
58618,1,7,7,0.8571428571428571,4.0
58619,1,7,7,0.0,4.0
58621,1,12,12,0.0,6.5
58645,1,12,12,0.4166666666666667,6.5
58647,1,22,22,0.36363636363636365,11.5
58648,1,2,2,0.0,1.5
58662,1,1,1,1.0,1.0
58666,1,34,34,0.7647058823529411,17.5
58697,1,7,7,1.0,4.0
58701,1,12,12,0.9166666666666666,6.5
58707,1,8,8,0.75,4.5
58718,1,1,1,1.0,1.0
58729,1,6,6,1.0,3.5
58738,1,5,5,0.6,3.0
58803,1,1,1,0.0,1.0
58806,1,18,18,0.5,9.5
58853,1,12,12,0.9166666666666666,6.5
58862,1,15,15,0.4,8.0
58871,1,2,2,1.0,1.5
58883,1,18,18,0.1111111111111111,9.5
58930,1,6,6,0.3333333333333333,3.5
58935,1,6,6,1.0,3.5
58965,1,29,29,0.8620689655172413,15.0
58966,1,1,1,0.0,1.0
58971,1,3,3,1.0,2.0
58975,1,2,2,0.5,1.5
58992,1,14,14,0.8571428571428571,7.5
58994,2,18,18,0.3888888888888889,5.222222222222222
58996,1,5,5,1.0,3.0
59036,1,2,2,0.5,1.5
59037,1,5,5,0.8,3.0
59054,1,5,5,0.0,3.0
59055,1,3,3,0.0,2.0
59062,1,4,4,1.0,2.5
59066,1,3,3,1.0,2.0
59095,1,12,12,0.5833333333333334,6.5
59100,1,13,13,0.6153846153846154,7.0
59106,2,15,11,0.9333333333333333,4.666666666666667
59109,1,16,16,0.0625,8.5
59134,1,6,6,0.6666666666666666,3.5
59138,1,1,1,0.0,1.0
59161,1,9,9,1.0,5.0
59180,2,17,16,0.9411764705882353,4.764705882352941
59186,1,4,4,1.0,2.5
59190,1,9,9,0.1111111111111111,5.0
59191,2,3,3,1.0,1.3333333333333333
59199,1,10,10,0.2,5.5
59211,1,6,6,0.6666666666666666,3.5
59215,1,15,15,0.13333333333333333,8.0
59216,1,5,5,1.0,3.0
59284,1,5,5,0.6,3.0
59317,1,7,7,0.7142857142857143,4.0
59327,1,19,19,0.5789473684210527,10.0
59333,1,4,4,0.75,2.5
59361,1,9,9,0.8888888888888888,5.0
59364,1,22,22,0.8636363636363636,11.5
59367,1,17,17,0.23529411764705882,9.0
59384,1,13,13,0.0,7.0
59395,1,12,12,0.8333333333333334,6.5
59399,1,9,9,0.7777777777777778,5.0
59400,1,7,7,0.5714285714285714,4.0
59403,1,3,3,1.0,2.0
59411,1,21,21,0.5238095238095238,11.0
59443,2,23,23,0.5217391304347826,6.782608695652174
59458,1,6,6,1.0,3.5
59460,1,7,7,0.14285714285714285,4.0
59465,1,11,11,1.0,6.0
59476,1,10,10,0.6,5.5
59478,1,12,12,0.3333333333333333,6.5
59532,1,6,6,0.5,3.5
59542,1,11,11,0.6363636363636364,6.0
59562,1,15,15,0.9333333333333333,8.0
59569,1,6,6,0.8333333333333334,3.5
59577,1,1,1,1.0,1.0
59585,1,22,22,0.8636363636363636,11.5
59604,1,11,11,0.9090909090909091,6.0
59609,1,10,10,1.0,5.5
59613,1,21,21,0.9047619047619048,11.0
59614,1,1,1,0.0,1.0
59616,1,10,10,0.7,5.5
59625,1,4,4,0.75,2.5
59632,1,9,9,0.7777777777777778,5.0
59640,1,4,4,0.5,2.5
59648,1,3,3,0.0,2.0
59663,1,1,1,1.0,1.0
59708,1,1,1,1.0,1.0
59709,1,7,7,0.42857142857142855,4.0
59746,1,21,21,0.7619047619047619,11.0
59755,2,4,4,0.75,1.75
59768,1,13,13,0.15384615384615385,7.0
59773,1,14,14,0.5,7.5
59784,1,10,10,0.7,5.5
59785,1,11,11,0.36363636363636365,6.0
59786,1,17,17,0.5882352941176471,9.0
59789,2,7,6,0.7142857142857143,2.2857142857142856
59796,2,5,4,0.6,1.8
59830,1,5,5,0.2,3.0
59890,1,7,7,0.7142857142857143,4.0
59894,1,2,2,0.0,1.5
59897,1,14,14,0.5714285714285714,7.5
59898,1,12,12,0.8333333333333334,6.5
59905,1,9,9,0.5555555555555556,5.0
59913,1,11,11,0.18181818181818182,6.0
59959,2,11,11,0.6363636363636364,3.272727272727273
59963,1,1,1,0.0,1.0
59965,1,4,4,1.0,2.5
59967,1,5,5,0.6,3.0
59974,1,5,5,0.8,3.0
59975,3,37,37,0.8108108108108109,7.216216216216216
60019,2,4,4,0.75,1.75
60046,1,22,22,0.9545454545454546,11.5
60051,1,8,8,0.375,4.5
60057,1,11,11,0.0,6.0
60067,3,25,22,0.72,5.16
60086,1,8,8,0.75,4.5
60090,1,9,9,0.1111111111111111,5.0
60096,1,3,3,0.3333333333333333,2.0
60115,1,7,7,0.42857142857142855,4.0
60122,1,13,13,0.6153846153846154,7.0
60126,1,15,15,0.26666666666666666,8.0
60132,1,7,7,1.0,4.0
60149,1,9,9,0.7777777777777778,5.0
60156,1,5,5,0.8,3.0
60174,1,15,15,0.8,8.0
60181,1,20,20,0.7,10.5
60182,2,8,8,0.5,2.5
60183,1,15,15,0.8666666666666667,8.0
60219,1,11,11,0.8181818181818182,6.0
60256,1,5,5,0.8,3.0
60315,1,4,4,0.75,2.5
60349,2,15,15,0.6,4.266666666666667
60351,1,12,12,0.75,6.5
60361,1,5,5,0.0,3.0
60363,1,6,6,1.0,3.5
60377,1,7,7,0.42857142857142855,4.0
60394,1,5,5,0.8,3.0
60401,1,10,10,0.9,5.5
60407,1,2,2,1.0,1.5
60434,1,17,17,0.7647058823529411,9.0
60443,1,2,2,0.5,1.5
60483,1,13,13,0.8461538461538461,7.0
60504,1,6,6,0.6666666666666666,3.5
60514,1,12,12,0.6666666666666666,6.5
60524,1,15,15,0.6666666666666666,8.0
60527,1,2,2,1.0,1.5
60528,1,9,9,0.7777777777777778,5.0
60562,1,6,6,0.6666666666666666,3.5
60568,1,9,9,0.4444444444444444,5.0
60584,1,5,5,1.0,3.0
60595,2,42,42,0.6666666666666666,11.380952380952381
60630,1,17,17,0.7647058823529411,9.0
60632,1,28,28,0.2857142857142857,14.5
60671,1,23,23,0.0,12.0
60687,1,13,13,0.9230769230769231,7.0
60694,2,80,72,0.9375,22.95
60698,1,9,9,0.5555555555555556,5.0
60703,1,13,13,0.5384615384615384,7.0
60707,1,7,7,0.7142857142857143,4.0
60710,1,11,11,0.45454545454545453,6.0
60711,2,3,3,1.0,1.3333333333333333
60716,1,13,13,0.6153846153846154,7.0
60721,1,3,3,0.0,2.0
60744,1,6,6,0.5,3.5
60749,2,35,31,0.7714285714285715,9.6
60750,1,4,4,0.75,2.5
60751,1,12,12,0.8333333333333334,6.5
60766,1,12,12,0.75,6.5
60778,1,8,8,0.75,4.5
60800,1,10,10,0.7,5.5
60813,1,15,15,0.8,8.0
60820,1,21,21,0.42857142857142855,11.0
60835,1,10,10,0.0,5.5
60837,1,12,12,0.4166666666666667,6.5
60839,1,1,1,0.0,1.0
60858,1,15,15,0.8,8.0
60859,1,6,6,0.6666666666666666,3.5
60865,1,42,42,0.5238095238095238,21.5
60874,1,17,17,0.35294117647058826,9.0
60932,3,16,14,0.8125,3.5625
60939,1,16,16,0.875,8.5
60944,1,2,2,1.0,1.5
60948,1,8,8,0.875,4.5
60951,1,5,5,0.8,3.0
60952,1,1,1,1.0,1.0
60956,1,9,9,0.3333333333333333,5.0
60959,1,13,13,0.07692307692307693,7.0
60966,1,11,11,1.0,6.0
60976,1,13,13,0.7692307692307693,7.0
60979,1,14,14,0.2857142857142857,7.5
60989,1,2,2,1.0,1.5
60995,1,21,21,0.8095238095238095,11.0
61000,1,4,4,1.0,2.5
61010,1,8,8,0.625,4.5
61011,1,20,20,0.75,10.5
61012,1,16,16,0.375,8.5
61049,1,33,33,0.9393939393939394,17.0
61052,1,2,2,0.0,1.5
61100,1,6,6,0.0,3.5
61101,1,4,4,1.0,2.5
61105,1,27,27,0.8888888888888888,14.0
61115,1,18,18,0.2222222222222222,9.5
61134,1,5,5,1.0,3.0
61148,2,43,32,0.9302325581395349,11.30232558139535
61154,1,4,4,0.75,2.5
61175,1,8,8,1.0,4.5
61176,1,13,13,0.15384615384615385,7.0
61178,1,4,4,1.0,2.5
61190,1,1,1,1.0,1.0
61191,1,8,8,0.0,4.5
61197,2,27,27,0.5925925925925926,9.925925925925926
61198,1,11,11,0.9090909090909091,6.0
61231,1,10,10,0.8,5.5
61236,1,9,9,0.8888888888888888,5.0
61264,1,5,5,1.0,3.0
61270,1,1,1,0.0,1.0
61288,1,19,19,0.8947368421052632,10.0
61293,1,2,2,1.0,1.5
61311,1,26,26,0.6153846153846154,13.5
61312,1,18,18,0.16666666666666666,9.5
61321,1,16,16,0.75,8.5
61331,1,11,11,0.18181818181818182,6.0
61354,1,2,2,1.0,1.5
61387,1,16,16,0.1875,8.5
61396,1,32,32,0.75,16.5
61399,1,11,11,1.0,6.0
61422,1,9,9,0.5555555555555556,5.0
61425,1,11,11,1.0,6.0
61437,2,7,6,0.5714285714285714,2.2857142857142856
61453,1,4,4,0.0,2.5
61454,2,34,34,0.5882352941176471,11.382352941176471
61476,2,8,8,1.0,2.5
61494,1,5,5,0.2,3.0
61495,2,20,20,0.4,5.7
61498,1,17,17,0.8235294117647058,9.0
61500,2,10,10,0.6,3.4
61508,1,4,4,1.0,2.5
61516,2,26,22,0.8846153846153846,7.346153846153846
61520,1,25,25,0.72,13.0
61566,1,1,1,1.0,1.0
61573,1,8,8,1.0,4.5
61590,1,4,4,0.0,2.5
61592,1,11,11,0.36363636363636365,6.0
61607,1,18,18,0.9444444444444444,9.5
61610,1,4,4,0.25,2.5
61613,1,1,1,1.0,1.0
61615,1,5,5,0.4,3.0
61616,1,3,3,0.6666666666666666,2.0
61624,1,2,2,1.0,1.5
61638,2,33,33,0.42424242424242425,9.666666666666666
61640,1,3,3,0.6666666666666666,2.0
61648,1,9,9,0.7777777777777778,5.0
61655,1,4,4,0.0,2.5
61660,1,10,10,0.3,5.5
61675,1,12,12,0.3333333333333333,6.5
61685,1,1,1,0.0,1.0
61687,1,2,2,0.5,1.5
61695,1,5,5,0.2,3.0
61719,1,7,7,0.7142857142857143,4.0
61721,1,8,8,0.75,4.5
61731,1,6,6,0.6666666666666666,3.5
61740,1,7,7,0.42857142857142855,4.0
61747,1,6,6,0.0,3.5
61756,1,16,16,0.6875,8.5
61760,1,23,23,0.043478260869565216,12.0
61777,1,6,6,1.0,3.5
61813,1,13,13,0.9230769230769231,7.0
61833,1,8,8,0.0,4.5
61834,1,6,6,0.3333333333333333,3.5
61839,1,1,1,1.0,1.0
61840,1,19,19,0.15789473684210525,10.0
61864,1,15,15,0.6,8.0
61880,1,9,9,0.4444444444444444,5.0
61884,1,6,6,0.6666666666666666,3.5
61895,1,9,9,0.8888888888888888,5.0
61896,1,8,8,0.125,4.5
61902,1,15,15,0.7333333333333333,8.0
61910,1,1,1,0.0,1.0
61928,1,23,23,0.5652173913043478,12.0
61939,1,5,5,0.8,3.0
61942,1,5,5,0.8,3.0
61971,1,2,2,1.0,1.5
61974,1,15,15,0.5333333333333333,8.0
61976,1,37,37,0.7297297297297297,19.0
61985,1,7,7,0.7142857142857143,4.0
61992,1,3,3,0.6666666666666666,2.0
62006,1,12,12,0.75,6.5
62007,1,25,25,0.64,13.0
62011,1,7,7,0.7142857142857143,4.0
62013,1,8,8,0.25,4.5
62017,1,15,15,0.9333333333333333,8.0
62033,1,1,1,1.0,1.0
62040,1,7,7,0.2857142857142857,4.0
62056,1,20,20,0.3,10.5
62069,1,7,7,1.0,4.0
62108,1,29,29,0.3103448275862069,15.0
62129,1,14,14,0.0,7.5
62148,2,3,3,0.3333333333333333,1.3333333333333333
62190,1,11,11,0.8181818181818182,6.0
62191,2,65,65,0.8769230769230769,18.138461538461538
62205,2,11,10,0.8181818181818182,3.272727272727273
62211,1,15,15,0.8666666666666667,8.0
62213,1,22,22,0.0,11.5
62224,1,6,6,0.16666666666666666,3.5
62239,1,13,13,0.9230769230769231,7.0
62242,1,20,20,0.75,10.5
62249,1,15,15,0.2,8.0
62253,1,4,4,0.25,2.5
62260,1,6,6,0.6666666666666666,3.5
62287,1,4,4,1.0,2.5
62304,1,3,3,0.0,2.0
62305,1,12,12,0.75,6.5
62313,1,7,7,0.7142857142857143,4.0
62324,1,2,2,0.5,1.5
62325,1,4,4,1.0,2.5
62340,1,4,4,0.0,2.5
62354,4,21,18,0.7142857142857143,5.095238095238095
62373,2,14,14,0.7857142857142857,4.285714285714286
62383,1,22,22,0.5454545454545454,11.5
62408,1,8,8,0.625,4.5
62416,1,4,4,1.0,2.5
62443,1,13,13,0.6923076923076923,7.0
62453,1,3,3,0.0,2.0
62481,1,6,6,0.16666666666666666,3.5
62482,1,10,10,0.8,5.5
62506,1,9,9,0.5555555555555556,5.0
62508,1,10,10,0.8,5.5
62541,1,22,22,0.7727272727272727,11.5
62545,1,5,5,0.2,3.0
62586,1,10,10,0.5,5.5
62610,1,13,13,0.9230769230769231,7.0
62619,1,10,10,0.6,5.5
62645,1,6,6,1.0,3.5
62647,1,9,9,0.6666666666666666,5.0
62654,1,9,9,1.0,5.0
62690,1,13,13,0.3076923076923077,7.0
62710,1,17,17,0.0,9.0
62725,1,27,27,0.8148148148148148,14.0
62735,1,9,9,0.0,5.0
62750,1,17,17,0.0,9.0
62751,1,19,19,0.5263157894736842,10.0
62760,1,4,4,0.75,2.5
62772,1,7,7,0.0,4.0
62775,2,5,5,0.4,1.8
62780,1,8,8,0.25,4.5
62781,1,2,2,0.0,1.5
62795,1,12,12,0.75,6.5
62799,1,16,16,0.625,8.5
62802,1,8,8,0.375,4.5
62813,1,24,24,0.0,12.5
62830,1,2,2,0.0,1.5
62835,1,6,6,1.0,3.5
62846,1,1,1,1.0,1.0
62851,1,26,26,0.7307692307692307,13.5
62871,1,17,17,0.8823529411764706,9.0
62875,2,8,8,0.375,2.5
62876,1,1,1,1.0,1.0
62890,1,13,13,0.46153846153846156,7.0
62903,1,7,7,0.8571428571428571,4.0
62906,1,25,25,0.4,13.0
62914,1,9,9,1.0,5.0
62955,1,10,10,0.8,5.5
62961,1,1,1,0.0,1.0
62985,1,8,8,1.0,4.5
62987,1,3,3,0.3333333333333333,2.0
62988,1,10,10,1.0,5.5
63001,1,1,1,1.0,1.0
63004,1,11,11,0.09090909090909091,6.0
63012,1,16,16,0.125,8.5
63028,2,28,24,0.7857142857142857,7.535714285714286
63029,1,17,17,0.8823529411764706,9.0
63056,1,4,4,0.75,2.5
63066,1,5,5,0.4,3.0
63075,2,17,17,1.0,4.882352941176471
63118,1,7,7,0.2857142857142857,4.0
63162,1,7,7,0.7142857142857143,4.0
63169,1,5,5,0.4,3.0
63177,1,17,17,0.11764705882352941,9.0
63193,1,21,21,0.7142857142857143,11.0
63198,1,25,25,0.84,13.0
63206,1,15,15,0.5333333333333333,8.0
63220,1,6,6,1.0,3.5
63225,1,3,3,0.6666666666666666,2.0
63226,2,12,12,0.6666666666666666,3.5833333333333335
63236,1,9,9,0.4444444444444444,5.0
63246,1,1,1,1.0,1.0
63259,1,1,1,0.0,1.0
63271,2,14,13,0.9285714285714286,4.071428571428571
63276,1,10,10,0.8,5.5
63287,1,1,1,1.0,1.0
63288,1,2,2,0.0,1.5
63293,1,10,10,1.0,5.5
63294,1,3,3,1.0,2.0
63298,1,11,11,1.0,6.0
63308,1,3,3,1.0,2.0
63309,1,5,5,0.8,3.0
63353,2,27,27,0.25925925925925924,8.37037037037037
63355,1,17,17,0.8235294117647058,9.0
63356,1,13,13,0.8461538461538461,7.0
63384,1,12,12,0.8333333333333334,6.5
63409,1,18,18,0.7777777777777778,9.5
63418,1,4,4,0.25,2.5
63420,1,2,2,1.0,1.5
63426,2,65,65,0.9692307692307692,16.784615384615385
63428,1,8,8,0.5,4.5
63432,2,3,2,0.6666666666666666,1.3333333333333333
63449,1,31,31,0.8387096774193549,16.0
63452,1,15,15,0.0,8.0
63498,1,25,25,0.6,13.0
63503,1,15,15,0.6,8.0
63507,1,2,2,0.0,1.5
63510,1,14,14,0.0,7.5
63516,1,6,6,0.5,3.5
63554,1,8,8,0.625,4.5
63567,1,2,2,0.0,1.5
63582,1,4,4,0.0,2.5
63585,1,28,28,0.10714285714285714,14.5
63586,1,12,12,1.0,6.5
63609,1,3,3,0.6666666666666666,2.0
63633,1,28,28,0.5,14.5
63643,1,6,6,0.5,3.5
63652,1,15,15,0.7333333333333333,8.0
63653,1,28,28,0.5714285714285714,14.5
63687,1,7,7,0.8571428571428571,4.0
63700,1,25,25,0.84,13.0
63718,3,18,18,0.8333333333333334,3.6666666666666665
63726,1,9,9,0.4444444444444444,5.0
63772,1,14,14,1.0,7.5
63776,3,25,23,0.76,4.84
63782,1,3,3,0.6666666666666666,2.0
63793,1,9,9,0.7777777777777778,5.0
63833,2,11,10,0.5454545454545454,3.4545454545454546
63857,1,6,6,0.8333333333333334,3.5
63864,1,19,19,0.6842105263157895,10.0
63868,1,14,14,0.07142857142857142,7.5
63869,1,15,15,1.0,8.0
63900,1,11,11,0.6363636363636364,6.0
63903,1,7,7,0.8571428571428571,4.0
63914,1,15,15,0.8666666666666667,8.0
63917,1,17,17,0.5294117647058824,9.0
63920,1,7,7,0.14285714285714285,4.0
63935,1,7,7,1.0,4.0
63940,1,2,2,0.0,1.5
63942,1,32,32,0.28125,16.5
63946,1,20,20,1.0,10.5
63948,1,2,2,1.0,1.5
63952,2,19,19,0.631578947368421,7.473684210526316
63955,1,9,9,1.0,5.0
63960,1,7,7,0.8571428571428571,4.0
63979,1,6,6,0.8333333333333334,3.5
63989,1,11,11,1.0,6.0
63995,1,1,1,1.0,1.0
64006,1,5,5,0.4,3.0
64013,1,16,16,0.75,8.5
64024,1,1,1,0.0,1.0
64068,1,13,13,0.6923076923076923,7.0
64069,1,11,11,0.36363636363636365,6.0
64071,1,2,2,0.0,1.5
64089,1,28,28,0.6428571428571429,14.5
64112,1,3,3,1.0,2.0
64116,1,2,2,0.5,1.5
64128,1,20,20,0.75,10.5
64194,1,15,15,0.2,8.0
64202,1,2,2,0.5,1.5
64203,1,14,14,0.42857142857142855,7.5
64205,1,5,5,0.2,3.0
64223,1,16,16,0.8125,8.5
64225,1,5,5,1.0,3.0
64227,1,5,5,0.4,3.0
64228,1,14,14,0.07142857142857142,7.5
64231,1,3,3,0.6666666666666666,2.0
64247,1,14,14,0.14285714285714285,7.5
64259,1,1,1,1.0,1.0
64261,1,7,7,0.14285714285714285,4.0
64271,1,16,16,0.5625,8.5
64287,1,6,6,0.0,3.5
64295,1,10,10,1.0,5.5
64304,2,3,3,0.6666666666666666,1.3333333333333333
64307,1,3,3,0.0,2.0
64319,1,13,13,1.0,7.0
64322,1,22,22,0.18181818181818182,11.5
64349,1,4,4,1.0,2.5
64355,1,5,5,0.6,3.0
64358,1,17,17,0.47058823529411764,9.0
64380,1,3,3,0.0,2.0
64392,1,13,13,0.8461538461538461,7.0
64421,1,7,7,0.14285714285714285,4.0
64434,1,21,21,0.6666666666666666,11.0
64437,1,9,9,0.1111111111111111,5.0
64451,1,13,13,0.0,7.0
64461,2,27,27,0.9259259259259259,9.333333333333334
64463,1,2,2,0.0,1.5
64474,1,28,28,0.9642857142857143,14.5
64475,1,21,21,0.5714285714285714,11.0
64509,1,5,5,0.2,3.0
64528,1,9,9,0.3333333333333333,5.0
64574,1,6,6,0.16666666666666666,3.5
64576,1,9,9,0.2222222222222222,5.0
64589,1,10,10,0.8,5.5
64590,1,9,9,0.4444444444444444,5.0
64602,1,36,36,0.75,18.5
64606,1,19,19,0.6842105263157895,10.0
64617,1,4,4,0.5,2.5
64624,1,1,1,1.0,1.0
64629,1,3,3,0.0,2.0
64637,1,18,18,0.8333333333333334,9.5
64638,1,17,17,1.0,9.0
64648,1,14,14,1.0,7.5
64658,1,24,24,0.7916666666666666,12.5
64675,1,1,1,0.0,1.0
64680,2,58,54,0.7586206896551724,16.103448275862068
64681,1,2,2,1.0,1.5
64718,1,3,3,1.0,2.0
64719,1,29,29,0.9655172413793104,15.0
64749,1,7,7,1.0,4.0
64751,1,3,3,0.6666666666666666,2.0
64754,1,1,1,1.0,1.0
64767,1,8,8,1.0,4.5
64771,1,2,2,0.5,1.5
64773,1,14,14,0.5714285714285714,7.5
64776,1,12,12,0.3333333333333333,6.5
64801,1,13,13,1.0,7.0
64802,1,7,7,0.0,4.0
64806,1,1,1,1.0,1.0
64821,1,6,6,0.0,3.5
64832,1,16,16,0.1875,8.5
64852,2,11,10,0.8181818181818182,3.272727272727273
64865,1,15,15,0.7333333333333333,8.0
64868,1,7,7,0.5714285714285714,4.0
64895,1,5,5,1.0,3.0
64906,2,17,17,0.6470588235294118,5.470588235294118
64920,1,16,16,0.0625,8.5
64937,1,13,13,0.8461538461538461,7.0
64941,1,8,8,0.75,4.5
64969,1,6,6,0.16666666666666666,3.5
64981,1,5,5,0.4,3.0
65027,1,4,4,1.0,2.5
65044,1,5,5,0.4,3.0
65072,1,4,4,0.0,2.5
65083,1,1,1,1.0,1.0
65098,1,9,9,0.0,5.0
65104,1,1,1,0.0,1.0
65121,1,5,5,0.6,3.0
65146,1,3,3,1.0,2.0
65149,1,6,6,0.6666666666666666,3.5
65153,1,4,4,1.0,2.5
65154,1,6,6,0.8333333333333334,3.5
65159,1,13,13,0.3076923076923077,7.0
65161,2,21,15,1.0,5.761904761904762
65166,1,8,8,1.0,4.5
65213,1,6,6,0.5,3.5
65240,2,23,20,0.9565217391304348,6.3478260869565215
65243,1,12,12,1.0,6.5
65247,1,19,19,0.0,10.0
65267,2,22,22,0.9545454545454546,6.0
65279,1,6,6,0.8333333333333334,3.5
65280,1,4,4,0.25,2.5
65289,2,7,7,1.0,2.2857142857142856
65293,1,11,11,0.8181818181818182,6.0
65296,1,1,1,0.0,1.0
65310,1,10,10,0.9,5.5
65317,1,4,4,1.0,2.5
65320,1,7,7,0.8571428571428571,4.0
65321,1,25,25,0.92,13.0
65341,1,9,9,0.6666666666666666,5.0
65350,1,40,40,0.875,20.5
65360,1,11,11,0.9090909090909091,6.0
65363,1,8,8,0.25,4.5
65368,1,1,1,1.0,1.0
65385,1,8,8,0.875,4.5
65399,1,5,5,0.2,3.0
65400,1,2,2,1.0,1.5
65401,1,32,32,0.0,16.5
65418,1,17,17,0.4117647058823529,9.0
65420,1,2,2,1.0,1.5
65423,1,41,41,0.34146341463414637,21.0
65460,1,3,3,0.6666666666666666,2.0
65467,1,11,11,0.2727272727272727,6.0
65481,1,19,19,0.7368421052631579,10.0
65489,1,9,9,0.6666666666666666,5.0
65494,1,4,4,0.75,2.5
65495,1,38,38,0.9736842105263158,19.5
65517,1,7,7,1.0,4.0
65519,1,3,3,1.0,2.0
65520,1,4,4,0.5,2.5
65532,2,15,15,1.0,4.266666666666667
65540,1,5,5,0.0,3.0
65549,1,9,9,0.5555555555555556,5.0
65556,1,3,3,1.0,2.0
65561,1,7,7,0.0,4.0
65597,1,18,18,0.0,9.5
65626,1,6,6,0.0,3.5
65654,1,30,30,0.26666666666666666,15.5
65661,1,2,2,1.0,1.5
65664,1,3,3,0.0,2.0
65671,1,4,4,0.25,2.5
65678,1,25,25,1.0,13.0
65685,2,31,28,0.6129032258064516,8.32258064516129
65687,1,38,38,0.7631578947368421,19.5
65700,1,5,5,0.8,3.0
65708,1,10,10,0.9,5.5
65725,1,11,11,0.45454545454545453,6.0
65728,1,8,8,0.5,4.5
65730,1,19,19,0.5789473684210527,10.0
65744,1,2,2,0.0,1.5
65748,1,8,8,0.25,4.5
65749,1,5,5,0.2,3.0
65777,1,2,2,1.0,1.5
65798,1,22,22,0.7727272727272727,11.5
65807,3,26,25,0.8461538461538461,6.230769230769231
65839,1,18,18,0.3888888888888889,9.5
65843,1,5,5,0.8,3.0
65844,1,11,11,0.0,6.0
65871,2,2,2,1.0,1.0
65881,1,4,4,0.0,2.5
65890,1,39,39,0.5897435897435898,20.0
65897,2,29,29,0.7931034482758621,7.9655172413793105
65920,1,2,2,1.0,1.5
65922,1,7,7,1.0,4.0
65923,1,6,6,0.6666666666666666,3.5
65927,1,13,13,0.46153846153846156,7.0
65928,1,8,8,0.5,4.5
65936,1,27,27,0.7037037037037037,14.0
65939,1,6,6,0.6666666666666666,3.5
65946,1,21,21,0.2857142857142857,11.0
65950,1,14,14,1.0,7.5
65957,1,4,4,1.0,2.5
65959,1,2,2,0.5,1.5
65961,1,8,8,0.625,4.5
65987,1,13,13,0.6153846153846154,7.0
65996,1,6,6,0.8333333333333334,3.5
66005,2,32,24,0.96875,8.78125
66010,1,7,7,0.42857142857142855,4.0
66012,2,38,38,0.7894736842105263,10.421052631578947
66039,1,3,3,1.0,2.0
66046,2,19,15,0.7894736842105263,5.368421052631579
66058,1,14,14,0.5,7.5
66079,1,8,8,1.0,4.5
66089,1,11,11,0.6363636363636364,6.0
66090,1,22,22,0.6363636363636364,11.5
66104,1,26,26,1.0,13.5
66120,1,18,18,0.0,9.5
66123,1,17,17,0.47058823529411764,9.0
66130,1,2,2,1.0,1.5
66136,1,13,13,0.23076923076923078,7.0
66138,1,6,6,0.5,3.5
66143,1,26,26,0.6923076923076923,13.5
66144,1,6,6,0.6666666666666666,3.5
66145,1,10,10,0.5,5.5
66148,1,6,6,0.3333333333333333,3.5
66149,1,7,7,0.7142857142857143,4.0
66150,1,4,4,0.0,2.5
66155,1,3,3,0.6666666666666666,2.0
66156,2,16,16,0.5625,4.5625
66171,1,12,12,0.5,6.5
66176,1,13,13,1.0,7.0
66179,1,12,12,0.9166666666666666,6.5
66181,1,20,20,0.65,10.5
66195,1,5,5,0.8,3.0
66210,1,13,13,1.0,7.0
66214,1,18,18,0.8888888888888888,9.5
66224,1,11,11,0.8181818181818182,6.0
66241,1,6,6,0.8333333333333334,3.5
66250,1,25,25,0.64,13.0
66266,1,10,10,0.7,5.5
66340,1,9,9,0.8888888888888888,5.0
66344,1,2,2,0.5,1.5
66371,1,9,9,0.0,5.0
66373,1,8,8,0.875,4.5
66375,1,3,3,1.0,2.0
66397,2,7,7,0.5714285714285714,2.2857142857142856
66411,1,11,11,0.9090909090909091,6.0
66412,1,7,7,1.0,4.0
66419,1,2,2,1.0,1.5
66439,1,29,29,0.5172413793103449,15.0
66449,1,9,9,0.4444444444444444,5.0
66455,1,22,22,0.6363636363636364,11.5
66465,1,14,14,0.7857142857142857,7.5
66470,1,5,5,1.0,3.0
66490,1,6,6,0.8333333333333334,3.5
66509,1,3,3,1.0,2.0
66515,1,7,7,0.2857142857142857,4.0
66516,1,18,18,0.05555555555555555,9.5
66523,1,8,8,0.5,4.5
66524,1,8,8,1.0,4.5
66541,1,4,4,0.75,2.5
66542,1,1,1,1.0,1.0
66553,1,17,17,0.11764705882352941,9.0
66556,1,11,11,0.9090909090909091,6.0
66567,1,6,6,1.0,3.5
66588,1,27,27,0.8148148148148148,14.0
66594,1,3,3,0.3333333333333333,2.0
66600,1,3,3,1.0,2.0
66603,1,20,20,0.55,10.5
66615,1,1,1,1.0,1.0
66620,1,4,4,0.25,2.5
66628,1,5,5,0.6,3.0
66646,1,20,20,0.4,10.5
66670,1,5,5,0.2,3.0
66672,1,7,7,0.5714285714285714,4.0
66673,1,23,23,0.9130434782608695,12.0
66687,1,15,15,0.8,8.0
66725,1,7,7,0.42857142857142855,4.0
66754,1,8,8,0.75,4.5
66762,1,1,1,0.0,1.0
66766,1,7,7,0.8571428571428571,4.0
66771,1,10,10,0.9,5.5
66781,1,24,24,0.625,12.5
66799,1,11,11,0.9090909090909091,6.0
66804,1,1,1,1.0,1.0
66825,1,2,2,0.0,1.5
66846,1,12,12,0.0,6.5
66853,1,5,5,0.2,3.0
66862,2,22,22,0.18181818181818182,6.7272727272727275
66871,1,18,18,0.3333333333333333,9.5
66881,1,7,7,0.14285714285714285,4.0
66886,1,13,13,0.3076923076923077,7.0
66902,1,18,18,0.1111111111111111,9.5
66907,1,14,14,0.35714285714285715,7.5
66918,1,4,4,0.75,2.5
66926,2,6,6,0.5,2.6666666666666665
66937,1,18,18,0.6666666666666666,9.5
66940,1,14,14,1.0,7.5
66955,1,1,1,1.0,1.0
66961,1,7,7,0.7142857142857143,4.0
66971,1,6,6,1.0,3.5
66984,1,18,18,0.8333333333333334,9.5
67020,1,10,10,1.0,5.5
67023,1,9,9,0.3333333333333333,5.0
67050,1,11,11,1.0,6.0
67053,1,6,6,1.0,3.5
67055,1,4,4,0.75,2.5
67080,2,32,30,0.78125,9.625
67083,1,12,12,0.5833333333333334,6.5
67089,1,9,9,0.5555555555555556,5.0
67104,1,6,6,0.5,3.5
67106,1,22,22,1.0,11.5
67140,1,6,6,1.0,3.5
67142,1,24,24,0.875,12.5
67149,1,2,2,1.0,1.5
67154,1,6,6,1.0,3.5
67155,2,25,25,0.56,7.24
67200,1,2,2,0.0,1.5
67207,2,8,8,0.125,2.625
67227,1,26,26,0.9615384615384616,13.5
67249,1,10,10,0.7,5.5
67266,1,8,8,0.0,4.5
67299,1,1,1,1.0,1.0
67301,1,7,7,0.8571428571428571,4.0
67308,1,19,19,0.7368421052631579,10.0
67315,1,8,8,0.0,4.5
67337,1,12,12,0.5,6.5
67359,1,9,9,0.7777777777777778,5.0
67362,1,13,13,0.6923076923076923,7.0
67365,1,11,11,0.8181818181818182,6.0
67383,1,1,1,1.0,1.0
67385,1,8,8,0.5,4.5
67418,3,26,25,0.34615384615384615,6.076923076923077
67424,1,6,6,0.8333333333333334,3.5
67433,4,19,18,0.3157894736842105,4.052631578947368
67440,1,11,11,1.0,6.0
67446,1,18,18,0.7777777777777778,9.5
67451,1,3,3,1.0,2.0
67459,1,11,11,0.36363636363636365,6.0
67461,1,7,7,0.5714285714285714,4.0
67478,1,10,10,0.0,5.5
67481,1,13,13,0.7692307692307693,7.0
67493,1,18,18,0.7777777777777778,9.5
67494,1,9,9,0.3333333333333333,5.0
67498,1,7,7,0.42857142857142855,4.0
67551,1,6,6,0.5,3.5
67558,1,5,5,1.0,3.0
67578,1,10,10,0.5,5.5
67583,1,20,20,0.5,10.5
67584,1,5,5,0.6,3.0
67596,1,4,4,0.5,2.5
67607,1,14,14,0.7142857142857143,7.5
67610,1,5,5,0.2,3.0
67613,1,7,7,0.2857142857142857,4.0
67614,1,6,6,0.6666666666666666,3.5
67623,1,3,3,1.0,2.0
67639,1,10,10,0.0,5.5
67669,1,14,14,0.5,7.5
67671,1,3,3,0.6666666666666666,2.0
67680,1,8,8,0.875,4.5
67687,1,25,25,0.48,13.0
67699,3,10,7,0.6,2.3
67705,1,11,11,0.8181818181818182,6.0
67706,1,10,10,0.8,5.5
67716,1,13,13,0.9230769230769231,7.0
67717,1,8,8,0.5,4.5
67727,2,3,3,1.0,1.3333333333333333
67728,1,4,4,1.0,2.5
67795,1,3,3,0.3333333333333333,2.0
67798,1,7,7,0.7142857142857143,4.0
67816,2,19,19,0.5263157894736842,5.2631578947368425
67829,1,15,15,0.2,8.0
67842,1,2,2,0.0,1.5
67849,1,2,2,1.0,1.5
67862,1,17,17,0.6470588235294118,9.0
67869,1,28,28,0.8928571428571429,14.5
67875,1,5,5,0.6,3.0
67878,1,16,16,0.375,8.5
67886,1,7,7,0.42857142857142855,4.0
67913,2,24,24,0.8333333333333334,8.0
67914,1,15,15,0.4666666666666667,8.0
67956,1,10,10,0.5,5.5
67961,1,9,9,0.7777777777777778,5.0
67985,1,17,17,0.8235294117647058,9.0
68013,1,9,9,0.3333333333333333,5.0
68028,1,13,13,0.8461538461538461,7.0
68036,1,4,4,1.0,2.5
68046,1,11,11,0.45454545454545453,6.0
68047,1,4,4,0.75,2.5
68054,1,3,3,0.6666666666666666,2.0
68055,2,15,12,0.8666666666666667,4.4
68100,1,8,8,0.5,4.5
68105,1,6,6,1.0,3.5
68120,1,6,6,0.5,3.5
68123,1,2,2,0.5,1.5
68128,1,3,3,1.0,2.0
68145,1,3,3,1.0,2.0
68149,2,16,14,0.375,5.0625
68160,1,20,20,1.0,10.5
68178,1,8,8,0.25,4.5
68183,2,18,18,0.5,5.055555555555555
68184,1,5,5,0.8,3.0
68192,1,7,7,0.0,4.0
68193,1,7,7,0.0,4.0
68195,1,6,6,1.0,3.5
68198,1,4,4,1.0,2.5
68206,1,11,11,0.8181818181818182,6.0
68244,1,3,3,0.6666666666666666,2.0
68249,1,1,1,1.0,1.0
68253,1,10,10,0.0,5.5
68254,1,4,4,1.0,2.5
68257,1,31,31,0.5806451612903226,16.0
68263,1,12,12,0.9166666666666666,6.5
68264,1,2,2,1.0,1.5
68275,1,15,15,0.9333333333333333,8.0
68293,1,7,7,1.0,4.0
68303,1,14,14,0.8571428571428571,7.5
68306,1,4,4,1.0,2.5
68309,1,24,24,0.75,12.5
68317,2,9,8,0.8888888888888888,3.0
68325,1,21,21,0.47619047619047616,11.0
68362,1,11,11,0.2727272727272727,6.0
68364,1,15,15,0.6,8.0
68400,1,4,4,0.25,2.5
68418,1,12,12,0.08333333333333333,6.5
68424,1,4,4,0.5,2.5
68425,2,10,10,0.8,3.9
68431,1,9,9,0.0,5.0
68434,1,9,9,0.5555555555555556,5.0
68440,1,15,15,0.0,8.0
68443,1,7,7,0.5714285714285714,4.0
68456,1,6,6,0.3333333333333333,3.5
68471,1,14,14,0.2857142857142857,7.5
68500,1,16,16,0.6875,8.5
68510,1,22,22,0.36363636363636365,11.5
68513,1,25,25,0.92,13.0
68521,2,10,6,1.0,3.0
68528,1,3,3,1.0,2.0
68533,2,8,8,1.0,3.0
68542,1,10,10,0.5,5.5
68558,1,6,6,1.0,3.5
68572,1,14,14,0.6428571428571429,7.5
68577,1,13,13,0.8461538461538461,7.0
68579,1,2,2,0.0,1.5
68580,1,8,8,0.75,4.5
68632,1,6,6,0.5,3.5
68635,1,11,11,0.8181818181818182,6.0
68659,1,15,15,0.4666666666666667,8.0
68700,1,14,14,0.9285714285714286,7.5
68713,1,25,25,0.96,13.0
68716,1,15,15,0.4666666666666667,8.0
68725,1,1,1,1.0,1.0
68741,1,2,2,1.0,1.5
68742,1,23,23,0.5652173913043478,12.0
68746,1,18,18,0.6111111111111112,9.5
68756,1,6,6,0.8333333333333334,3.5
68761,2,16,16,0.9375,6.75
68762,1,12,12,0.8333333333333334,6.5
68800,1,5,5,0.2,3.0
68826,1,5,5,0.8,3.0
68857,2,19,17,0.631578947368421,5.368421052631579
68864,1,14,14,0.7857142857142857,7.5
68880,2,29,29,0.896551724137931,8.793103448275861
68891,1,5,5,1.0,3.0
68902,1,8,8,0.0,4.5
68905,1,6,6,0.0,3.5
68912,1,26,26,0.11538461538461539,13.5
68918,1,3,3,0.6666666666666666,2.0
68921,1,9,9,0.2222222222222222,5.0
68923,2,6,6,1.0,2.6666666666666665
68947,1,7,7,0.2857142857142857,4.0
68950,1,3,3,1.0,2.0
68961,1,34,34,0.7352941176470589,17.5
68964,1,4,4,0.0,2.5
68981,1,32,32,0.875,16.5
68983,1,20,20,0.75,10.5
68999,1,2,2,0.0,1.5
69028,1,4,4,0.5,2.5
69035,1,7,7,0.5714285714285714,4.0
69073,1,7,7,0.0,4.0
69082,1,6,6,0.0,3.5
69094,1,5,5,0.6,3.0
69101,1,4,4,0.75,2.5
69114,1,7,7,0.8571428571428571,4.0
69138,1,6,6,0.6666666666666666,3.5
69144,1,15,15,0.6666666666666666,8.0
69160,1,12,12,0.8333333333333334,6.5
69167,1,3,3,0.3333333333333333,2.0
69184,2,20,18,0.65,7.95
69195,1,8,8,0.375,4.5
69199,1,18,18,0.6666666666666666,9.5
69217,1,12,12,0.5833333333333334,6.5
69283,1,11,11,1.0,6.0
69303,1,4,4,1.0,2.5
69311,1,4,4,1.0,2.5
69312,1,4,4,1.0,2.5
69324,1,15,15,0.4666666666666667,8.0
69335,1,2,2,0.5,1.5
69339,1,7,7,0.7142857142857143,4.0
69342,1,9,9,0.1111111111111111,5.0
69367,1,29,29,0.5172413793103449,15.0
69368,1,7,7,0.14285714285714285,4.0
69370,1,8,8,0.25,4.5
69387,1,6,6,0.5,3.5
69404,1,10,10,0.8,5.5
69409,1,11,11,0.9090909090909091,6.0
69411,1,13,13,0.8461538461538461,7.0
69413,1,9,9,0.3333333333333333,5.0
69420,1,2,2,1.0,1.5
69423,1,23,23,0.6956521739130435,12.0
69427,1,11,11,1.0,6.0
69428,1,17,17,0.17647058823529413,9.0
69432,1,14,14,0.0,7.5
69437,1,9,9,1.0,5.0
69455,1,3,3,0.0,2.0
69469,2,30,30,0.6666666666666666,8.833333333333334
69474,2,36,28,0.7222222222222222,11.277777777777779
69483,3,44,39,0.6590909090909091,9.136363636363637
69500,1,42,42,0.5952380952380952,21.5
69505,1,8,8,0.875,4.5
69511,1,4,4,1.0,2.5
69523,1,7,7,0.8571428571428571,4.0
69528,1,6,6,0.0,3.5
69543,1,3,3,1.0,2.0
69556,1,27,27,0.8518518518518519,14.0
69562,1,2,2,0.5,1.5
69580,2,7,7,0.42857142857142855,2.2857142857142856
69587,1,5,5,0.8,3.0
69588,1,7,7,0.8571428571428571,4.0
69596,1,4,4,1.0,2.5
69599,1,24,24,0.6666666666666666,12.5
69617,1,9,9,0.2222222222222222,5.0
69645,1,7,7,0.2857142857142857,4.0
69650,1,14,14,0.5,7.5
69652,1,6,6,0.8333333333333334,3.5
69671,1,7,7,0.42857142857142855,4.0
69687,1,6,6,0.8333333333333334,3.5
69696,1,23,23,0.43478260869565216,12.0
69722,1,18,18,0.4444444444444444,9.5
69723,2,28,24,0.14285714285714285,8.071428571428571
69729,1,17,17,0.8235294117647058,9.0
69733,1,14,14,0.5,7.5
69740,1,18,18,0.6111111111111112,9.5
69770,1,9,9,0.7777777777777778,5.0
69780,1,12,12,0.8333333333333334,6.5
69784,1,11,11,0.0,6.0
69785,1,15,15,0.0,8.0
69800,1,10,10,0.7,5.5
69812,1,8,8,0.75,4.5
69854,1,1,1,1.0,1.0
69862,1,12,12,0.25,6.5
69866,1,17,17,0.47058823529411764,9.0
69873,1,9,9,0.8888888888888888,5.0
69884,1,6,6,1.0,3.5
69889,1,8,8,0.375,4.5
69890,1,7,7,0.0,4.0
69897,1,11,11,0.7272727272727273,6.0
69901,1,7,7,0.42857142857142855,4.0
69905,1,6,6,1.0,3.5
69919,1,1,1,1.0,1.0
69921,1,6,6,1.0,3.5
69929,1,14,14,0.0,7.5
69930,1,12,12,0.0,6.5
69945,1,17,17,0.29411764705882354,9.0
69947,1,20,20,0.65,10.5
69955,1,10,10,1.0,5.5
69981,1,11,11,0.5454545454545454,6.0
69984,1,10,10,0.6,5.5
69993,1,14,14,0.0,7.5
69994,1,10,10,0.5,5.5
70003,1,6,6,1.0,3.5
70011,1,15,15,0.4666666666666667,8.0
70017,2,6,6,0.6666666666666666,2.1666666666666665
70028,1,25,25,0.84,13.0
70031,1,7,7,0.7142857142857143,4.0
70033,1,11,11,0.7272727272727273,6.0
70040,1,9,9,0.4444444444444444,5.0
70055,1,4,4,0.75,2.5
70091,1,4,4,0.25,2.5
70097,1,7,7,1.0,4.0
70103,1,11,11,0.9090909090909091,6.0
70118,1,1,1,0.0,1.0
70122,1,10,10,1.0,5.5
70126,1,7,7,1.0,4.0
70156,1,10,10,0.5,5.5
70159,1,8,8,0.0,4.5
70162,1,7,7,0.2857142857142857,4.0
70164,1,13,13,0.07692307692307693,7.0
70165,1,10,10,0.3,5.5
70186,1,8,8,0.75,4.5
70192,1,2,2,1.0,1.5
70210,1,1,1,1.0,1.0
70217,2,19,19,0.3684210526315789,7.473684210526316
70221,1,7,7,0.7142857142857143,4.0
70241,1,3,3,0.0,2.0
70247,1,2,2,0.5,1.5
70256,1,24,24,0.4166666666666667,12.5
70268,1,14,14,0.5714285714285714,7.5
70290,1,5,5,0.8,3.0
70294,1,14,14,0.5714285714285714,7.5
70298,1,20,20,0.9,10.5
70307,1,10,10,0.6,5.5
70312,1,18,18,0.8888888888888888,9.5
70318,1,10,10,0.3,5.5
70322,1,2,2,0.0,1.5
70355,1,26,26,0.9615384615384616,13.5
70366,1,5,5,0.8,3.0
70371,1,25,25,0.08,13.0
70379,1,15,15,0.6666666666666666,8.0
70381,1,10,10,0.3,5.5
70401,1,3,3,1.0,2.0
70411,1,10,10,0.7,5.5
70414,1,6,6,0.6666666666666666,3.5
70421,1,6,6,0.0,3.5
70426,1,11,11,0.18181818181818182,6.0
70443,2,20,20,0.7,5.7
70446,1,19,19,0.5789473684210527,10.0
70455,3,5,5,0.6,1.6
70464,1,2,2,0.0,1.5
70485,1,15,15,0.0,8.0
70509,1,11,11,0.8181818181818182,6.0
70577,1,6,6,1.0,3.5
70578,1,1,1,0.0,1.0
70612,1,21,21,0.38095238095238093,11.0
70651,2,13,13,0.6923076923076923,4.230769230769231
70665,1,16,16,0.75,8.5
70676,2,15,15,0.5333333333333333,5.6
70687,1,7,7,0.8571428571428571,4.0
70691,1,1,1,0.0,1.0
70696,1,38,38,0.6052631578947368,19.5
70702,1,8,8,0.875,4.5
70708,1,28,28,0.9642857142857143,14.5
70736,1,3,3,0.6666666666666666,2.0
70742,2,28,28,0.7857142857142857,8.392857142857142
70754,1,18,18,0.9444444444444444,9.5
70759,1,4,4,0.5,2.5
70774,1,18,18,0.7777777777777778,9.5
70778,1,9,9,0.6666666666666666,5.0
70789,1,18,18,0.6111111111111112,9.5
70794,2,8,8,1.0,3.0
70805,1,29,29,0.8620689655172413,15.0
70806,1,10,10,0.3,5.5
70838,2,7,7,0.2857142857142857,2.5714285714285716
70839,1,8,8,0.5,4.5
70851,1,10,10,0.1,5.5
70860,1,9,9,0.7777777777777778,5.0
70876,1,1,1,1.0,1.0
70900,1,8,8,0.375,4.5
70910,1,13,13,0.6923076923076923,7.0
70920,1,21,21,0.8095238095238095,11.0
70964,1,6,6,0.6666666666666666,3.5
70977,1,16,16,0.25,8.5
70979,1,10,10,0.6,5.5
70983,1,15,15,0.8,8.0
70984,1,5,5,0.6,3.0
70986,1,16,16,0.0,8.5
71000,1,2,2,1.0,1.5
71011,1,6,6,0.8333333333333334,3.5
71021,1,3,3,1.0,2.0
71027,1,34,34,0.7352941176470589,17.5
71033,1,14,14,0.42857142857142855,7.5
71035,1,12,12,0.75,6.5
71046,2,21,20,0.19047619047619047,5.857142857142857
71076,1,1,1,1.0,1.0
71077,1,5,5,0.8,3.0
71085,2,12,11,0.4166666666666667,3.5833333333333335
71086,1,11,11,0.36363636363636365,6.0
71092,1,5,5,1.0,3.0
71113,1,3,3,0.0,2.0
71118,1,6,6,1.0,3.5
71133,1,9,9,0.7777777777777778,5.0
71134,2,20,17,0.4,5.95
71149,1,12,12,0.5,6.5
71151,1,13,13,0.6923076923076923,7.0
71154,1,3,3,0.6666666666666666,2.0
71157,1,4,4,0.75,2.5
71158,1,13,13,0.0,7.0
71189,1,8,8,1.0,4.5
71202,1,17,17,0.058823529411764705,9.0
71205,1,15,15,0.6666666666666666,8.0
71208,1,5,5,0.8,3.0
71232,1,24,24,0.9583333333333334,12.5
71237,1,12,12,0.75,6.5
71244,1,11,11,0.8181818181818182,6.0
71260,1,9,9,0.8888888888888888,5.0
71296,1,18,18,0.5555555555555556,9.5
71334,1,20,20,0.25,10.5
71343,1,6,6,0.0,3.5
71368,1,2,2,0.5,1.5
71376,1,21,21,0.23809523809523808,11.0
71388,1,13,13,0.3076923076923077,7.0
71401,1,4,4,1.0,2.5
71422,2,13,9,0.6923076923076923,3.769230769230769
71427,1,6,6,0.6666666666666666,3.5
71438,1,6,6,1.0,3.5
71442,1,7,7,0.42857142857142855,4.0
71469,1,2,2,0.5,1.5
71492,1,8,8,0.75,4.5
71504,1,5,5,0.0,3.0
71513,1,2,2,1.0,1.5
71517,1,8,8,0.0,4.5
71532,1,11,11,0.0,6.0
71540,1,20,20,0.0,10.5
71549,1,8,8,0.5,4.5
71553,1,14,14,0.5,7.5
71559,1,2,2,1.0,1.5
71560,1,6,6,0.8333333333333334,3.5
71577,1,8,8,0.75,4.5
71594,1,6,6,0.3333333333333333,3.5
71628,1,12,12,0.3333333333333333,6.5
71637,1,4,4,0.5,2.5
71641,1,21,21,1.0,11.0
71650,1,10,10,0.0,5.5
71662,1,12,12,0.08333333333333333,6.5
71663,1,6,6,0.6666666666666666,3.5
71690,1,12,12,0.5833333333333334,6.5
71714,1,12,12,0.25,6.5
71738,1,14,14,0.5714285714285714,7.5
71739,1,14,14,0.7142857142857143,7.5
71742,1,3,3,0.0,2.0
71748,1,8,8,0.25,4.5
71755,1,6,6,0.3333333333333333,3.5
71758,1,7,7,0.14285714285714285,4.0
71771,1,24,24,0.875,12.5
71775,1,6,6,0.3333333333333333,3.5
71782,1,24,24,0.5833333333333334,12.5
71784,1,11,11,0.36363636363636365,6.0
71787,1,7,7,0.5714285714285714,4.0
71789,1,6,6,0.8333333333333334,3.5
71809,1,1,1,1.0,1.0
71834,1,2,2,1.0,1.5
71861,1,1,1,0.0,1.0
71884,1,16,16,0.9375,8.5
71916,1,8,8,0.625,4.5
71917,1,5,5,0.4,3.0
71919,2,8,7,0.5,3.0
71920,1,8,8,1.0,4.5
71935,1,2,2,1.0,1.5
71936,1,2,2,1.0,1.5
71937,1,17,17,0.7058823529411765,9.0
71940,1,7,7,0.8571428571428571,4.0
71942,1,1,1,0.0,1.0
71944,1,24,24,0.7083333333333334,12.5
71967,1,6,6,0.5,3.5
71975,1,2,2,1.0,1.5
71981,1,7,7,0.42857142857142855,4.0
71987,1,14,14,0.7857142857142857,7.5
72009,1,5,5,1.0,3.0
72012,1,12,12,1.0,6.5
72027,1,3,3,1.0,2.0
72038,1,2,2,0.5,1.5
72050,1,4,4,0.25,2.5
72068,1,11,11,1.0,6.0
72073,1,4,4,1.0,2.5
72083,2,27,25,0.07407407407407407,7.333333333333333
72084,1,21,21,0.23809523809523808,11.0
72087,1,7,7,0.8571428571428571,4.0
72109,1,7,7,0.8571428571428571,4.0
72110,1,12,12,1.0,6.5
72115,1,7,7,0.8571428571428571,4.0
72125,1,11,11,0.18181818181818182,6.0
72134,1,13,13,0.38461538461538464,7.0
72136,1,66,66,0.8787878787878788,33.5
72156,3,16,14,0.875,3.5625
72163,1,17,17,0.23529411764705882,9.0
72196,1,2,2,1.0,1.5
72201,2,30,30,0.23333333333333334,8.0
72221,1,5,5,0.6,3.0
72223,1,6,6,0.8333333333333334,3.5
72231,1,9,9,1.0,5.0
72289,1,2,2,0.0,1.5
72295,1,14,14,0.8571428571428571,7.5
72301,1,8,8,0.75,4.5
72327,1,4,4,1.0,2.5
72328,1,25,25,0.64,13.0
72367,1,19,19,0.05263157894736842,10.0
72370,1,23,23,0.9130434782608695,12.0
72380,2,30,24,0.9333333333333333,8.3
72396,1,8,8,0.375,4.5
72423,1,4,4,0.25,2.5
72456,1,15,15,0.4,8.0
72461,2,15,15,0.4,4.4
72465,1,9,9,0.5555555555555556,5.0
72476,1,2,2,0.5,1.5
72511,1,11,11,0.36363636363636365,6.0
72533,1,1,1,0.0,1.0
72537,1,7,7,0.2857142857142857,4.0
72539,1,1,1,1.0,1.0
72547,1,16,16,0.75,8.5
72574,1,11,11,0.9090909090909091,6.0
72577,1,25,25,0.68,13.0
72607,1,13,13,0.07692307692307693,7.0
72615,1,5,5,0.2,3.0
72627,1,7,7,0.7142857142857143,4.0
72640,1,7,7,0.2857142857142857,4.0
72651,1,4,4,0.5,2.5
72656,1,5,5,0.8,3.0
72664,1,8,8,0.375,4.5
72668,2,24,22,0.9166666666666666,6.875
72670,1,5,5,0.4,3.0
72678,1,19,19,0.2631578947368421,10.0
72687,1,22,22,0.5,11.5
72688,1,2,2,0.0,1.5
72699,1,18,18,0.6111111111111112,9.5
72703,1,27,27,0.8148148148148148,14.0
72706,1,18,18,0.16666666666666666,9.5
72709,1,35,35,0.0,18.0
72738,2,34,34,0.4411764705882353,9.029411764705882
72785,2,25,25,0.84,6.76
72805,1,8,8,0.875,4.5
72815,1,3,3,0.0,2.0
72844,1,5,5,0.2,3.0
72849,1,13,13,0.23076923076923078,7.0
72855,1,8,8,0.625,4.5
72856,1,20,20,0.45,10.5
72863,1,15,15,0.2,8.0
72873,1,2,2,0.0,1.5
72901,2,35,35,0.8285714285714286,9.6
72916,1,11,11,0.45454545454545453,6.0
72928,1,3,3,0.3333333333333333,2.0
72973,1,7,7,0.5714285714285714,4.0
72988,2,12,12,0.25,3.5
73014,1,5,5,0.4,3.0
73026,1,6,6,0.6666666666666666,3.5
73031,2,25,25,0.2,10.36
73042,1,4,4,1.0,2.5
73045,1,4,4,0.5,2.5
73068,1,7,7,0.0,4.0
73090,2,17,17,0.7647058823529411,4.764705882352941
73106,1,1,1,1.0,1.0
73114,1,11,11,0.6363636363636364,6.0
73124,1,1,1,0.0,1.0
73127,1,9,9,1.0,5.0
73132,1,10,10,0.5,5.5
73138,1,17,17,0.29411764705882354,9.0
73139,1,10,10,0.5,5.5
73140,1,24,24,0.7083333333333334,12.5
73170,1,26,26,0.6923076923076923,13.5
73171,1,28,28,0.5,14.5
73225,1,7,7,0.0,4.0
73231,1,11,11,0.8181818181818182,6.0
73241,1,10,10,0.0,5.5
73256,1,7,7,1.0,4.0
73258,2,12,10,0.9166666666666666,3.5
73263,1,1,1,0.0,1.0
73267,1,2,2,0.0,1.5
73268,1,9,9,0.8888888888888888,5.0
73270,1,11,11,0.0,6.0
73276,1,14,14,0.9285714285714286,7.5
73283,2,36,36,0.9444444444444444,9.61111111111111
73310,1,4,4,0.25,2.5
73313,1,1,1,0.0,1.0
73332,2,38,38,0.8421052631578947,10.105263157894736
73342,1,1,1,1.0,1.0
73344,1,7,7,1.0,4.0
73346,1,23,23,0.6086956521739131,12.0
73352,1,2,2,0.5,1.5
73358,1,3,3,1.0,2.0
73364,1,4,4,0.75,2.5
73379,1,3,3,0.6666666666666666,2.0
73398,1,10,10,0.7,5.5
73399,1,6,6,0.8333333333333334,3.5
73418,1,15,15,0.4666666666666667,8.0
73438,1,13,13,0.6923076923076923,7.0
73439,1,20,20,0.8,10.5
73456,1,31,31,0.6774193548387096,16.0
73457,1,12,12,0.5833333333333334,6.5
73475,1,2,2,1.0,1.5
73477,1,18,18,1.0,9.5
73486,1,10,10,0.4,5.5
73487,1,3,3,0.3333333333333333,2.0
73493,1,4,4,1.0,2.5
73496,1,3,3,0.0,2.0
73506,1,16,16,0.8125,8.5
73523,1,1,1,1.0,1.0
73542,2,18,18,0.5555555555555556,5.0
73545,1,12,12,1.0,6.5
73547,1,12,12,0.4166666666666667,6.5
73590,1,5,5,0.0,3.0
73608,1,28,28,0.6428571428571429,14.5
73634,1,2,2,0.0,1.5
73636,1,15,15,0.8,8.0
73641,1,4,4,0.5,2.5
73667,1,8,8,0.75,4.5
73686,2,43,43,0.7209302325581395,14.883720930232558
73696,1,17,17,0.5294117647058824,9.0
73698,1,9,9,0.5555555555555556,5.0
73700,1,24,24,0.0,12.5
73705,1,11,11,0.2727272727272727,6.0
73710,1,8,8,0.125,4.5
73735,1,17,17,0.7647058823529411,9.0
73747,1,8,8,0.5,4.5
73765,2,11,11,0.45454545454545453,3.272727272727273
73770,1,1,1,1.0,1.0
73782,2,9,9,0.0,3.4444444444444446
73802,1,3,3,0.3333333333333333,2.0
73822,1,7,7,0.2857142857142857,4.0
73826,1,8,8,0.875,4.5
73828,1,8,8,0.5,4.5
73832,1,13,13,0.9230769230769231,7.0
73835,1,11,11,0.6363636363636364,6.0
73840,1,8,8,0.75,4.5
73862,1,8,8,0.25,4.5
73901,1,9,9,0.3333333333333333,5.0
73911,1,7,7,0.7142857142857143,4.0
73946,1,1,1,1.0,1.0
73947,1,14,14,0.5714285714285714,7.5
73968,1,31,31,0.7741935483870968,16.0
73969,2,20,20,0.85,5.95
73989,1,1,1,0.0,1.0
74000,1,11,11,0.5454545454545454,6.0
74003,1,17,17,0.9411764705882353,9.0
74025,1,2,2,0.5,1.5
74034,1,20,20,0.8,10.5
74035,1,4,4,0.0,2.5
74043,1,17,17,0.8235294117647058,9.0
74069,1,2,2,1.0,1.5
74086,1,7,7,0.2857142857142857,4.0
74089,1,7,7,0.8571428571428571,4.0
74100,1,6,6,0.8333333333333334,3.5
74105,1,2,2,1.0,1.5
74158,1,9,9,0.8888888888888888,5.0
74165,1,17,17,0.0,9.0
74166,1,9,9,0.5555555555555556,5.0
74174,1,4,4,0.75,2.5
74184,1,23,23,0.43478260869565216,12.0
74193,1,7,7,1.0,4.0
74197,2,38,38,0.868421052631579,10.236842105263158
74198,1,11,11,0.9090909090909091,6.0
74217,1,5,5,0.4,3.0
74226,1,10,10,0.3,5.5
74234,1,5,5,1.0,3.0
74235,1,13,13,0.38461538461538464,7.0
74246,1,8,8,0.625,4.5
74252,1,8,8,0.5,4.5
74259,1,2,2,1.0,1.5
74265,1,7,7,0.14285714285714285,4.0
74286,1,6,6,0.5,3.5
74290,1,13,13,0.9230769230769231,7.0
74292,1,20,20,0.45,10.5
74293,1,18,18,0.1111111111111111,9.5
74295,1,8,8,0.5,4.5
74315,3,67,53,0.9402985074626866,11.761194029850746
74350,2,2,2,1.0,1.0
74362,1,7,7,0.7142857142857143,4.0
74366,1,2,2,1.0,1.5
74375,1,18,18,0.5,9.5
74377,1,27,27,0.5555555555555556,14.0
74388,1,9,9,0.8888888888888888,5.0
74409,1,16,16,0.9375,8.5
74411,1,1,1,1.0,1.0
74430,1,23,23,0.043478260869565216,12.0
74449,1,14,14,0.6428571428571429,7.5
74452,1,8,8,0.875,4.5
74508,1,2,2,0.5,1.5
74511,1,7,7,1.0,4.0
74530,2,37,37,0.7297297297297297,11.702702702702704
74538,2,10,8,0.7,3.4
74555,1,7,7,0.5714285714285714,4.0
74578,1,21,21,0.5238095238095238,11.0
74582,1,12,12,0.9166666666666666,6.5
74588,1,31,31,0.7419354838709677,16.0
74592,1,10,10,0.0,5.5
74605,1,8,8,0.375,4.5
74611,1,7,7,0.2857142857142857,4.0
74626,2,11,9,0.8181818181818182,3.4545454545454546
74642,5,29,23,0.896551724137931,4.0344827586206895
74660,1,7,7,0.14285714285714285,4.0
74662,1,17,17,0.5882352941176471,9.0
74665,1,3,3,0.6666666666666666,2.0
74669,1,8,8,0.625,4.5
74680,1,24,24,0.9166666666666666,12.5
74706,1,16,16,0.75,8.5
74714,1,2,2,0.5,1.5
74750,1,35,35,0.9714285714285714,18.0
74753,1,9,9,0.0,5.0
74765,1,8,8,1.0,4.5
74794,1,7,7,0.7142857142857143,4.0
74813,2,52,45,0.38461538461538464,13.576923076923077
74842,1,14,14,0.42857142857142855,7.5
74846,1,3,3,1.0,2.0
74848,1,28,28,0.9285714285714286,14.5
74853,1,2,2,1.0,1.5
74870,1,31,31,0.5806451612903226,16.0
74886,1,11,11,0.2727272727272727,6.0
74889,1,19,19,0.7894736842105263,10.0
74904,1,14,14,0.8571428571428571,7.5
74942,3,13,13,0.5384615384615384,2.6923076923076925
74948,1,7,7,0.8571428571428571,4.0
74970,1,6,6,0.6666666666666666,3.5
74974,1,15,15,1.0,8.0
74991,1,5,5,0.2,3.0
75005,1,6,6,0.8333333333333334,3.5
75022,1,13,13,0.15384615384615385,7.0
75025,1,10,10,0.3,5.5
75038,1,3,3,0.6666666666666666,2.0
75073,1,8,8,0.75,4.5
75079,2,15,15,0.4666666666666667,5.6
75090,1,8,8,0.875,4.5
75124,1,13,13,1.0,7.0
75135,1,8,8,0.0,4.5
75136,1,5,5,0.2,3.0
75140,1,5,5,0.6,3.0
75152,1,1,1,1.0,1.0
75159,1,5,5,0.4,3.0
75178,1,15,15,0.8666666666666667,8.0
75184,1,2,2,0.0,1.5
75189,1,5,5,0.0,3.0
75191,2,11,11,0.09090909090909091,3.4545454545454546
75194,1,2,2,1.0,1.5
75209,1,15,15,0.5333333333333333,8.0
75220,1,20,20,0.8,10.5
75223,1,3,3,0.3333333333333333,2.0
75231,1,10,10,0.0,5.5
75268,1,4,4,0.5,2.5
75277,1,4,4,0.0,2.5
75279,1,17,17,0.0,9.0
75287,1,5,5,0.2,3.0
75295,1,3,3,0.6666666666666666,2.0
75313,1,5,5,0.6,3.0
75333,1,16,16,0.875,8.5
75335,1,12,12,0.75,6.5
75346,1,22,22,0.8181818181818182,11.5
75354,1,7,7,0.0,4.0
75362,1,6,6,0.8333333333333334,3.5
75364,1,13,13,0.15384615384615385,7.0
75366,1,3,3,0.0,2.0
75394,1,15,15,0.4,8.0
75425,1,18,18,0.2777777777777778,9.5
75432,1,3,3,0.6666666666666666,2.0
75437,1,18,18,0.7222222222222222,9.5
75442,1,4,4,0.0,2.5
75446,2,12,12,0.16666666666666666,3.8333333333333335
75451,1,12,12,0.3333333333333333,6.5
75475,1,2,2,1.0,1.5
75494,1,3,3,0.3333333333333333,2.0
75513,1,5,5,0.0,3.0
75518,1,16,16,0.9375,8.5
75525,1,8,8,0.5,4.5
75543,1,8,8,0.875,4.5
75555,1,15,15,0.4666666666666667,8.0
75564,1,1,1,1.0,1.0
75566,1,34,34,0.4117647058823529,17.5
75576,1,9,9,0.7777777777777778,5.0
75584,1,13,13,0.38461538461538464,7.0
75591,2,21,20,0.14285714285714285,6.0476190476190474
75598,2,7,7,0.42857142857142855,3.142857142857143
75628,2,33,26,0.7878787878787878,10.454545454545455
75632,2,10,10,0.7,3.4
75638,1,7,7,0.7142857142857143,4.0
75655,1,15,15,0.8666666666666667,8.0
75668,1,1,1,1.0,1.0
75689,1,17,17,0.5882352941176471,9.0
75725,1,14,14,0.9285714285714286,7.5
75745,1,9,9,0.7777777777777778,5.0
75762,1,1,1,1.0,1.0
75769,1,6,6,1.0,3.5
75776,1,10,10,0.4,5.5
75787,1,8,8,0.5,4.5
75802,1,16,16,0.3125,8.5
75805,1,22,22,1.0,11.5
75823,1,3,3,0.3333333333333333,2.0
75854,1,3,3,1.0,2.0
75858,1,8,8,0.625,4.5
75861,1,6,6,0.0,3.5
75890,1,14,14,0.21428571428571427,7.5
75936,1,9,9,0.8888888888888888,5.0
75964,1,19,19,0.42105263157894735,10.0
75988,1,3,3,1.0,2.0
75995,1,3,3,0.3333333333333333,2.0
76011,1,14,14,0.8571428571428571,7.5
76015,1,10,10,1.0,5.5
76018,1,7,7,0.14285714285714285,4.0
76041,1,3,3,1.0,2.0
76049,1,4,4,1.0,2.5
76100,1,5,5,0.0,3.0
76103,1,11,11,0.7272727272727273,6.0
76106,1,16,16,0.3125,8.5
76114,1,5,5,0.8,3.0
76120,1,6,6,0.5,3.5
76121,1,1,1,1.0,1.0
76122,1,5,5,0.2,3.0
76130,1,7,7,0.2857142857142857,4.0
76135,1,8,8,0.75,4.5
76141,1,9,9,0.3333333333333333,5.0
76142,1,8,8,0.25,4.5
76169,1,17,17,1.0,9.0
76173,1,18,18,0.3333333333333333,9.5
76174,1,6,6,0.6666666666666666,3.5
76190,1,5,5,0.4,3.0
76198,1,3,3,1.0,2.0
76205,2,4,3,1.0,1.5
76209,1,5,5,1.0,3.0
76234,1,11,11,0.8181818181818182,6.0
76256,1,15,15,1.0,8.0
76272,2,15,15,0.8,4.266666666666667
76273,1,10,10,0.3,5.5
76285,1,24,24,0.125,12.5
76309,1,4,4,1.0,2.5
76324,1,5,5,1.0,3.0
76330,1,25,25,0.84,13.0
76343,1,7,7,0.8571428571428571,4.0
76356,1,2,2,0.0,1.5
76359,1,22,22,0.8181818181818182,11.5
76373,1,8,8,0.625,4.5
76374,1,3,3,1.0,2.0
76375,2,22,22,0.13636363636363635,8.909090909090908
76380,1,16,16,0.3125,8.5
76381,1,9,9,0.7777777777777778,5.0
76432,1,25,25,0.0,13.0
76435,1,18,18,0.6666666666666666,9.5
76436,1,4,4,0.0,2.5
76438,1,9,9,0.8888888888888888,5.0
76470,1,17,17,0.8823529411764706,9.0
76533,1,10,10,0.4,5.5
76550,1,1,1,1.0,1.0
76556,1,9,9,1.0,5.0
76561,1,12,12,0.5,6.5
76563,1,2,2,0.5,1.5
76593,1,18,18,0.7777777777777778,9.5
76594,1,12,12,1.0,6.5
76611,1,18,18,0.9444444444444444,9.5
76629,2,16,16,0.25,5.0625
76646,2,15,10,1.0,4.266666666666667
76669,1,6,6,0.16666666666666666,3.5
76673,1,3,3,0.6666666666666666,2.0
76674,1,3,3,1.0,2.0
76678,1,16,16,0.5,8.5
76679,1,9,9,0.2222222222222222,5.0
76696,1,10,10,0.6,5.5
76698,1,12,12,0.5833333333333334,6.5
76707,1,11,11,0.45454545454545453,6.0
76725,2,40,40,0.275,11.4
76730,1,14,14,1.0,7.5
76750,1,17,17,0.47058823529411764,9.0
76795,1,5,5,0.0,3.0
76797,1,8,8,0.875,4.5
76801,1,14,14,0.07142857142857142,7.5
76803,1,9,9,0.6666666666666666,5.0
76809,1,11,11,0.5454545454545454,6.0
76824,1,7,7,1.0,4.0
76825,1,3,3,1.0,2.0
76827,1,2,2,1.0,1.5
76836,1,7,7,0.0,4.0
76854,1,20,20,0.65,10.5
76863,1,11,11,0.0,6.0
76870,2,6,6,0.8333333333333334,2.1666666666666665
76893,1,5,5,0.2,3.0
76907,1,4,4,1.0,2.5
76918,1,5,5,0.2,3.0
76919,1,23,23,0.43478260869565216,12.0
76939,1,8,8,0.875,4.5
76947,1,2,2,1.0,1.5
76962,1,14,14,0.2857142857142857,7.5
76971,1,2,2,1.0,1.5
76986,1,17,17,0.7647058823529411,9.0
76989,2,41,41,0.7560975609756098,10.902439024390244
77026,2,6,4,1.0,2.1666666666666665
77036,1,15,15,0.2,8.0
77037,1,2,2,1.0,1.5
77080,1,15,15,0.5333333333333333,8.0
77090,1,32,32,0.46875,16.5
77103,1,13,13,1.0,7.0
77115,1,9,9,0.3333333333333333,5.0
77130,1,15,15,0.3333333333333333,8.0
77133,1,7,7,0.8571428571428571,4.0
77148,1,6,6,1.0,3.5
77153,1,9,9,0.3333333333333333,5.0
77155,1,3,3,1.0,2.0
77161,1,2,2,0.5,1.5
77171,2,17,16,0.7058823529411765,4.882352941176471
77173,1,8,8,1.0,4.5
77177,2,5,5,0.6,1.8
77201,1,3,3,0.3333333333333333,2.0
77205,1,31,31,0.9354838709677419,16.0
77208,1,16,16,0.875,8.5
77217,1,8,8,0.625,4.5
77234,1,20,20,0.55,10.5
77254,1,7,7,1.0,4.0
77258,1,6,6,0.8333333333333334,3.5
77267,1,12,12,0.25,6.5
77269,1,11,11,0.6363636363636364,6.0
77276,1,6,6,0.3333333333333333,3.5
77287,1,9,9,0.0,5.0
77294,1,4,4,1.0,2.5
77311,1,6,6,0.16666666666666666,3.5
77313,1,16,16,0.0625,8.5
77343,1,19,19,0.5263157894736842,10.0
77350,1,4,4,0.0,2.5
77364,1,11,11,0.0,6.0
77374,1,7,7,1.0,4.0
77384,1,4,4,0.75,2.5
77393,1,13,13,0.46153846153846156,7.0
77447,1,15,15,0.6666666666666666,8.0
77450,1,6,6,0.8333333333333334,3.5
77481,1,2,2,0.0,1.5
77489,1,22,22,0.9090909090909091,11.5
77503,1,4,4,1.0,2.5
77509,1,7,7,1.0,4.0
77521,1,8,8,0.125,4.5
77541,2,21,21,0.42857142857142855,9.19047619047619
77553,1,5,5,0.4,3.0
77573,1,16,16,0.0625,8.5
77578,1,6,6,0.3333333333333333,3.5
77582,1,11,11,0.7272727272727273,6.0
77589,2,27,27,0.8148148148148148,7.333333333333333
77617,2,9,9,0.0,4.111111111111111
77620,1,22,22,0.8181818181818182,11.5
77621,1,6,6,0.3333333333333333,3.5
77626,1,6,6,1.0,3.5
77636,1,12,12,0.8333333333333334,6.5
77638,1,7,7,0.0,4.0
77643,1,4,4,0.75,2.5
77644,1,1,1,1.0,1.0
77646,1,16,16,0.625,8.5
77659,2,17,17,0.5882352941176471,5.117647058823529
77662,1,19,19,0.5789473684210527,10.0
77671,1,14,14,0.8571428571428571,7.5
77689,1,5,5,0.6,3.0
77702,1,2,2,1.0,1.5
77705,1,5,5,0.6,3.0
77718,1,6,6,1.0,3.5
77725,1,6,6,0.3333333333333333,3.5
77746,1,6,6,0.8333333333333334,3.5
77815,1,28,28,0.6071428571428571,14.5
77819,2,13,13,0.6923076923076923,3.769230769230769
77827,1,5,5,0.6,3.0
77833,1,53,53,0.09433962264150944,27.0
77836,1,7,7,0.14285714285714285,4.0
77850,1,6,6,1.0,3.5
77872,2,11,11,0.5454545454545454,3.4545454545454546
77880,1,11,11,0.6363636363636364,6.0
77884,1,24,24,1.0,12.5
77891,1,21,21,0.9523809523809523,11.0
77896,1,12,12,0.3333333333333333,6.5
77897,2,43,43,0.3488372093023256,12.55813953488372
77898,2,46,42,0.391304347826087,12.543478260869565
77916,1,10,10,1.0,5.5
77917,1,11,11,0.2727272727272727,6.0
77924,1,8,8,1.0,4.5
77925,2,24,23,0.5416666666666666,6.875
77929,1,1,1,1.0,1.0
77930,1,10,10,0.3,5.5
77937,1,32,32,0.6875,16.5
77939,1,14,14,1.0,7.5
77943,1,14,14,0.9285714285714286,7.5
77944,1,5,5,0.8,3.0
77956,1,7,7,1.0,4.0
77962,1,10,10,0.7,5.5
77980,1,5,5,0.6,3.0
78006,1,4,4,0.75,2.5
78007,1,5,5,1.0,3.0
78027,1,3,3,0.3333333333333333,2.0
78034,2,5,5,0.4,2.2
78037,1,11,11,0.18181818181818182,6.0
78038,2,13,13,0.8461538461538461,4.230769230769231
78051,1,1,1,1.0,1.0
78087,1,24,24,0.9166666666666666,12.5
78115,1,24,24,0.5833333333333334,12.5
78134,1,23,23,0.9130434782608695,12.0
78141,1,22,22,0.7727272727272727,11.5
78145,1,3,3,0.6666666666666666,2.0
78147,1,27,27,0.5555555555555556,14.0
78150,1,10,10,1.0,5.5
78154,1,25,25,0.4,13.0
78164,1,5,5,0.4,3.0
78167,1,9,9,0.6666666666666666,5.0
78178,2,25,25,0.36,7.96
78190,1,6,6,0.0,3.5
78217,1,17,17,0.6470588235294118,9.0
78230,1,5,5,1.0,3.0
78240,1,10,10,0.6,5.5
78242,1,8,8,0.25,4.5
78296,3,17,17,0.5882352941176471,3.9411764705882355
78309,2,21,17,0.9047619047619048,6.0476190476190474
78310,1,6,6,0.6666666666666666,3.5
78316,1,10,10,0.3,5.5
78323,1,8,8,0.5,4.5
78354,1,12,12,0.5833333333333334,6.5
78359,1,26,26,0.6923076923076923,13.5
78360,2,28,24,0.7857142857142857,7.821428571428571
78363,1,2,2,1.0,1.5
78370,1,17,17,0.9411764705882353,9.0
78387,1,19,19,0.42105263157894735,10.0
78399,1,10,10,0.9,5.5
78408,1,18,18,0.3333333333333333,9.5
78410,1,10,10,0.6,5.5
78417,1,5,5,0.4,3.0
78425,1,10,10,0.3,5.5
78451,1,5,5,1.0,3.0
78474,1,7,7,0.42857142857142855,4.0
78481,1,9,9,0.7777777777777778,5.0
78519,1,18,18,0.7222222222222222,9.5
78526,1,18,18,0.3888888888888889,9.5
78529,1,5,5,0.4,3.0
78536,1,11,11,0.7272727272727273,6.0
78555,1,14,14,0.8571428571428571,7.5
78567,1,4,4,0.25,2.5
78592,1,7,7,1.0,4.0
78598,1,17,17,0.4117647058823529,9.0
78599,1,9,9,0.4444444444444444,5.0
78608,1,4,4,0.25,2.5
78609,1,10,10,0.5,5.5
78627,1,7,7,0.0,4.0
78632,1,6,6,1.0,3.5
78634,1,8,8,0.625,4.5
78636,1,7,7,1.0,4.0
78644,1,8,8,0.125,4.5
78645,1,11,11,0.6363636363636364,6.0
78662,1,16,16,0.5625,8.5
78672,1,4,4,0.75,2.5
78677,2,47,43,0.7659574468085106,16.72340425531915
78718,2,18,17,0.8888888888888888,5.055555555555555
78727,1,22,22,0.22727272727272727,11.5
78734,2,10,10,0.8,3.0
78752,1,14,14,0.9285714285714286,7.5
78775,1,4,4,1.0,2.5
78806,1,16,16,0.1875,8.5
78812,1,12,12,0.9166666666666666,6.5
78819,2,9,9,1.0,4.111111111111111
78836,1,15,15,0.13333333333333333,8.0
78846,1,7,7,0.8571428571428571,4.0
78879,2,12,12,0.4166666666666667,5.583333333333333
78883,1,12,12,1.0,6.5
78900,1,11,11,0.2727272727272727,6.0
78904,1,7,7,1.0,4.0
78905,1,6,6,0.3333333333333333,3.5
78910,1,1,1,0.0,1.0
78924,1,19,19,1.0,10.0
78935,1,3,3,0.6666666666666666,2.0
78979,1,6,6,0.8333333333333334,3.5
78998,1,4,4,1.0,2.5
79005,1,9,9,0.0,5.0
79022,1,12,12,0.3333333333333333,6.5
79039,1,2,2,1.0,1.5
79059,1,18,18,0.0,9.5
79060,1,4,4,1.0,2.5
79061,1,15,15,0.06666666666666667,8.0
79067,1,12,12,0.25,6.5
79069,1,3,3,0.6666666666666666,2.0
79089,1,1,1,1.0,1.0
79105,1,8,8,0.25,4.5
79142,1,1,1,0.0,1.0
79152,1,7,7,0.2857142857142857,4.0
79153,1,11,11,0.09090909090909091,6.0
79163,1,5,5,0.6,3.0
79165,1,4,4,1.0,2.5
79183,1,13,13,0.46153846153846156,7.0
79194,1,24,24,0.4583333333333333,12.5
79205,1,6,6,0.5,3.5
79215,1,10,10,0.7,5.5
79232,2,14,14,0.6428571428571429,5.785714285714286
79235,1,6,6,0.8333333333333334,3.5
79237,1,8,8,0.875,4.5
79254,2,19,13,0.9473684210526315,5.368421052631579
79279,2,20,20,0.85,6.3
79281,1,5,5,1.0,3.0
79290,1,6,6,0.8333333333333334,3.5
79308,1,7,7,0.0,4.0
79313,1,7,7,0.14285714285714285,4.0
79317,1,9,9,0.4444444444444444,5.0
79329,1,10,10,0.6,5.5
79332,1,13,13,0.38461538461538464,7.0
79349,1,4,4,1.0,2.5
79357,1,14,14,1.0,7.5
79372,1,16,16,1.0,8.5
79376,1,11,11,0.36363636363636365,6.0
79381,1,2,2,0.0,1.5
79387,1,6,6,1.0,3.5
79401,1,3,3,0.3333333333333333,2.0
79409,1,1,1,0.0,1.0
79415,1,3,3,0.6666666666666666,2.0
79428,1,9,9,0.8888888888888888,5.0
79430,3,6,6,0.8333333333333334,1.6666666666666667
79431,1,7,7,0.2857142857142857,4.0
79444,1,22,22,0.8636363636363636,11.5
79454,1,12,12,0.5833333333333334,6.5
79460,2,29,29,0.7586206896551724,8.172413793103448
79478,1,14,14,0.8571428571428571,7.5
79482,1,10,10,0.6,5.5
79493,1,5,5,1.0,3.0
79494,1,1,1,0.0,1.0
79497,1,2,2,0.0,1.5
79510,1,17,17,0.8823529411764706,9.0
79511,1,12,12,0.6666666666666666,6.5
79520,1,7,7,0.2857142857142857,4.0
79537,1,9,9,0.5555555555555556,5.0
79553,1,5,5,0.2,3.0
79570,2,6,6,0.6666666666666666,2.6666666666666665
79585,1,12,12,0.8333333333333334,6.5
79603,1,4,4,0.0,2.5
79613,1,59,59,0.423728813559322,30.0
79624,1,4,4,1.0,2.5
79626,1,15,15,0.8,8.0
79638,1,12,12,0.5,6.5
79643,1,8,8,0.5,4.5
79651,1,5,5,0.4,3.0
79661,1,11,11,0.9090909090909091,6.0
79671,1,4,4,1.0,2.5
79672,1,13,13,0.3076923076923077,7.0
79688,1,8,8,0.0,4.5
79696,1,18,18,0.8333333333333334,9.5
79699,1,1,1,0.0,1.0
79708,2,7,7,0.5714285714285714,2.2857142857142856
79717,1,8,8,0.125,4.5
79719,1,23,23,0.34782608695652173,12.0
79730,2,25,25,0.4,6.84
79733,1,7,7,0.8571428571428571,4.0
79747,1,1,1,1.0,1.0
79748,1,3,3,0.6666666666666666,2.0
79753,1,10,10,0.8,5.5
79754,1,4,4,1.0,2.5
79768,1,5,5,0.4,3.0
79778,1,8,8,0.75,4.5
79780,2,4,4,0.25,1.75
79785,1,21,21,0.8095238095238095,11.0
79795,1,11,11,0.45454545454545453,6.0
79812,1,5,5,0.2,3.0
79825,1,1,1,1.0,1.0
79853,1,23,23,0.43478260869565216,12.0
79854,1,11,11,0.8181818181818182,6.0
79864,1,9,9,1.0,5.0
79869,1,11,11,0.36363636363636365,6.0
79896,1,11,11,0.18181818181818182,6.0
79898,1,33,33,0.12121212121212122,17.0
79925,1,9,9,0.7777777777777778,5.0
79931,1,14,14,0.21428571428571427,7.5
79935,1,11,11,1.0,6.0
79943,2,26,26,0.6153846153846154,7.961538461538462
79948,1,5,5,0.0,3.0
79967,1,6,6,0.0,3.5
80039,1,1,1,1.0,1.0
80061,1,12,12,0.6666666666666666,6.5
80092,1,25,25,0.32,13.0
80107,1,9,9,0.2222222222222222,5.0
80115,1,4,4,0.0,2.5
80118,2,17,15,1.0,4.882352941176471
80128,1,28,28,0.42857142857142855,14.5
80146,1,1,1,1.0,1.0
80151,1,8,8,0.625,4.5
80160,1,17,17,0.7647058823529411,9.0
80170,1,7,7,1.0,4.0
80181,1,8,8,0.875,4.5
80195,1,5,5,0.0,3.0
80196,1,2,2,0.5,1.5
80204,1,3,3,1.0,2.0
80212,1,2,2,1.0,1.5
80231,1,14,14,0.8571428571428571,7.5
80261,1,13,13,0.6153846153846154,7.0
80270,1,3,3,0.6666666666666666,2.0
80276,1,15,15,0.4666666666666667,8.0
80277,1,25,25,0.48,13.0
80291,1,15,15,0.2,8.0
80301,1,1,1,0.0,1.0
80325,2,37,37,0.3783783783783784,17.10810810810811
80349,2,50,50,0.58,13.02
80350,2,16,15,0.4375,6.0625
80361,1,1,1,1.0,1.0
80365,1,2,2,1.0,1.5
80369,1,19,19,1.0,10.0
80374,1,9,9,0.0,5.0
80384,1,5,5,1.0,3.0
80387,1,12,12,0.5833333333333334,6.5
80390,1,16,16,0.5,8.5
80404,1,3,3,0.3333333333333333,2.0
80420,1,4,4,0.5,2.5
80422,1,1,1,1.0,1.0
80427,1,12,12,0.25,6.5
80435,1,3,3,0.3333333333333333,2.0
80441,1,6,6,0.8333333333333334,3.5
80445,1,17,17,0.5294117647058824,9.0
80450,1,25,25,0.92,13.0
80480,1,8,8,0.875,4.5
80483,2,22,19,0.7272727272727273,6.181818181818182
80490,1,1,1,1.0,1.0
80494,1,16,16,0.6875,8.5
80509,1,3,3,0.6666666666666666,2.0
80512,1,15,15,0.0,8.0
80527,1,50,50,0.8,25.5
80531,1,9,9,0.2222222222222222,5.0
80533,1,4,4,1.0,2.5
80534,1,10,10,0.0,5.5
80536,1,1,1,1.0,1.0
80537,1,9,9,0.0,5.0
80583,1,4,4,0.5,2.5
80601,1,7,7,0.8571428571428571,4.0
80605,2,22,20,0.7727272727272727,6.7272727272727275
80607,1,19,19,0.7368421052631579,10.0
80640,1,11,11,0.09090909090909091,6.0
80644,1,18,18,0.7777777777777778,9.5
80650,1,2,2,0.0,1.5
80651,2,16,12,1.0,4.75
80662,1,2,2,0.0,1.5
80682,1,13,13,0.07692307692307693,7.0
80687,1,8,8,0.75,4.5
80693,1,4,4,0.25,2.5
80701,1,6,6,0.3333333333333333,3.5
80721,1,10,10,0.9,5.5
80729,1,5,5,0.6,3.0
80739,1,9,9,0.5555555555555556,5.0
80745,1,14,14,0.8571428571428571,7.5
80753,1,16,16,0.9375,8.5
80784,1,1,1,1.0,1.0
80789,1,5,5,0.4,3.0
80803,1,16,16,0.3125,8.5
80811,2,16,16,0.5625,4.5625
80812,1,19,19,0.9473684210526315,10.0
80813,1,2,2,0.5,1.5
80828,1,5,5,0.8,3.0
80833,1,4,4,0.75,2.5
80875,1,9,9,0.8888888888888888,5.0
80876,1,4,4,1.0,2.5
80878,1,16,16,0.625,8.5
80879,1,13,13,1.0,7.0
80903,1,8,8,0.5,4.5
80929,1,8,8,0.75,4.5
80946,1,8,8,0.0,4.5
80951,1,9,9,0.0,5.0
80963,1,14,14,0.6428571428571429,7.5
80971,1,14,14,1.0,7.5
80977,1,9,9,0.5555555555555556,5.0
80981,1,16,16,0.75,8.5
80986,1,5,5,0.6,3.0
80988,2,24,24,0.5416666666666666,9.166666666666666
81000,1,22,22,0.9545454545454546,11.5
81013,1,8,8,0.625,4.5
81018,1,19,19,0.7894736842105263,10.0
81075,1,10,10,0.8,5.5
81088,1,2,2,0.0,1.5
81097,1,5,5,1.0,3.0
81100,1,6,6,0.0,3.5
81104,1,1,1,1.0,1.0
81121,1,2,2,0.0,1.5
81144,2,31,31,0.3870967741935484,8.903225806451612
81164,1,30,30,0.6333333333333333,15.5
81175,1,15,15,0.6,8.0
81179,1,6,6,0.16666666666666666,3.5
81183,2,21,20,0.6666666666666666,6.714285714285714
81184,2,16,15,0.9375,5.0625
81190,1,13,13,0.6923076923076923,7.0
81200,1,3,3,0.6666666666666666,2.0
81219,1,19,19,0.10526315789473684,10.0
81236,1,21,21,0.0,11.0
81238,1,5,5,0.8,3.0
81290,1,20,20,0.35,10.5
81292,1,5,5,0.4,3.0
81294,1,27,27,0.6296296296296297,14.0
81300,1,33,33,0.3333333333333333,17.0
81306,1,7,7,0.5714285714285714,4.0
81309,1,1,1,1.0,1.0
81313,1,14,14,0.6428571428571429,7.5
81325,1,10,10,0.1,5.5
81332,1,12,12,0.75,6.5
81339,1,3,3,1.0,2.0
81344,1,12,12,0.3333333333333333,6.5
81346,1,22,22,0.45454545454545453,11.5
81347,1,4,4,1.0,2.5
81350,1,5,5,0.6,3.0
81357,1,6,6,0.3333333333333333,3.5
81359,1,16,16,0.875,8.5
81368,1,3,3,1.0,2.0
81372,1,3,3,0.6666666666666666,2.0
81378,1,5,5,0.2,3.0
81389,2,13,13,0.5384615384615384,3.769230769230769
81416,1,6,6,0.16666666666666666,3.5
81430,1,9,9,0.6666666666666666,5.0
81433,1,5,5,0.6,3.0
81444,1,22,22,0.6363636363636364,11.5
81456,1,2,2,0.0,1.5
81461,1,7,7,0.7142857142857143,4.0
81477,1,7,7,0.5714285714285714,4.0
81483,1,14,14,0.35714285714285715,7.5
81506,2,32,30,0.40625,8.53125
81516,1,10,10,0.5,5.5
81519,1,10,10,0.8,5.5
81528,1,15,15,0.0,8.0
81547,1,13,13,0.5384615384615384,7.0
81557,1,3,3,1.0,2.0
81566,1,9,9,0.4444444444444444,5.0
81567,1,2,2,1.0,1.5
81578,1,10,10,1.0,5.5
81606,1,5,5,1.0,3.0
81628,1,18,18,0.2777777777777778,9.5
81665,1,10,10,0.0,5.5
81668,1,6,6,1.0,3.5
81669,1,1,1,1.0,1.0
81678,1,6,6,1.0,3.5
81691,1,20,20,0.4,10.5
81704,1,12,12,0.9166666666666666,6.5
81706,1,6,6,0.5,3.5
81707,1,16,16,0.125,8.5
81735,2,11,11,0.36363636363636365,3.272727272727273
81750,1,7,7,1.0,4.0
81756,1,5,5,1.0,3.0
81768,1,7,7,0.0,4.0
81772,1,6,6,0.0,3.5
81791,1,15,15,0.6666666666666666,8.0
81826,1,18,18,0.3888888888888889,9.5
81827,1,8,8,0.625,4.5
81835,1,6,6,0.3333333333333333,3.5
81855,1,19,19,0.0,10.0
81856,1,6,6,1.0,3.5
81899,1,1,1,0.0,1.0
81902,1,14,14,0.2857142857142857,7.5
81934,1,12,12,0.6666666666666666,6.5
81935,1,1,1,1.0,1.0
81944,1,6,6,1.0,3.5
81951,1,13,13,0.3076923076923077,7.0
81952,2,18,16,0.3333333333333333,5.5
81957,1,9,9,0.0,5.0
81962,1,1,1,0.0,1.0
81965,1,8,8,1.0,4.5
81979,1,11,11,0.45454545454545453,6.0
81982,2,11,11,0.6363636363636364,3.4545454545454546
81989,1,1,1,1.0,1.0
82002,1,2,2,1.0,1.5
82052,2,3,3,0.6666666666666666,1.3333333333333333
82065,1,13,13,0.0,7.0
82083,1,10,10,0.1,5.5
82086,1,14,14,0.14285714285714285,7.5
82107,1,3,3,1.0,2.0
82110,1,12,12,1.0,6.5
82148,1,21,21,0.7619047619047619,11.0
82150,1,12,12,0.9166666666666666,6.5
82159,1,16,16,0.25,8.5
82185,1,3,3,0.0,2.0
82197,1,15,15,0.4666666666666667,8.0
82202,1,5,5,0.2,3.0
82204,2,34,32,0.7058823529411765,9.117647058823529
82208,1,8,8,0.5,4.5
82213,1,7,7,0.14285714285714285,4.0
82232,2,15,11,0.9333333333333333,4.666666666666667
82240,1,21,21,0.6190476190476191,11.0
82241,1,19,19,0.7368421052631579,10.0
82257,1,10,10,0.6,5.5
82263,1,11,11,1.0,6.0
82283,1,1,1,1.0,1.0
82288,2,29,26,0.8620689655172413,8.793103448275861
82320,1,1,1,0.0,1.0
82329,1,7,7,0.7142857142857143,4.0
82330,1,18,18,0.0,9.5
82340,1,4,4,0.25,2.5
82348,1,6,6,0.6666666666666666,3.5
82350,1,7,7,0.2857142857142857,4.0
82356,1,7,7,0.7142857142857143,4.0
82357,1,7,7,0.5714285714285714,4.0
82364,1,7,7,0.5714285714285714,4.0
82365,1,2,2,1.0,1.5
82388,1,5,5,0.8,3.0
82404,1,8,8,0.875,4.5
82414,1,5,5,1.0,3.0
82424,2,8,8,1.0,2.625
82427,1,12,12,0.8333333333333334,6.5
82445,1,11,11,0.2727272727272727,6.0
82464,1,7,7,1.0,4.0
82477,1,10,10,0.1,5.5
82480,1,11,11,1.0,6.0
82483,1,25,25,0.64,13.0
82498,1,10,10,0.6,5.5
82537,1,7,7,0.7142857142857143,4.0
82545,1,10,10,0.8,5.5
82563,1,10,10,1.0,5.5
82581,1,2,2,0.0,1.5
82582,1,13,13,0.0,7.0
82593,1,4,4,1.0,2.5
82598,3,39,35,0.7948717948717948,14.717948717948717
82600,1,2,2,0.5,1.5
82607,1,15,15,0.6666666666666666,8.0
82614,1,2,2,1.0,1.5
82615,1,7,7,0.0,4.0
82625,1,12,12,0.3333333333333333,6.5
82639,2,19,19,0.5789473684210527,5.894736842105263
82663,1,1,1,1.0,1.0
82667,1,5,5,0.8,3.0
82672,1,3,3,1.0,2.0
82681,1,16,16,0.3125,8.5
82715,1,6,6,0.8333333333333334,3.5
82764,1,16,16,0.375,8.5
82770,1,9,9,1.0,5.0
82782,1,5,5,1.0,3.0
82799,1,7,7,0.0,4.0
82821,1,5,5,1.0,3.0
82828,1,13,13,0.38461538461538464,7.0
82831,1,14,14,0.9285714285714286,7.5
82836,1,13,13,0.46153846153846156,7.0
82847,1,6,6,1.0,3.5
82854,1,20,20,0.7,10.5
82857,1,6,6,0.5,3.5
82872,2,16,16,0.875,4.5
82889,1,9,9,0.1111111111111111,5.0
82896,1,14,14,0.7857142857142857,7.5
82898,1,14,14,0.6428571428571429,7.5
82907,1,11,11,0.7272727272727273,6.0
82908,1,34,34,0.0,17.5
82915,1,9,9,0.2222222222222222,5.0
82929,1,9,9,0.6666666666666666,5.0
82943,2,23,23,0.8260869565217391,7.130434782608695
82969,1,4,4,0.5,2.5
82971,1,8,8,0.875,4.5
82972,1,4,4,1.0,2.5
82998,1,10,10,0.4,5.5
83009,1,3,3,1.0,2.0
83011,1,2,2,0.0,1.5
83052,1,11,11,1.0,6.0
83061,1,16,16,1.0,8.5
83068,1,11,11,1.0,6.0
83069,1,19,19,0.7368421052631579,10.0
83071,1,9,9,0.8888888888888888,5.0
83080,1,13,13,0.07692307692307693,7.0
83089,1,1,1,0.0,1.0
83093,1,13,13,0.38461538461538464,7.0
83110,1,2,2,1.0,1.5
83114,1,16,16,0.375,8.5
83121,1,5,5,0.0,3.0
83143,1,3,3,0.0,2.0
83185,1,1,1,1.0,1.0
83190,1,1,1,0.0,1.0
83241,1,7,7,0.7142857142857143,4.0
83250,1,8,8,0.875,4.5
83253,1,13,13,1.0,7.0
83262,1,11,11,0.9090909090909091,6.0
83305,1,6,6,0.8333333333333334,3.5
83311,1,18,18,0.6111111111111112,9.5
83321,1,10,10,0.6,5.5
83378,1,3,3,0.6666666666666666,2.0
83381,1,9,9,1.0,5.0
83382,1,16,16,0.5,8.5
83393,1,4,4,0.0,2.5
83396,1,19,19,0.9473684210526315,10.0
83415,1,12,12,0.5833333333333334,6.5
83430,1,1,1,0.0,1.0
83433,1,1,1,1.0,1.0
83434,1,6,6,0.8333333333333334,3.5
83437,1,12,12,0.6666666666666666,6.5
83446,1,10,10,0.1,5.5
83455,1,10,10,1.0,5.5
83461,1,8,8,0.375,4.5
83466,1,32,32,0.0,16.5
83486,1,7,7,1.0,4.0
83499,1,8,8,0.75,4.5
83500,1,5,5,1.0,3.0
83507,1,8,8,0.25,4.5
83522,1,4,4,0.0,2.5
83525,1,15,15,0.6666666666666666,8.0
83554,1,4,4,0.5,2.5
83560,1,7,7,0.8571428571428571,4.0
83568,1,3,3,1.0,2.0
83580,1,8,8,0.125,4.5
83602,1,22,22,0.2727272727272727,11.5
83608,1,8,8,1.0,4.5
83611,1,17,17,1.0,9.0
83632,1,5,5,0.8,3.0
83633,1,5,5,0.8,3.0
83709,1,5,5,0.0,3.0
83727,1,4,4,0.75,2.5
83745,1,14,14,0.7142857142857143,7.5
83757,1,10,10,0.1,5.5
83773,1,3,3,0.3333333333333333,2.0
83784,1,10,10,0.7,5.5
83822,1,2,2,0.5,1.5
83833,1,8,8,0.875,4.5
83847,1,12,12,0.8333333333333334,6.5
83856,1,2,2,0.5,1.5
83860,1,5,5,0.4,3.0
83869,1,10,10,1.0,5.5
83890,1,8,8,0.25,4.5
83896,1,14,14,0.2857142857142857,7.5
83898,1,1,1,0.0,1.0
83907,1,14,14,0.14285714285714285,7.5
83915,1,4,4,1.0,2.5
83923,1,6,6,0.6666666666666666,3.5
83934,1,9,9,0.2222222222222222,5.0
83935,1,1,1,0.0,1.0
83938,1,2,2,0.0,1.5
83971,1,13,13,1.0,7.0
83979,1,8,8,0.875,4.5
83983,1,3,3,0.0,2.0
83987,1,1,1,0.0,1.0
84009,1,1,1,1.0,1.0
84027,1,7,7,0.0,4.0
84046,1,4,4,0.75,2.5
84047,1,16,16,0.75,8.5
84058,1,9,9,0.2222222222222222,5.0
84068,1,6,6,0.5,3.5
84095,2,4,4,1.0,1.5
84096,1,7,7,0.42857142857142855,4.0
84117,1,8,8,0.0,4.5
84132,2,13,13,0.7692307692307693,4.6923076923076925
84148,1,4,4,0.5,2.5
84156,1,10,10,1.0,5.5
84162,1,5,5,0.6,3.0
84170,1,15,15,0.4,8.0
84186,1,12,12,0.9166666666666666,6.5
84194,1,4,4,1.0,2.5
84204,1,11,11,0.09090909090909091,6.0
84210,2,14,14,0.9285714285714286,6.571428571428571
84231,1,9,9,1.0,5.0
84233,1,1,1,1.0,1.0
84242,1,14,14,0.7857142857142857,7.5
84249,1,3,3,0.3333333333333333,2.0
84259,1,9,9,0.6666666666666666,5.0
84275,1,10,10,0.0,5.5
84279,1,8,8,0.25,4.5
84301,2,17,17,0.9411764705882353,4.764705882352941
84307,1,18,18,0.3333333333333333,9.5
84338,1,6,6,0.0,3.5
84349,1,14,14,0.8571428571428571,7.5
84362,1,19,19,0.0,10.0
84364,1,8,8,0.875,4.5
84397,1,5,5,0.2,3.0
84398,1,14,14,1.0,7.5
84433,1,11,11,0.45454545454545453,6.0
84436,1,7,7,0.7142857142857143,4.0
84440,1,23,23,0.6956521739130435,12.0
84464,1,5,5,0.0,3.0
84474,1,22,22,0.9545454545454546,11.5
84481,1,7,7,0.5714285714285714,4.0
84498,1,38,38,0.4473684210526316,19.5
84505,1,28,28,0.5,14.5
84519,1,6,6,0.8333333333333334,3.5
84526,1,8,8,1.0,4.5
84529,2,27,23,0.6666666666666666,7.2592592592592595
84549,1,19,19,1.0,10.0
84562,1,5,5,1.0,3.0
84568,1,32,32,0.84375,16.5
84581,2,44,38,0.38636363636363635,12.068181818181818
84587,1,13,13,0.38461538461538464,7.0
84589,1,3,3,1.0,2.0
84596,1,17,17,1.0,9.0
84603,1,5,5,0.8,3.0
84604,1,4,4,1.0,2.5
84615,1,3,3,0.6666666666666666,2.0
84657,1,6,6,1.0,3.5
84663,1,5,5,0.8,3.0
84677,2,25,25,0.76,7.24
84685,1,8,8,0.625,4.5
84698,1,11,11,0.0,6.0
84706,1,4,4,1.0,2.5
84707,1,10,10,0.1,5.5
84709,1,20,20,0.1,10.5
84722,1,6,6,1.0,3.5
84731,1,8,8,0.375,4.5
84745,1,3,3,0.0,2.0
84758,1,11,11,0.09090909090909091,6.0
84768,1,5,5,1.0,3.0
84777,1,8,8,0.75,4.5
84783,1,15,15,0.06666666666666667,8.0
84784,1,8,8,0.625,4.5
84789,1,10,10,0.4,5.5
84792,1,13,13,0.46153846153846156,7.0
84794,2,5,5,0.6,1.8
84803,1,11,11,1.0,6.0
84817,1,3,3,0.3333333333333333,2.0
84820,1,2,2,0.5,1.5
84830,1,2,2,0.0,1.5
84834,1,6,6,0.8333333333333334,3.5
84837,1,19,19,0.5789473684210527,10.0
84845,1,7,7,0.8571428571428571,4.0
84853,1,2,2,0.5,1.5
84859,2,18,18,0.6111111111111112,5.055555555555555
84864,1,8,8,0.0,4.5
84867,1,2,2,1.0,1.5
84876,1,25,25,0.48,13.0
84886,1,9,9,0.8888888888888888,5.0
84919,1,21,21,0.42857142857142855,11.0
84926,1,14,14,0.42857142857142855,7.5
84929,1,10,10,0.0,5.5
84932,1,1,1,1.0,1.0
84934,1,3,3,1.0,2.0
84940,1,1,1,1.0,1.0
84953,1,2,2,1.0,1.5
84968,1,14,14,0.5714285714285714,7.5
84980,1,8,8,0.5,4.5
84983,1,10,10,1.0,5.5
84984,1,6,6,0.3333333333333333,3.5
84985,1,14,14,0.7857142857142857,7.5
84987,1,12,12,0.25,6.5
84991,1,3,3,1.0,2.0
84994,1,10,10,0.6,5.5
84997,1,26,26,0.3076923076923077,13.5
85003,1,13,13,0.38461538461538464,7.0
85015,1,26,26,0.6923076923076923,13.5
85028,1,25,25,0.6,13.0
85035,1,8,8,0.75,4.5
85044,1,17,17,0.5294117647058824,9.0
85045,1,5,5,1.0,3.0
85120,1,3,3,1.0,2.0
85125,1,13,13,0.9230769230769231,7.0
85135,1,7,7,0.5714285714285714,4.0
85140,1,2,2,1.0,1.5
85147,1,17,17,0.29411764705882354,9.0
85161,1,1,1,0.0,1.0
85169,1,7,7,0.7142857142857143,4.0
85183,1,10,10,0.5,5.5
85185,1,1,1,1.0,1.0
85202,1,18,18,0.9444444444444444,9.5
85203,1,6,6,1.0,3.5
85219,1,17,17,0.8823529411764706,9.0
85240,1,5,5,0.6,3.0
85264,2,3,3,1.0,1.3333333333333333
85276,1,7,7,0.2857142857142857,4.0
85283,1,5,5,0.0,3.0
85290,1,11,11,1.0,6.0
85306,1,8,8,0.75,4.5
85310,1,14,14,0.9285714285714286,7.5
85314,1,4,4,0.75,2.5
85321,2,14,14,0.8571428571428571,4.071428571428571
85331,1,16,16,0.5625,8.5
85333,1,5,5,0.8,3.0
85349,1,1,1,1.0,1.0
85359,1,9,9,1.0,5.0
85383,1,14,14,0.5714285714285714,7.5
85387,1,9,9,0.8888888888888888,5.0
85389,1,8,8,0.375,4.5
85394,1,10,10,0.5,5.5
85452,1,10,10,0.4,5.5
85454,1,17,17,0.5882352941176471,9.0
85467,1,9,9,0.5555555555555556,5.0
85477,1,7,7,0.2857142857142857,4.0
85484,1,1,1,1.0,1.0
85496,1,6,6,0.16666666666666666,3.5
85511,1,2,2,1.0,1.5
85561,1,5,5,0.2,3.0
85577,1,8,8,1.0,4.5
85593,1,2,2,1.0,1.5
85620,1,17,17,1.0,9.0
85631,1,2,2,1.0,1.5
85632,1,6,6,0.8333333333333334,3.5
85635,1,13,13,0.8461538461538461,7.0
85644,1,10,10,1.0,5.5
85647,1,5,5,0.4,3.0
85648,1,7,7,0.8571428571428571,4.0
85649,1,6,6,0.5,3.5
85680,1,5,5,0.4,3.0
85690,1,3,3,1.0,2.0
85709,1,7,7,1.0,4.0
85714,1,4,4,0.75,2.5
85740,1,11,11,0.18181818181818182,6.0
85743,1,3,3,0.6666666666666666,2.0
85745,2,30,29,0.5666666666666667,9.2
85757,1,23,23,0.8695652173913043,12.0
85759,1,5,5,0.4,3.0
85780,1,18,18,0.8333333333333334,9.5
85800,1,4,4,0.5,2.5
85805,2,5,5,0.6,1.8
85823,1,20,20,0.45,10.5
85829,1,26,26,0.46153846153846156,13.5
85831,1,7,7,0.14285714285714285,4.0
85862,1,4,4,0.5,2.5
85887,1,2,2,0.5,1.5
85900,1,34,34,0.2647058823529412,17.5
85903,1,15,15,0.6,8.0
85908,1,2,2,1.0,1.5
85915,1,6,6,1.0,3.5
85916,1,4,4,1.0,2.5
85920,1,4,4,1.0,2.5
85935,1,2,2,0.0,1.5
85938,1,1,1,1.0,1.0
85954,1,33,33,0.8484848484848485,17.0
85959,1,9,9,0.7777777777777778,5.0
85964,1,12,12,0.0,6.5
85968,1,3,3,0.6666666666666666,2.0
85974,1,9,9,0.8888888888888888,5.0
85977,1,17,17,0.47058823529411764,9.0
85983,1,3,3,0.0,2.0
86003,1,10,10,0.6,5.5
86012,1,24,24,0.0,12.5
86039,1,2,2,1.0,1.5
86109,1,3,3,1.0,2.0
86130,1,12,12,0.5833333333333334,6.5
86142,1,15,15,0.8,8.0
86150,1,16,16,0.4375,8.5
86154,1,12,12,0.8333333333333334,6.5
86173,2,22,22,0.7727272727272727,7.636363636363637
86178,1,8,8,0.75,4.5
86194,1,20,20,0.95,10.5
86208,1,21,21,0.5714285714285714,11.0
86209,1,53,53,0.7169811320754716,27.0
86218,1,2,2,1.0,1.5
86219,3,24,23,0.9583333333333334,5.291666666666667
86227,1,9,9,0.8888888888888888,5.0
86228,1,20,20,0.8,10.5
86236,1,7,7,0.42857142857142855,4.0
86241,1,5,5,0.2,3.0
86247,1,10,10,0.8,5.5
86255,1,8,8,0.875,4.5
86271,1,5,5,1.0,3.0
86283,1,12,12,0.3333333333333333,6.5
86285,1,2,2,0.5,1.5
86288,1,1,1,1.0,1.0
86303,1,1,1,1.0,1.0
86304,1,10,10,0.3,5.5
86330,1,5,5,1.0,3.0
86331,2,15,15,0.4666666666666667,4.666666666666667
86340,1,13,13,0.07692307692307693,7.0
86342,1,11,11,0.45454545454545453,6.0
86344,1,1,1,1.0,1.0
86350,1,8,8,1.0,4.5
86379,1,44,44,0.5454545454545454,22.5
86383,2,25,25,0.8,7.96
86384,1,17,17,0.35294117647058826,9.0
86390,1,20,20,0.35,10.5
86396,1,13,13,0.0,7.0
86421,1,3,3,1.0,2.0
86448,1,5,5,0.6,3.0
86465,1,3,3,0.6666666666666666,2.0
86472,1,5,5,0.2,3.0
86500,1,5,5,0.8,3.0
86512,1,6,6,0.0,3.5
86521,1,17,17,0.5882352941176471,9.0
86541,1,9,9,0.5555555555555556,5.0
86559,1,6,6,0.0,3.5
86569,1,11,11,0.2727272727272727,6.0
86576,1,1,1,1.0,1.0
86584,1,10,10,0.7,5.5
86603,1,10,10,0.7,5.5
86605,1,1,1,1.0,1.0
86609,1,2,2,0.0,1.5
86614,1,1,1,1.0,1.0
86619,1,2,2,1.0,1.5
86623,2,22,21,0.5,8.227272727272727
86627,2,14,13,0.5714285714285714,5.785714285714286
86646,1,1,1,1.0,1.0
86662,1,7,7,0.0,4.0
86666,1,5,5,0.6,3.0
86669,1,8,8,0.25,4.5
86704,1,18,18,0.2777777777777778,9.5
86733,1,1,1,1.0,1.0
86736,1,4,4,1.0,2.5
86737,1,4,4,0.5,2.5
86750,1,1,1,0.0,1.0
86751,1,3,3,0.3333333333333333,2.0
86754,1,9,9,0.3333333333333333,5.0
86764,1,6,6,0.8333333333333334,3.5
86769,1,24,24,0.08333333333333333,12.5
86797,1,26,26,0.9615384615384616,13.5
86798,1,11,11,1.0,6.0
86802,1,8,8,0.75,4.5
86804,2,7,7,0.42857142857142855,2.2857142857142856
86810,1,13,13,0.0,7.0
86815,1,9,9,0.1111111111111111,5.0
86820,1,8,8,1.0,4.5
86837,1,20,20,0.6,10.5
86844,1,5,5,0.0,3.0
86847,1,16,16,0.4375,8.5
86849,1,5,5,0.4,3.0
86861,1,27,27,0.8888888888888888,14.0
86865,1,21,21,0.42857142857142855,11.0
86882,1,28,28,0.4642857142857143,14.5
86884,1,3,3,0.6666666666666666,2.0
86896,1,4,4,0.75,2.5
86912,1,21,21,0.38095238095238093,11.0
86920,1,9,9,0.8888888888888888,5.0
86931,1,5,5,0.8,3.0
86947,1,8,8,0.0,4.5
86954,1,3,3,1.0,2.0
86958,1,7,7,0.7142857142857143,4.0
86997,1,17,17,0.17647058823529413,9.0
87026,2,25,25,0.88,7.24
87030,1,1,1,1.0,1.0
87041,1,12,12,0.5833333333333334,6.5
87043,1,7,7,0.2857142857142857,4.0
87056,1,10,10,0.8,5.5
87058,1,37,37,0.7837837837837838,19.0
87064,1,2,2,0.0,1.5
87069,1,2,2,0.0,1.5
87078,1,5,5,0.8,3.0
87079,1,5,5,0.6,3.0
87087,1,4,4,0.75,2.5
87113,2,28,28,0.25,7.5
87114,1,1,1,1.0,1.0
87117,1,6,6,1.0,3.5
87126,2,3,3,0.0,1.3333333333333333
87129,1,27,27,0.37037037037037035,14.0
87130,1,9,9,0.5555555555555556,5.0
87136,1,11,11,0.18181818181818182,6.0
87144,1,2,2,0.5,1.5
87145,1,7,7,0.8571428571428571,4.0
87152,2,14,14,1.0,4.071428571428571
87161,1,16,16,0.625,8.5
87185,1,15,15,1.0,8.0
87208,1,7,7,0.7142857142857143,4.0
87217,1,18,18,0.8333333333333334,9.5
87250,1,9,9,0.8888888888888888,5.0
87274,1,19,19,0.05263157894736842,10.0
87310,1,31,31,0.6451612903225806,16.0
87311,1,11,11,0.6363636363636364,6.0
87338,1,8,8,0.25,4.5
87348,1,31,31,0.967741935483871,16.0
87354,1,15,15,0.06666666666666667,8.0
87402,2,12,12,0.4166666666666667,4.833333333333333
87406,1,1,1,1.0,1.0
87421,1,6,6,0.5,3.5
87457,1,4,4,1.0,2.5
87470,2,43,43,0.8837209302325582,11.255813953488373
87494,1,2,2,1.0,1.5
87522,1,2,2,0.5,1.5
87530,1,9,9,0.6666666666666666,5.0
87534,1,11,11,0.8181818181818182,6.0
87556,1,5,5,0.4,3.0
87557,1,4,4,0.25,2.5
87564,1,6,6,0.5,3.5
87575,1,11,11,0.7272727272727273,6.0
87601,1,10,10,0.1,5.5
87616,2,37,33,0.8378378378378378,10.08108108108108
87626,1,10,10,0.2,5.5
87629,1,13,13,0.8461538461538461,7.0
87631,2,21,20,0.19047619047619047,6.714285714285714
87633,1,24,24,0.5416666666666666,12.5
87634,2,73,63,0.863013698630137,18.835616438356166
87638,1,7,7,0.5714285714285714,4.0
87644,1,5,5,1.0,3.0
87650,1,15,15,0.0,8.0
87659,1,6,6,0.0,3.5
87672,2,30,29,0.26666666666666666,8.533333333333333
87686,1,7,7,0.8571428571428571,4.0
87688,1,37,37,0.972972972972973,19.0
87704,1,2,2,1.0,1.5
87706,1,14,14,0.42857142857142855,7.5
87711,1,4,4,1.0,2.5
87717,1,28,28,0.8928571428571429,14.5
87720,1,7,7,0.0,4.0
87724,1,8,8,0.75,4.5
87735,1,7,7,0.8571428571428571,4.0
87767,1,5,5,1.0,3.0
87769,1,6,6,0.16666666666666666,3.5
87784,1,11,11,0.0,6.0
87790,1,20,20,0.4,10.5
87802,1,19,19,0.5263157894736842,10.0
87810,1,9,9,0.4444444444444444,5.0
87816,2,6,6,0.6666666666666666,2.0
87834,1,10,10,0.6,5.5
87842,1,5,5,0.8,3.0
87872,1,3,3,1.0,2.0
87877,1,39,39,0.5128205128205128,20.0
87878,1,11,11,0.6363636363636364,6.0
87882,1,4,4,0.75,2.5
87889,3,43,38,0.6976744186046512,9.55813953488372
87912,1,14,14,0.7142857142857143,7.5
87916,1,2,2,1.0,1.5
87925,1,25,25,0.72,13.0
87926,1,19,19,0.5263157894736842,10.0
87932,1,5,5,0.0,3.0
87938,1,17,17,0.7647058823529411,9.0
87958,1,1,1,0.0,1.0
87959,1,10,10,0.1,5.5
87962,1,13,13,0.9230769230769231,7.0
87990,1,5,5,0.8,3.0
88007,1,13,13,0.6923076923076923,7.0
88010,1,17,17,0.7058823529411765,9.0
88011,1,12,12,0.3333333333333333,6.5
88069,1,17,17,0.5882352941176471,9.0
88081,1,8,8,1.0,4.5
88090,1,16,16,0.25,8.5
88093,1,5,5,0.6,3.0
88097,1,1,1,1.0,1.0
88100,1,11,11,0.36363636363636365,6.0
88107,1,5,5,0.8,3.0
88109,1,3,3,1.0,2.0
88118,1,3,3,0.6666666666666666,2.0
88119,1,25,25,0.36,13.0
88130,1,15,15,0.5333333333333333,8.0
88133,2,14,14,0.14285714285714285,4.642857142857143
88135,1,19,19,0.5789473684210527,10.0
88150,1,10,10,0.4,5.5
88154,1,5,5,0.4,3.0
88179,1,17,17,0.29411764705882354,9.0
88217,1,6,6,0.6666666666666666,3.5
88236,1,11,11,0.9090909090909091,6.0
88239,1,16,16,0.125,8.5
88241,1,19,19,0.7368421052631579,10.0
88248,1,6,6,0.16666666666666666,3.5
88265,1,10,10,0.8,5.5
88267,1,8,8,0.875,4.5
88275,1,6,6,0.8333333333333334,3.5
88278,2,19,17,0.8421052631578947,5.578947368421052
88292,1,26,26,0.46153846153846156,13.5
88303,1,4,4,0.75,2.5
88317,1,9,9,0.3333333333333333,5.0
88325,1,29,29,0.5517241379310345,15.0
88362,1,15,15,0.9333333333333333,8.0
88370,1,17,17,0.29411764705882354,9.0
88375,1,10,10,0.0,5.5
88377,1,24,24,0.625,12.5
88397,1,6,6,0.8333333333333334,3.5
88415,1,7,7,0.0,4.0
88434,1,2,2,1.0,1.5
88445,1,7,7,1.0,4.0
88447,1,9,9,0.4444444444444444,5.0
88482,1,4,4,0.25,2.5
88483,1,11,11,0.6363636363636364,6.0
88513,1,7,7,0.7142857142857143,4.0
88526,1,9,9,0.7777777777777778,5.0
88536,2,17,17,0.17647058823529413,8.058823529411764
88541,1,16,16,0.5625,8.5
88543,1,13,13,0.7692307692307693,7.0
88544,1,5,5,0.2,3.0
88558,1,11,11,0.8181818181818182,6.0
88569,1,3,3,0.0,2.0
88576,1,6,6,0.16666666666666666,3.5
88594,1,4,4,0.5,2.5
88599,1,9,9,0.2222222222222222,5.0
88622,1,18,18,0.6111111111111112,9.5
88627,1,17,17,0.23529411764705882,9.0
88628,1,3,3,1.0,2.0
88648,1,8,8,1.0,4.5
88652,1,7,7,0.42857142857142855,4.0
88659,1,15,15,0.3333333333333333,8.0
88673,1,5,5,1.0,3.0
88697,1,18,18,0.5,9.5
88714,1,13,13,0.0,7.0
88716,1,4,4,1.0,2.5
88719,1,22,22,0.0,11.5
88722,1,16,16,0.625,8.5
88725,1,10,10,0.4,5.5
88736,1,13,13,0.6923076923076923,7.0
88743,1,3,3,0.6666666666666666,2.0
88772,1,5,5,0.6,3.0
88785,1,9,9,0.0,5.0
88797,1,12,12,0.8333333333333334,6.5
88812,1,4,4,1.0,2.5
88884,1,3,3,0.3333333333333333,2.0
88893,1,2,2,0.5,1.5
88901,1,11,11,0.09090909090909091,6.0
88906,1,1,1,1.0,1.0
88907,1,16,16,0.375,8.5
88916,1,9,9,0.4444444444444444,5.0
88932,1,5,5,0.6,3.0
88933,1,5,5,0.0,3.0
88938,1,11,11,0.6363636363636364,6.0
88973,1,2,2,0.0,1.5
88988,1,3,3,0.3333333333333333,2.0
88990,1,6,6,0.5,3.5
88994,1,5,5,0.6,3.0
89005,1,11,11,1.0,6.0
89018,1,5,5,0.8,3.0
89027,1,21,21,0.19047619047619047,11.0
89079,1,33,33,0.8484848484848485,17.0
89088,1,4,4,1.0,2.5
89092,1,20,20,0.25,10.5
89095,1,15,15,0.5333333333333333,8.0
89110,1,20,20,0.2,10.5
89125,2,5,5,0.6,1.8
89127,1,8,8,0.625,4.5
89138,1,10,10,0.4,5.5
89159,1,8,8,1.0,4.5
89166,1,3,3,0.6666666666666666,2.0
89170,1,9,9,0.1111111111111111,5.0
89179,1,2,2,0.0,1.5
89180,1,25,25,0.88,13.0
89187,1,9,9,1.0,5.0
89211,1,23,23,0.6521739130434783,12.0
89222,1,9,9,0.2222222222222222,5.0
89232,1,11,11,1.0,6.0
89233,1,2,2,0.5,1.5
89235,1,18,18,0.2777777777777778,9.5
89251,2,31,31,0.7096774193548387,8.903225806451612
89256,1,2,2,0.5,1.5
89274,1,7,7,0.7142857142857143,4.0
89283,1,19,19,0.15789473684210525,10.0
89316,1,4,4,1.0,2.5
89323,1,22,22,0.8636363636363636,11.5
89327,1,14,14,0.14285714285714285,7.5
89333,1,7,7,0.7142857142857143,4.0
89348,1,8,8,0.875,4.5
89349,2,17,12,1.0,5.117647058823529
89363,1,9,9,0.6666666666666666,5.0
89368,1,4,4,0.0,2.5
89374,1,1,1,1.0,1.0
89379,2,24,24,0.375,9.166666666666666
89412,1,8,8,1.0,4.5
89415,1,7,7,1.0,4.0
89422,1,10,10,0.2,5.5
89431,1,7,7,0.8571428571428571,4.0
89433,1,4,4,1.0,2.5
89435,1,1,1,1.0,1.0
89439,1,20,20,1.0,10.5
89447,1,1,1,1.0,1.0
89462,2,35,28,0.5428571428571428,10.457142857142857
89470,1,6,6,0.6666666666666666,3.5
89471,1,4,4,1.0,2.5
89509,1,8,8,0.625,4.5
89535,1,11,11,0.8181818181818182,6.0
89553,1,7,7,0.8571428571428571,4.0
89563,1,2,2,0.0,1.5
89573,1,6,6,0.8333333333333334,3.5
89592,2,31,31,0.7741935483870968,10.580645161290322
89598,1,4,4,0.5,2.5
89602,2,26,23,0.5384615384615384,7.0
89618,1,3,3,0.6666666666666666,2.0
89636,1,8,8,0.0,4.5
89657,1,6,6,0.3333333333333333,3.5
89665,1,22,22,0.09090909090909091,11.5
89671,1,21,21,0.8571428571428571,11.0
89672,2,6,4,1.0,2.0
89686,1,15,15,0.7333333333333333,8.0
89706,1,6,6,0.5,3.5
89713,1,10,10,1.0,5.5
89726,1,3,3,0.3333333333333333,2.0
89727,1,18,18,0.5,9.5
89775,1,12,12,0.16666666666666666,6.5
89782,1,9,9,1.0,5.0
89783,1,7,7,1.0,4.0
89785,1,3,3,0.0,2.0
89799,1,4,4,1.0,2.5
89800,1,7,7,0.42857142857142855,4.0
89804,2,14,12,0.8571428571428571,4.0
89835,1,6,6,1.0,3.5
89836,1,13,13,0.15384615384615385,7.0
89838,1,1,1,1.0,1.0
89846,1,14,14,1.0,7.5
89847,1,5,5,1.0,3.0
89848,1,2,2,0.5,1.5
89852,1,2,2,1.0,1.5
89856,2,18,18,0.7222222222222222,5.0
89857,1,18,18,0.8333333333333334,9.5
89900,1,6,6,0.8333333333333334,3.5
89913,1,16,16,0.75,8.5
89930,2,28,20,0.9285714285714286,7.535714285714286
89960,1,12,12,0.9166666666666666,6.5
89977,1,8,8,0.875,4.5
89989,1,1,1,1.0,1.0
90000,1,16,16,0.375,8.5
90004,1,20,20,0.25,10.5
90020,1,2,2,0.5,1.5
90021,1,8,8,0.5,4.5
90027,2,6,6,0.8333333333333334,2.6666666666666665
90028,1,3,3,1.0,2.0
90038,1,1,1,1.0,1.0
90064,1,1,1,1.0,1.0
90069,1,5,5,0.4,3.0
90072,1,7,7,0.42857142857142855,4.0
90082,1,7,7,0.7142857142857143,4.0
90089,1,14,14,0.7142857142857143,7.5
90096,1,3,3,0.6666666666666666,2.0
90119,1,29,29,0.5172413793103449,15.0
90126,1,3,3,0.6666666666666666,2.0
90138,1,11,11,0.8181818181818182,6.0
90146,1,7,7,0.2857142857142857,4.0
90160,1,17,17,0.35294117647058826,9.0
90166,1,8,8,0.375,4.5
90169,1,10,10,0.8,5.5
90170,1,13,13,0.3076923076923077,7.0
90172,1,8,8,0.375,4.5
90184,1,18,18,0.7777777777777778,9.5
90198,2,22,21,0.5454545454545454,6.0
90219,1,6,6,0.3333333333333333,3.5
90221,1,10,10,0.7,5.5
90235,1,2,2,1.0,1.5
90240,1,4,4,1.0,2.5
90250,3,42,23,0.8809523809523809,7.666666666666667
90262,1,14,14,0.35714285714285715,7.5
90266,1,8,8,0.125,4.5
90268,1,3,3,1.0,2.0
90274,1,9,9,1.0,5.0
90282,1,21,21,0.8095238095238095,11.0
90283,1,14,14,0.7857142857142857,7.5
90286,1,10,10,0.0,5.5
90295,1,22,22,0.7727272727272727,11.5
90343,1,5,5,0.8,3.0
90344,1,3,3,1.0,2.0
90345,1,34,34,0.5882352941176471,17.5
90356,1,9,9,0.2222222222222222,5.0
90357,1,7,7,0.7142857142857143,4.0
90383,1,3,3,0.0,2.0
90389,1,2,2,1.0,1.5
90402,1,16,16,0.8125,8.5
90405,1,5,5,0.6,3.0
90416,1,12,12,0.0,6.5
90428,1,2,2,0.5,1.5
90460,1,8,8,0.75,4.5
90461,1,14,14,0.42857142857142855,7.5
90515,1,5,5,1.0,3.0
90517,1,8,8,0.75,4.5
90539,1,18,18,0.8333333333333334,9.5
90548,1,13,13,0.46153846153846156,7.0
90567,1,4,4,0.75,2.5
90578,2,61,61,0.4098360655737705,16.442622950819672
90586,1,22,22,0.22727272727272727,11.5
90602,1,8,8,0.0,4.5
90618,1,11,11,0.0,6.0
90629,1,6,6,0.6666666666666666,3.5
90632,1,10,10,1.0,5.5
90648,1,10,10,1.0,5.5
90652,2,33,33,0.48484848484848486,10.93939393939394
90654,2,46,46,0.8913043478260869,12.195652173913043
90673,1,37,37,0.0,19.0
90678,1,11,11,0.36363636363636365,6.0
90699,1,31,31,0.6129032258064516,16.0
90709,1,2,2,1.0,1.5
90724,1,6,6,0.3333333333333333,3.5
90728,1,3,3,0.6666666666666666,2.0
90738,1,8,8,0.75,4.5
90776,1,4,4,0.0,2.5
90777,1,2,2,0.5,1.5
90787,1,10,10,0.7,5.5
90807,1,9,9,0.8888888888888888,5.0
90815,2,30,30,0.5,8.3
90854,2,8,4,1.0,2.5
90856,1,7,7,0.0,4.0
90860,1,4,4,0.5,2.5
90875,1,5,5,0.2,3.0
90884,1,3,3,0.6666666666666666,2.0
90887,1,14,14,0.5714285714285714,7.5
90900,1,6,6,0.6666666666666666,3.5
90916,1,12,12,0.16666666666666666,6.5
90923,1,11,11,0.0,6.0
90942,1,4,4,0.25,2.5
90964,1,2,2,1.0,1.5
90969,1,2,2,0.5,1.5
90996,3,44,41,0.7272727272727273,9.113636363636363
91003,1,4,4,0.0,2.5
91017,1,3,3,0.3333333333333333,2.0
91018,1,7,7,0.14285714285714285,4.0
91027,2,10,9,0.5,3.1
91030,2,36,35,0.6666666666666666,9.61111111111111
91032,1,11,11,0.2727272727272727,6.0
91045,1,23,23,0.9565217391304348,12.0
91049,1,10,10,0.7,5.5
91052,1,13,13,0.7692307692307693,7.0
91077,1,6,6,0.16666666666666666,3.5
91105,1,15,15,0.8666666666666667,8.0
91113,1,14,14,0.2857142857142857,7.5
91123,1,17,17,0.6470588235294118,9.0
91126,1,2,2,0.5,1.5
91127,1,37,37,0.2702702702702703,19.0
91128,1,16,16,0.5625,8.5
91136,1,13,13,0.8461538461538461,7.0
91139,1,6,6,0.6666666666666666,3.5
91147,1,5,5,0.2,3.0
91150,1,9,9,1.0,5.0
91153,1,9,9,1.0,5.0
91163,1,19,19,0.5263157894736842,10.0
91180,1,10,10,0.3,5.5
91181,1,3,3,0.0,2.0
91184,1,14,14,1.0,7.5
91201,1,8,8,0.75,4.5
91205,1,17,17,0.5882352941176471,9.0
91228,2,28,28,0.7142857142857143,7.821428571428571
91229,1,15,15,0.5333333333333333,8.0
91237,1,11,11,0.18181818181818182,6.0
91266,1,9,9,0.4444444444444444,5.0
91301,1,12,12,0.3333333333333333,6.5
91303,1,23,23,0.6521739130434783,12.0
91305,1,1,1,1.0,1.0
91306,1,13,13,0.07692307692307693,7.0
91318,1,3,3,1.0,2.0
91319,1,28,28,0.6428571428571429,14.5
91324,1,5,5,0.8,3.0
91326,1,34,34,0.9705882352941176,17.5
91346,1,3,3,1.0,2.0
91370,1,8,8,0.25,4.5
91372,1,16,16,0.8125,8.5
91377,1,25,25,0.44,13.0
91397,1,11,11,0.8181818181818182,6.0
91459,1,7,7,1.0,4.0
91463,1,6,6,0.16666666666666666,3.5
91469,1,2,2,0.5,1.5
91491,1,10,10,0.7,5.5
91533,1,19,19,0.2631578947368421,10.0
91538,1,15,15,0.0,8.0
91549,1,20,20,0.65,10.5
91556,1,10,10,0.6,5.5
91565,1,5,5,1.0,3.0
91570,1,9,9,0.1111111111111111,5.0
91589,1,3,3,1.0,2.0
91593,1,8,8,0.0,4.5
91595,1,8,8,0.625,4.5
91596,1,7,7,0.8571428571428571,4.0
91604,1,9,9,0.4444444444444444,5.0
91630,1,4,4,1.0,2.5
91633,1,10,10,0.1,5.5
91667,1,21,21,0.5238095238095238,11.0
91668,2,34,34,0.7647058823529411,10.882352941176471
91685,1,4,4,0.0,2.5
91704,1,8,8,0.75,4.5
91717,1,12,12,0.3333333333333333,6.5
91737,1,16,16,0.4375,8.5
91749,1,7,7,0.5714285714285714,4.0
91771,1,13,13,0.8461538461538461,7.0
91786,1,7,7,1.0,4.0
91799,1,15,15,0.6666666666666666,8.0
91800,1,16,16,0.625,8.5
91806,1,3,3,0.6666666666666666,2.0
91826,1,44,44,1.0,22.5
91831,1,3,3,0.3333333333333333,2.0
91837,1,6,6,0.3333333333333333,3.5
91849,1,9,9,0.3333333333333333,5.0
91857,1,22,22,0.13636363636363635,11.5
91861,1,10,10,0.0,5.5
91879,1,9,9,1.0,5.0
91885,1,8,8,1.0,4.5
91890,1,31,31,0.4838709677419355,16.0
91891,1,10,10,0.0,5.5
91908,1,6,6,0.6666666666666666,3.5
91909,1,11,11,0.2727272727272727,6.0
91925,1,38,38,0.05263157894736842,19.5
91926,1,16,16,0.5625,8.5
91930,1,6,6,0.8333333333333334,3.5
91933,1,1,1,1.0,1.0
91942,1,2,2,0.5,1.5
91946,1,3,3,1.0,2.0
91953,1,19,19,0.7894736842105263,10.0
91957,1,9,9,0.7777777777777778,5.0
91977,1,7,7,0.0,4.0
91987,1,36,36,0.7777777777777778,18.5
91996,1,7,7,0.0,4.0
92016,1,1,1,0.0,1.0
92020,1,10,10,0.7,5.5
92040,1,14,14,0.7857142857142857,7.5
92052,2,16,16,0.1875,5.5
92060,1,10,10,0.5,5.5
92076,1,7,7,0.0,4.0
92081,1,8,8,0.125,4.5
92082,1,7,7,0.5714285714285714,4.0
92093,1,1,1,0.0,1.0
92099,1,13,13,0.46153846153846156,7.0
92111,2,9,9,0.2222222222222222,3.0
92113,1,6,6,0.3333333333333333,3.5
92123,1,4,4,0.75,2.5
92128,1,3,3,0.3333333333333333,2.0
92133,1,10,10,0.3,5.5
92136,1,16,16,0.0,8.5
92156,1,2,2,0.5,1.5
92173,1,4,4,0.5,2.5
92179,1,14,14,0.0,7.5
92183,1,8,8,0.375,4.5
92189,1,11,11,0.8181818181818182,6.0
92191,1,11,11,0.5454545454545454,6.0
92205,1,4,4,0.75,2.5
92215,1,5,5,0.8,3.0
92239,1,14,14,0.7857142857142857,7.5
92243,1,4,4,0.5,2.5
92247,1,14,14,0.42857142857142855,7.5
92260,1,2,2,0.5,1.5
92284,1,19,19,0.10526315789473684,10.0
92286,1,13,13,0.23076923076923078,7.0
92296,1,13,13,0.0,7.0
92300,1,11,11,0.0,6.0
92313,1,18,18,1.0,9.5
92336,1,8,8,1.0,4.5
92343,1,17,17,0.8235294117647058,9.0
92344,1,9,9,0.7777777777777778,5.0
92354,2,36,31,0.75,9.944444444444445
92385,1,12,12,0.6666666666666666,6.5
92397,1,4,4,0.25,2.5
92405,1,2,2,0.0,1.5
92417,2,7,5,0.7142857142857143,2.2857142857142856
92426,1,5,5,0.2,3.0
92428,1,4,4,0.25,2.5
92444,1,13,13,0.38461538461538464,7.0
92461,1,11,11,0.6363636363636364,6.0
92493,1,24,24,0.75,12.5
92502,1,20,20,0.5,10.5
92509,1,4,4,0.25,2.5
92515,1,9,9,0.7777777777777778,5.0
92519,1,13,13,0.15384615384615385,7.0
92521,1,9,9,1.0,5.0
92526,2,41,41,0.17073170731707318,12.512195121951219
92543,1,5,5,0.4,3.0
92547,1,12,12,0.08333333333333333,6.5
92549,1,10,10,0.3,5.5
92553,1,8,8,0.0,4.5
92587,1,9,9,0.1111111111111111,5.0
92602,1,5,5,0.8,3.0
92608,1,3,3,0.6666666666666666,2.0
92628,1,27,27,0.9629629629629629,14.0
92636,3,91,82,0.7362637362637363,15.692307692307692
92638,1,7,7,0.5714285714285714,4.0
92646,1,4,4,0.0,2.5
92658,1,9,9,0.4444444444444444,5.0
92660,1,9,9,0.8888888888888888,5.0
92661,1,1,1,1.0,1.0
92675,1,11,11,0.6363636363636364,6.0
92678,1,6,6,0.3333333333333333,3.5
92679,1,10,10,0.4,5.5
92685,2,8,7,0.5,2.625
92699,1,16,16,0.9375,8.5
92707,3,35,32,0.8571428571428571,6.4
92715,1,13,13,0.0,7.0
92748,1,7,7,1.0,4.0
92765,1,8,8,0.25,4.5
92766,1,9,9,1.0,5.0
92769,1,9,9,0.4444444444444444,5.0
92796,1,6,6,0.3333333333333333,3.5
92799,1,11,11,0.7272727272727273,6.0
92814,1,5,5,0.6,3.0
92817,1,10,10,0.5,5.5
92832,1,8,8,0.0,4.5
92843,1,10,10,0.5,5.5
92857,1,6,6,1.0,3.5
92858,1,9,9,0.3333333333333333,5.0
92883,1,8,8,0.5,4.5
92890,1,13,13,0.5384615384615384,7.0
92896,1,15,15,0.9333333333333333,8.0
92910,1,9,9,1.0,5.0
92915,1,13,13,0.8461538461538461,7.0
92952,2,14,13,0.8571428571428571,4.071428571428571
92954,2,27,27,0.8888888888888888,9.925925925925926
92963,1,6,6,0.5,3.5
92967,2,11,11,0.9090909090909091,3.4545454545454546
92979,1,2,2,0.5,1.5
92994,1,6,6,0.6666666666666666,3.5
92998,1,18,18,0.8888888888888888,9.5
93062,1,3,3,0.6666666666666666,2.0
93068,2,8,8,1.0,3.625
93074,1,3,3,0.0,2.0
93101,2,21,20,1.0,6.333333333333333
93102,1,9,9,0.8888888888888888,5.0
93135,1,5,5,0.4,3.0
93151,1,31,31,0.8064516129032258,16.0
93177,1,17,17,0.6470588235294118,9.0
93182,1,2,2,0.5,1.5
93186,1,20,20,0.8,10.5
93207,1,6,6,0.3333333333333333,3.5
93208,1,24,24,0.6666666666666666,12.5
93212,1,9,9,0.5555555555555556,5.0
93218,1,14,14,0.5714285714285714,7.5
93226,1,15,15,0.3333333333333333,8.0
93243,1,17,17,0.6470588235294118,9.0
93266,1,10,10,0.9,5.5
93305,1,10,10,1.0,5.5
93308,1,11,11,0.45454545454545453,6.0
93309,1,1,1,1.0,1.0
93325,1,11,11,0.8181818181818182,6.0
93331,1,1,1,0.0,1.0
93339,1,1,1,1.0,1.0
93349,1,11,11,0.7272727272727273,6.0
93364,1,7,7,0.8571428571428571,4.0
93378,1,2,2,0.5,1.5
93400,1,22,22,0.8636363636363636,11.5
93418,1,8,8,0.75,4.5
93438,1,2,2,1.0,1.5
93450,1,17,17,0.4117647058823529,9.0
93453,1,15,15,0.4,8.0
93454,1,7,7,0.7142857142857143,4.0
93455,2,22,22,0.3181818181818182,7.636363636363637
93465,1,12,12,0.6666666666666666,6.5
93470,1,12,12,0.8333333333333334,6.5
93477,1,14,14,0.14285714285714285,7.5
93516,1,8,8,0.5,4.5
93519,2,49,49,0.9183673469387755,12.877551020408163
93532,1,6,6,1.0,3.5
93545,1,7,7,0.14285714285714285,4.0
93569,1,9,9,0.5555555555555556,5.0
93581,1,4,4,0.75,2.5
93582,1,1,1,0.0,1.0
93588,1,6,6,0.5,3.5
93608,2,21,21,0.8095238095238095,5.761904761904762
93644,1,15,15,0.4666666666666667,8.0
93647,1,3,3,1.0,2.0
93655,1,5,5,1.0,3.0
93673,1,24,24,0.20833333333333334,12.5
93690,1,8,8,0.0,4.5
93702,1,5,5,0.2,3.0
93727,1,18,18,0.7222222222222222,9.5
93734,1,5,5,0.8,3.0
93759,1,2,2,0.5,1.5
93764,3,21,20,0.5238095238095238,4.333333333333333
93770,1,10,10,0.4,5.5
93779,1,8,8,0.875,4.5
93816,1,2,2,0.5,1.5
93820,1,17,17,0.5882352941176471,9.0
93826,1,3,3,1.0,2.0
93838,1,4,4,0.0,2.5
93840,1,10,10,0.4,5.5
93842,1,1,1,1.0,1.0
93855,1,8,8,0.625,4.5
93858,1,10,10,0.4,5.5
93860,1,10,10,0.8,5.5
93869,2,33,33,0.36363636363636365,9.363636363636363
93872,1,4,4,0.75,2.5
93881,1,7,7,0.8571428571428571,4.0
93906,2,30,30,0.5,8.0
93908,1,14,14,0.7142857142857143,7.5
93923,1,9,9,0.3333333333333333,5.0
93929,1,22,22,0.4090909090909091,11.5
93942,1,8,8,0.5,4.5
93950,1,5,5,0.8,3.0
93962,1,2,2,1.0,1.5
93974,1,12,12,0.75,6.5
93976,1,1,1,1.0,1.0
93991,1,13,13,0.23076923076923078,7.0
94070,1,15,15,0.4,8.0
94102,1,13,13,0.7692307692307693,7.0
94104,1,6,6,0.3333333333333333,3.5
94107,1,3,3,0.0,2.0
94110,1,11,11,0.5454545454545454,6.0
94111,1,25,25,0.52,13.0
94128,1,23,23,0.8695652173913043,12.0
94143,1,25,25,0.0,13.0
94171,1,10,10,0.8,5.5
94177,1,3,3,1.0,2.0
94179,1,4,4,1.0,2.5
94183,1,1,1,1.0,1.0
94193,1,8,8,0.0,4.5
94221,1,7,7,0.7142857142857143,4.0
94222,1,4,4,0.75,2.5
94243,1,19,19,0.21052631578947367,10.0
94249,1,9,9,0.0,5.0
94257,1,14,14,0.0,7.5
94260,1,1,1,1.0,1.0
94268,1,12,12,0.75,6.5
94277,2,5,5,0.6,2.2
94285,1,46,46,0.7608695652173914,23.5
94288,2,27,22,0.9259259259259259,8.814814814814815
94291,1,35,35,0.6285714285714286,18.0
94304,1,2,2,0.0,1.5
94316,1,3,3,1.0,2.0
94330,2,13,13,0.23076923076923078,3.769230769230769
94339,1,4,4,1.0,2.5
94347,1,15,15,0.6,8.0
94384,2,42,42,0.8571428571428571,11.595238095238095
94388,2,23,23,0.5652173913043478,6.260869565217392
94401,1,38,38,0.8947368421052632,19.5
94407,1,10,10,0.6,5.5
94410,1,10,10,0.2,5.5
94411,1,4,4,1.0,2.5
94412,2,20,20,0.55,5.5
94413,2,18,18,0.7222222222222222,5.888888888888889
94423,1,5,5,0.0,3.0
94459,1,7,7,0.42857142857142855,4.0
94488,1,11,11,0.0,6.0
94499,2,19,18,0.5789473684210527,5.2631578947368425
94503,1,13,13,1.0,7.0
94509,1,5,5,0.0,3.0
94517,1,4,4,0.25,2.5
94518,1,3,3,0.3333333333333333,2.0
94521,1,14,14,0.07142857142857142,7.5
94532,1,7,7,1.0,4.0
94535,1,23,23,0.7391304347826086,12.0
94546,1,15,15,0.3333333333333333,8.0
94555,1,7,7,0.0,4.0
94572,1,10,10,0.7,5.5
94573,2,25,20,0.72,7.96
94588,1,14,14,0.7142857142857143,7.5
94589,2,35,35,0.7428571428571429,11.314285714285715
94596,1,4,4,1.0,2.5
94600,2,37,31,0.7567567567567568,10.567567567567568
94615,2,47,34,0.8723404255319149,12.25531914893617
94648,1,8,8,0.875,4.5
94652,1,22,22,0.4090909090909091,11.5
94669,1,13,13,0.9230769230769231,7.0
94678,1,15,15,0.26666666666666666,8.0
94695,1,2,2,0.0,1.5
94707,1,16,16,0.8125,8.5
94710,1,29,29,0.5862068965517241,15.0
94713,1,24,24,0.5833333333333334,12.5
94723,1,6,6,0.5,3.5
94732,1,16,16,0.375,8.5
94734,1,6,6,0.0,3.5
94740,1,2,2,1.0,1.5
94745,1,9,9,0.0,5.0
94761,1,3,3,0.0,2.0
94763,1,12,12,0.6666666666666666,6.5
94764,2,35,34,0.22857142857142856,11.314285714285715
94768,2,5,5,0.8,1.8
94770,1,10,10,0.7,5.5
94792,1,6,6,1.0,3.5
94796,1,4,4,0.0,2.5
94809,1,4,4,0.25,2.5
94817,1,16,16,0.0,8.5
94820,1,4,4,1.0,2.5
94835,1,6,6,0.8333333333333334,3.5
94840,1,10,10,0.6,5.5
94849,1,13,13,1.0,7.0
94859,1,7,7,1.0,4.0
94872,1,11,11,0.8181818181818182,6.0
94873,1,8,8,0.5,4.5
94894,1,14,14,0.0,7.5
94903,1,13,13,0.0,7.0
94907,1,10,10,0.9,5.5
94911,1,5,5,0.4,3.0
94928,1,11,11,0.45454545454545453,6.0
94934,1,1,1,1.0,1.0
94944,1,32,32,0.25,16.5
94947,1,28,28,0.07142857142857142,14.5
94962,1,8,8,0.5,4.5
94977,2,12,12,0.9166666666666666,3.8333333333333335
94978,1,12,12,0.5,6.5
94988,1,19,19,0.8421052631578947,10.0
94998,2,20,20,0.25,5.55
95009,1,21,21,0.23809523809523808,11.0
95020,1,2,2,0.5,1.5
95029,1,34,34,1.0,17.5
95035,1,2,2,0.0,1.5
95044,1,17,17,0.5294117647058824,9.0
95050,1,7,7,0.8571428571428571,4.0
95052,1,20,20,0.75,10.5
95061,1,28,28,0.9642857142857143,14.5
95062,1,2,2,0.5,1.5
95063,2,40,40,0.825,12.525
95083,1,35,35,0.22857142857142856,18.0
95087,1,12,12,0.08333333333333333,6.5
95091,1,4,4,0.5,2.5
95118,1,20,20,0.7,10.5
95125,2,16,16,1.0,4.75
95136,1,18,18,0.6666666666666666,9.5
95139,1,6,6,0.6666666666666666,3.5
95160,2,18,16,0.8888888888888888,5.222222222222222
95161,1,5,5,1.0,3.0
95171,1,6,6,0.8333333333333334,3.5
95174,1,12,12,0.5833333333333334,6.5
95181,1,3,3,1.0,2.0
95222,1,14,14,0.8571428571428571,7.5
95231,1,5,5,0.8,3.0
95271,2,23,18,0.782608695652174,6.260869565217392
95276,1,4,4,1.0,2.5
95286,1,2,2,0.5,1.5
95291,1,15,15,0.5333333333333333,8.0
95296,2,47,38,0.7659574468085106,14.170212765957446
95335,1,8,8,0.25,4.5
95349,1,11,11,0.0,6.0
95359,1,1,1,1.0,1.0
95403,1,16,16,0.25,8.5
95441,1,10,10,0.7,5.5
95465,1,12,12,0.5,6.5
95471,1,25,25,0.76,13.0
95472,1,10,10,0.9,5.5
95498,1,5,5,0.2,3.0
95503,2,24,23,0.5416666666666666,7.166666666666667
95513,1,59,59,0.4745762711864407,30.0
95521,1,4,4,0.25,2.5
95525,1,15,15,0.4,8.0
95534,1,16,16,0.25,8.5
95544,1,17,17,0.23529411764705882,9.0
95548,1,7,7,0.0,4.0
95549,1,13,13,0.6153846153846154,7.0
95550,1,15,15,1.0,8.0
95553,2,15,15,0.7333333333333333,4.266666666666667
95557,1,3,3,0.3333333333333333,2.0
95565,1,42,42,0.5,21.5
95601,1,1,1,1.0,1.0
95620,2,37,37,0.6486486486486487,18.027027027027028
95624,1,9,9,0.5555555555555556,5.0
95646,1,10,10,0.5,5.5
95674,1,17,17,0.0,9.0
95678,1,10,10,0.8,5.5
95684,1,2,2,0.0,1.5
95692,1,8,8,0.75,4.5
95703,1,2,2,0.0,1.5
95714,1,16,16,0.375,8.5
95725,1,16,16,0.5625,8.5
95738,1,14,14,0.7857142857142857,7.5
95753,1,5,5,1.0,3.0
95761,1,20,20,0.85,10.5
95767,2,24,23,0.625,7.166666666666667
95818,1,2,2,0.0,1.5
95829,1,8,8,0.625,4.5
95838,1,5,5,0.8,3.0
95839,2,26,22,0.4230769230769231,7.0
95845,2,26,26,0.7692307692307693,7.346153846153846
95861,1,17,17,0.4117647058823529,9.0
95862,1,2,2,1.0,1.5
95897,1,1,1,0.0,1.0
95905,1,12,12,0.9166666666666666,6.5
95949,1,5,5,0.8,3.0
95958,1,3,3,1.0,2.0
95967,1,13,13,0.8461538461538461,7.0
95970,1,7,7,0.42857142857142855,4.0
95982,1,17,17,0.0,9.0
96017,1,14,14,0.21428571428571427,7.5
96021,1,2,2,0.5,1.5
96029,1,18,18,0.2777777777777778,9.5
96043,1,20,20,0.8,10.5
96048,2,49,41,0.8979591836734694,15.0
96053,1,17,17,0.29411764705882354,9.0
96058,1,16,16,1.0,8.5
96062,1,13,13,0.8461538461538461,7.0
96068,1,16,16,0.6875,8.5
96075,1,10,10,0.2,5.5
96081,1,7,7,0.42857142857142855,4.0
96100,1,12,12,0.75,6.5
96108,1,11,11,0.9090909090909091,6.0
96117,1,7,7,0.42857142857142855,4.0
96129,1,17,17,0.058823529411764705,9.0
96162,1,13,13,0.38461538461538464,7.0
96163,1,33,33,0.8181818181818182,17.0
96171,1,14,14,0.35714285714285715,7.5
96183,1,9,9,1.0,5.0
96192,1,6,6,0.8333333333333334,3.5
96193,1,11,11,0.9090909090909091,6.0
96195,1,13,13,0.9230769230769231,7.0
96204,1,28,28,0.0,14.5
96210,2,16,12,0.9375,4.5625
96213,1,23,23,0.8695652173913043,12.0
96214,1,18,18,0.3888888888888889,9.5
96228,1,2,2,0.5,1.5
96230,1,2,2,1.0,1.5
96241,1,1,1,1.0,1.0
96246,1,3,3,0.6666666666666666,2.0
96247,1,8,8,0.375,4.5
96252,1,4,4,1.0,2.5
96272,1,15,15,0.0,8.0
96295,1,16,16,0.875,8.5
96296,2,28,25,0.8214285714285714,9.25
96299,1,22,22,0.8636363636363636,11.5
96308,1,4,4,0.0,2.5
96317,1,19,19,0.21052631578947367,10.0
96328,1,6,6,0.6666666666666666,3.5
96331,2,18,18,0.4444444444444444,5.0
96337,1,30,30,0.6,15.5
96370,1,1,1,1.0,1.0
96385,1,17,17,0.8823529411764706,9.0
96390,1,3,3,1.0,2.0
96400,1,3,3,0.3333333333333333,2.0
96408,3,22,17,0.8636363636363636,5.636363636363637
96436,1,4,4,0.5,2.5
96458,1,15,15,0.8,8.0
96473,1,2,2,0.0,1.5
96497,2,13,13,0.38461538461538464,5.3076923076923075
96504,1,1,1,1.0,1.0
96506,1,7,7,0.42857142857142855,4.0
96511,1,5,5,0.2,3.0
96520,1,1,1,1.0,1.0
96521,1,11,11,0.5454545454545454,6.0
96530,1,7,7,0.42857142857142855,4.0
96531,1,9,9,0.8888888888888888,5.0
96532,1,4,4,0.75,2.5
96536,1,12,12,0.5833333333333334,6.5
96538,1,13,13,0.3076923076923077,7.0
96541,2,30,25,0.7666666666666667,9.633333333333333
96547,2,47,43,0.48936170212765956,14.170212765957446
96550,1,3,3,1.0,2.0
96554,2,9,8,0.3333333333333333,2.7777777777777777
96567,1,8,8,0.25,4.5
96576,1,9,9,1.0,5.0
96594,1,9,9,0.6666666666666666,5.0
96596,1,12,12,0.5,6.5
96615,2,19,17,0.6842105263157895,5.894736842105263
96643,1,5,5,0.2,3.0
96650,1,3,3,0.0,2.0
96660,1,4,4,0.75,2.5
96669,1,9,9,0.5555555555555556,5.0
96671,1,10,10,0.7,5.5
96700,1,7,7,0.8571428571428571,4.0
96716,1,13,13,0.8461538461538461,7.0
96718,1,10,10,0.0,5.5
96721,1,11,11,0.9090909090909091,6.0
96728,1,7,7,0.8571428571428571,4.0
96748,1,8,8,1.0,4.5
96757,1,13,13,0.46153846153846156,7.0
96763,1,32,32,0.4375,16.5
96772,1,35,35,0.6,18.0
96793,1,22,22,0.5,11.5
96813,1,25,25,0.32,13.0
96817,2,7,7,0.5714285714285714,2.5714285714285716
96828,1,10,10,0.8,5.5
96842,1,41,41,0.7804878048780488,21.0
96849,1,16,16,0.625,8.5
96854,1,3,3,0.6666666666666666,2.0
96871,1,6,6,1.0,3.5
96878,1,19,19,0.2631578947368421,10.0
96882,1,13,13,0.3076923076923077,7.0
96912,1,1,1,1.0,1.0
96916,1,2,2,1.0,1.5
96932,1,26,26,0.7307692307692307,13.5
96951,1,15,15,0.9333333333333333,8.0
96952,1,16,16,0.4375,8.5
96956,1,5,5,0.4,3.0
96957,1,9,9,0.3333333333333333,5.0
96961,1,14,14,0.0,7.5
97011,1,7,7,0.7142857142857143,4.0
97016,2,36,36,0.4166666666666667,9.75
97039,1,3,3,1.0,2.0
97040,1,2,2,1.0,1.5
97067,1,3,3,1.0,2.0
97072,1,4,4,1.0,2.5
97084,1,18,18,0.6666666666666666,9.5
97097,1,10,10,0.6,5.5
97102,1,8,8,0.625,4.5
97133,1,6,6,1.0,3.5
97161,1,13,13,0.6923076923076923,7.0
97169,1,6,6,1.0,3.5
97181,1,8,8,0.625,4.5
97189,1,3,3,0.3333333333333333,2.0
97190,1,6,6,0.3333333333333333,3.5
97202,1,9,9,0.2222222222222222,5.0
97218,2,11,11,0.45454545454545453,3.4545454545454546
97231,1,5,5,0.4,3.0
97233,1,31,31,0.8064516129032258,16.0
97264,1,2,2,0.0,1.5
97269,1,9,9,0.0,5.0
97302,1,19,19,0.3684210526315789,10.0
97304,1,7,7,0.8571428571428571,4.0
97311,1,20,20,0.45,10.5
97318,2,11,10,0.8181818181818182,3.4545454545454546
97319,1,3,3,0.6666666666666666,2.0
97321,1,25,25,0.72,13.0
97331,1,5,5,0.2,3.0
97342,1,5,5,0.6,3.0
97364,1,15,15,0.8666666666666667,8.0
97401,1,5,5,0.4,3.0
97415,3,12,12,0.8333333333333334,3.0833333333333335
97427,1,28,28,0.0,14.5
97433,1,4,4,1.0,2.5
97439,1,5,5,0.8,3.0
97440,1,10,10,0.2,5.5
97453,1,20,20,0.95,10.5
97459,1,3,3,1.0,2.0
97479,1,18,18,0.2222222222222222,9.5
97482,1,6,6,0.0,3.5
97508,1,6,6,0.8333333333333334,3.5
97517,1,8,8,0.625,4.5
97518,1,4,4,0.5,2.5
97525,1,2,2,1.0,1.5
97526,1,6,6,1.0,3.5
97537,1,2,2,0.0,1.5
97539,1,9,9,0.8888888888888888,5.0
97557,1,4,4,1.0,2.5
97569,1,3,3,1.0,2.0
97593,1,19,19,0.9473684210526315,10.0
97638,1,2,2,1.0,1.5
97659,1,3,3,0.6666666666666666,2.0
97664,1,11,11,0.36363636363636365,6.0
97665,1,6,6,0.8333333333333334,3.5
97689,1,17,17,0.7647058823529411,9.0
97726,1,13,13,1.0,7.0
97729,3,27,26,0.8148148148148148,5.592592592592593
97737,1,7,7,0.0,4.0
97743,1,5,5,0.6,3.0
97752,1,6,6,0.6666666666666666,3.5
97757,1,18,18,0.4444444444444444,9.5
97761,1,23,23,0.43478260869565216,12.0
97774,2,34,34,0.8529411764705882,11.382352941176471
97781,1,24,24,0.875,12.5
97820,1,2,2,1.0,1.5
97831,1,4,4,1.0,2.5
97837,1,23,23,0.9565217391304348,12.0
97846,1,6,6,1.0,3.5
97860,1,12,12,0.16666666666666666,6.5
97861,1,7,7,1.0,4.0
97865,1,16,16,1.0,8.5
97871,1,7,7,0.5714285714285714,4.0
97882,1,22,22,0.45454545454545453,11.5
97899,1,59,59,0.8305084745762712,30.0
97914,1,9,9,0.8888888888888888,5.0
97917,2,6,6,0.8333333333333334,2.1666666666666665
97921,1,1,1,1.0,1.0
97927,2,15,15,0.13333333333333333,4.266666666666667
97945,1,17,17,0.7058823529411765,9.0
97970,1,18,18,1.0,9.5
97974,1,14,14,0.42857142857142855,7.5
97984,1,16,16,0.8125,8.5
97998,1,17,17,1.0,9.0
98002,1,4,4,0.75,2.5
98027,2,4,4,0.25,1.75
98033,1,9,9,0.8888888888888888,5.0
98075,1,13,13,0.8461538461538461,7.0
98081,2,20,20,0.9,5.7
98089,1,11,11,0.7272727272727273,6.0
98106,1,4,4,0.25,2.5
98125,1,6,6,0.16666666666666666,3.5
98149,1,17,17,0.47058823529411764,9.0
98160,1,10,10,0.8,5.5
98174,1,33,33,0.15151515151515152,17.0
98176,1,12,12,0.4166666666666667,6.5
98204,1,14,14,0.9285714285714286,7.5
98213,2,9,9,0.1111111111111111,3.0
98214,1,11,11,0.6363636363636364,6.0
98220,1,6,6,0.0,3.5
98221,1,1,1,0.0,1.0
98226,1,5,5,0.0,3.0
98245,1,5,5,0.2,3.0
98254,1,15,15,0.3333333333333333,8.0
98256,1,16,16,0.875,8.5
98257,2,11,10,0.45454545454545453,3.4545454545454546
98258,1,3,3,1.0,2.0
98267,1,3,3,0.6666666666666666,2.0
98292,1,1,1,1.0,1.0
98300,1,11,11,0.18181818181818182,6.0
98303,1,2,2,0.0,1.5
98343,1,6,6,0.8333333333333334,3.5
98357,1,9,9,0.7777777777777778,5.0
98363,1,17,17,0.8235294117647058,9.0
98365,1,10,10,0.8,5.5
98380,2,25,25,0.44,7.24
98388,1,9,9,0.5555555555555556,5.0
98397,1,6,6,0.16666666666666666,3.5
98411,1,6,6,0.6666666666666666,3.5
98421,1,17,17,0.35294117647058826,9.0
98437,1,7,7,0.42857142857142855,4.0
98464,1,5,5,0.0,3.0
98485,1,4,4,0.75,2.5
98512,1,5,5,1.0,3.0
98519,1,11,11,0.2727272727272727,6.0
98520,1,13,13,0.8461538461538461,7.0
98541,1,12,12,0.0,6.5
98547,1,3,3,0.6666666666666666,2.0
98563,1,3,3,1.0,2.0
98567,1,2,2,1.0,1.5
98588,1,3,3,1.0,2.0
98589,1,5,5,0.2,3.0
98631,1,2,2,1.0,1.5
98673,1,8,8,1.0,4.5
98678,1,5,5,1.0,3.0
98682,1,12,12,0.9166666666666666,6.5
98692,1,11,11,0.18181818181818182,6.0
98699,1,13,13,0.46153846153846156,7.0
98712,1,9,9,0.4444444444444444,5.0
98714,1,6,6,1.0,3.5
98716,1,9,9,0.5555555555555556,5.0
98750,1,15,15,0.3333333333333333,8.0
98771,1,14,14,0.8571428571428571,7.5
98777,1,7,7,0.7142857142857143,4.0
98781,1,6,6,1.0,3.5
98783,1,21,21,0.38095238095238093,11.0
98784,1,5,5,0.6,3.0
98794,1,2,2,0.5,1.5
98800,1,10,10,0.5,5.5
98818,1,2,2,0.5,1.5
98831,1,33,33,0.7272727272727273,17.0
98841,1,13,13,0.5384615384615384,7.0
98859,1,17,17,1.0,9.0
98868,2,43,43,0.6744186046511628,11.720930232558139
98882,1,6,6,1.0,3.5
98888,1,6,6,0.3333333333333333,3.5
98893,1,5,5,1.0,3.0
98909,1,2,2,1.0,1.5
98910,1,1,1,0.0,1.0
98923,2,34,30,0.38235294117647056,9.117647058823529
98925,1,1,1,1.0,1.0
98935,1,1,1,1.0,1.0
98936,1,1,1,1.0,1.0
98940,1,13,13,0.46153846153846156,7.0
98952,1,2,2,1.0,1.5
98956,1,4,4,0.0,2.5
98963,1,3,3,0.3333333333333333,2.0
98973,1,13,13,0.38461538461538464,7.0
98985,1,5,5,0.0,3.0
98996,1,6,6,0.16666666666666666,3.5
98999,1,35,35,0.8,18.0
99001,1,6,6,0.8333333333333334,3.5
99005,2,31,24,0.7741935483870968,8.32258064516129
99041,1,10,10,0.5,5.5
99045,1,40,40,0.875,20.5
99051,1,13,13,0.6923076923076923,7.0
99054,1,13,13,0.8461538461538461,7.0
99055,1,2,2,1.0,1.5
99064,1,26,26,0.11538461538461539,13.5
99066,1,18,18,0.9444444444444444,9.5
99069,1,1,1,1.0,1.0
99071,1,3,3,1.0,2.0
99072,1,33,33,0.3333333333333333,17.0
99075,1,9,9,0.6666666666666666,5.0
99125,2,4,3,1.0,1.75
99132,1,25,25,0.32,13.0
99195,1,4,4,0.25,2.5
99220,1,21,21,0.47619047619047616,11.0
99221,1,23,23,0.5652173913043478,12.0
99223,1,6,6,0.8333333333333334,3.5
99225,1,7,7,1.0,4.0
99237,1,13,13,0.38461538461538464,7.0
99263,1,5,5,0.8,3.0
99271,1,16,16,1.0,8.5
99272,1,10,10,1.0,5.5
99336,1,3,3,1.0,2.0
99341,1,5,5,1.0,3.0
99415,1,1,1,0.0,1.0
99416,1,8,8,0.0,4.5
99418,1,9,9,0.0,5.0
99420,1,19,19,0.5789473684210527,10.0
99424,1,3,3,1.0,2.0
99447,1,16,16,0.75,8.5
99460,1,8,8,0.5,4.5
99471,1,18,18,0.8888888888888888,9.5
99496,1,4,4,1.0,2.5
99518,1,5,5,0.0,3.0
99526,1,6,6,0.16666666666666666,3.5
99538,1,11,11,0.9090909090909091,6.0
99542,1,6,6,0.16666666666666666,3.5
99544,1,29,29,0.5172413793103449,15.0
99546,1,9,9,0.4444444444444444,5.0
99559,1,16,16,0.0,8.5
99562,1,13,13,1.0,7.0
99569,1,4,4,0.25,2.5
99576,1,19,19,1.0,10.0
99608,1,23,23,1.0,12.0
99610,1,18,18,0.3888888888888889,9.5
99618,1,16,16,0.0,8.5
99665,1,6,6,1.0,3.5
99670,1,9,9,0.2222222222222222,5.0
99675,1,26,26,0.46153846153846156,13.5
99679,1,1,1,1.0,1.0
99689,1,13,13,0.15384615384615385,7.0
99701,1,4,4,0.0,2.5
99702,1,12,12,0.75,6.5
99707,3,32,28,1.0,6.28125
99721,1,11,11,0.8181818181818182,6.0
99731,2,18,18,0.3333333333333333,5.055555555555555
99741,1,4,4,0.25,2.5
99750,1,11,11,0.6363636363636364,6.0
99760,1,1,1,0.0,1.0
99767,1,34,34,0.3235294117647059,17.5
99786,1,4,4,1.0,2.5
99802,2,27,23,0.8148148148148148,8.37037037037037
99805,1,13,13,0.6923076923076923,7.0
99817,1,8,8,0.5,4.5
99819,1,5,5,0.4,3.0
99831,1,3,3,1.0,2.0
99836,1,7,7,0.7142857142857143,4.0
99848,1,5,5,0.6,3.0
99852,1,9,9,0.2222222222222222,5.0
99863,1,1,1,1.0,1.0
99885,1,2,2,0.5,1.5
99890,1,2,2,1.0,1.5
99904,1,33,33,0.0,17.0
99917,1,7,7,1.0,4.0
99925,1,31,31,0.2903225806451613,16.0
99942,1,5,5,0.8,3.0
99955,1,3,3,0.6666666666666666,2.0
99975,1,6,6,0.0,3.5
99981,1,5,5,0.4,3.0
99984,2,5,5,1.0,1.8
99986,1,9,9,0.2222222222222222,5.0
100006,1,8,8,0.5,4.5
100013,1,8,8,0.125,4.5
100024,1,5,5,0.0,3.0
100032,1,11,11,0.18181818181818182,6.0
100048,1,7,7,0.7142857142857143,4.0
100051,1,7,7,0.8571428571428571,4.0
100052,2,5,5,0.6,1.8
100056,1,3,3,0.6666666666666666,2.0
100101,2,8,7,0.5,3.0
100112,1,9,9,0.7777777777777778,5.0
100116,1,13,13,0.5384615384615384,7.0
100142,3,22,20,0.7727272727272727,4.2727272727272725
100143,1,8,8,0.125,4.5
100150,1,4,4,1.0,2.5
100155,1,4,4,0.75,2.5
100161,1,6,6,1.0,3.5
100165,2,46,46,0.4782608695652174,13.065217391304348
100180,1,7,7,0.0,4.0
100208,1,6,6,0.16666666666666666,3.5
100241,1,7,7,0.0,4.0
100244,1,21,21,1.0,11.0
100260,1,34,34,0.8529411764705882,17.5
100262,1,15,15,0.8,8.0
100263,1,1,1,1.0,1.0
100270,2,40,40,0.9,10.9
100296,2,28,24,0.8214285714285714,7.821428571428571
100298,1,11,11,0.9090909090909091,6.0
100321,1,5,5,0.8,3.0
100330,3,138,96,0.7971014492753623,27.768115942028984
100334,1,5,5,0.0,3.0
100340,2,4,4,1.0,1.75
100359,1,15,15,0.4666666666666667,8.0
100364,1,9,9,0.8888888888888888,5.0
100379,1,2,2,0.5,1.5
100407,1,13,13,0.3076923076923077,7.0
100414,1,7,7,0.5714285714285714,4.0
100429,1,5,5,0.0,3.0
100437,1,7,7,0.42857142857142855,4.0
100474,1,2,2,0.5,1.5
100482,1,6,6,0.0,3.5
100486,1,6,6,0.5,3.5
100508,2,35,32,0.8285714285714286,10.857142857142858
100513,1,7,7,0.0,4.0
100514,2,24,24,0.75,7.166666666666667
100523,1,2,2,0.5,1.5
100536,1,49,49,0.3673469387755102,25.0
100540,1,8,8,0.875,4.5
100547,1,15,15,0.06666666666666667,8.0
100551,1,8,8,0.0,4.5
100553,1,7,7,0.42857142857142855,4.0
100555,1,7,7,0.5714285714285714,4.0
100565,1,6,6,0.0,3.5
100614,1,4,4,0.0,2.5
100634,1,7,7,0.8571428571428571,4.0
100655,1,14,14,0.0,7.5
100685,1,13,13,0.38461538461538464,7.0
100698,3,54,24,1.0,9.5
100716,1,20,20,0.25,10.5
100720,1,21,21,0.6666666666666666,11.0
100749,1,4,4,1.0,2.5
100765,1,7,7,0.8571428571428571,4.0
100768,1,2,2,0.0,1.5
100773,1,4,4,0.0,2.5
100792,1,9,9,0.1111111111111111,5.0
100810,1,3,3,0.3333333333333333,2.0
100811,1,1,1,1.0,1.0
100827,1,1,1,0.0,1.0
100833,1,4,4,1.0,2.5
100835,2,22,22,0.45454545454545453,7.636363636363637
100838,1,1,1,0.0,1.0
100845,1,4,4,0.75,2.5
100859,1,2,2,0.5,1.5
100863,2,34,27,0.7647058823529411,9.029411764705882
100865,1,11,11,0.8181818181818182,6.0
100900,1,4,4,0.0,2.5
100911,1,3,3,0.0,2.0
100916,1,17,17,1.0,9.0
100926,1,19,19,0.8947368421052632,10.0
100928,1,1,1,0.0,1.0
100935,1,3,3,1.0,2.0
100937,1,8,8,0.5,4.5
100947,1,15,15,0.3333333333333333,8.0
100978,1,24,24,0.625,12.5
100980,1,3,3,0.6666666666666666,2.0
100982,1,18,18,0.9444444444444444,9.5
100993,1,13,13,0.5384615384615384,7.0
100997,1,17,17,0.35294117647058826,9.0
101010,2,6,5,1.0,2.1666666666666665
101014,1,3,3,0.0,2.0
101021,2,23,23,0.5217391304347826,6.3478260869565215
101030,1,16,16,0.9375,8.5
101036,1,9,9,0.0,5.0
101040,1,2,2,0.0,1.5
101088,1,6,6,0.16666666666666666,3.5
101094,1,3,3,0.3333333333333333,2.0
101099,1,3,3,0.3333333333333333,2.0
101117,1,13,13,0.38461538461538464,7.0
101119,1,5,5,0.6,3.0
101130,1,4,4,1.0,2.5
101145,1,5,5,0.0,3.0
101150,1,10,10,0.8,5.5
101154,1,24,24,0.4166666666666667,12.5
101198,1,4,4,0.75,2.5
101228,1,5,5,0.2,3.0
101249,1,1,1,1.0,1.0
101255,1,11,11,0.6363636363636364,6.0
101260,1,27,27,0.7407407407407407,14.0
101261,1,14,14,0.6428571428571429,7.5
101292,2,22,20,0.7727272727272727,6.045454545454546
101294,1,12,12,1.0,6.5
101296,1,7,7,0.5714285714285714,4.0
101302,1,22,22,0.0,11.5
101311,1,14,14,0.14285714285714285,7.5
101319,1,12,12,1.0,6.5
101330,1,14,14,0.14285714285714285,7.5
101348,2,13,13,0.6153846153846154,3.769230769230769
101377,1,23,23,0.9565217391304348,12.0
101382,1,9,9,0.7777777777777778,5.0
101389,1,2,2,0.0,1.5
101396,1,18,18,0.8888888888888888,9.5
101413,1,2,2,1.0,1.5
101427,1,14,14,0.0,7.5
101428,1,15,15,0.0,8.0
101433,2,49,49,0.2857142857142857,15.0
101434,1,27,27,0.7777777777777778,14.0
101442,1,13,13,0.0,7.0
101459,2,10,10,0.8,3.4
101466,1,18,18,0.7777777777777778,9.5
101467,1,12,12,0.08333333333333333,6.5
101475,1,3,3,1.0,2.0
101495,1,3,3,0.0,2.0
101505,1,10,10,0.3,5.5
101524,1,15,15,0.06666666666666667,8.0
101528,1,4,4,0.75,2.5
101557,1,3,3,0.0,2.0
101559,1,6,6,0.0,3.5
101565,1,7,7,0.7142857142857143,4.0
101579,1,8,8,0.75,4.5
101585,1,15,15,0.8666666666666667,8.0
101588,1,3,3,1.0,2.0
101589,1,1,1,1.0,1.0
101590,1,23,23,0.0,12.0
101594,1,30,30,0.7333333333333333,15.5
101612,1,15,15,0.0,8.0
101625,1,12,12,0.75,6.5
101651,1,5,5,0.6,3.0
101683,1,2,2,1.0,1.5
101685,1,7,7,0.8571428571428571,4.0
101695,1,18,18,0.5555555555555556,9.5
101703,1,8,8,0.5,4.5
101722,1,10,10,0.4,5.5
101735,2,18,12,1.0,5.055555555555555
101746,1,5,5,0.6,3.0
101752,1,12,12,0.0,6.5
101758,1,8,8,0.75,4.5
101764,2,15,15,0.8,5.6
101800,1,4,4,0.5,2.5
101831,1,3,3,1.0,2.0
101837,1,7,7,0.8571428571428571,4.0
101841,1,7,7,0.7142857142857143,4.0
101842,1,11,11,0.5454545454545454,6.0
101845,1,15,15,0.26666666666666666,8.0
101856,1,14,14,0.5,7.5
101871,1,11,11,0.9090909090909091,6.0
101878,1,7,7,0.7142857142857143,4.0
101903,1,4,4,0.75,2.5
101904,1,1,1,0.0,1.0
101910,1,4,4,0.0,2.5
101919,1,9,9,0.2222222222222222,5.0
101933,1,11,11,0.8181818181818182,6.0
101937,1,5,5,1.0,3.0
101945,1,8,8,0.875,4.5
101948,2,5,4,0.6,1.8
101962,1,17,17,0.5294117647058824,9.0
101975,1,19,19,0.5263157894736842,10.0
101976,1,12,12,0.75,6.5
101980,1,3,3,0.0,2.0
101989,1,10,10,0.8,5.5
101990,1,10,10,0.4,5.5
102019,1,6,6,0.5,3.5
102020,1,23,23,0.6521739130434783,12.0
102031,1,9,9,0.5555555555555556,5.0
102036,1,2,2,1.0,1.5
102067,1,12,12,0.8333333333333334,6.5
102083,1,16,16,0.375,8.5
102092,1,26,26,0.0,13.5
102110,1,8,8,0.25,4.5
102115,1,13,13,0.8461538461538461,7.0
102119,1,19,19,0.631578947368421,10.0
102127,1,10,10,0.0,5.5
102148,1,17,17,0.5882352941176471,9.0
102149,1,6,6,0.16666666666666666,3.5
102150,1,6,6,0.0,3.5
102167,1,21,21,0.5714285714285714,11.0
102191,1,5,5,0.0,3.0
102227,1,7,7,0.2857142857142857,4.0
102228,1,2,2,1.0,1.5
102230,1,3,3,0.0,2.0
102245,1,7,7,0.0,4.0
102268,1,15,15,0.9333333333333333,8.0
102271,1,3,3,1.0,2.0
102272,1,1,1,0.0,1.0
102275,1,5,5,1.0,3.0
102288,4,10,10,0.6,2.3
102295,1,9,9,0.8888888888888888,5.0
102296,1,2,2,0.0,1.5
102301,1,12,12,1.0,6.5
102310,1,16,16,0.6875,8.5
102315,1,3,3,1.0,2.0
102320,2,20,19,0.45,5.5
102332,1,20,20,0.8,10.5
102339,2,23,18,0.9565217391304348,6.782608695652174
102345,2,7,7,0.8571428571428571,2.2857142857142856
102346,1,1,1,0.0,1.0
102350,1,7,7,1.0,4.0
102356,1,12,12,0.75,6.5
102380,1,11,11,0.09090909090909091,6.0
102384,2,6,6,0.16666666666666666,2.6666666666666665
102396,1,6,6,0.6666666666666666,3.5
102400,1,10,10,0.4,5.5
102403,2,4,4,0.75,1.5
102409,1,11,11,0.45454545454545453,6.0
102415,1,10,10,0.3,5.5
102426,1,13,13,0.23076923076923078,7.0
102427,1,24,24,0.5416666666666666,12.5
102455,1,12,12,0.6666666666666666,6.5
102468,1,11,11,0.5454545454545454,6.0
102501,1,28,28,0.8928571428571429,14.5
102514,1,4,4,1.0,2.5
102527,1,13,13,0.8461538461538461,7.0
102536,1,7,7,0.8571428571428571,4.0
102576,1,16,16,0.5,8.5
102585,1,1,1,1.0,1.0
102599,1,10,10,0.8,5.5
102600,1,15,15,0.6,8.0
102601,1,16,16,1.0,8.5
102619,1,7,7,0.7142857142857143,4.0
102635,1,13,13,0.6923076923076923,7.0
102656,1,6,6,1.0,3.5
102665,1,37,37,0.5675675675675675,19.0
102666,1,12,12,0.5833333333333334,6.5
102705,1,9,9,0.2222222222222222,5.0
102707,1,3,3,0.6666666666666666,2.0
102724,1,4,4,1.0,2.5
102733,1,2,2,1.0,1.5
102741,1,20,20,0.75,10.5
102783,1,1,1,1.0,1.0
102785,1,11,11,0.0,6.0
102796,1,7,7,0.8571428571428571,4.0
102797,1,10,10,0.1,5.5
102815,1,33,33,0.0,17.0
102841,1,2,2,1.0,1.5
102870,1,12,12,0.3333333333333333,6.5
102874,1,7,7,0.42857142857142855,4.0
102892,1,4,4,0.0,2.5
102912,1,14,14,0.35714285714285715,7.5
102915,1,10,10,0.5,5.5
102918,1,6,6,0.6666666666666666,3.5
102939,1,10,10,0.6,5.5
102947,1,8,8,0.875,4.5
102974,1,6,6,0.3333333333333333,3.5
102987,1,4,4,0.5,2.5
102988,1,7,7,1.0,4.0
102989,1,9,9,0.7777777777777778,5.0
102992,1,11,11,0.6363636363636364,6.0
103000,1,15,15,0.8,8.0
103018,1,11,11,0.6363636363636364,6.0
103020,1,3,3,0.0,2.0
103026,1,9,9,0.0,5.0
103027,1,12,12,0.5833333333333334,6.5
103035,2,52,52,0.8269230769230769,13.673076923076923
103036,1,6,6,0.8333333333333334,3.5
103040,1,5,5,0.8,3.0
103048,1,6,6,1.0,3.5
103095,1,16,16,0.4375,8.5
103106,1,6,6,0.8333333333333334,3.5
103107,1,3,3,0.0,2.0
103111,1,22,22,0.8181818181818182,11.5
103118,2,6,6,0.6666666666666666,2.6666666666666665
103120,1,2,2,1.0,1.5
103142,1,20,20,0.85,10.5
103164,1,24,24,0.0,12.5
103166,1,13,13,0.6153846153846154,7.0
103169,1,15,15,0.6,8.0
103198,1,9,9,0.8888888888888888,5.0
103208,1,12,12,0.0,6.5
103211,1,13,13,1.0,7.0
103218,1,17,17,0.0,9.0
103243,1,3,3,1.0,2.0
103259,1,7,7,0.42857142857142855,4.0
103275,1,11,11,0.7272727272727273,6.0
103276,1,25,25,0.0,13.0
103288,1,2,2,1.0,1.5
103299,1,18,18,0.4444444444444444,9.5
103344,1,26,26,0.0,13.5
103354,1,17,17,0.7058823529411765,9.0
103361,1,1,1,0.0,1.0
103372,1,6,6,1.0,3.5
103388,1,3,3,1.0,2.0
103391,1,25,25,0.88,13.0
103392,1,6,6,0.0,3.5
103413,1,1,1,1.0,1.0
103419,1,6,6,1.0,3.5
103431,1,22,22,0.6818181818181818,11.5
103448,1,4,4,0.5,2.5
103468,1,5,5,0.0,3.0
103469,1,7,7,1.0,4.0
103470,1,9,9,0.0,5.0
103486,1,17,17,0.11764705882352941,9.0
103505,1,5,5,1.0,3.0
103507,1,6,6,1.0,3.5
103509,1,5,5,0.8,3.0
103523,1,6,6,0.16666666666666666,3.5
103545,1,10,10,0.3,5.5
103546,1,26,26,0.8846153846153846,13.5
103556,1,6,6,0.5,3.5
103566,1,3,3,0.6666666666666666,2.0
103589,1,6,6,0.5,3.5
103611,1,7,7,0.2857142857142857,4.0
103622,1,5,5,1.0,3.0
103634,1,45,45,0.7777777777777778,23.0
103635,1,2,2,1.0,1.5
103639,1,30,30,0.0,15.5
103642,1,5,5,0.8,3.0
103643,1,3,3,0.0,2.0
103647,1,2,2,1.0,1.5
103671,1,3,3,0.3333333333333333,2.0
103688,1,7,7,0.5714285714285714,4.0
103690,1,12,12,0.4166666666666667,6.5
103702,1,7,7,0.2857142857142857,4.0
103712,1,11,11,0.0,6.0
103716,1,14,14,0.5,7.5
103737,1,3,3,0.6666666666666666,2.0
103738,1,14,14,0.21428571428571427,7.5
103744,1,18,18,0.3888888888888889,9.5
103747,2,37,24,0.972972972972973,9.756756756756756
103763,1,11,11,0.6363636363636364,6.0
103769,1,12,12,0.08333333333333333,6.5
103771,1,10,10,0.3,5.5
103778,1,14,14,0.5714285714285714,7.5
103799,1,9,9,0.1111111111111111,5.0
103802,1,3,3,1.0,2.0
103805,1,9,9,0.3333333333333333,5.0
103831,1,3,3,0.0,2.0
103843,1,15,15,0.5333333333333333,8.0
103863,1,9,9,0.5555555555555556,5.0
103873,2,10,10,0.8,3.1
103879,1,2,2,1.0,1.5
103887,1,2,2,1.0,1.5
103889,1,9,9,0.3333333333333333,5.0
103908,1,22,22,0.0,11.5
103916,1,14,14,0.9285714285714286,7.5
103949,2,36,34,0.8611111111111112,11.75
103951,1,4,4,0.0,2.5
103966,1,5,5,1.0,3.0
103972,1,6,6,1.0,3.5
103976,1,3,3,1.0,2.0
103979,1,14,14,0.0,7.5
103983,1,13,13,0.23076923076923078,7.0
103994,1,7,7,1.0,4.0
104015,1,7,7,0.42857142857142855,4.0
104021,1,5,5,0.0,3.0
104042,1,7,7,0.8571428571428571,4.0
104052,1,15,15,0.26666666666666666,8.0
104059,1,1,1,1.0,1.0
104061,1,5,5,0.6,3.0
104088,1,13,13,0.3076923076923077,7.0
104111,1,23,23,0.6956521739130435,12.0
104115,1,10,10,0.6,5.5
104119,1,6,6,0.16666666666666666,3.5
104129,1,7,7,1.0,4.0
104130,1,6,6,1.0,3.5
104133,1,7,7,0.0,4.0
104141,1,11,11,0.5454545454545454,6.0
104170,1,9,9,0.3333333333333333,5.0
104184,1,21,21,0.8095238095238095,11.0
104186,1,4,4,1.0,2.5
104189,1,5,5,0.2,3.0
104204,1,4,4,0.75,2.5
104209,1,7,7,0.2857142857142857,4.0
104238,1,2,2,0.5,1.5
104242,2,23,21,0.782608695652174,6.782608695652174
104261,1,14,14,0.5714285714285714,7.5
104288,2,31,31,0.5483870967741935,8.258064516129032
104292,1,10,10,0.4,5.5
104295,1,17,17,0.6470588235294118,9.0
104307,1,3,3,1.0,2.0
104317,1,3,3,0.0,2.0
104320,1,9,9,0.8888888888888888,5.0
104344,1,6,6,0.0,3.5
104355,1,8,8,0.75,4.5
104363,1,5,5,0.4,3.0
104366,1,3,3,0.0,2.0
104373,1,23,23,0.0,12.0
104396,1,3,3,1.0,2.0
104398,1,26,26,0.5769230769230769,13.5
104439,1,7,7,0.14285714285714285,4.0
104441,2,23,22,0.5652173913043478,6.3478260869565215
104462,1,5,5,0.8,3.0
104463,1,12,12,0.9166666666666666,6.5
104472,1,6,6,0.3333333333333333,3.5
104480,1,7,7,0.0,4.0
104499,1,27,27,0.7037037037037037,14.0
104508,1,5,5,1.0,3.0
104530,1,7,7,0.7142857142857143,4.0
104550,1,5,5,0.6,3.0
104557,1,4,4,0.25,2.5
104572,1,13,13,0.38461538461538464,7.0
104596,1,4,4,0.75,2.5
104598,1,10,10,0.0,5.5
104601,2,26,23,0.7692307692307693,7.153846153846154
104608,1,23,23,0.8260869565217391,12.0
104640,1,14,14,0.5714285714285714,7.5
104644,1,3,3,0.0,2.0
104668,1,28,28,0.7142857142857143,14.5
104686,2,20,20,0.9,5.55
104688,1,6,6,0.5,3.5
104701,1,11,11,0.2727272727272727,6.0
104714,1,3,3,0.3333333333333333,2.0
104716,1,9,9,0.0,5.0
104720,1,4,4,0.75,2.5
104725,1,2,2,0.0,1.5
104737,1,5,5,1.0,3.0
104764,2,13,13,0.9230769230769231,5.3076923076923075
104773,1,10,10,1.0,5.5
104785,2,25,25,0.84,7.56
104812,1,1,1,0.0,1.0
104821,1,5,5,0.8,3.0
104823,1,9,9,0.2222222222222222,5.0
104834,1,8,8,0.75,4.5
104839,1,10,10,0.7,5.5
104844,1,15,15,0.9333333333333333,8.0
104853,2,28,28,1.0,8.071428571428571
104857,1,10,10,1.0,5.5
104879,1,7,7,0.8571428571428571,4.0
104903,1,12,12,0.08333333333333333,6.5
104910,1,3,3,1.0,2.0
104921,1,11,11,0.36363636363636365,6.0
104928,2,12,11,0.6666666666666666,3.5833333333333335
104932,1,14,14,0.5714285714285714,7.5
104979,1,6,6,0.6666666666666666,3.5
104997,1,8,8,0.5,4.5
105001,1,25,25,0.44,13.0
105002,1,6,6,0.6666666666666666,3.5
105005,1,27,27,0.8888888888888888,14.0
105010,1,12,12,0.16666666666666666,6.5
105011,1,10,10,0.3,5.5
105026,1,9,9,0.2222222222222222,5.0
105028,1,5,5,1.0,3.0
105089,1,8,8,0.875,4.5
105091,1,13,13,0.8461538461538461,7.0
105100,1,7,7,0.8571428571428571,4.0
105105,2,6,6,0.3333333333333333,2.1666666666666665
105120,1,23,23,0.0,12.0
105132,1,10,10,0.8,5.5
105133,1,2,2,1.0,1.5
105144,1,11,11,0.0,6.0
105171,1,10,10,1.0,5.5
105177,1,19,19,0.7368421052631579,10.0
105187,2,10,10,1.0,3.1
105190,2,10,10,0.3,3.4
105206,1,21,21,0.7619047619047619,11.0
105217,1,25,25,0.16,13.0
105218,1,5,5,1.0,3.0
105219,1,29,29,0.9310344827586207,15.0
105224,1,3,3,0.3333333333333333,2.0
105237,1,7,7,0.8571428571428571,4.0
105239,1,6,6,0.0,3.5
105263,1,2,2,0.5,1.5
105284,1,16,16,0.125,8.5
105299,2,8,7,0.625,2.5
105300,1,10,10,0.7,5.5
105319,2,10,10,0.2,3.9
105320,1,20,20,0.85,10.5
105330,1,3,3,1.0,2.0
105338,1,6,6,0.8333333333333334,3.5
105354,1,1,1,1.0,1.0
105356,1,5,5,0.6,3.0
105357,1,5,5,1.0,3.0
105375,1,8,8,1.0,4.5
105381,1,2,2,0.5,1.5
105422,2,19,19,0.9473684210526315,5.578947368421052
105428,1,11,11,0.36363636363636365,6.0
105431,2,14,14,0.6428571428571429,4.071428571428571
105434,1,1,1,0.0,1.0
105463,1,26,26,0.23076923076923078,13.5
105479,2,5,5,0.8,2.2
105480,1,10,10,0.9,5.5
105539,1,8,8,0.5,4.5
105550,1,11,11,0.18181818181818182,6.0
105555,1,7,7,0.0,4.0
105560,2,37,37,0.7027027027027027,9.91891891891892
105562,1,3,3,1.0,2.0
105579,1,5,5,1.0,3.0
105592,1,12,12,0.75,6.5
105599,1,14,14,0.5,7.5
105601,1,6,6,0.6666666666666666,3.5
105603,1,12,12,0.3333333333333333,6.5
105623,1,5,5,0.8,3.0
105670,1,4,4,1.0,2.5
105695,1,38,38,0.2894736842105263,19.5
105703,1,12,12,0.0,6.5
105719,1,6,6,0.3333333333333333,3.5
105739,1,7,7,0.5714285714285714,4.0
105746,1,13,13,0.5384615384615384,7.0
105755,1,4,4,0.0,2.5
105758,1,8,8,0.5,4.5
105762,1,6,6,0.16666666666666666,3.5
105768,1,3,3,0.6666666666666666,2.0
105773,1,28,28,0.5,14.5
105829,1,10,10,1.0,5.5
105881,1,8,8,0.75,4.5
105895,1,15,15,0.9333333333333333,8.0
105896,1,1,1,0.0,1.0
105913,1,4,4,1.0,2.5
105914,1,1,1,1.0,1.0
105916,1,11,11,0.6363636363636364,6.0
105928,1,4,4,1.0,2.5
105934,1,7,7,0.7142857142857143,4.0
105939,2,41,34,0.9024390243902439,11.78048780487805
105973,1,3,3,0.3333333333333333,2.0
105976,1,2,2,1.0,1.5
106000,1,7,7,0.8571428571428571,4.0
106004,1,21,21,0.9047619047619048,11.0
106008,1,2,2,0.0,1.5
106018,1,17,17,0.7647058823529411,9.0
106027,1,16,16,1.0,8.5
106032,1,20,20,1.0,10.5
106059,1,3,3,0.3333333333333333,2.0
106077,1,6,6,0.0,3.5
106081,1,16,16,0.5,8.5
106082,1,2,2,1.0,1.5
106084,1,13,13,0.0,7.0
106086,1,6,6,1.0,3.5
106092,1,10,10,0.3,5.5
106103,1,3,3,0.6666666666666666,2.0
106113,1,11,11,0.18181818181818182,6.0
106143,1,1,1,1.0,1.0
106155,1,2,2,1.0,1.5
106161,1,25,25,0.64,13.0
106187,1,3,3,1.0,2.0
106215,1,4,4,0.75,2.5
106248,1,8,8,0.0,4.5
106252,1,7,7,0.14285714285714285,4.0
106256,1,6,6,0.8333333333333334,3.5
106292,1,4,4,0.5,2.5
106305,1,2,2,1.0,1.5
106310,1,23,23,0.2608695652173913,12.0
106321,2,38,34,0.868421052631579,11.289473684210526
106330,2,11,7,0.9090909090909091,3.4545454545454546
106337,1,17,17,0.29411764705882354,9.0
106367,1,8,8,0.25,4.5
106387,1,16,16,0.0,8.5
106397,1,12,12,0.6666666666666666,6.5
106405,1,13,13,1.0,7.0
106424,1,1,1,0.0,1.0
106453,1,4,4,1.0,2.5
106481,1,5,5,0.8,3.0
106483,1,11,11,0.5454545454545454,6.0
106485,1,6,6,0.5,3.5
106493,1,21,21,0.0,11.0
106517,1,16,16,0.6875,8.5
106519,1,15,15,0.9333333333333333,8.0
106527,1,6,6,1.0,3.5
106542,1,11,11,0.36363636363636365,6.0
106543,1,23,23,0.5217391304347826,12.0
106578,1,5,5,0.8,3.0
106592,1,14,14,0.0,7.5
106607,1,2,2,0.5,1.5
106611,1,24,24,0.75,12.5
106614,1,2,2,1.0,1.5
106642,1,2,2,1.0,1.5
106647,1,12,12,0.4166666666666667,6.5
106651,1,5,5,0.4,3.0
106654,1,18,18,0.8333333333333334,9.5
106672,1,33,33,0.0,17.0
106713,1,1,1,1.0,1.0
106717,1,11,11,0.5454545454545454,6.0
106718,1,9,9,0.4444444444444444,5.0
106735,1,29,29,0.3448275862068966,15.0
106776,1,12,12,0.25,6.5
106789,1,2,2,1.0,1.5
106796,1,5,5,0.6,3.0
106826,2,24,24,1.0,6.541666666666667
106854,1,4,4,1.0,2.5
106876,1,6,6,0.3333333333333333,3.5
106879,1,24,24,0.75,12.5
106895,1,9,9,0.7777777777777778,5.0
106907,1,6,6,0.8333333333333334,3.5
106932,1,5,5,0.8,3.0
106934,1,3,3,1.0,2.0
106973,1,26,26,0.6153846153846154,13.5
106995,1,6,6,0.16666666666666666,3.5
107001,1,4,4,0.5,2.5
107007,1,9,9,0.3333333333333333,5.0
107019,1,3,3,1.0,2.0
107044,1,5,5,0.4,3.0
107066,1,18,18,0.8888888888888888,9.5
107068,1,8,8,1.0,4.5
107078,1,19,19,0.2631578947368421,10.0
107093,1,4,4,0.25,2.5
107098,1,3,3,0.6666666666666666,2.0
107144,1,18,18,0.8888888888888888,9.5
107145,1,7,7,0.42857142857142855,4.0
107149,1,4,4,0.5,2.5
107152,1,8,8,0.625,4.5
107159,1,17,17,1.0,9.0
107160,1,4,4,0.5,2.5
107170,1,19,19,1.0,10.0
107179,1,8,8,0.75,4.5
107182,1,12,12,0.4166666666666667,6.5
107242,1,3,3,0.3333333333333333,2.0
107244,1,1,1,1.0,1.0
107247,1,11,11,0.5454545454545454,6.0
107254,2,8,7,1.0,2.625
107295,1,13,13,0.6923076923076923,7.0
107327,2,19,19,0.8947368421052632,5.578947368421052
107330,1,8,8,0.0,4.5
107333,1,14,14,0.8571428571428571,7.5
107360,1,13,13,0.6153846153846154,7.0
107362,1,11,11,0.6363636363636364,6.0
107376,1,18,18,0.8333333333333334,9.5
107379,1,3,3,0.6666666666666666,2.0
107384,1,11,11,1.0,6.0
107398,1,8,8,0.625,4.5
107430,1,2,2,1.0,1.5
107436,1,2,2,1.0,1.5
107447,1,13,13,1.0,7.0
107455,1,8,8,0.25,4.5
107475,1,8,8,0.875,4.5
107494,1,7,7,0.8571428571428571,4.0
107510,1,2,2,1.0,1.5
107523,1,7,7,0.7142857142857143,4.0
107541,1,3,3,1.0,2.0
107569,1,4,4,0.5,2.5
107575,1,1,1,1.0,1.0
107583,2,20,17,0.55,5.95
107585,1,9,9,0.7777777777777778,5.0
107592,1,49,49,0.7346938775510204,25.0
107593,1,12,12,0.6666666666666666,6.5
107607,1,11,11,1.0,6.0
107620,1,7,7,0.5714285714285714,4.0
107632,1,19,19,0.47368421052631576,10.0
107645,1,7,7,0.5714285714285714,4.0
107659,1,10,10,0.5,5.5
107660,1,28,28,0.8571428571428571,14.5
107686,1,2,2,0.0,1.5
107724,1,13,13,0.38461538461538464,7.0
107732,1,3,3,0.3333333333333333,2.0
107733,1,3,3,0.3333333333333333,2.0
107744,1,6,6,0.0,3.5
107763,1,2,2,1.0,1.5
107783,1,10,10,0.4,5.5
107808,1,5,5,0.4,3.0
107809,1,3,3,1.0,2.0
107813,1,13,13,0.15384615384615385,7.0
107814,1,17,17,1.0,9.0
107820,2,10,9,0.9,3.1
107843,1,6,6,0.0,3.5
107844,1,9,9,0.4444444444444444,5.0
107882,1,22,22,0.9545454545454546,11.5
107885,1,19,19,0.0,10.0
107888,1,12,12,0.5,6.5
107897,1,5,5,0.6,3.0
107922,1,7,7,0.2857142857142857,4.0
107926,1,5,5,1.0,3.0
107932,1,1,1,0.0,1.0
107935,1,11,11,0.18181818181818182,6.0
107936,1,2,2,1.0,1.5
107937,1,10,10,0.2,5.5
107955,1,9,9,0.8888888888888888,5.0
107957,1,14,14,0.5,7.5
107981,1,3,3,0.6666666666666666,2.0
107983,1,16,16,0.6875,8.5
107996,1,7,7,0.14285714285714285,4.0
108032,2,29,25,0.6896551724137931,9.689655172413794
108047,2,12,12,0.8333333333333334,4.833333333333333
108069,1,12,12,0.0,6.5
108087,1,9,9,1.0,5.0
108092,1,4,4,0.0,2.5
108097,1,9,9,0.0,5.0
108098,1,17,17,0.7647058823529411,9.0
108104,1,5,5,1.0,3.0
108105,1,4,4,1.0,2.5
108153,1,57,57,0.03508771929824561,29.0
108163,1,6,6,0.3333333333333333,3.5
108185,1,7,7,0.2857142857142857,4.0
108188,1,11,11,0.8181818181818182,6.0
108191,2,6,5,0.16666666666666666,2.0
108192,1,23,23,0.9130434782608695,12.0
108195,1,38,38,0.2894736842105263,19.5
108198,1,12,12,0.16666666666666666,6.5
108199,1,10,10,0.5,5.5
108207,1,23,23,0.7391304347826086,12.0
108211,1,11,11,0.5454545454545454,6.0
108217,1,1,1,1.0,1.0
108228,1,9,9,0.0,5.0
108238,2,38,38,0.05263157894736842,11.68421052631579
108249,1,8,8,1.0,4.5
108273,2,20,20,0.6,7.3
108275,1,4,4,0.0,2.5
108309,1,2,2,0.0,1.5
108321,1,5,5,0.4,3.0
108327,1,14,14,0.7857142857142857,7.5
108338,1,20,20,0.25,10.5
108346,1,27,27,0.6666666666666666,14.0
108347,1,10,10,0.9,5.5
108351,1,6,6,0.8333333333333334,3.5
108369,1,16,16,0.6875,8.5
108370,1,1,1,0.0,1.0
108389,2,11,10,0.2727272727272727,3.272727272727273
108396,1,3,3,0.6666666666666666,2.0
108401,2,25,25,0.92,9.64
108456,1,3,3,1.0,2.0
108457,1,23,23,0.9130434782608695,12.0
108467,1,1,1,1.0,1.0
108477,1,12,12,0.25,6.5
108494,1,14,14,0.5,7.5
108495,2,22,21,0.9545454545454546,6.7272727272727275
108498,1,8,8,0.625,4.5
108505,1,15,15,0.7333333333333333,8.0
108532,1,26,26,0.15384615384615385,13.5
108537,2,4,4,0.5,1.5
108539,2,26,26,0.8076923076923077,7.346153846153846
108572,1,2,2,0.5,1.5
108574,1,1,1,0.0,1.0
108577,1,2,2,1.0,1.5
108578,1,3,3,0.0,2.0
108597,1,46,46,0.2608695652173913,23.5
108612,1,4,4,0.5,2.5
108615,1,15,15,0.0,8.0
108635,1,12,12,0.5833333333333334,6.5
108651,1,19,19,0.5789473684210527,10.0
108656,1,6,6,0.5,3.5
108660,1,3,3,0.0,2.0
108665,1,8,8,0.25,4.5
108666,1,9,9,0.7777777777777778,5.0
108681,1,8,8,0.75,4.5
108710,1,14,14,0.5,7.5
108717,1,20,20,0.7,10.5
108726,2,17,17,0.8823529411764706,5.470588235294118
108740,1,33,33,0.30303030303030304,17.0
108747,2,15,15,0.6,4.266666666666667
108768,1,7,7,0.5714285714285714,4.0
108771,2,3,3,0.3333333333333333,1.3333333333333333
108776,1,10,10,0.9,5.5
108777,1,8,8,0.5,4.5
108779,1,1,1,0.0,1.0
108790,1,20,20,1.0,10.5
108794,1,5,5,0.4,3.0
108796,1,13,13,0.46153846153846156,7.0
108805,1,19,19,0.0,10.0
108814,1,3,3,0.6666666666666666,2.0
108819,1,14,14,0.9285714285714286,7.5
108827,1,33,33,0.21212121212121213,17.0
108832,2,12,12,0.3333333333333333,4.25
108839,1,8,8,0.25,4.5
108845,1,9,9,0.7777777777777778,5.0
108851,1,4,4,1.0,2.5
108854,1,18,18,0.5555555555555556,9.5
108880,1,3,3,0.3333333333333333,2.0
108891,1,7,7,0.8571428571428571,4.0
108919,1,10,10,1.0,5.5
108932,1,15,15,0.5333333333333333,8.0
108935,1,15,15,0.8,8.0
108940,1,5,5,0.6,3.0
108947,1,4,4,0.25,2.5
108988,1,4,4,0.0,2.5
109003,1,9,9,0.6666666666666666,5.0
109048,1,2,2,0.5,1.5
109050,1,14,14,0.5714285714285714,7.5
109052,1,10,10,0.3,5.5
109056,1,22,22,0.5909090909090909,11.5
109082,1,7,7,0.14285714285714285,4.0
109095,1,21,21,0.2857142857142857,11.0
109120,1,13,13,0.3076923076923077,7.0
109137,1,17,17,0.8235294117647058,9.0
109151,2,20,20,0.95,5.95
109161,1,2,2,0.5,1.5
109170,1,4,4,0.5,2.5
109171,1,1,1,1.0,1.0
109175,1,4,4,0.0,2.5
109177,1,3,3,0.3333333333333333,2.0
109180,1,6,6,0.0,3.5
109189,1,3,3,0.0,2.0
109201,1,6,6,0.3333333333333333,3.5
109214,1,14,14,0.5714285714285714,7.5
109224,1,14,14,0.9285714285714286,7.5
109247,1,10,10,0.2,5.5
109259,1,8,8,0.0,4.5
109260,1,3,3,1.0,2.0
109268,1,5,5,0.8,3.0
109275,1,10,10,0.0,5.5
109289,1,1,1,1.0,1.0
109320,1,8,8,0.25,4.5
109343,1,6,6,0.16666666666666666,3.5
109349,1,14,14,0.7857142857142857,7.5
109393,2,26,23,0.7692307692307693,7.038461538461538
109406,1,8,8,0.0,4.5
109411,1,20,20,0.1,10.5
109434,2,6,6,0.8333333333333334,2.1666666666666665
109463,1,13,13,0.6153846153846154,7.0
109472,1,2,2,0.0,1.5
109489,1,8,8,0.875,4.5
109522,1,19,19,0.3684210526315789,10.0
109531,1,7,7,0.8571428571428571,4.0
109534,1,17,17,0.8235294117647058,9.0
109537,1,11,11,0.36363636363636365,6.0
109546,1,13,13,0.0,7.0
109550,1,14,14,0.7142857142857143,7.5
109560,1,21,21,0.0,11.0
109562,1,14,14,0.5,7.5
109567,1,1,1,0.0,1.0
109572,1,6,6,0.6666666666666666,3.5
109592,1,21,21,0.0,11.0
109602,1,3,3,1.0,2.0
109627,1,5,5,0.6,3.0
109631,1,17,17,0.4117647058823529,9.0
109634,1,28,28,0.0,14.5
109638,2,4,4,0.5,1.75
109658,1,6,6,0.8333333333333334,3.5
109669,1,6,6,0.3333333333333333,3.5
109673,1,9,9,1.0,5.0
109681,1,14,14,0.9285714285714286,7.5
109689,3,18,17,0.5,4.222222222222222
109697,1,5,5,0.8,3.0
109700,1,19,19,0.0,10.0
109712,1,9,9,0.7777777777777778,5.0
109773,1,15,15,0.6,8.0
109807,1,5,5,0.0,3.0
109809,1,8,8,0.75,4.5
109811,1,7,7,0.14285714285714285,4.0
109812,2,8,8,0.875,3.625
109817,1,3,3,0.0,2.0
109839,1,19,19,1.0,10.0
109846,2,16,13,0.875,4.5
109851,1,2,2,0.5,1.5
109873,1,5,5,0.0,3.0
109882,1,12,12,0.4166666666666667,6.5
109899,2,6,6,1.0,2.0
109903,1,3,3,1.0,2.0
109904,2,16,13,0.9375,5.5
109905,1,11,11,0.0,6.0
109906,1,15,15,0.6666666666666666,8.0
109917,1,15,15,0.5333333333333333,8.0
109926,1,21,21,0.0,11.0
109935,1,10,10,0.9,5.5
109942,1,21,21,0.0,11.0
109948,1,17,17,0.47058823529411764,9.0
109955,1,8,8,1.0,4.5
109967,1,3,3,1.0,2.0
109969,1,30,30,0.7333333333333333,15.5
109979,1,4,4,0.75,2.5
109980,1,20,20,0.75,10.5
110001,1,14,14,0.7857142857142857,7.5
110012,1,9,9,0.8888888888888888,5.0
110023,1,1,1,0.0,1.0
110024,2,31,30,0.3870967741935484,8.451612903225806
110033,1,12,12,0.3333333333333333,6.5
110040,1,7,7,0.42857142857142855,4.0
110045,1,6,6,0.3333333333333333,3.5
110049,1,15,15,0.8666666666666667,8.0
110052,1,24,24,0.2916666666666667,12.5
110056,1,2,2,1.0,1.5
110064,1,11,11,1.0,6.0
110073,2,14,14,0.35714285714285715,4.071428571428571
110085,1,12,12,0.5833333333333334,6.5
110101,1,2,2,1.0,1.5
110120,1,1,1,1.0,1.0
110128,2,21,16,0.9523809523809523,5.761904761904762
110141,1,4,4,0.75,2.5
110146,1,19,19,0.2631578947368421,10.0
110197,3,73,65,0.8767123287671232,14.10958904109589
110198,1,3,3,0.0,2.0
110205,1,4,4,0.5,2.5
110254,1,20,20,0.95,10.5
110263,1,14,14,0.35714285714285715,7.5
110265,1,10,10,0.8,5.5
110267,1,2,2,0.0,1.5
110273,1,8,8,0.625,4.5
110282,1,9,9,0.0,5.0
110287,1,10,10,0.0,5.5
110354,1,6,6,1.0,3.5
110356,1,17,17,0.058823529411764705,9.0
110363,2,11,11,0.8181818181818182,3.4545454545454546
110374,1,28,28,0.5,14.5
110390,1,9,9,0.8888888888888888,5.0
110430,1,16,16,0.3125,8.5
110436,1,12,12,0.4166666666666667,6.5
110442,1,7,7,1.0,4.0
110448,1,1,1,0.0,1.0
110449,1,7,7,0.14285714285714285,4.0
110467,1,19,19,0.6842105263157895,10.0
110469,1,15,15,0.4666666666666667,8.0
110472,1,4,4,0.5,2.5
110483,1,30,30,0.5333333333333333,15.5
110487,1,7,7,0.5714285714285714,4.0
110488,1,2,2,0.0,1.5
110505,1,10,10,0.7,5.5
110513,1,9,9,0.1111111111111111,5.0
110514,1,12,12,0.6666666666666666,6.5
110522,1,10,10,0.6,5.5
110528,1,9,9,0.5555555555555556,5.0
110533,1,7,7,0.0,4.0
110558,1,5,5,0.6,3.0
110568,2,29,21,0.9310344827586207,7.827586206896552
110571,1,9,9,0.0,5.0
110596,1,12,12,1.0,6.5
110608,1,14,14,0.7857142857142857,7.5
110615,1,10,10,0.4,5.5
110626,1,10,10,0.5,5.5
110647,2,17,17,0.4117647058823529,4.764705882352941
110673,1,11,11,0.8181818181818182,6.0
110683,1,17,17,0.5294117647058824,9.0
110684,1,8,8,1.0,4.5
110694,1,6,6,1.0,3.5
110698,1,8,8,1.0,4.5
110705,1,8,8,1.0,4.5
110708,1,5,5,0.0,3.0
110719,1,5,5,0.8,3.0
110722,1,8,8,0.75,4.5
110727,1,4,4,1.0,2.5
110737,1,10,10,0.0,5.5
110754,1,5,5,0.4,3.0
110755,1,1,1,1.0,1.0
110758,1,16,16,0.25,8.5
110779,1,11,11,0.7272727272727273,6.0
110802,1,9,9,0.1111111111111111,5.0
110808,1,22,22,0.7727272727272727,11.5
110835,1,17,17,0.6470588235294118,9.0
110844,1,25,25,0.8,13.0
110853,1,9,9,0.5555555555555556,5.0
110856,1,2,2,1.0,1.5
110975,1,9,9,0.8888888888888888,5.0
110980,2,33,33,0.3939393939393939,10.93939393939394
110982,1,17,17,0.47058823529411764,9.0
110984,1,5,5,0.0,3.0
110986,1,3,3,1.0,2.0
110991,1,20,20,0.5,10.5
110992,1,5,5,0.0,3.0
110995,1,38,38,0.23684210526315788,19.5
111005,1,1,1,1.0,1.0
111043,1,10,10,0.3,5.5
111046,1,13,13,0.6153846153846154,7.0
111062,1,13,13,0.23076923076923078,7.0
111069,1,4,4,0.0,2.5
111072,1,2,2,1.0,1.5
111081,2,9,9,0.3333333333333333,3.0
111083,1,23,23,0.0,12.0
111112,1,9,9,0.0,5.0
111114,1,11,11,0.2727272727272727,6.0
111122,1,1,1,0.0,1.0
111128,1,37,37,0.8108108108108109,19.0
111134,2,19,11,0.9473684210526315,5.2631578947368425
111136,1,1,1,1.0,1.0
111138,1,17,17,0.6470588235294118,9.0
111139,1,10,10,0.1,5.5
111149,1,15,15,0.6666666666666666,8.0
111164,1,1,1,0.0,1.0
111177,1,28,28,0.10714285714285714,14.5
111195,1,15,15,0.7333333333333333,8.0
111196,1,19,19,0.631578947368421,10.0
111212,2,4,4,1.0,1.75
111218,1,27,27,0.7037037037037037,14.0
111261,1,3,3,0.0,2.0
111274,1,5,5,0.4,3.0
111299,1,17,17,1.0,9.0
111308,1,4,4,0.5,2.5
111315,1,1,1,1.0,1.0
111317,1,10,10,0.6,5.5
111322,1,25,25,0.8,13.0
111327,1,15,15,0.8666666666666667,8.0
111344,1,14,14,0.0,7.5
111357,1,4,4,1.0,2.5
111365,2,3,2,1.0,1.3333333333333333
111372,1,13,13,0.6923076923076923,7.0
111381,1,12,12,1.0,6.5
111385,1,11,11,0.9090909090909091,6.0
111396,1,3,3,1.0,2.0
111410,1,3,3,1.0,2.0
111438,1,8,8,0.5,4.5
111451,4,66,58,0.8787878787878788,11.06060606060606
111467,1,3,3,1.0,2.0
111475,1,5,5,0.6,3.0
111488,1,16,16,0.875,8.5
111490,1,16,16,0.6875,8.5
111493,1,5,5,0.4,3.0
111494,1,13,13,1.0,7.0
111550,2,19,16,0.8947368421052632,5.2631578947368425
111555,1,5,5,1.0,3.0
111557,2,14,14,0.42857142857142855,4.0
111577,1,2,2,0.5,1.5
111608,2,11,10,0.9090909090909091,3.272727272727273
111612,1,7,7,0.42857142857142855,4.0
111619,1,21,21,0.7619047619047619,11.0
111623,2,23,21,0.8695652173913043,7.565217391304348
111639,1,3,3,0.3333333333333333,2.0
111642,1,6,6,0.3333333333333333,3.5
111651,2,10,10,0.5,3.0
111664,2,12,10,1.0,3.8333333333333335
111666,1,12,12,0.0,6.5
111667,1,1,1,0.0,1.0
111675,1,4,4,1.0,2.5
111683,1,11,11,0.5454545454545454,6.0
111687,1,7,7,1.0,4.0
111717,1,18,18,0.6111111111111112,9.5
111726,1,6,6,1.0,3.5
111743,1,4,4,0.75,2.5
111744,1,12,12,0.5833333333333334,6.5
111768,1,1,1,0.0,1.0
111773,1,17,17,0.47058823529411764,9.0
111782,1,13,13,0.7692307692307693,7.0
111786,1,7,7,0.0,4.0
111802,1,9,9,1.0,5.0
111814,2,9,9,1.0,3.4444444444444446
111815,1,6,6,0.3333333333333333,3.5
111816,1,10,10,0.5,5.5
111817,1,3,3,1.0,2.0
111853,1,15,15,0.6,8.0
111879,1,10,10,0.0,5.5
111880,1,12,12,0.0,6.5
111921,1,11,11,1.0,6.0
111922,1,2,2,1.0,1.5
111926,1,9,9,1.0,5.0
111936,1,7,7,0.7142857142857143,4.0
111941,1,7,7,0.5714285714285714,4.0
111943,1,3,3,0.6666666666666666,2.0
111982,2,5,5,1.0,1.8
111984,1,41,41,0.0,21.0
111987,1,5,5,1.0,3.0
112000,1,6,6,0.16666666666666666,3.5
112005,1,3,3,1.0,2.0
112006,1,4,4,1.0,2.5
112026,3,32,31,0.90625,5.90625
112030,1,2,2,1.0,1.5
112043,1,11,11,0.45454545454545453,6.0
112092,2,25,25,0.64,7.24
112102,1,24,24,0.75,12.5
112105,1,9,9,0.2222222222222222,5.0
112111,1,21,21,0.6190476190476191,11.0
112121,1,1,1,0.0,1.0
112125,1,3,3,0.6666666666666666,2.0
112144,1,5,5,0.8,3.0
112172,1,15,15,0.13333333333333333,8.0
112179,1,23,23,0.30434782608695654,12.0
112181,1,16,16,0.0,8.5
112229,2,11,11,0.45454545454545453,3.272727272727273
112235,1,8,8,0.5,4.5
112261,1,2,2,1.0,1.5
112270,1,1,1,0.0,1.0
112272,1,3,3,1.0,2.0
112278,2,16,16,0.25,4.75
112280,1,12,12,0.5,6.5
112298,2,27,25,0.6296296296296297,8.0
112305,1,5,5,0.4,3.0
112319,1,6,6,1.0,3.5
112325,2,18,18,0.3888888888888889,5.055555555555555
112327,1,5,5,0.8,3.0
112335,1,6,6,0.6666666666666666,3.5
112336,2,15,15,0.0,4.4
112345,1,3,3,1.0,2.0
112365,1,7,7,0.8571428571428571,4.0
112392,1,1,1,1.0,1.0
112400,1,15,15,0.13333333333333333,8.0
112429,1,14,14,0.9285714285714286,7.5
112437,2,16,16,0.6875,6.75
112446,1,4,4,0.0,2.5
112450,1,12,12,0.75,6.5
112463,1,6,6,0.3333333333333333,3.5
112501,1,3,3,1.0,2.0
112524,1,9,9,0.7777777777777778,5.0
112526,2,11,11,0.45454545454545453,3.4545454545454546
112535,1,11,11,0.8181818181818182,6.0
112551,1,8,8,0.625,4.5
112553,1,41,41,0.4878048780487805,21.0
112554,1,8,8,1.0,4.5
112555,1,9,9,0.8888888888888888,5.0
112557,1,11,11,0.0,6.0
112580,1,4,4,1.0,2.5
112588,1,19,19,0.21052631578947367,10.0
112601,1,2,2,0.0,1.5
112604,1,9,9,0.4444444444444444,5.0
112606,2,76,76,0.6710526315789473,20.144736842105264
112609,1,18,18,0.5555555555555556,9.5
112623,1,11,11,0.8181818181818182,6.0
112648,1,5,5,0.6,3.0
112678,1,2,2,0.5,1.5
112685,1,9,9,0.8888888888888888,5.0
112686,2,5,5,0.6,1.8
112708,1,1,1,0.0,1.0
112717,1,4,4,0.75,2.5
112723,1,9,9,0.4444444444444444,5.0
112733,1,3,3,0.6666666666666666,2.0
112743,1,12,12,0.0,6.5
112763,1,12,12,0.25,6.5
112778,1,8,8,0.125,4.5
112795,1,1,1,0.0,1.0
112802,1,5,5,0.4,3.0
112817,1,7,7,0.5714285714285714,4.0
112821,2,22,18,0.5454545454545454,6.409090909090909
112830,1,29,29,0.6206896551724138,15.0
112844,1,20,20,0.45,10.5
112847,1,4,4,0.5,2.5
112867,1,8,8,0.875,4.5
112880,1,7,7,0.42857142857142855,4.0
112897,1,13,13,0.38461538461538464,7.0
112898,1,18,18,0.16666666666666666,9.5
112915,1,7,7,0.7142857142857143,4.0
112922,1,2,2,1.0,1.5
112934,1,8,8,0.625,4.5
112937,1,5,5,1.0,3.0
112950,1,14,14,0.5,7.5
112965,1,5,5,1.0,3.0
112968,2,26,26,0.9230769230769231,7.038461538461538
113003,1,1,1,1.0,1.0
113022,1,7,7,0.7142857142857143,4.0
113025,1,4,4,1.0,2.5
113032,1,7,7,0.5714285714285714,4.0
113040,1,1,1,1.0,1.0
113066,1,5,5,1.0,3.0
113078,1,5,5,0.6,3.0
113090,2,20,18,0.95,8.7
113097,1,10,10,0.8,5.5
113121,1,29,29,0.896551724137931,15.0
113129,1,8,8,0.875,4.5
113156,1,7,7,0.8571428571428571,4.0
113167,1,17,17,0.7058823529411765,9.0
113168,2,13,11,0.3076923076923077,4.230769230769231
113169,1,14,14,0.0,7.5
113202,1,6,6,0.3333333333333333,3.5
113217,1,6,6,0.16666666666666666,3.5
113225,1,2,2,1.0,1.5
113235,1,13,13,0.9230769230769231,7.0
113236,1,24,24,0.5833333333333334,12.5
113253,1,5,5,0.6,3.0
113273,1,21,21,0.8095238095238095,11.0
113281,1,7,7,1.0,4.0
113308,1,14,14,0.6428571428571429,7.5
113312,1,36,36,0.0,18.5
113323,1,24,24,0.7083333333333334,12.5
113327,2,60,60,0.23333333333333334,16.1
113328,1,20,20,0.2,10.5
113329,1,7,7,0.8571428571428571,4.0
113338,1,7,7,0.14285714285714285,4.0
113344,1,21,21,0.38095238095238093,11.0
113353,1,8,8,0.25,4.5
113369,1,15,15,0.4,8.0
113372,1,15,15,0.13333333333333333,8.0
113384,1,5,5,0.8,3.0
113392,1,5,5,0.8,3.0
113397,1,2,2,0.5,1.5
113413,1,5,5,0.2,3.0
113432,1,4,4,0.75,2.5
113433,1,7,7,0.5714285714285714,4.0
113443,1,7,7,0.8571428571428571,4.0
113447,1,1,1,0.0,1.0
113449,1,4,4,0.75,2.5
113451,1,9,9,0.0,5.0
113458,1,1,1,0.0,1.0
113468,1,4,4,0.25,2.5
113517,1,11,11,0.9090909090909091,6.0
113526,1,20,20,0.35,10.5
113559,1,2,2,1.0,1.5
113564,1,12,12,0.0,6.5
113565,1,21,21,0.38095238095238093,11.0
113579,1,8,8,0.0,4.5
113585,1,12,12,0.4166666666666667,6.5
113588,2,28,28,0.42857142857142855,9.785714285714286
113602,1,19,19,0.47368421052631576,10.0
113618,1,9,9,0.8888888888888888,5.0
113643,1,17,17,0.5294117647058824,9.0
113650,1,11,11,0.2727272727272727,6.0
113651,1,4,4,0.5,2.5
113656,1,6,6,0.8333333333333334,3.5
113664,1,9,9,0.5555555555555556,5.0
113670,1,14,14,0.2857142857142857,7.5
113673,1,9,9,0.5555555555555556,5.0
113677,1,18,18,0.9444444444444444,9.5
113690,1,7,7,0.42857142857142855,4.0
113703,1,5,5,0.8,3.0
113706,1,9,9,0.7777777777777778,5.0
113732,1,7,7,0.2857142857142857,4.0
113742,1,10,10,0.2,5.5
113748,1,8,8,0.5,4.5
113749,1,6,6,0.0,3.5
113757,1,14,14,0.35714285714285715,7.5
113760,2,18,17,0.5555555555555556,5.888888888888889
113762,3,33,33,0.12121212121212122,8.545454545454545
113774,1,19,19,0.0,10.0
113790,1,1,1,1.0,1.0
113791,1,5,5,0.0,3.0
113793,1,3,3,1.0,2.0
113798,1,4,4,0.5,2.5
113801,1,6,6,0.6666666666666666,3.5
113804,1,13,13,0.23076923076923078,7.0
113806,1,3,3,0.0,2.0
113831,2,27,23,0.7037037037037037,7.2592592592592595
113871,1,17,17,0.7058823529411765,9.0
113886,1,18,18,0.8888888888888888,9.5
113887,1,7,7,0.5714285714285714,4.0
113888,2,7,7,1.0,2.2857142857142856
113897,1,7,7,0.7142857142857143,4.0
113906,1,14,14,0.21428571428571427,7.5
113911,1,9,9,0.4444444444444444,5.0
113914,1,16,16,0.8125,8.5
113928,1,16,16,0.1875,8.5
113937,1,7,7,1.0,4.0
113946,1,7,7,0.7142857142857143,4.0
113953,1,13,13,0.5384615384615384,7.0
113978,1,6,6,0.3333333333333333,3.5
113982,1,3,3,0.0,2.0
113987,1,6,6,0.0,3.5
113992,1,12,12,0.5,6.5
113995,1,2,2,1.0,1.5
114001,1,13,13,0.6923076923076923,7.0
114006,1,3,3,1.0,2.0
114009,1,10,10,0.0,5.5
114026,2,21,20,0.9523809523809523,9.19047619047619
114036,1,7,7,1.0,4.0
114041,1,13,13,0.9230769230769231,7.0
114048,1,7,7,1.0,4.0
114084,1,5,5,0.8,3.0
114097,1,9,9,0.7777777777777778,5.0
114119,1,25,25,0.48,13.0
114133,1,5,5,1.0,3.0
114134,1,12,12,1.0,6.5
114143,1,21,21,0.9523809523809523,11.0
114172,1,11,11,0.18181818181818182,6.0
114182,1,8,8,0.75,4.5
114191,1,8,8,1.0,4.5
114193,1,3,3,0.6666666666666666,2.0
114204,1,9,9,0.2222222222222222,5.0
114205,1,14,14,0.8571428571428571,7.5
114223,1,22,22,0.5,11.5
114261,1,11,11,0.6363636363636364,6.0
114268,1,15,15,0.3333333333333333,8.0
114294,1,4,4,1.0,2.5
114300,1,27,27,0.8518518518518519,14.0
114308,1,3,3,0.0,2.0
114316,1,4,4,0.75,2.5
114326,1,16,16,0.4375,8.5
114334,1,6,6,0.5,3.5
114346,1,3,3,0.6666666666666666,2.0
114370,1,22,22,0.9090909090909091,11.5
114377,1,1,1,1.0,1.0
114385,1,11,11,0.6363636363636364,6.0
114413,1,3,3,0.6666666666666666,2.0
114439,2,8,8,0.875,3.625
114449,1,4,4,1.0,2.5
114452,1,4,4,0.25,2.5
114455,1,2,2,1.0,1.5
114457,1,16,16,0.875,8.5
114461,1,3,3,1.0,2.0
114475,1,2,2,1.0,1.5
114479,1,15,15,0.4666666666666667,8.0
114486,1,8,8,0.0,4.5
114493,1,3,3,1.0,2.0
114503,1,7,7,0.7142857142857143,4.0
114527,1,10,10,0.1,5.5
114532,3,15,14,1.0,3.0
114551,1,18,18,0.1111111111111111,9.5
114556,1,6,6,0.8333333333333334,3.5
114563,1,11,11,0.6363636363636364,6.0
114575,1,13,13,1.0,7.0
114576,2,21,20,0.9047619047619048,6.333333333333333
114597,1,24,24,0.375,12.5
114602,1,4,4,0.0,2.5
114605,1,16,16,0.0625,8.5
114619,1,9,9,0.1111111111111111,5.0
114627,1,13,13,0.3076923076923077,7.0
114634,1,5,5,1.0,3.0
114641,1,1,1,1.0,1.0
114662,1,2,2,0.5,1.5
114666,1,14,14,0.7857142857142857,7.5
114685,1,15,15,0.5333333333333333,8.0
114695,1,5,5,0.6,3.0
114701,3,39,37,0.7948717948717948,7.102564102564102
114708,1,6,6,0.8333333333333334,3.5
114709,1,5,5,0.6,3.0
114711,2,19,19,0.631578947368421,6.315789473684211
114747,1,2,2,1.0,1.5
114754,1,8,8,0.75,4.5
114764,1,3,3,1.0,2.0
114776,2,35,35,0.8857142857142857,9.314285714285715
114787,1,6,6,0.5,3.5
114801,1,11,11,0.6363636363636364,6.0
114804,1,7,7,1.0,4.0
114817,1,14,14,0.7142857142857143,7.5
114821,1,2,2,0.5,1.5
114835,2,8,8,0.75,3.0
114844,1,15,15,0.8,8.0
114846,1,13,13,0.9230769230769231,7.0
114856,1,11,11,0.0,6.0
114874,1,16,16,0.875,8.5
114881,1,7,7,0.2857142857142857,4.0
114883,1,6,6,0.8333333333333334,3.5
114908,1,10,10,1.0,5.5
114910,1,9,9,0.0,5.0
114918,1,4,4,1.0,2.5
114919,1,7,7,0.8571428571428571,4.0
114922,1,12,12,0.5833333333333334,6.5
114935,1,10,10,0.4,5.5
114948,1,1,1,1.0,1.0
114951,1,6,6,1.0,3.5
114963,1,32,32,0.53125,16.5
114966,1,22,22,0.7727272727272727,11.5
114974,1,12,12,0.5,6.5
114984,1,12,12,0.5,6.5
114988,1,5,5,0.4,3.0
114991,1,14,14,0.07142857142857142,7.5
114994,1,16,16,0.75,8.5
114995,1,9,9,0.2222222222222222,5.0
114998,1,12,12,0.75,6.5
115005,1,3,3,0.0,2.0
115025,1,1,1,1.0,1.0
115057,1,9,9,0.7777777777777778,5.0
115059,1,20,20,0.35,10.5
115089,2,19,19,0.9473684210526315,6.842105263157895
115130,1,16,16,0.3125,8.5
115153,1,11,11,0.7272727272727273,6.0
115162,2,19,17,0.8421052631578947,6.315789473684211
115163,1,7,7,1.0,4.0
115184,1,7,7,1.0,4.0
115188,1,8,8,0.75,4.5
115245,1,10,10,0.6,5.5
115283,1,8,8,0.375,4.5
115286,1,9,9,0.8888888888888888,5.0
115296,1,3,3,0.3333333333333333,2.0
115312,1,8,8,0.875,4.5
115329,1,5,5,0.0,3.0
115333,1,12,12,0.5833333333333334,6.5
115371,1,6,6,0.5,3.5
115373,1,8,8,0.625,4.5
115375,1,17,17,0.7058823529411765,9.0
115396,1,3,3,0.0,2.0
115405,1,11,11,0.2727272727272727,6.0
115409,1,7,7,0.8571428571428571,4.0
115412,1,20,20,0.9,10.5
115415,1,17,17,0.47058823529411764,9.0
115425,1,4,4,0.5,2.5
115432,1,10,10,0.5,5.5
115433,1,2,2,0.0,1.5
115448,1,12,12,0.5,6.5
115457,1,14,14,0.21428571428571427,7.5
115481,3,35,34,0.7714285714285715,7.371428571428571
115496,1,25,25,0.76,13.0
115506,1,17,17,0.11764705882352941,9.0
115509,1,7,7,1.0,4.0
115529,1,16,16,0.5625,8.5
115540,1,10,10,1.0,5.5
115544,1,22,22,0.6818181818181818,11.5
115549,2,8,8,0.875,3.625
115550,1,18,18,0.8333333333333334,9.5
115553,2,19,19,0.7368421052631579,5.2631578947368425
115583,1,7,7,0.42857142857142855,4.0
115595,1,30,30,1.0,15.5
115624,1,3,3,0.6666666666666666,2.0
115667,1,4,4,1.0,2.5
115669,1,8,8,1.0,4.5
115682,1,6,6,0.5,3.5
115706,1,6,6,1.0,3.5
115716,1,2,2,0.5,1.5
115728,1,1,1,1.0,1.0
115750,1,9,9,0.7777777777777778,5.0
115758,1,10,10,0.8,5.5
115773,1,11,11,1.0,6.0
115781,1,13,13,0.7692307692307693,7.0
115786,2,11,11,0.2727272727272727,3.272727272727273
115787,1,12,12,0.5833333333333334,6.5
115788,1,10,10,0.9,5.5
115806,1,11,11,0.5454545454545454,6.0
115844,1,19,19,1.0,10.0
115862,2,18,18,0.6111111111111112,5.5
115867,1,2,2,1.0,1.5
115896,1,10,10,0.5,5.5
115912,1,3,3,1.0,2.0
115918,1,10,10,0.4,5.5
115925,1,7,7,0.7142857142857143,4.0
115929,2,6,6,0.8333333333333334,2.6666666666666665
115935,1,5,5,0.6,3.0
115940,1,18,18,0.5555555555555556,9.5
115945,1,5,5,0.6,3.0
115957,1,7,7,0.0,4.0
115961,3,22,22,0.8181818181818182,4.454545454545454
115964,1,2,2,0.0,1.5
115985,1,4,4,1.0,2.5
115993,1,7,7,0.5714285714285714,4.0
116000,1,15,15,0.3333333333333333,8.0
116007,1,4,4,0.25,2.5
116022,1,6,6,0.8333333333333334,3.5
116030,2,5,5,0.0,2.2
116039,1,5,5,0.2,3.0
116061,1,8,8,1.0,4.5
116135,2,13,12,0.6923076923076923,4.6923076923076925
116142,1,4,4,0.5,2.5
116143,1,8,8,0.75,4.5
116145,2,8,7,0.875,3.0
116151,1,4,4,0.25,2.5
116181,1,11,11,0.9090909090909091,6.0
116201,1,5,5,1.0,3.0
116213,1,3,3,0.3333333333333333,2.0
116231,1,15,15,0.7333333333333333,8.0
116235,1,9,9,0.2222222222222222,5.0
116251,1,4,4,0.5,2.5
116255,1,13,13,0.7692307692307693,7.0
116256,1,1,1,0.0,1.0
116257,1,15,15,0.3333333333333333,8.0
116261,1,4,4,1.0,2.5
116268,1,5,5,0.2,3.0
116269,1,4,4,0.0,2.5
116296,1,4,4,1.0,2.5
116303,1,1,1,1.0,1.0
116309,1,11,11,0.7272727272727273,6.0
116316,1,2,2,0.5,1.5
116331,3,20,17,0.6,3.95
116364,1,3,3,0.6666666666666666,2.0
116377,1,14,14,0.42857142857142855,7.5
116386,1,2,2,1.0,1.5
116387,1,12,12,0.8333333333333334,6.5
116391,1,3,3,1.0,2.0
116401,1,26,26,0.8076923076923077,13.5
116409,1,11,11,0.18181818181818182,6.0
116415,1,11,11,0.7272727272727273,6.0
116427,1,2,2,1.0,1.5
116445,1,8,8,0.75,4.5
116458,1,6,6,1.0,3.5
116495,1,9,9,0.2222222222222222,5.0
116532,1,5,5,0.8,3.0
116543,1,13,13,0.15384615384615385,7.0
116553,1,1,1,0.0,1.0
116564,1,27,27,0.7407407407407407,14.0
116571,1,21,21,0.7619047619047619,11.0
116572,2,6,6,1.0,2.1666666666666665
116573,1,7,7,0.7142857142857143,4.0
116578,1,13,13,0.8461538461538461,7.0
116592,1,5,5,0.8,3.0
116605,1,12,12,0.0,6.5
116609,1,25,25,0.36,13.0
116612,1,4,4,1.0,2.5
116620,1,4,4,0.25,2.5
116622,1,22,22,0.6818181818181818,11.5
116623,1,10,10,0.9,5.5
116655,1,5,5,0.0,3.0
116673,1,16,16,0.5625,8.5
116676,1,2,2,1.0,1.5
116679,1,14,14,0.6428571428571429,7.5
116687,1,1,1,1.0,1.0
116688,1,10,10,0.9,5.5
116698,1,22,22,0.9090909090909091,11.5
116713,1,6,6,0.8333333333333334,3.5
116719,1,19,19,0.5789473684210527,10.0
116739,1,9,9,0.6666666666666666,5.0
116741,2,35,34,0.2571428571428571,9.314285714285715
116799,2,14,14,0.2857142857142857,4.0
116808,1,7,7,0.8571428571428571,4.0
116829,1,1,1,0.0,1.0
116843,1,7,7,0.8571428571428571,4.0
116846,1,9,9,0.6666666666666666,5.0
116853,1,4,4,1.0,2.5
116861,1,15,15,0.26666666666666666,8.0
116875,1,7,7,1.0,4.0
116877,1,15,15,1.0,8.0
116881,1,14,14,0.6428571428571429,7.5
116884,1,27,27,0.8148148148148148,14.0
116891,1,12,12,0.75,6.5
116913,1,6,6,0.0,3.5
116923,1,6,6,0.3333333333333333,3.5
116926,1,7,7,1.0,4.0
116929,1,5,5,0.0,3.0
116932,1,8,8,0.125,4.5
116937,1,14,14,0.9285714285714286,7.5
116938,1,35,35,0.45714285714285713,18.0
116952,1,7,7,0.2857142857142857,4.0
116962,1,13,13,0.8461538461538461,7.0
116965,1,3,3,1.0,2.0
116967,1,10,10,0.8,5.5
116976,1,14,14,0.7857142857142857,7.5
116979,1,5,5,0.6,3.0
116983,1,4,4,0.75,2.5
116993,1,5,5,0.6,3.0
117026,1,12,12,0.16666666666666666,6.5
117057,2,21,21,0.8095238095238095,5.857142857142857
117060,1,11,11,1.0,6.0
117084,1,8,8,1.0,4.5
117085,1,15,15,0.6,8.0
117086,1,2,2,0.5,1.5
117089,1,9,9,0.4444444444444444,5.0
117092,1,9,9,0.6666666666666666,5.0
117095,1,14,14,0.21428571428571427,7.5
117113,1,5,5,0.4,3.0
117118,1,7,7,0.7142857142857143,4.0
117119,1,12,12,0.6666666666666666,6.5
117127,1,5,5,1.0,3.0
117132,1,6,6,0.6666666666666666,3.5
117145,1,5,5,0.4,3.0
117155,1,10,10,0.8,5.5
117158,1,12,12,0.75,6.5
117167,1,2,2,0.0,1.5
117169,1,19,19,0.5263157894736842,10.0
117170,2,13,13,0.8461538461538461,3.769230769230769
117174,1,3,3,1.0,2.0
117187,1,6,6,0.0,3.5
117193,1,9,9,0.4444444444444444,5.0
117203,2,9,9,0.2222222222222222,3.4444444444444446
117219,1,5,5,0.2,3.0
117260,1,6,6,1.0,3.5
117264,1,10,10,0.7,5.5
117265,1,10,10,0.9,5.5
117288,1,9,9,0.0,5.0
117289,1,13,13,1.0,7.0
117299,1,2,2,0.0,1.5
117300,1,5,5,0.8,3.0
117323,1,18,18,0.5555555555555556,9.5
117330,1,18,18,0.6666666666666666,9.5
117336,1,16,16,0.25,8.5
117349,2,36,29,0.7777777777777778,9.5
117368,1,5,5,1.0,3.0
117381,1,1,1,0.0,1.0
117396,1,31,31,0.0,16.0
117405,1,17,17,0.11764705882352941,9.0
117414,1,14,14,0.5714285714285714,7.5
117425,1,3,3,0.0,2.0
117426,1,23,23,0.5652173913043478,12.0
117437,1,1,1,0.0,1.0
117438,1,6,6,1.0,3.5
117440,1,7,7,0.8571428571428571,4.0
117463,1,7,7,0.14285714285714285,4.0
117472,1,8,8,1.0,4.5
117475,1,10,10,0.5,5.5
117483,1,6,6,0.8333333333333334,3.5
117496,1,7,7,0.14285714285714285,4.0
117499,1,13,13,0.6923076923076923,7.0
117536,1,3,3,0.3333333333333333,2.0
117543,1,1,1,1.0,1.0
117573,1,2,2,1.0,1.5
117578,1,9,9,0.0,5.0
117582,2,32,27,0.53125,9.28125
117587,1,11,11,0.8181818181818182,6.0
117589,1,7,7,0.2857142857142857,4.0
117593,1,14,14,0.7142857142857143,7.5
117595,1,4,4,1.0,2.5
117622,1,5,5,1.0,3.0
117642,1,25,25,0.52,13.0
117645,1,4,4,0.5,2.5
117646,1,3,3,0.6666666666666666,2.0
117661,1,21,21,1.0,11.0
117679,1,10,10,0.1,5.5
117680,1,29,29,0.6896551724137931,15.0
117687,1,17,17,0.7058823529411765,9.0
117697,1,6,6,0.5,3.5
117705,1,4,4,1.0,2.5
117736,1,8,8,0.75,4.5
117752,1,13,13,0.6923076923076923,7.0
117762,1,17,17,0.7058823529411765,9.0
117777,1,4,4,1.0,2.5
117789,1,11,11,1.0,6.0
117797,1,1,1,0.0,1.0
117802,1,5,5,0.6,3.0
117822,1,6,6,0.6666666666666666,3.5
117832,1,4,4,0.25,2.5
117833,1,5,5,0.8,3.0
117837,1,6,6,0.8333333333333334,3.5
117841,2,9,9,0.5555555555555556,3.0
117867,1,3,3,0.3333333333333333,2.0
117870,1,4,4,0.0,2.5
117885,1,3,3,1.0,2.0
117911,1,10,10,0.7,5.5
117920,1,2,2,1.0,1.5
117934,1,2,2,0.0,1.5
117941,1,16,16,0.375,8.5
117944,1,8,8,1.0,4.5
117956,1,5,5,0.4,3.0
117961,1,8,8,0.0,4.5
117967,1,12,12,0.08333333333333333,6.5
117971,1,23,23,0.43478260869565216,12.0
117989,2,41,41,0.975609756097561,11.487804878048781
117995,1,2,2,0.0,1.5
118013,1,4,4,1.0,2.5
118034,2,8,8,0.75,2.625
118043,1,15,15,0.6666666666666666,8.0
118067,1,18,18,1.0,9.5
118070,1,4,4,0.75,2.5
118092,1,9,9,0.5555555555555556,5.0
118101,1,11,11,0.5454545454545454,6.0
118105,1,5,5,1.0,3.0
118107,1,18,18,0.3888888888888889,9.5
118129,1,15,15,0.8,8.0
118135,1,19,19,0.8421052631578947,10.0
118143,1,10,10,0.0,5.5
118162,1,8,8,0.25,4.5
118191,1,11,11,0.6363636363636364,6.0
118203,1,3,3,0.6666666666666666,2.0
118218,2,11,10,1.0,3.272727272727273
118227,1,2,2,0.5,1.5
118228,1,9,9,0.7777777777777778,5.0
118282,1,8,8,0.625,4.5
118287,1,4,4,0.25,2.5
118297,1,7,7,0.5714285714285714,4.0
118311,1,14,14,0.7857142857142857,7.5
118328,1,28,28,0.7857142857142857,14.5
118330,1,2,2,0.0,1.5
118335,1,35,35,0.9714285714285714,18.0
118339,1,13,13,0.6923076923076923,7.0
118348,1,5,5,0.0,3.0
118350,1,20,20,0.8,10.5
118363,1,1,1,1.0,1.0
118380,1,9,9,0.6666666666666666,5.0
118381,1,1,1,1.0,1.0
118383,1,5,5,0.8,3.0
118403,1,7,7,0.42857142857142855,4.0
118407,1,15,15,0.6,8.0
118413,1,21,21,0.38095238095238093,11.0
118439,1,10,10,0.2,5.5
118459,1,6,6,0.8333333333333334,3.5
118462,1,2,2,0.0,1.5
118468,1,11,11,0.5454545454545454,6.0
118470,1,5,5,0.8,3.0
118473,1,7,7,0.8571428571428571,4.0
118488,1,9,9,0.5555555555555556,5.0
118489,1,9,9,0.0,5.0
118490,1,8,8,0.75,4.5
118494,1,12,12,0.5833333333333334,6.5
118514,2,2,2,0.5,1.0
118525,1,1,1,1.0,1.0
118530,2,14,12,0.7857142857142857,4.071428571428571
118556,1,5,5,0.8,3.0
118558,1,7,7,0.2857142857142857,4.0
118573,1,16,16,0.625,8.5
118575,1,8,8,1.0,4.5
118603,1,8,8,0.5,4.5
118609,2,9,8,0.6666666666666666,2.7777777777777777
118612,1,17,17,0.35294117647058826,9.0
118619,1,2,2,0.0,1.5
118626,1,15,15,0.3333333333333333,8.0
118627,1,7,7,0.42857142857142855,4.0
118644,1,4,4,0.5,2.5
118649,1,13,13,0.9230769230769231,7.0
118656,1,13,13,0.6923076923076923,7.0
118669,1,17,17,0.8235294117647058,9.0
118685,1,2,2,1.0,1.5
118704,1,15,15,0.3333333333333333,8.0
118708,1,14,14,0.8571428571428571,7.5
118711,1,5,5,1.0,3.0
118713,1,29,29,1.0,15.0
118718,1,12,12,0.16666666666666666,6.5
118737,1,5,5,1.0,3.0
118749,2,47,37,0.9361702127659575,12.382978723404255
118755,1,11,11,0.9090909090909091,6.0
118770,1,7,7,0.5714285714285714,4.0
118779,1,19,19,0.8947368421052632,10.0
118789,1,11,11,0.5454545454545454,6.0
118810,1,1,1,1.0,1.0
118814,1,14,14,0.35714285714285715,7.5
118815,1,10,10,0.3,5.5
118818,1,22,22,0.09090909090909091,11.5
118822,1,3,3,1.0,2.0
118825,1,21,21,0.6666666666666666,11.0
118826,1,9,9,1.0,5.0
118838,1,7,7,0.7142857142857143,4.0
118850,1,1,1,1.0,1.0
118853,1,14,14,0.42857142857142855,7.5
118860,2,67,63,0.6119402985074627,17.70149253731343
118866,1,27,27,0.6296296296296297,14.0
118868,1,1,1,0.0,1.0
118897,1,4,4,1.0,2.5
118904,1,2,2,0.0,1.5
118927,1,2,2,0.5,1.5
118934,1,5,5,0.2,3.0
118936,1,9,9,0.3333333333333333,5.0
118945,1,5,5,0.6,3.0
118946,1,3,3,0.0,2.0
118948,1,10,10,0.8,5.5
118961,1,10,10,0.5,5.5
118986,1,26,26,0.6153846153846154,13.5
119000,1,5,5,0.2,3.0
119026,1,5,5,0.8,3.0
119028,1,24,24,0.4166666666666667,12.5
119033,2,9,9,0.6666666666666666,3.0
119061,1,17,17,0.9411764705882353,9.0
119067,1,1,1,1.0,1.0
119076,1,14,14,0.42857142857142855,7.5
119078,2,62,62,0.9193548387096774,17.951612903225808
119081,1,3,3,1.0,2.0
119087,3,23,22,0.8695652173913043,5.478260869565218
119091,1,12,12,0.08333333333333333,6.5
119095,1,7,7,0.0,4.0
119114,1,11,11,0.45454545454545453,6.0
119121,1,26,26,0.07692307692307693,13.5
119134,1,9,9,0.6666666666666666,5.0
119136,1,31,31,0.6451612903225806,16.0
119138,1,14,14,0.6428571428571429,7.5
119139,1,11,11,0.45454545454545453,6.0
119141,1,2,2,0.0,1.5
119146,1,14,14,1.0,7.5
119172,1,30,30,0.7333333333333333,15.5
119186,1,4,4,0.75,2.5
119206,1,7,7,0.2857142857142857,4.0
119216,1,9,9,0.5555555555555556,5.0
119221,1,2,2,0.0,1.5
119235,1,6,6,0.8333333333333334,3.5
119237,2,21,21,0.7142857142857143,5.761904761904762
119249,1,4,4,0.5,2.5
119290,2,21,21,0.47619047619047616,8.428571428571429
119298,1,1,1,0.0,1.0
119307,1,15,15,0.9333333333333333,8.0
119312,1,3,3,0.3333333333333333,2.0
119329,1,21,21,1.0,11.0
119345,1,2,2,0.0,1.5
119348,1,21,21,0.6190476190476191,11.0
119357,1,14,14,0.14285714285714285,7.5
119362,1,20,20,0.65,10.5
119377,1,12,12,0.5833333333333334,6.5
119382,1,7,7,0.5714285714285714,4.0
119390,1,9,9,0.8888888888888888,5.0
119392,2,31,30,0.5161290322580645,8.32258064516129
119400,1,12,12,0.0,6.5
119401,1,15,15,0.5333333333333333,8.0
119402,1,12,12,0.6666666666666666,6.5
119416,1,22,22,0.8636363636363636,11.5
119424,1,10,10,0.6,5.5
119435,2,7,5,0.42857142857142855,2.2857142857142856
119437,2,72,72,0.9583333333333334,18.625
119439,2,16,16,0.875,4.5
119458,1,12,12,1.0,6.5
119461,1,12,12,0.5833333333333334,6.5
119465,1,2,2,0.5,1.5
119467,1,20,20,0.35,10.5
119473,1,6,6,0.6666666666666666,3.5
119476,1,23,23,0.0,12.0
119480,1,9,9,0.4444444444444444,5.0
119504,2,13,13,0.38461538461538464,3.769230769230769
119505,1,8,8,0.125,4.5
119506,1,10,10,0.5,5.5
119557,1,8,8,0.75,4.5
119579,1,3,3,0.6666666666666666,2.0
119599,1,12,12,1.0,6.5
119608,1,6,6,0.16666666666666666,3.5
119610,2,17,14,0.8235294117647058,5.470588235294118
119611,1,13,13,0.07692307692307693,7.0
119624,1,16,16,0.5,8.5
119633,1,7,7,0.2857142857142857,4.0
119640,1,5,5,0.8,3.0
119643,1,2,2,0.5,1.5
119677,1,13,13,0.9230769230769231,7.0
119689,1,1,1,1.0,1.0
119698,1,3,3,0.6666666666666666,2.0
119704,1,12,12,0.5833333333333334,6.5
119706,1,4,4,1.0,2.5
119707,1,10,10,0.7,5.5
119708,2,10,10,0.7,3.1
119712,1,2,2,0.5,1.5
119726,1,2,2,1.0,1.5
119746,1,5,5,0.8,3.0
119755,1,2,2,0.0,1.5
119777,1,8,8,1.0,4.5
119782,1,5,5,0.6,3.0
119788,1,9,9,0.6666666666666666,5.0
119811,1,9,9,0.8888888888888888,5.0
119824,1,3,3,0.0,2.0
119827,1,7,7,0.2857142857142857,4.0
119831,1,3,3,1.0,2.0
119834,1,14,14,0.14285714285714285,7.5
119835,1,17,17,1.0,9.0
119837,1,16,16,0.3125,8.5
119842,1,15,15,0.9333333333333333,8.0
119843,1,13,13,0.5384615384615384,7.0
119847,1,5,5,1.0,3.0
119866,1,9,9,0.3333333333333333,5.0
119870,1,10,10,0.3,5.5
119887,1,6,6,0.5,3.5
119897,1,13,13,0.7692307692307693,7.0
119898,1,4,4,0.0,2.5
119910,1,12,12,0.25,6.5
119927,1,1,1,1.0,1.0
119931,1,8,8,0.0,4.5
119941,1,25,25,0.44,13.0
119951,1,12,12,0.9166666666666666,6.5
119953,1,12,12,0.5833333333333334,6.5
119961,1,12,12,0.6666666666666666,6.5
119994,2,21,21,0.47619047619047616,6.333333333333333
120002,1,4,4,1.0,2.5
120012,1,33,33,0.5454545454545454,17.0
120017,1,8,8,0.25,4.5
120019,1,12,12,0.6666666666666666,6.5
120021,1,6,6,0.3333333333333333,3.5
120026,1,6,6,0.5,3.5
120039,1,2,2,1.0,1.5
120047,1,5,5,0.0,3.0
120055,1,6,6,0.6666666666666666,3.5
120058,1,1,1,0.0,1.0
120079,1,29,29,0.0,15.0
120082,1,7,7,0.5714285714285714,4.0
120107,1,8,8,0.625,4.5
120108,1,14,14,0.8571428571428571,7.5
120109,1,3,3,1.0,2.0
120116,1,38,38,0.8947368421052632,19.5
120121,1,5,5,1.0,3.0
120163,1,13,13,0.6923076923076923,7.0
120168,1,8,8,0.875,4.5
120185,1,5,5,1.0,3.0
120190,1,34,34,0.5,17.5
120214,1,4,4,0.25,2.5
120216,1,8,8,0.875,4.5
120222,1,7,7,0.8571428571428571,4.0
120226,1,7,7,0.7142857142857143,4.0
120233,1,2,2,0.0,1.5
120238,2,21,20,0.6666666666666666,5.761904761904762
120243,1,7,7,0.14285714285714285,4.0
120253,1,39,39,0.6153846153846154,20.0
120254,1,5,5,0.2,3.0
120281,1,1,1,1.0,1.0
120283,1,10,10,0.4,5.5
120296,2,41,41,0.926829268292683,11.24390243902439
120319,1,18,18,0.5,9.5
120324,1,7,7,0.7142857142857143,4.0
120327,1,13,13,0.5384615384615384,7.0
120333,1,4,4,0.0,2.5
120374,1,3,3,0.0,2.0
120377,1,8,8,0.5,4.5
120382,1,14,14,0.7142857142857143,7.5
120390,1,41,41,0.8536585365853658,21.0
120398,1,8,8,0.75,4.5
120412,1,33,33,0.8787878787878788,17.0
120429,1,3,3,1.0,2.0
120457,1,5,5,0.2,3.0
120470,1,22,22,0.7727272727272727,11.5
120475,1,13,13,0.15384615384615385,7.0
120494,1,10,10,0.0,5.5
120501,1,14,14,0.35714285714285715,7.5
120503,1,4,4,0.0,2.5
120506,1,10,10,0.1,5.5
120511,1,1,1,1.0,1.0
120525,1,25,25,0.48,13.0
120541,2,35,35,0.6285714285714286,9.257142857142858
120559,1,12,12,0.3333333333333333,6.5
120572,2,57,46,0.8771929824561403,14.789473684210526
120585,1,1,1,1.0,1.0
120599,1,5,5,0.8,3.0
120605,1,8,8,0.0,4.5
120615,1,2,2,0.0,1.5
120633,1,6,6,0.8333333333333334,3.5
120662,1,16,16,0.875,8.5
120671,1,3,3,0.0,2.0
120694,1,13,13,0.23076923076923078,7.0
120709,1,10,10,1.0,5.5
120742,1,5,5,0.8,3.0
120744,1,14,14,0.8571428571428571,7.5
120777,1,6,6,0.6666666666666666,3.5
120786,1,36,36,0.3888888888888889,18.5
120802,1,3,3,0.6666666666666666,2.0
120822,1,10,10,0.6,5.5
120837,1,10,10,1.0,5.5
120840,1,11,11,0.8181818181818182,6.0
120854,1,8,8,0.25,4.5
120862,1,16,16,0.1875,8.5
120863,1,5,5,0.8,3.0
120866,1,13,13,1.0,7.0
120892,1,19,19,0.5263157894736842,10.0
120895,1,5,5,0.8,3.0
120897,2,9,7,0.7777777777777778,2.7777777777777777
120899,1,38,38,0.7631578947368421,19.5
120902,1,8,8,0.375,4.5
120923,1,1,1,0.0,1.0
120938,1,15,15,0.13333333333333333,8.0
120941,1,4,4,0.0,2.5
121002,1,11,11,0.9090909090909091,6.0
121036,2,35,35,0.7714285714285715,9.82857142857143
121055,1,14,14,0.7142857142857143,7.5
121082,1,5,5,0.8,3.0
121090,1,6,6,1.0,3.5
121109,1,6,6,0.16666666666666666,3.5
121133,1,4,4,0.5,2.5
121136,1,2,2,1.0,1.5
121140,1,7,7,1.0,4.0
121165,1,4,4,0.75,2.5
121169,1,5,5,0.0,3.0
121179,1,11,11,0.45454545454545453,6.0
121182,1,32,32,0.625,16.5
121192,1,15,15,0.5333333333333333,8.0
121219,1,11,11,0.2727272727272727,6.0
121231,2,33,33,0.7272727272727273,8.818181818181818
121233,1,4,4,0.75,2.5
121264,1,3,3,0.6666666666666666,2.0
121272,2,7,7,0.42857142857142855,2.2857142857142856
121291,1,8,8,0.875,4.5
121303,1,7,7,0.8571428571428571,4.0
121325,1,5,5,0.6,3.0
121326,1,2,2,1.0,1.5
121327,2,25,25,0.88,6.84
121332,3,7,6,1.0,1.7142857142857142
121344,1,5,5,1.0,3.0
121345,1,5,5,0.4,3.0
121346,1,30,30,0.9,15.5
121347,1,2,2,1.0,1.5
121350,1,42,42,0.9285714285714286,21.5
121351,1,28,28,0.7142857142857143,14.5
121390,1,13,13,0.7692307692307693,7.0
121409,1,10,10,0.0,5.5
121414,1,7,7,0.7142857142857143,4.0
121467,1,21,21,0.8095238095238095,11.0
121475,1,9,9,0.8888888888888888,5.0
121518,1,2,2,0.5,1.5
121533,1,9,9,0.3333333333333333,5.0
121537,1,1,1,1.0,1.0
121566,1,7,7,0.0,4.0
121569,1,7,7,0.2857142857142857,4.0
121587,1,9,9,0.7777777777777778,5.0
121596,1,2,2,0.0,1.5
121607,1,19,19,0.631578947368421,10.0
121630,1,5,5,0.8,3.0
121645,1,16,16,0.875,8.5
121684,1,12,12,0.0,6.5
121701,2,31,31,0.5483870967741935,8.451612903225806
121703,1,5,5,0.0,3.0
121710,1,2,2,1.0,1.5
121714,2,13,13,1.0,3.923076923076923
121743,2,14,14,0.9285714285714286,4.642857142857143
121745,1,5,5,0.6,3.0
121754,1,20,20,0.2,10.5
121765,1,2,2,1.0,1.5
121818,1,3,3,1.0,2.0
121836,1,9,9,0.7777777777777778,5.0
121848,1,5,5,0.8,3.0
121857,1,1,1,1.0,1.0
121858,1,7,7,0.8571428571428571,4.0
121878,1,6,6,0.6666666666666666,3.5
121879,1,6,6,0.3333333333333333,3.5
121882,1,11,11,0.0,6.0
121906,2,15,15,0.8,4.266666666666667
121916,1,8,8,0.625,4.5
121917,1,14,14,0.0,7.5
121934,1,8,8,0.5,4.5
121943,1,18,18,0.7222222222222222,9.5
121979,1,20,20,0.8,10.5
121984,2,15,15,0.8,4.266666666666667
122000,1,38,38,0.8947368421052632,19.5
122022,1,2,2,1.0,1.5
122027,1,2,2,0.0,1.5
122038,1,13,13,0.8461538461538461,7.0
122046,1,2,2,0.5,1.5
122048,1,10,10,0.3,5.5
122051,1,2,2,1.0,1.5
122061,1,7,7,0.42857142857142855,4.0
122089,1,1,1,1.0,1.0
122108,1,4,4,0.25,2.5
122113,1,8,8,0.0,4.5
122137,1,3,3,0.6666666666666666,2.0
122144,1,24,24,0.0,12.5
122163,1,13,13,0.5384615384615384,7.0
122182,1,4,4,0.25,2.5
122230,1,10,10,0.8,5.5
122231,1,7,7,1.0,4.0
122241,1,8,8,0.75,4.5
122249,1,15,15,0.4666666666666667,8.0
122263,1,22,22,0.0,11.5
122266,1,4,4,0.0,2.5
122284,1,2,2,1.0,1.5
122298,1,4,4,1.0,2.5
122308,1,19,19,0.5789473684210527,10.0
122312,1,10,10,0.5,5.5
122323,1,7,7,0.5714285714285714,4.0
122333,1,3,3,0.3333333333333333,2.0
122343,1,6,6,0.8333333333333334,3.5
122352,3,74,69,0.6891891891891891,13.243243243243244
122362,1,6,6,0.0,3.5
122376,1,5,5,1.0,3.0
122382,1,8,8,0.125,4.5
122386,1,9,9,0.0,5.0
122405,1,44,44,0.75,22.5
122414,1,7,7,0.42857142857142855,4.0
122422,1,6,6,0.0,3.5
122429,2,30,29,0.43333333333333335,8.033333333333333
122437,1,25,25,0.48,13.0
122448,1,8,8,0.5,4.5
122449,2,11,11,0.9090909090909091,3.4545454545454546
122457,1,3,3,0.0,2.0
122476,1,4,4,1.0,2.5
122498,1,12,12,0.75,6.5
122538,1,2,2,1.0,1.5
122542,1,12,12,0.6666666666666666,6.5
122550,2,3,3,0.3333333333333333,1.3333333333333333
122557,2,2,2,1.0,1.0
122590,1,4,4,1.0,2.5
122591,1,3,3,0.0,2.0
122629,1,10,10,0.4,5.5
122638,1,5,5,0.6,3.0
122649,1,1,1,1.0,1.0
122672,1,5,5,0.8,3.0
122673,1,4,4,1.0,2.5
122682,1,2,2,1.0,1.5
122735,2,27,23,0.7037037037037037,7.481481481481482
122777,1,10,10,0.0,5.5
122780,2,12,11,1.0,4.833333333333333
122798,1,8,8,0.625,4.5
122803,1,5,5,0.0,3.0
122814,1,9,9,0.0,5.0
122819,1,3,3,0.3333333333333333,2.0
122821,1,8,8,0.625,4.5
122845,1,7,7,0.7142857142857143,4.0
122848,1,10,10,1.0,5.5
122851,1,4,4,0.5,2.5
122860,1,24,24,0.9583333333333334,12.5
122875,1,4,4,0.0,2.5
122897,1,9,9,0.7777777777777778,5.0
122899,1,2,2,1.0,1.5
122913,1,35,35,0.0,18.0
122937,1,14,14,0.7857142857142857,7.5
122954,1,4,4,1.0,2.5
122962,1,2,2,1.0,1.5
122975,1,14,14,0.14285714285714285,7.5
122984,1,7,7,0.5714285714285714,4.0
122991,1,18,18,0.5,9.5
122994,1,22,22,1.0,11.5
123002,1,2,2,0.5,1.5
123030,2,18,18,0.6111111111111112,5.5
123035,1,13,13,0.0,7.0
123042,1,8,8,0.5,4.5
123053,1,5,5,0.6,3.0
123054,1,41,41,0.2926829268292683,21.0
123059,1,4,4,0.75,2.5
123085,1,4,4,0.5,2.5
123099,1,3,3,0.6666666666666666,2.0
123103,1,4,4,1.0,2.5
123134,1,20,20,0.0,10.5
123135,1,6,6,0.8333333333333334,3.5
123136,1,32,32,0.96875,16.5
123142,1,16,16,0.5,8.5
123143,1,7,7,0.42857142857142855,4.0
123159,1,9,9,0.6666666666666666,5.0
123166,1,3,3,0.0,2.0
123169,1,3,3,1.0,2.0
123170,2,6,6,1.0,2.1666666666666665
123202,1,2,2,0.5,1.5
123208,2,9,7,0.8888888888888888,2.7777777777777777
123245,2,10,9,0.7,3.1
123250,1,2,2,0.5,1.5
123254,1,10,10,0.9,5.5
123268,1,7,7,0.8571428571428571,4.0
123292,2,27,27,0.5555555555555556,8.814814814814815
123307,1,4,4,0.75,2.5
123318,1,7,7,0.7142857142857143,4.0
123366,1,2,2,0.5,1.5
123406,1,48,48,0.375,24.5
123453,1,11,11,0.8181818181818182,6.0
123456,1,8,8,0.625,4.5
123460,1,16,16,1.0,8.5
123464,1,4,4,1.0,2.5
123492,1,5,5,0.8,3.0
123494,1,9,9,1.0,5.0
123499,1,2,2,1.0,1.5
123503,1,3,3,1.0,2.0
123527,1,9,9,0.4444444444444444,5.0
123531,3,37,34,0.4864864864864865,6.918918918918919
123537,1,10,10,0.5,5.5
123550,1,14,14,0.21428571428571427,7.5
123552,1,8,8,0.125,4.5
123569,1,1,1,1.0,1.0
123592,1,17,17,0.0,9.0
123601,1,2,2,0.0,1.5
123614,1,11,11,0.09090909090909091,6.0
123615,1,4,4,0.0,2.5
123621,1,15,15,0.26666666666666666,8.0
123627,1,16,16,0.5,8.5
123635,1,11,11,1.0,6.0
123649,1,9,9,0.4444444444444444,5.0
123653,1,1,1,0.0,1.0
123655,1,12,12,0.5833333333333334,6.5
123658,1,7,7,0.7142857142857143,4.0
123662,1,4,4,0.25,2.5
123689,1,9,9,0.8888888888888888,5.0
123694,1,12,12,0.6666666666666666,6.5
123711,1,6,6,0.6666666666666666,3.5
123736,1,3,3,0.0,2.0
123754,1,4,4,0.5,2.5
123765,2,48,44,0.9166666666666666,13.520833333333334
123774,1,3,3,0.3333333333333333,2.0
123780,2,44,44,0.75,11.522727272727273
123792,1,4,4,0.5,2.5
123799,1,24,24,0.25,12.5
123807,1,3,3,1.0,2.0
123819,2,29,29,0.8620689655172413,8.448275862068966
123837,1,9,9,1.0,5.0
123859,1,10,10,0.7,5.5
123878,1,13,13,0.0,7.0
123908,1,15,15,1.0,8.0
123913,1,27,27,0.2962962962962963,14.0
123932,1,9,9,0.4444444444444444,5.0
123939,1,5,5,1.0,3.0
123949,1,8,8,0.625,4.5
123967,1,9,9,1.0,5.0
123992,1,15,15,0.26666666666666666,8.0
123993,1,11,11,0.0,6.0
124012,1,3,3,1.0,2.0
124020,1,10,10,0.2,5.5
124031,1,1,1,1.0,1.0
124034,1,13,13,0.5384615384615384,7.0
124036,1,2,2,1.0,1.5
124045,1,8,8,0.875,4.5
124064,1,13,13,0.3076923076923077,7.0
124088,1,6,6,0.16666666666666666,3.5
124092,1,8,8,1.0,4.5
124099,1,2,2,1.0,1.5
124115,1,5,5,0.0,3.0
124123,1,19,19,0.0,10.0
124134,1,16,16,0.625,8.5
124137,1,14,14,0.0,7.5
124144,2,15,13,0.7333333333333333,4.266666666666667
124148,1,9,9,0.0,5.0
124172,1,8,8,0.5,4.5
124180,1,8,8,0.375,4.5
124211,1,10,10,0.6,5.5
124229,1,5,5,0.2,3.0
124239,1,1,1,0.0,1.0
124287,1,32,32,0.8125,16.5
124300,1,4,4,0.25,2.5
124345,1,4,4,1.0,2.5
124346,1,4,4,0.5,2.5
124357,1,3,3,0.0,2.0
124362,1,13,13,1.0,7.0
124375,1,25,25,0.52,13.0
124384,1,22,22,0.5909090909090909,11.5
124418,1,6,6,0.5,3.5
124431,1,3,3,1.0,2.0
124434,1,2,2,0.5,1.5
124442,1,5,5,0.4,3.0
124451,1,3,3,0.3333333333333333,2.0
124477,1,7,7,0.8571428571428571,4.0
124483,1,7,7,0.2857142857142857,4.0
124496,1,7,7,0.5714285714285714,4.0
124514,1,8,8,0.25,4.5
124536,1,6,6,1.0,3.5
124547,1,16,16,0.625,8.5
124558,1,19,19,0.5263157894736842,10.0
124566,1,21,21,0.0,11.0
124567,1,19,19,0.42105263157894735,10.0
124587,1,7,7,0.5714285714285714,4.0
124617,1,18,18,0.1111111111111111,9.5
124636,1,7,7,1.0,4.0
124642,1,3,3,0.3333333333333333,2.0
124644,1,2,2,0.5,1.5
124653,1,7,7,0.0,4.0
124660,1,14,14,0.42857142857142855,7.5
124687,1,6,6,0.6666666666666666,3.5
124688,1,2,2,1.0,1.5
124699,1,10,10,0.9,5.5
124710,1,9,9,0.4444444444444444,5.0
124725,3,51,48,0.5490196078431373,9.607843137254902
124731,1,10,10,0.0,5.5
124749,1,16,16,0.625,8.5
124750,1,28,28,0.5714285714285714,14.5
124753,2,8,8,0.875,2.5
124762,2,33,33,0.7272727272727273,11.484848484848484
124817,1,4,4,0.5,2.5
124823,2,10,10,0.8,3.1
124829,1,6,6,0.8333333333333334,3.5
124830,1,11,11,1.0,6.0
124838,1,4,4,0.5,2.5
124888,1,7,7,1.0,4.0
124893,1,19,19,0.7894736842105263,10.0
124900,1,3,3,1.0,2.0
124932,1,21,21,0.5714285714285714,11.0
124983,1,20,20,0.7,10.5
125003,1,17,17,0.7647058823529411,9.0
125010,1,7,7,0.14285714285714285,4.0
125011,1,7,7,0.7142857142857143,4.0
125037,1,4,4,0.75,2.5
125087,1,4,4,1.0,2.5
125088,1,13,13,0.8461538461538461,7.0
125114,1,17,17,0.11764705882352941,9.0
125122,1,23,23,0.8260869565217391,12.0
125132,1,17,17,0.5294117647058824,9.0
125139,1,3,3,0.0,2.0
125140,1,6,6,0.6666666666666666,3.5
125152,1,1,1,1.0,1.0
125155,1,9,9,0.8888888888888888,5.0
125171,1,6,6,0.5,3.5
125187,1,14,14,0.7142857142857143,7.5
125188,1,20,20,0.6,10.5
125199,1,9,9,0.2222222222222222,5.0
125200,1,9,9,0.5555555555555556,5.0
125205,1,18,18,0.5555555555555556,9.5
125207,1,2,2,1.0,1.5
125212,2,34,30,0.29411764705882354,9.0
125220,1,28,28,0.0,14.5
125239,1,2,2,0.5,1.5
125242,1,6,6,0.6666666666666666,3.5
125245,1,1,1,1.0,1.0
125257,1,6,6,0.8333333333333334,3.5
125263,1,1,1,0.0,1.0
125271,1,5,5,0.8,3.0
125272,1,22,22,0.7727272727272727,11.5
125274,1,5,5,0.6,3.0
125280,1,2,2,1.0,1.5
125291,1,24,24,0.0,12.5
125292,1,16,16,0.75,8.5
125313,1,5,5,0.8,3.0
125314,1,15,15,1.0,8.0
125364,1,14,14,0.7857142857142857,7.5
125376,1,5,5,0.4,3.0
125424,1,23,23,0.6521739130434783,12.0
125432,1,4,4,0.5,2.5
125439,1,7,7,0.7142857142857143,4.0
125446,1,13,13,0.7692307692307693,7.0
125449,1,5,5,0.6,3.0
125458,1,9,9,0.5555555555555556,5.0
125460,1,4,4,1.0,2.5
125464,1,3,3,0.3333333333333333,2.0
125473,1,3,3,0.0,2.0
125492,1,6,6,1.0,3.5
125497,1,12,12,0.6666666666666666,6.5
125512,1,1,1,1.0,1.0
125514,1,4,4,0.25,2.5
125515,1,9,9,0.4444444444444444,5.0
125525,1,12,12,1.0,6.5
125546,1,6,6,0.6666666666666666,3.5
125553,1,8,8,0.0,4.5
125586,1,2,2,0.0,1.5
125600,1,1,1,0.0,1.0
125623,1,4,4,1.0,2.5
125652,1,17,17,1.0,9.0
125656,1,26,26,1.0,13.5
125657,1,11,11,0.5454545454545454,6.0
125662,1,32,32,0.9375,16.5
125664,1,15,15,0.4666666666666667,8.0
125667,1,9,9,0.4444444444444444,5.0
125668,2,15,15,0.6,4.666666666666667
125693,1,29,29,0.6896551724137931,15.0
125715,1,8,8,0.875,4.5
125757,1,13,13,0.7692307692307693,7.0
125769,1,5,5,0.8,3.0
125780,1,7,7,0.0,4.0
125791,1,1,1,1.0,1.0
125797,1,4,4,1.0,2.5
125807,1,11,11,0.0,6.0
125836,1,10,10,0.6,5.5
125863,1,1,1,1.0,1.0
125881,1,8,8,0.625,4.5
125886,1,12,12,0.6666666666666666,6.5
125906,1,10,10,0.0,5.5
125911,1,6,6,0.0,3.5
125917,1,1,1,1.0,1.0
125918,1,7,7,0.8571428571428571,4.0
125920,1,6,6,0.6666666666666666,3.5
125921,1,7,7,0.2857142857142857,4.0
125923,1,2,2,0.0,1.5
125933,1,15,15,0.6666666666666666,8.0
125944,1,8,8,0.375,4.5
125956,1,4,4,0.5,2.5
125960,1,8,8,0.75,4.5
125967,1,21,21,0.7142857142857143,11.0
125976,1,8,8,0.0,4.5
125978,1,13,13,0.8461538461538461,7.0
125983,1,10,10,0.0,5.5
125985,1,13,13,0.8461538461538461,7.0
125988,1,6,6,0.0,3.5
126015,1,2,2,1.0,1.5
126043,1,22,22,0.0,11.5
126050,1,9,9,0.3333333333333333,5.0
126054,1,9,9,0.4444444444444444,5.0
126066,1,2,2,1.0,1.5
126067,1,3,3,1.0,2.0
126072,1,8,8,0.5,4.5
126109,1,1,1,0.0,1.0
126123,2,27,26,0.48148148148148145,7.333333333333333
126126,1,15,15,0.7333333333333333,8.0
126138,1,3,3,1.0,2.0
126154,1,15,15,0.6666666666666666,8.0
126186,1,3,3,1.0,2.0
126209,1,7,7,0.8571428571428571,4.0
126216,1,4,4,1.0,2.5
126235,1,4,4,1.0,2.5
126236,1,11,11,1.0,6.0
126241,1,9,9,0.2222222222222222,5.0
126250,1,3,3,0.0,2.0
126256,1,47,47,0.2765957446808511,24.0
126272,2,32,29,0.90625,11.625
126290,1,14,14,0.14285714285714285,7.5
126307,1,9,9,0.0,5.0
126311,1,7,7,1.0,4.0
126382,1,3,3,0.6666666666666666,2.0
126398,1,14,14,0.9285714285714286,7.5
126405,1,28,28,0.8928571428571429,14.5
126408,1,11,11,0.45454545454545453,6.0
126410,1,8,8,0.75,4.5
126413,1,9,9,1.0,5.0
126415,1,18,18,0.8333333333333334,9.5
126419,1,12,12,0.5833333333333334,6.5
126428,1,7,7,0.7142857142857143,4.0
126435,1,19,19,0.0,10.0
126448,1,36,36,0.4722222222222222,18.5
126455,1,15,15,1.0,8.0
126472,1,12,12,0.25,6.5
126478,1,5,5,0.0,3.0
126486,1,6,6,0.5,3.5
126495,1,8,8,0.375,4.5
126526,1,9,9,0.0,5.0
126527,1,12,12,0.5,6.5
126535,1,23,23,0.7391304347826086,12.0
126540,1,8,8,0.25,4.5
126562,1,10,10,0.3,5.5
126569,1,9,9,0.8888888888888888,5.0
126574,1,14,14,0.5,7.5
126587,1,6,6,1.0,3.5
126590,2,37,33,0.7567567567567568,9.756756756756756
126596,1,13,13,0.6923076923076923,7.0
126599,1,2,2,0.0,1.5
126617,1,12,12,0.0,6.5
126619,1,22,22,0.36363636363636365,11.5
126625,2,19,18,0.42105263157894735,7.473684210526316
126635,1,8,8,0.0,4.5
126651,1,4,4,0.5,2.5
126711,1,2,2,0.5,1.5
126712,1,4,4,1.0,2.5
126715,2,28,28,0.8214285714285714,7.642857142857143
126720,1,5,5,0.8,3.0
126751,2,7,6,0.7142857142857143,2.2857142857142856
126755,1,3,3,0.3333333333333333,2.0
126787,1,10,10,0.6,5.5
126824,2,39,36,0.3333333333333333,10.307692307692308
126874,1,9,9,0.2222222222222222,5.0
126887,1,6,6,0.3333333333333333,3.5
126889,1,8,8,0.75,4.5
126891,1,7,7,0.7142857142857143,4.0
126892,1,3,3,0.3333333333333333,2.0
126918,1,13,13,0.0,7.0
126921,1,10,10,0.2,5.5
126933,1,1,1,1.0,1.0
126947,1,5,5,1.0,3.0
126955,1,15,15,0.4,8.0
126994,1,13,13,0.3076923076923077,7.0
126998,1,6,6,0.5,3.5
127000,1,4,4,1.0,2.5
127009,1,13,13,0.6153846153846154,7.0
127010,1,8,8,0.75,4.5
127018,1,10,10,0.8,5.5
127030,1,10,10,0.3,5.5
127031,1,11,11,0.0,6.0
127046,1,13,13,0.6923076923076923,7.0
127049,1,6,6,1.0,3.5
127072,1,8,8,0.5,4.5
127081,2,9,9,0.5555555555555556,3.4444444444444446
127100,1,8,8,0.5,4.5
127105,1,18,18,0.1111111111111111,9.5
127125,1,7,7,0.8571428571428571,4.0
127160,1,5,5,0.6,3.0
127173,1,13,13,0.6923076923076923,7.0
127205,1,5,5,0.0,3.0
127211,1,20,20,0.45,10.5
127225,1,1,1,1.0,1.0
127229,1,9,9,0.7777777777777778,5.0
127244,1,29,29,0.5172413793103449,15.0
127272,1,10,10,1.0,5.5
127311,1,8,8,0.125,4.5
127318,1,3,3,1.0,2.0
127336,1,5,5,1.0,3.0
127356,1,14,14,0.0,7.5
127362,1,14,14,0.14285714285714285,7.5
127364,1,11,11,0.5454545454545454,6.0
127374,1,29,29,0.41379310344827586,15.0
127375,1,5,5,1.0,3.0
127378,1,6,6,0.0,3.5
127387,1,8,8,0.25,4.5
127410,1,16,16,0.1875,8.5
127412,2,17,16,0.7058823529411765,4.764705882352941
127423,1,2,2,1.0,1.5
127427,3,39,31,0.8205128205128205,7.102564102564102
127428,1,7,7,0.2857142857142857,4.0
127433,1,9,9,0.3333333333333333,5.0
127440,1,7,7,0.14285714285714285,4.0
127446,1,12,12,0.9166666666666666,6.5
127481,1,17,17,0.7058823529411765,9.0
127487,1,7,7,0.7142857142857143,4.0
127495,1,1,1,1.0,1.0
127503,1,17,17,0.0,9.0
127513,1,6,6,0.16666666666666666,3.5
127522,1,22,22,0.36363636363636365,11.5
127523,2,11,11,0.7272727272727273,3.272727272727273
127525,2,72,65,0.5555555555555556,18.72222222222222
127529,1,8,8,0.75,4.5
127532,1,7,7,0.2857142857142857,4.0
127541,1,2,2,0.0,1.5
127547,1,4,4,1.0,2.5
127557,1,7,7,0.5714285714285714,4.0
127577,1,1,1,1.0,1.0
127584,1,19,19,0.47368421052631576,10.0
127663,1,6,6,0.8333333333333334,3.5
127670,1,11,11,0.7272727272727273,6.0
127673,1,17,17,0.5294117647058824,9.0
127676,1,20,20,0.55,10.5
127680,1,3,3,0.6666666666666666,2.0
127687,1,24,24,1.0,12.5
127713,1,12,12,0.0,6.5
127730,1,9,9,0.0,5.0
127731,1,11,11,0.8181818181818182,6.0
127757,1,16,16,0.5,8.5
127773,1,6,6,1.0,3.5
127784,1,12,12,0.5,6.5
127792,1,5,5,0.2,3.0
127794,1,1,1,0.0,1.0
127807,1,2,2,1.0,1.5
127811,1,5,5,0.0,3.0
127817,1,2,2,0.0,1.5
127820,1,9,9,0.5555555555555556,5.0
127848,1,7,7,1.0,4.0
127858,1,2,2,0.5,1.5
127867,1,15,15,0.2,8.0
127868,1,16,16,0.875,8.5
127870,1,10,10,0.3,5.5
127890,2,12,12,0.9166666666666666,3.5
127899,1,3,3,0.6666666666666666,2.0
127906,1,8,8,0.5,4.5
127913,1,4,4,0.0,2.5
127915,2,19,18,0.631578947368421,6.842105263157895
127930,1,14,14,0.42857142857142855,7.5
127951,1,10,10,0.8,5.5
127970,1,5,5,0.4,3.0
127975,1,9,9,0.6666666666666666,5.0
127988,1,5,5,1.0,3.0
128019,2,7,5,0.42857142857142855,2.2857142857142856
128049,1,14,14,0.7857142857142857,7.5
128073,1,7,7,1.0,4.0
128076,1,31,31,0.8387096774193549,16.0
128106,1,9,9,0.5555555555555556,5.0
128143,2,13,12,0.6923076923076923,3.769230769230769
128164,1,6,6,0.5,3.5
128169,1,7,7,0.7142857142857143,4.0
128194,1,5,5,1.0,3.0
128198,1,9,9,0.5555555555555556,5.0
128200,1,20,20,0.8,10.5
128213,1,4,4,0.25,2.5
128243,1,5,5,0.0,3.0
128246,1,18,18,0.7777777777777778,9.5
128254,1,4,4,0.75,2.5
128263,1,7,7,0.7142857142857143,4.0
128292,1,19,19,0.10526315789473684,10.0
128295,1,10,10,0.2,5.5
128305,1,8,8,0.375,4.5
128317,1,1,1,0.0,1.0
128324,1,8,8,0.875,4.5
128333,1,8,8,0.5,4.5
128335,1,5,5,0.4,3.0
128338,1,6,6,0.5,3.5
128339,1,6,6,0.0,3.5
128347,1,5,5,0.6,3.0
128350,1,5,5,0.2,3.0
128354,1,18,18,1.0,9.5
128356,1,16,16,0.875,8.5
128359,2,28,26,0.8928571428571429,8.392857142857142
128366,1,5,5,0.8,3.0
128388,1,12,12,0.9166666666666666,6.5
128389,1,24,24,0.16666666666666666,12.5
128437,1,5,5,1.0,3.0
128480,1,9,9,0.4444444444444444,5.0
128514,1,7,7,0.0,4.0
128523,1,7,7,1.0,4.0
128537,1,9,9,0.0,5.0
128541,1,13,13,0.0,7.0
128559,1,2,2,0.5,1.5
128566,1,5,5,0.6,3.0
128568,1,17,17,0.8823529411764706,9.0
128581,1,6,6,0.0,3.5
128608,1,9,9,0.2222222222222222,5.0
128623,1,23,23,0.5217391304347826,12.0
128624,1,12,12,0.6666666666666666,6.5
128627,1,35,35,0.9428571428571428,18.0
128638,1,6,6,0.3333333333333333,3.5
128665,2,6,4,1.0,2.1666666666666665
128678,1,1,1,1.0,1.0
128693,1,6,6,0.0,3.5
128709,1,4,4,1.0,2.5
128710,2,6,6,0.8333333333333334,2.1666666666666665
128719,1,1,1,1.0,1.0
128727,1,13,13,0.9230769230769231,7.0
128735,1,6,6,0.5,3.5
128767,1,6,6,0.8333333333333334,3.5
128777,1,22,22,0.0,11.5
128792,1,10,10,0.4,5.5
128793,1,1,1,1.0,1.0
128799,2,32,22,0.8125,8.625
128827,1,8,8,0.75,4.5
128874,1,9,9,0.0,5.0
128876,1,9,9,1.0,5.0
128883,1,6,6,0.5,3.5
128887,1,12,12,0.16666666666666666,6.5
128894,1,2,2,1.0,1.5
128912,1,3,3,0.0,2.0
128922,1,2,2,0.5,1.5
128965,1,4,4,0.0,2.5
128974,1,12,12,1.0,6.5
128979,1,7,7,0.14285714285714285,4.0
128987,1,7,7,0.8571428571428571,4.0
129024,1,9,9,0.7777777777777778,5.0
129029,2,12,12,0.9166666666666666,3.5833333333333335
129044,1,16,16,0.4375,8.5
129048,1,6,6,0.5,3.5
129080,1,17,17,0.8235294117647058,9.0
129081,1,14,14,0.5714285714285714,7.5
129092,1,14,14,0.21428571428571427,7.5
129127,1,23,23,0.782608695652174,12.0
129131,1,2,2,0.0,1.5
129140,1,13,13,0.6923076923076923,7.0
129151,1,6,6,0.16666666666666666,3.5
129168,2,6,6,0.8333333333333334,2.1666666666666665
129190,1,3,3,0.0,2.0
129196,2,19,18,0.5263157894736842,7.473684210526316
129211,1,13,13,1.0,7.0
129225,1,5,5,0.8,3.0
129234,1,12,12,1.0,6.5
129235,1,19,19,0.47368421052631576,10.0
129237,1,25,25,0.64,13.0
129247,2,10,8,0.8,3.1
129258,1,4,4,0.0,2.5
129266,2,36,25,0.8333333333333334,9.944444444444445
129280,1,6,6,0.5,3.5
129287,1,3,3,1.0,2.0
129294,1,17,17,0.47058823529411764,9.0
129299,1,27,27,0.8518518518518519,14.0
129307,1,12,12,0.8333333333333334,6.5
129309,1,24,24,0.7083333333333334,12.5
129338,1,6,6,0.6666666666666666,3.5
129348,2,18,18,0.5,5.888888888888889
129380,1,19,19,0.3684210526315789,10.0
129386,1,7,7,0.14285714285714285,4.0
129389,1,27,27,0.5925925925925926,14.0
129394,1,10,10,0.5,5.5
129397,1,5,5,1.0,3.0
129417,1,19,19,0.42105263157894735,10.0
129419,1,7,7,0.8571428571428571,4.0
129429,1,1,1,1.0,1.0
129475,1,11,11,0.7272727272727273,6.0
129488,2,20,20,0.45,5.55
129512,1,1,1,1.0,1.0
129515,1,2,2,0.5,1.5
129536,1,13,13,0.5384615384615384,7.0
129540,1,3,3,0.3333333333333333,2.0
129541,1,5,5,0.6,3.0
129548,1,20,20,0.25,10.5
129552,1,21,21,0.5714285714285714,11.0
129571,1,8,8,0.0,4.5
129577,1,7,7,0.5714285714285714,4.0
129579,1,3,3,0.6666666666666666,2.0
129630,2,14,10,1.0,4.642857142857143
129631,1,8,8,0.0,4.5
129639,1,4,4,0.5,2.5
129647,1,3,3,0.3333333333333333,2.0
129654,2,5,5,0.6,2.2
129707,1,1,1,0.0,1.0
129712,1,3,3,1.0,2.0
129735,1,6,6,1.0,3.5
129747,1,5,5,0.8,3.0
129749,2,20,19,0.55,6.75
129783,1,17,17,1.0,9.0
129784,1,6,6,0.8333333333333334,3.5
129791,1,9,9,0.4444444444444444,5.0
129802,1,7,7,0.2857142857142857,4.0
129805,1,9,9,0.1111111111111111,5.0
129809,1,11,11,0.2727272727272727,6.0
129824,1,14,14,0.6428571428571429,7.5
129843,1,5,5,0.6,3.0
129846,1,9,9,0.6666666666666666,5.0
129867,2,15,9,0.7333333333333333,4.266666666666667
129871,1,6,6,1.0,3.5
129896,1,3,3,1.0,2.0
129906,1,10,10,1.0,5.5
129927,1,4,4,0.75,2.5
129958,1,27,27,0.0,14.0
129961,1,8,8,0.125,4.5
129963,1,6,6,0.0,3.5
129966,1,8,8,0.875,4.5
129974,1,19,19,0.42105263157894735,10.0
129992,1,16,16,0.6875,8.5
129995,1,4,4,0.75,2.5
130009,1,17,17,0.7058823529411765,9.0
130033,1,8,8,0.75,4.5
130036,1,8,8,1.0,4.5
130127,1,2,2,0.5,1.5
130177,1,15,15,0.4,8.0
130179,1,2,2,0.0,1.5
130181,1,6,6,0.8333333333333334,3.5
130182,1,23,23,0.391304347826087,12.0
130211,1,7,7,0.42857142857142855,4.0
130239,1,14,14,0.5714285714285714,7.5
130244,1,9,9,0.8888888888888888,5.0
130245,1,10,10,0.3,5.5
130266,1,10,10,0.1,5.5
130271,2,14,14,0.2857142857142857,5.142857142857143
130277,1,8,8,0.75,4.5
130284,2,22,19,0.9090909090909091,6.409090909090909
130295,1,6,6,0.0,3.5
130312,1,13,13,0.0,7.0
130326,1,1,1,1.0,1.0
130329,1,3,3,0.0,2.0
130332,1,6,6,0.6666666666666666,3.5
130342,3,8,7,0.875,2.125
130393,1,34,34,0.5882352941176471,17.5
130445,1,1,1,1.0,1.0
130461,1,8,8,0.125,4.5
130467,2,14,12,1.0,4.071428571428571
130489,1,9,9,0.3333333333333333,5.0
130510,1,13,13,1.0,7.0
130556,1,6,6,0.6666666666666666,3.5
130567,1,2,2,1.0,1.5
130571,1,8,8,0.625,4.5
130572,1,3,3,0.0,2.0
130588,1,27,27,0.6296296296296297,14.0
130597,1,8,8,0.125,4.5
130599,1,6,6,0.8333333333333334,3.5
130634,1,25,25,0.08,13.0
130654,1,1,1,0.0,1.0
130657,1,11,11,0.9090909090909091,6.0
130662,1,12,12,0.16666666666666666,6.5
130675,1,8,8,0.0,4.5
130694,1,9,9,0.3333333333333333,5.0
130696,1,7,7,0.42857142857142855,4.0
130715,1,29,29,0.5517241379310345,15.0
130732,1,7,7,0.0,4.0
130739,1,18,18,0.7222222222222222,9.5
130749,1,2,2,0.5,1.5
130753,1,5,5,0.8,3.0
130762,2,37,37,0.8648648648648649,10.08108108108108
130778,1,5,5,0.0,3.0
130792,1,16,16,0.3125,8.5
130802,1,3,3,1.0,2.0
130803,2,14,8,0.9285714285714286,4.071428571428571
130809,1,9,9,0.8888888888888888,5.0
130825,1,20,20,0.4,10.5
130845,1,8,8,0.125,4.5
130847,1,14,14,0.14285714285714285,7.5
130851,1,9,9,0.0,5.0
130865,1,10,10,0.6,5.5
130868,1,10,10,0.0,5.5
130871,1,9,9,0.1111111111111111,5.0
130886,1,8,8,0.5,4.5
130903,1,29,29,0.7241379310344828,15.0
130912,1,6,6,1.0,3.5
130914,1,3,3,0.0,2.0
130915,3,21,18,0.9523809523809523,4.904761904761905
130939,1,4,4,1.0,2.5
130967,1,28,28,0.32142857142857145,14.5
130982,2,43,43,0.627906976744186,11.534883720930232
130986,2,25,22,0.72,6.76
131004,1,6,6,0.6666666666666666,3.5
131014,1,19,19,0.7368421052631579,10.0
131033,1,4,4,1.0,2.5
131057,1,7,7,0.5714285714285714,4.0
131058,2,13,13,0.38461538461538464,4.230769230769231
131086,1,8,8,0.625,4.5
131093,2,49,45,0.8775510204081632,12.795918367346939
131095,1,4,4,1.0,2.5
131110,1,7,7,0.42857142857142855,4.0
131119,1,6,6,0.3333333333333333,3.5
131120,1,8,8,0.125,4.5
131121,1,2,2,0.0,1.5
131124,1,3,3,0.6666666666666666,2.0
131125,2,15,15,0.8,4.4
131137,1,22,22,0.45454545454545453,11.5
131138,1,7,7,0.42857142857142855,4.0
131156,1,6,6,0.16666666666666666,3.5
131187,1,19,19,0.47368421052631576,10.0
131203,1,9,9,0.6666666666666666,5.0
131204,1,1,1,1.0,1.0
131215,1,7,7,0.2857142857142857,4.0
131234,1,7,7,0.7142857142857143,4.0
131235,1,11,11,0.18181818181818182,6.0
131239,1,11,11,0.9090909090909091,6.0
131269,1,3,3,0.6666666666666666,2.0
131306,1,31,31,0.0967741935483871,16.0
131309,1,16,16,0.3125,8.5
131329,1,7,7,0.42857142857142855,4.0
131368,1,6,6,0.8333333333333334,3.5
131370,1,6,6,0.5,3.5
131371,1,2,2,0.0,1.5
131376,1,4,4,0.75,2.5
131385,1,23,23,0.9130434782608695,12.0
131387,1,3,3,1.0,2.0
131399,1,5,5,0.4,3.0
131400,1,6,6,0.3333333333333333,3.5
131416,1,8,8,1.0,4.5
131432,1,10,10,0.9,5.5
131464,1,10,10,0.0,5.5
131500,2,14,12,0.8571428571428571,4.0
131504,1,9,9,0.0,5.0
131512,1,15,15,0.4,8.0
131526,1,9,9,0.8888888888888888,5.0
131529,2,40,36,0.925,11.125
131535,1,5,5,0.4,3.0
131547,1,8,8,0.5,4.5
131584,1,14,14,0.21428571428571427,7.5
131593,1,14,14,0.6428571428571429,7.5
131597,1,30,30,0.36666666666666664,15.5
131618,1,3,3,0.6666666666666666,2.0
131626,1,7,7,0.5714285714285714,4.0
131634,1,5,5,1.0,3.0
131641,1,6,6,0.16666666666666666,3.5
131661,1,9,9,0.1111111111111111,5.0
131675,2,27,25,0.4444444444444444,9.333333333333334
131692,1,37,37,0.7567567567567568,19.0
131699,1,10,10,0.8,5.5
131714,1,17,17,0.8823529411764706,9.0
131716,1,14,14,0.5,7.5
131725,1,3,3,1.0,2.0
131726,1,26,26,0.8846153846153846,13.5
131733,1,12,12,0.5833333333333334,6.5
131771,1,5,5,0.2,3.0
131796,1,6,6,0.6666666666666666,3.5
131798,1,9,9,0.0,5.0
131801,1,9,9,0.5555555555555556,5.0
131814,1,6,6,0.3333333333333333,3.5
131817,1,7,7,0.5714285714285714,4.0
131826,1,14,14,0.42857142857142855,7.5
131841,1,2,2,1.0,1.5
131864,1,11,11,0.8181818181818182,6.0
131865,1,5,5,0.8,3.0
131868,1,25,25,0.56,13.0
131880,1,14,14,0.7142857142857143,7.5
131889,1,9,9,0.0,5.0
131890,1,9,9,0.0,5.0
131893,1,5,5,0.4,3.0
131904,1,6,6,1.0,3.5
131905,1,18,18,0.7777777777777778,9.5
131909,1,13,13,0.3076923076923077,7.0
131915,1,13,13,0.15384615384615385,7.0
131916,1,3,3,1.0,2.0
131919,1,10,10,0.0,5.5
131924,1,8,8,0.375,4.5
131927,1,13,13,0.6153846153846154,7.0
131936,1,16,16,0.25,8.5
131938,1,3,3,0.0,2.0
131943,1,4,4,0.0,2.5
131958,1,5,5,0.8,3.0
131967,2,7,7,0.7142857142857143,2.5714285714285716
131970,1,6,6,0.3333333333333333,3.5
131981,2,23,23,0.6521739130434783,6.260869565217392
132006,1,14,14,0.5714285714285714,7.5
132007,2,39,39,0.7692307692307693,10.564102564102564
132021,2,2,2,1.0,1.0
132026,1,7,7,0.42857142857142855,4.0
132057,1,19,19,0.631578947368421,10.0
132065,1,4,4,0.25,2.5
132066,1,38,38,0.5789473684210527,19.5
132067,1,6,6,0.8333333333333334,3.5
132069,2,35,35,0.4,10.114285714285714
132077,1,11,11,0.0,6.0
132099,1,4,4,1.0,2.5
132136,1,5,5,0.0,3.0
132187,1,18,18,0.6111111111111112,9.5
132235,1,13,13,0.38461538461538464,7.0
132240,1,7,7,1.0,4.0
132251,1,6,6,0.8333333333333334,3.5
132274,1,14,14,0.7857142857142857,7.5
132276,1,4,4,0.5,2.5
132282,1,13,13,1.0,7.0
132328,1,15,15,0.0,8.0
132379,2,5,5,0.0,1.8
132382,1,14,14,0.7142857142857143,7.5
132402,1,2,2,1.0,1.5
132409,1,10,10,0.9,5.5
132424,2,28,27,0.25,7.5
132453,1,3,3,0.6666666666666666,2.0
132507,1,2,2,0.0,1.5
132519,1,21,21,0.42857142857142855,11.0
132524,1,1,1,1.0,1.0
132566,1,4,4,0.5,2.5
132572,1,8,8,0.625,4.5
132581,1,6,6,1.0,3.5
132582,1,6,6,0.16666666666666666,3.5
132598,1,7,7,0.42857142857142855,4.0
132613,1,7,7,0.5714285714285714,4.0
132616,1,17,17,0.17647058823529413,9.0
132628,1,1,1,1.0,1.0
132640,1,31,31,0.5161290322580645,16.0
132646,1,3,3,0.6666666666666666,2.0
132666,1,13,13,0.46153846153846156,7.0
132668,1,3,3,1.0,2.0
132679,1,6,6,0.0,3.5
132697,1,12,12,0.5,6.5
132699,1,9,9,0.3333333333333333,5.0
132703,1,15,15,0.8,8.0
132704,1,14,14,0.42857142857142855,7.5
132710,1,29,29,0.6551724137931034,15.0
132712,1,6,6,1.0,3.5
132729,2,28,28,0.14285714285714285,8.785714285714286
132750,1,4,4,0.5,2.5
132771,1,4,4,0.75,2.5
132786,1,6,6,0.0,3.5
132815,1,17,17,0.7647058823529411,9.0
132823,1,5,5,0.2,3.0
132836,1,11,11,0.9090909090909091,6.0
132837,1,5,5,0.2,3.0
132844,1,27,27,0.9629629629629629,14.0
132846,1,10,10,0.4,5.5
132849,1,6,6,0.6666666666666666,3.5
132856,1,11,11,0.2727272727272727,6.0
132863,1,20,20,1.0,10.5
132866,1,12,12,0.6666666666666666,6.5
132875,1,13,13,0.6153846153846154,7.0
132877,1,1,1,0.0,1.0
132888,1,4,4,0.25,2.5
132910,1,5,5,0.6,3.0
132940,2,29,29,0.2413793103448276,8.448275862068966
132941,1,9,9,0.1111111111111111,5.0
132942,1,7,7,0.8571428571428571,4.0
132951,1,30,30,0.9333333333333333,15.5
132957,1,5,5,1.0,3.0
132970,1,2,2,0.0,1.5
132972,1,6,6,0.6666666666666666,3.5
132978,1,26,26,0.9615384615384616,13.5
132989,1,7,7,0.5714285714285714,4.0
133008,1,11,11,0.9090909090909091,6.0
133016,1,8,8,1.0,4.5
133045,1,18,18,0.7777777777777778,9.5
133056,1,11,11,0.0,6.0
133061,1,3,3,0.6666666666666666,2.0
133066,1,4,4,0.75,2.5
133077,1,3,3,0.3333333333333333,2.0
133088,1,3,3,1.0,2.0
133091,1,33,33,0.0,17.0
133107,1,35,35,0.8571428571428571,18.0
133139,1,7,7,1.0,4.0
133159,1,8,8,1.0,4.5
133176,1,15,15,0.4,8.0
133177,1,16,16,0.1875,8.5
133182,1,8,8,0.875,4.5
133183,1,12,12,0.5,6.5
133193,1,1,1,1.0,1.0
133196,1,8,8,0.625,4.5
133233,1,7,7,1.0,4.0
133235,2,25,25,0.96,7.96
133245,1,17,17,0.5294117647058824,9.0
133286,1,1,1,0.0,1.0
133298,1,11,11,1.0,6.0
133301,1,7,7,1.0,4.0
133314,1,2,2,0.5,1.5
133335,1,4,4,0.0,2.5
133348,1,12,12,0.0,6.5
133356,1,2,2,0.5,1.5
133367,1,7,7,0.0,4.0
133394,1,9,9,0.5555555555555556,5.0
133395,1,5,5,0.4,3.0
133398,1,8,8,0.0,4.5
133413,1,2,2,0.5,1.5
133414,1,10,10,0.8,5.5
133422,1,11,11,0.45454545454545453,6.0
133447,2,16,16,0.875,4.5
133464,1,12,12,0.75,6.5
133470,1,9,9,0.0,5.0
133484,1,7,7,0.14285714285714285,4.0
133511,1,12,12,0.0,6.5
133515,1,8,8,0.125,4.5
133522,1,6,6,1.0,3.5
133531,1,21,21,0.8571428571428571,11.0
133565,1,11,11,0.45454545454545453,6.0
133567,1,1,1,0.0,1.0
133575,1,7,7,0.7142857142857143,4.0
133590,1,25,25,0.8,13.0
133601,1,6,6,0.6666666666666666,3.5
133640,2,16,16,0.4375,4.75
133642,1,2,2,0.5,1.5
133649,1,11,11,0.09090909090909091,6.0
133654,1,18,18,0.5,9.5
133671,1,11,11,0.36363636363636365,6.0
133695,1,21,21,0.6666666666666666,11.0
133716,1,7,7,1.0,4.0
133719,1,21,21,0.47619047619047616,11.0
133729,1,7,7,0.0,4.0
133767,1,3,3,1.0,2.0
133780,1,4,4,1.0,2.5
133788,1,7,7,0.7142857142857143,4.0
133806,1,6,6,0.16666666666666666,3.5
133810,2,23,20,0.6956521739130435,6.260869565217392
133814,1,17,17,0.29411764705882354,9.0
133817,1,4,4,0.75,2.5
133826,1,2,2,0.5,1.5
133837,1,3,3,0.3333333333333333,2.0
133839,1,5,5,0.0,3.0
133849,1,38,38,0.7631578947368421,19.5
133875,1,6,6,0.5,3.5
133886,1,1,1,0.0,1.0
133889,1,9,9,0.1111111111111111,5.0
133890,1,7,7,0.7142857142857143,4.0
133892,1,24,24,0.9166666666666666,12.5
133896,1,4,4,1.0,2.5
133914,1,9,9,0.3333333333333333,5.0
133918,1,5,5,1.0,3.0
133925,1,8,8,0.5,4.5
133935,1,2,2,1.0,1.5
133937,1,10,10,0.4,5.5
133942,1,8,8,0.625,4.5
133954,1,1,1,0.0,1.0
133968,1,16,16,0.625,8.5
133983,1,11,11,0.9090909090909091,6.0
134003,2,17,17,1.0,4.764705882352941
134011,1,4,4,0.75,2.5
134040,1,12,12,0.5833333333333334,6.5
134091,1,4,4,0.25,2.5
134136,1,6,6,0.3333333333333333,3.5
134142,1,5,5,0.6,3.0
134144,1,4,4,0.75,2.5
134195,1,3,3,1.0,2.0
134202,1,2,2,0.5,1.5
134204,1,4,4,0.5,2.5
134226,1,11,11,0.7272727272727273,6.0
134240,1,14,14,0.42857142857142855,7.5
134243,1,27,27,0.7777777777777778,14.0
134248,1,6,6,1.0,3.5
134250,1,8,8,0.5,4.5
134273,1,5,5,0.6,3.0
134286,1,13,13,0.8461538461538461,7.0
134305,1,18,18,0.4444444444444444,9.5
134329,1,6,6,0.8333333333333334,3.5
134330,1,5,5,0.4,3.0
134348,1,18,18,0.5555555555555556,9.5
134353,1,2,2,1.0,1.5
134358,1,15,15,0.26666666666666666,8.0
134374,1,3,3,0.6666666666666666,2.0
134377,1,4,4,0.75,2.5
134385,1,14,14,0.2857142857142857,7.5
134391,1,8,8,0.75,4.5
134411,1,2,2,1.0,1.5
134412,1,5,5,1.0,3.0
134421,1,11,11,0.8181818181818182,6.0
134430,1,11,11,0.36363636363636365,6.0
134458,1,5,5,0.4,3.0
134465,2,65,50,0.9230769230769231,17.215384615384615
134467,1,4,4,0.75,2.5
134473,1,4,4,1.0,2.5
134476,1,9,9,0.7777777777777778,5.0
134478,1,7,7,0.8571428571428571,4.0
134482,1,6,6,0.5,3.5
134489,1,4,4,1.0,2.5
134490,1,2,2,1.0,1.5
134511,1,29,29,0.8275862068965517,15.0
134525,1,4,4,1.0,2.5
134526,1,4,4,0.25,2.5
134535,1,9,9,0.4444444444444444,5.0
134538,2,41,36,0.2926829268292683,10.902439024390244
134540,1,13,13,0.3076923076923077,7.0
134550,1,8,8,0.0,4.5
134567,1,5,5,0.0,3.0
134597,1,14,14,1.0,7.5
134604,1,6,6,0.6666666666666666,3.5
134613,1,20,20,0.8,10.5
134614,2,44,41,0.5227272727272727,11.590909090909092
134625,2,11,11,0.45454545454545453,3.272727272727273
134635,1,8,8,0.25,4.5
134651,1,13,13,0.6923076923076923,7.0
134689,1,20,20,0.0,10.5
134700,1,16,16,0.75,8.5
134701,1,10,10,1.0,5.5
134728,1,2,2,0.5,1.5
134730,2,17,17,0.9411764705882353,4.882352941176471
134740,1,6,6,0.6666666666666666,3.5
134746,1,20,20,0.45,10.5
134759,1,20,20,0.7,10.5
134761,1,12,12,0.75,6.5
134772,1,16,16,0.5,8.5
134777,1,1,1,1.0,1.0
134782,1,15,15,0.0,8.0
134790,1,8,8,1.0,4.5
134805,1,8,8,1.0,4.5
134806,1,7,7,0.42857142857142855,4.0
134816,1,1,1,0.0,1.0
134834,1,9,9,1.0,5.0
134883,1,4,4,0.5,2.5
134892,1,8,8,0.375,4.5
134907,1,9,9,0.8888888888888888,5.0
134931,1,6,6,0.16666666666666666,3.5
134946,1,22,22,0.6818181818181818,11.5
134964,1,5,5,0.4,3.0
134968,1,8,8,0.875,4.5
134984,1,5,5,1.0,3.0
134989,1,7,7,0.42857142857142855,4.0
135000,1,4,4,0.75,2.5
135004,1,23,23,0.391304347826087,12.0
135012,1,3,3,0.0,2.0
135036,1,5,5,0.0,3.0
135041,1,11,11,0.7272727272727273,6.0
135043,1,6,6,0.5,3.5
135048,1,5,5,0.8,3.0
135052,1,7,7,0.5714285714285714,4.0
135062,1,4,4,0.75,2.5
135103,1,11,11,0.0,6.0
135132,1,19,19,0.7894736842105263,10.0
135145,1,18,18,0.8888888888888888,9.5
135149,1,3,3,0.0,2.0
135168,1,9,9,0.8888888888888888,5.0
135169,1,13,13,0.9230769230769231,7.0
135190,1,9,9,0.7777777777777778,5.0
135199,1,4,4,0.75,2.5
135247,1,10,10,0.5,5.5
135258,1,7,7,0.5714285714285714,4.0
135260,1,2,2,1.0,1.5
135261,1,8,8,0.875,4.5
135283,1,4,4,0.5,2.5
135299,1,7,7,0.14285714285714285,4.0
135347,2,9,9,0.3333333333333333,3.4444444444444446
135365,1,10,10,1.0,5.5
135367,1,8,8,0.625,4.5
135379,1,4,4,1.0,2.5
135385,2,28,28,0.7857142857142857,7.642857142857143
135410,2,61,61,0.819672131147541,15.754098360655737
135411,1,3,3,0.3333333333333333,2.0
135419,1,8,8,0.875,4.5
135432,1,16,16,0.8125,8.5
135433,1,16,16,0.75,8.5
135434,1,8,8,1.0,4.5
135440,1,4,4,0.5,2.5
135442,1,15,15,0.5333333333333333,8.0
135450,1,2,2,0.5,1.5
135483,1,14,14,0.7142857142857143,7.5
135494,1,27,27,0.8148148148148148,14.0
135517,1,9,9,0.0,5.0
135521,1,10,10,0.5,5.5
135524,1,5,5,0.6,3.0
135548,1,20,20,0.9,10.5
135579,1,10,10,0.5,5.5
135587,1,4,4,1.0,2.5
135596,1,2,2,0.0,1.5
135628,1,6,6,1.0,3.5
135633,1,7,7,1.0,4.0
135640,1,2,2,1.0,1.5
135657,1,12,12,0.0,6.5
135660,1,20,20,0.15,10.5
135683,1,11,11,1.0,6.0
135701,1,6,6,0.16666666666666666,3.5
135760,1,3,3,1.0,2.0
135761,1,2,2,1.0,1.5
135783,1,4,4,0.75,2.5
135807,1,10,10,1.0,5.5
135808,1,8,8,1.0,4.5
135814,1,6,6,0.8333333333333334,3.5
135833,1,23,23,0.13043478260869565,12.0
135836,1,7,7,0.0,4.0
135845,2,3,3,0.3333333333333333,1.3333333333333333
135855,1,8,8,0.5,4.5
135867,1,7,7,0.2857142857142857,4.0
135869,1,5,5,0.4,3.0
135886,2,49,49,0.3877551020408163,12.795918367346939
135894,1,2,2,1.0,1.5
135897,1,8,8,1.0,4.5
135924,1,1,1,0.0,1.0
135927,1,2,2,1.0,1.5
135941,1,4,4,1.0,2.5
135942,1,12,12,0.9166666666666666,6.5
135945,2,27,27,0.7037037037037037,7.2592592592592595
135950,1,6,6,0.16666666666666666,3.5
135976,1,4,4,0.75,2.5
135998,1,12,12,0.16666666666666666,6.5
136017,1,14,14,1.0,7.5
136030,1,2,2,0.5,1.5
136057,1,4,4,0.25,2.5
136066,2,13,13,0.46153846153846156,3.769230769230769
136067,1,9,9,0.0,5.0
136092,1,6,6,0.16666666666666666,3.5
136112,1,4,4,0.25,2.5
136118,1,13,13,0.0,7.0
136130,1,8,8,1.0,4.5
136134,1,20,20,1.0,10.5
136138,1,10,10,0.7,5.5
136140,1,1,1,0.0,1.0
136145,1,7,7,1.0,4.0
136146,1,13,13,0.8461538461538461,7.0
136152,1,8,8,0.875,4.5
136160,1,11,11,0.6363636363636364,6.0
136173,1,4,4,0.75,2.5
136184,1,8,8,1.0,4.5
136195,1,12,12,0.75,6.5
136209,1,1,1,0.0,1.0
136215,1,1,1,0.0,1.0
136227,1,9,9,0.3333333333333333,5.0
136229,1,9,9,0.7777777777777778,5.0
136230,1,4,4,1.0,2.5
136242,1,12,12,0.8333333333333334,6.5
136245,1,11,11,1.0,6.0
136253,1,11,11,0.9090909090909091,6.0
136256,1,6,6,0.8333333333333334,3.5
136278,1,3,3,0.0,2.0
136281,1,13,13,0.8461538461538461,7.0
136288,1,8,8,1.0,4.5
136300,1,8,8,0.875,4.5
136307,1,6,6,1.0,3.5
136393,1,17,17,0.5294117647058824,9.0
136402,2,26,26,0.6538461538461539,8.384615384615385
136408,1,15,15,0.6666666666666666,8.0
136419,1,17,17,0.6470588235294118,9.0
136437,1,7,7,0.0,4.0
136439,1,15,15,0.7333333333333333,8.0
136446,1,17,17,0.8235294117647058,9.0
136448,1,3,3,0.6666666666666666,2.0
136488,1,5,5,0.6,3.0
136489,1,15,15,0.0,8.0
136503,1,8,8,0.875,4.5
136534,2,16,14,0.3125,4.5625
136558,1,12,12,1.0,6.5
136571,1,10,10,0.3,5.5
136583,1,9,9,0.5555555555555556,5.0
136594,1,6,6,0.0,3.5
136598,1,11,11,0.2727272727272727,6.0
136632,1,25,25,0.64,13.0
136633,1,7,7,0.0,4.0
136634,1,19,19,0.7894736842105263,10.0
136643,1,8,8,0.25,4.5
136645,2,19,19,0.8947368421052632,8.210526315789474
136650,1,6,6,0.16666666666666666,3.5
136659,2,8,8,0.125,3.0
136666,1,7,7,0.7142857142857143,4.0
136680,1,16,16,0.9375,8.5
136723,1,15,15,0.0,8.0
136737,1,4,4,1.0,2.5
136756,1,6,6,0.5,3.5
136782,2,15,15,0.6,4.266666666666667
136819,1,18,18,0.3333333333333333,9.5
136831,1,18,18,0.5555555555555556,9.5
136850,1,8,8,1.0,4.5
136864,1,10,10,0.8,5.5
136872,1,8,8,0.75,4.5
136895,1,6,6,1.0,3.5
136896,1,40,40,0.9,20.5
136909,1,1,1,1.0,1.0
136927,1,34,34,0.11764705882352941,17.5
136928,1,5,5,0.6,3.0
136935,1,17,17,0.29411764705882354,9.0
136953,1,2,2,1.0,1.5
136966,1,5,5,0.6,3.0
136968,1,12,12,0.4166666666666667,6.5
136969,1,11,11,0.36363636363636365,6.0
136972,1,28,28,0.39285714285714285,14.5
136980,1,9,9,0.1111111111111111,5.0
136999,1,4,4,0.0,2.5
137023,1,3,3,0.3333333333333333,2.0
137055,1,17,17,0.29411764705882354,9.0
137062,1,16,16,0.6875,8.5
137087,1,22,22,0.5909090909090909,11.5
137095,1,11,11,0.7272727272727273,6.0
137101,1,6,6,0.6666666666666666,3.5
137112,1,9,9,0.1111111111111111,5.0
137115,1,13,13,0.8461538461538461,7.0
137121,1,22,22,0.5,11.5
137126,1,13,13,0.9230769230769231,7.0
137128,1,8,8,0.25,4.5
137154,1,1,1,1.0,1.0
137183,1,19,19,0.42105263157894735,10.0
137208,1,10,10,1.0,5.5
137221,1,10,10,0.2,5.5
137249,1,1,1,0.0,1.0
137255,1,7,7,1.0,4.0
137265,1,9,9,0.8888888888888888,5.0
137274,1,6,6,1.0,3.5
137276,1,12,12,1.0,6.5
137295,1,11,11,0.45454545454545453,6.0
137342,2,22,22,0.7727272727272727,6.181818181818182
137343,1,25,25,0.0,13.0
137346,2,11,11,0.2727272727272727,3.8181818181818183
137357,2,28,18,0.9642857142857143,7.535714285714286
137366,2,10,10,0.4,3.0
137373,1,2,2,1.0,1.5
137374,2,3,3,1.0,1.3333333333333333
137377,1,11,11,0.5454545454545454,6.0
137387,1,13,13,0.6923076923076923,7.0
137393,1,7,7,1.0,4.0
137394,1,3,3,0.6666666666666666,2.0
137398,1,19,19,0.8421052631578947,10.0
137402,1,30,30,0.5333333333333333,15.5
137410,2,18,18,0.6111111111111112,5.888888888888889
137426,1,4,4,1.0,2.5
137453,1,5,5,0.8,3.0
137456,1,7,7,1.0,4.0
137464,1,18,18,0.2777777777777778,9.5
137485,1,10,10,0.3,5.5
137490,1,3,3,1.0,2.0
137493,1,3,3,0.3333333333333333,2.0
137495,1,22,22,0.3181818181818182,11.5
137501,1,7,7,0.0,4.0
137517,1,4,4,1.0,2.5
137520,1,1,1,1.0,1.0
137521,1,3,3,1.0,2.0
137575,1,7,7,0.5714285714285714,4.0
137594,1,20,20,0.85,10.5
137614,1,3,3,1.0,2.0
137623,1,3,3,0.0,2.0
137624,1,5,5,0.2,3.0
137629,1,41,41,0.975609756097561,21.0
137637,1,18,18,0.7222222222222222,9.5
137639,1,6,6,1.0,3.5
137651,1,11,11,0.9090909090909091,6.0
137653,1,15,15,0.13333333333333333,8.0
137658,1,2,2,0.5,1.5
137672,1,15,15,0.26666666666666666,8.0
137681,1,10,10,0.5,5.5
137682,1,9,9,0.7777777777777778,5.0
137688,1,8,8,0.5,4.5
137693,1,8,8,0.25,4.5
137710,1,19,19,0.631578947368421,10.0
137716,1,36,36,0.8888888888888888,18.5
137722,1,3,3,0.6666666666666666,2.0
137730,1,30,30,0.8666666666666667,15.5
137751,1,8,8,0.875,4.5
137758,2,22,22,0.7272727272727273,10.545454545454545
137760,1,5,5,0.8,3.0
137770,1,2,2,1.0,1.5
137771,2,11,8,0.9090909090909091,3.272727272727273
137796,1,6,6,0.6666666666666666,3.5
137809,1,2,2,0.0,1.5
137824,1,16,16,0.5625,8.5
137841,1,19,19,0.8421052631578947,10.0
137858,1,26,26,0.0,13.5
137866,1,17,17,0.8823529411764706,9.0
137889,1,11,11,0.18181818181818182,6.0
137914,1,4,4,0.75,2.5
137918,1,5,5,0.8,3.0
137927,2,28,28,0.5357142857142857,9.785714285714286
137942,1,2,2,1.0,1.5
137983,1,13,13,0.7692307692307693,7.0
137986,2,17,17,0.47058823529411764,4.764705882352941
137989,1,11,11,0.7272727272727273,6.0
137992,1,17,17,0.47058823529411764,9.0
137995,1,5,5,0.8,3.0
138009,1,19,19,0.3684210526315789,10.0
138013,1,2,2,1.0,1.5
138031,1,1,1,0.0,1.0
138039,1,9,9,0.5555555555555556,5.0
138041,1,3,3,1.0,2.0
138056,1,5,5,0.0,3.0
138072,2,23,21,0.6956521739130435,6.782608695652174
138089,1,3,3,1.0,2.0
138095,1,9,9,0.6666666666666666,5.0
138109,1,24,24,0.625,12.5
138113,1,15,15,0.9333333333333333,8.0
138126,1,6,6,0.8333333333333334,3.5
138149,2,2,2,1.0,1.0
138168,1,20,20,0.0,10.5
138171,1,6,6,0.6666666666666666,3.5
138173,1,9,9,0.5555555555555556,5.0
138184,1,3,3,1.0,2.0
138230,1,10,10,0.6,5.5
138234,1,5,5,0.4,3.0
138241,1,5,5,0.0,3.0
138246,1,24,24,0.9166666666666666,12.5
138248,2,27,19,0.8888888888888888,7.481481481481482
138259,1,8,8,0.125,4.5
138304,1,6,6,1.0,3.5
138330,1,5,5,0.6,3.0
138337,1,18,18,0.0,9.5
138345,1,1,1,1.0,1.0
138404,1,14,14,0.6428571428571429,7.5
138431,1,6,6,0.3333333333333333,3.5
138433,1,7,7,0.2857142857142857,4.0
138434,1,4,4,0.5,2.5
138436,2,7,6,0.14285714285714285,2.5714285714285716
138451,1,18,18,0.2777777777777778,9.5
138483,1,12,12,0.9166666666666666,6.5
138499,1,7,7,0.8571428571428571,4.0
138518,1,29,29,0.6206896551724138,15.0
138531,1,5,5,0.4,3.0
138535,2,40,40,0.45,10.525
138537,1,4,4,0.25,2.5
138540,1,4,4,0.0,2.5
138549,1,10,10,0.7,5.5
138557,1,5,5,1.0,3.0
138586,2,27,27,0.7037037037037037,7.2592592592592595
138590,1,14,14,0.14285714285714285,7.5
138591,1,3,3,0.3333333333333333,2.0
138596,1,6,6,0.8333333333333334,3.5
138601,1,1,1,0.0,1.0
138602,1,4,4,1.0,2.5
138631,1,8,8,0.625,4.5
138638,1,11,11,0.36363636363636365,6.0
138640,1,11,11,0.2727272727272727,6.0
138644,1,20,20,0.6,10.5
138645,1,6,6,0.16666666666666666,3.5
138661,1,19,19,0.0,10.0
138679,1,7,7,1.0,4.0
138696,1,9,9,1.0,5.0
138698,1,5,5,1.0,3.0
138713,1,20,20,0.5,10.5
138768,2,12,12,0.3333333333333333,3.8333333333333335
138783,1,12,12,1.0,6.5
138790,1,4,4,0.75,2.5
138791,2,14,14,0.5714285714285714,4.0
138795,1,16,16,0.5625,8.5
138800,1,10,10,0.8,5.5
138801,2,29,24,0.9310344827586207,7.827586206896552
138820,2,18,18,0.3333333333333333,5.055555555555555
138838,1,15,15,0.7333333333333333,8.0
138857,1,31,31,0.7741935483870968,16.0
138873,1,2,2,0.5,1.5
138883,1,22,22,0.45454545454545453,11.5
138888,1,18,18,0.5,9.5
138900,1,17,17,0.5882352941176471,9.0
138924,1,24,24,0.3333333333333333,12.5
138935,1,8,8,0.25,4.5
138945,1,13,13,0.07692307692307693,7.0
138946,1,14,14,1.0,7.5
138948,1,2,2,1.0,1.5
138964,1,4,4,0.25,2.5
138967,1,7,7,0.7142857142857143,4.0
138983,1,1,1,1.0,1.0
139004,1,8,8,0.875,4.5
139009,1,2,2,1.0,1.5
139011,1,2,2,1.0,1.5
139016,1,15,15,0.6666666666666666,8.0
139022,1,10,10,0.9,5.5
139050,1,4,4,0.0,2.5
139082,1,3,3,1.0,2.0
139103,1,22,22,0.8636363636363636,11.5
139107,1,16,16,1.0,8.5
139124,2,36,36,0.6666666666666666,9.527777777777779
139129,1,2,2,1.0,1.5
139130,1,11,11,1.0,6.0
139140,2,30,26,0.8333333333333334,8.133333333333333
139142,1,2,2,0.5,1.5
139153,1,11,11,0.9090909090909091,6.0
139154,1,18,18,0.6666666666666666,9.5
139162,1,1,1,0.0,1.0
139167,1,4,4,0.75,2.5
139178,2,29,20,0.7931034482758621,7.827586206896552
139190,1,19,19,0.2631578947368421,10.0
139212,1,2,2,0.5,1.5
139235,1,7,7,0.42857142857142855,4.0
139262,1,3,3,0.3333333333333333,2.0
139275,1,10,10,0.0,5.5
139292,1,8,8,0.875,4.5
139302,1,12,12,0.75,6.5
139308,1,8,8,0.875,4.5
139315,1,1,1,1.0,1.0
139326,1,11,11,1.0,6.0
139345,2,3,3,1.0,1.3333333333333333
139359,1,24,24,0.625,12.5
139365,1,16,16,0.5,8.5
139371,1,2,2,0.0,1.5
139392,1,11,11,0.36363636363636365,6.0
139409,1,6,6,0.6666666666666666,3.5
139412,1,4,4,0.5,2.5
139432,1,36,36,0.6944444444444444,18.5
139436,1,27,27,0.6296296296296297,14.0
139451,1,5,5,0.8,3.0
139453,1,20,20,0.9,10.5
139469,1,6,6,1.0,3.5
139495,1,16,16,0.8125,8.5
139506,1,15,15,0.9333333333333333,8.0
139513,2,16,16,0.5625,6.0625
139516,1,5,5,0.6,3.0
139517,1,18,18,1.0,9.5
139552,1,13,13,0.15384615384615385,7.0
139558,1,1,1,1.0,1.0
139589,1,15,15,0.3333333333333333,8.0
139597,1,3,3,0.6666666666666666,2.0
139602,2,15,15,1.0,5.066666666666666
139609,1,14,14,0.8571428571428571,7.5
139611,1,7,7,0.8571428571428571,4.0
139614,1,16,16,0.6875,8.5
139632,1,6,6,0.0,3.5
139651,1,4,4,0.5,2.5
139652,1,3,3,1.0,2.0
139673,1,6,6,0.3333333333333333,3.5
139709,1,8,8,0.75,4.5
139718,1,25,25,0.36,13.0
139724,1,7,7,1.0,4.0
139740,1,17,17,0.6470588235294118,9.0
139754,1,2,2,0.5,1.5
139757,1,8,8,0.75,4.5
139768,1,10,10,1.0,5.5
139771,1,7,7,0.0,4.0
139775,1,18,18,0.5,9.5
139776,1,3,3,1.0,2.0
139777,1,3,3,0.3333333333333333,2.0
139779,1,2,2,1.0,1.5
139788,1,22,22,0.8636363636363636,11.5
139792,1,16,16,0.9375,8.5
139812,1,6,6,0.16666666666666666,3.5
139829,2,38,36,0.7631578947368421,11.289473684210526
139845,1,4,4,0.75,2.5
139853,1,7,7,0.42857142857142855,4.0
139891,3,21,20,0.5714285714285714,4.428571428571429
139923,1,1,1,1.0,1.0
139935,1,8,8,0.875,4.5
139948,1,18,18,0.3888888888888889,9.5
139973,1,21,21,0.6190476190476191,11.0
139974,1,12,12,0.5833333333333334,6.5
139982,1,10,10,0.0,5.5
139992,1,29,29,0.2413793103448276,15.0
140010,1,2,2,0.5,1.5
140014,1,9,9,0.8888888888888888,5.0
140018,1,29,29,0.8275862068965517,15.0
140020,1,3,3,1.0,2.0
140055,1,9,9,0.3333333333333333,5.0
140109,1,8,8,0.875,4.5
140134,1,8,8,0.625,4.5
140147,1,4,4,0.0,2.5
140154,1,9,9,0.4444444444444444,5.0
140164,1,25,25,0.36,13.0
140170,1,6,6,1.0,3.5
140173,1,16,16,0.9375,8.5
140186,1,12,12,0.3333333333333333,6.5
140187,1,1,1,1.0,1.0
140194,1,4,4,0.0,2.5
140195,1,14,14,0.9285714285714286,7.5
140200,1,8,8,0.25,4.5
140206,1,1,1,0.0,1.0
140218,1,11,11,0.6363636363636364,6.0
140221,1,4,4,0.75,2.5
140229,1,10,10,0.0,5.5
140230,1,29,29,0.9310344827586207,15.0
140243,1,8,8,0.75,4.5
140262,1,4,4,0.5,2.5
140288,1,5,5,0.6,3.0
140299,1,17,17,0.5882352941176471,9.0
140306,1,5,5,0.6,3.0
140309,1,10,10,0.4,5.5
140311,2,5,5,0.8,1.8
140330,1,2,2,1.0,1.5
140332,1,13,13,0.0,7.0
140341,1,9,9,0.0,5.0
140344,1,18,18,0.05555555555555555,9.5
140348,1,20,20,0.4,10.5
140355,2,26,26,0.7692307692307693,8.384615384615385
140356,1,4,4,1.0,2.5
140380,1,11,11,0.9090909090909091,6.0
140383,1,3,3,0.3333333333333333,2.0
140395,3,10,10,0.8,2.3
140400,1,9,9,0.7777777777777778,5.0
140403,1,8,8,0.375,4.5
140404,1,1,1,0.0,1.0
140418,1,19,19,0.0,10.0
140437,1,1,1,1.0,1.0
140440,1,20,20,1.0,10.5
140448,1,4,4,0.5,2.5
140460,1,8,8,0.75,4.5
140464,1,22,22,0.7272727272727273,11.5
140471,1,3,3,1.0,2.0
140474,3,24,24,0.625,5.666666666666667
140501,1,9,9,0.1111111111111111,5.0
140525,1,12,12,0.25,6.5
140528,1,3,3,0.0,2.0
140540,1,8,8,0.375,4.5
140552,1,3,3,1.0,2.0
140563,1,17,17,0.9411764705882353,9.0
140567,2,29,29,0.6551724137931034,7.827586206896552
140576,1,3,3,0.0,2.0
140587,1,18,18,0.6666666666666666,9.5
140595,1,4,4,0.5,2.5
140601,1,14,14,0.42857142857142855,7.5
140609,1,5,5,0.2,3.0
140671,1,1,1,1.0,1.0
140672,1,9,9,0.7777777777777778,5.0
140691,1,11,11,0.18181818181818182,6.0
140718,1,15,15,0.4,8.0
140720,1,20,20,0.5,10.5
140721,1,16,16,0.75,8.5
140728,1,1,1,1.0,1.0
140731,1,1,1,1.0,1.0
140742,1,15,15,0.8666666666666667,8.0
140753,1,3,3,1.0,2.0
140793,1,7,7,1.0,4.0
140807,1,3,3,0.6666666666666666,2.0
140809,2,19,14,0.8421052631578947,5.2631578947368425
140839,1,8,8,0.75,4.5
140857,1,6,6,0.8333333333333334,3.5
140867,1,11,11,1.0,6.0
140873,1,3,3,1.0,2.0
140907,1,10,10,0.1,5.5
140909,1,1,1,1.0,1.0
140915,1,5,5,0.6,3.0
140919,2,8,8,0.875,2.5
140931,1,11,11,0.5454545454545454,6.0
140941,1,21,21,0.9047619047619048,11.0
140950,1,5,5,1.0,3.0
140969,1,6,6,0.8333333333333334,3.5
140975,1,20,20,0.8,10.5
140994,1,10,10,0.2,5.5
141026,1,19,19,0.8421052631578947,10.0
141029,1,8,8,0.375,4.5
141040,1,7,7,0.7142857142857143,4.0
141045,1,10,10,1.0,5.5
141062,1,8,8,0.875,4.5
141066,2,28,24,0.9285714285714286,7.535714285714286
141075,1,8,8,1.0,4.5
141094,1,12,12,0.8333333333333334,6.5
141098,1,10,10,0.5,5.5
141106,1,3,3,0.3333333333333333,2.0
141115,1,10,10,0.2,5.5
141128,1,16,16,0.375,8.5
141135,1,7,7,0.8571428571428571,4.0
141137,1,3,3,0.0,2.0
141145,1,5,5,0.8,3.0
141157,1,2,2,1.0,1.5
141162,1,14,14,0.5714285714285714,7.5
141167,1,6,6,0.6666666666666666,3.5
141190,1,4,4,0.75,2.5
141217,1,2,2,0.5,1.5
141231,1,16,16,0.5625,8.5
141238,1,3,3,0.0,2.0
141242,1,5,5,1.0,3.0
141251,2,25,25,0.4,10.36
141267,1,10,10,0.2,5.5
141269,1,8,8,1.0,4.5
141290,1,4,4,1.0,2.5
141304,1,15,15,0.8,8.0
141314,1,7,7,1.0,4.0
141331,1,18,18,1.0,9.5
141346,2,21,17,0.3333333333333333,6.0476190476190474
141357,1,7,7,1.0,4.0
141359,1,3,3,0.3333333333333333,2.0
141368,1,8,8,0.75,4.5
141369,1,15,15,0.9333333333333333,8.0
141374,1,11,11,1.0,6.0
141381,1,11,11,0.18181818181818182,6.0
141382,1,1,1,1.0,1.0
141388,1,8,8,0.0,4.5
141389,1,10,10,0.7,5.5
141399,1,5,5,1.0,3.0
141401,1,31,31,0.9032258064516129,16.0
141404,1,18,18,0.5,9.5
141419,2,10,10,0.8,3.0
141422,1,6,6,0.6666666666666666,3.5
141434,2,25,25,1.0,6.76
141438,1,6,6,0.6666666666666666,3.5
141462,1,12,12,0.9166666666666666,6.5
141464,1,5,5,0.6,3.0
141467,1,14,14,0.6428571428571429,7.5
141479,1,9,9,1.0,5.0
141523,1,15,15,0.6666666666666666,8.0
141525,2,13,9,0.9230769230769231,3.769230769230769
141557,1,17,17,0.23529411764705882,9.0
141566,1,3,3,0.6666666666666666,2.0
141570,1,9,9,0.0,5.0
141574,1,3,3,0.3333333333333333,2.0
141583,1,27,27,0.9259259259259259,14.0
141585,1,7,7,0.2857142857142857,4.0
141603,1,2,2,0.5,1.5
141605,1,6,6,0.0,3.5
141624,1,5,5,1.0,3.0
141625,1,13,13,0.7692307692307693,7.0
141627,1,9,9,0.6666666666666666,5.0
141661,1,1,1,0.0,1.0
141662,1,8,8,0.625,4.5
141666,1,6,6,0.8333333333333334,3.5
141668,1,1,1,1.0,1.0
141680,1,1,1,1.0,1.0
141686,1,15,15,0.7333333333333333,8.0
141704,1,11,11,0.5454545454545454,6.0
141706,1,12,12,0.5,6.5
141709,2,7,6,0.5714285714285714,2.5714285714285716
141720,1,15,15,0.7333333333333333,8.0
141721,1,17,17,0.5294117647058824,9.0
141735,1,8,8,0.75,4.5
141736,3,38,27,1.0,6.894736842105263
141751,1,8,8,0.25,4.5
141756,1,12,12,0.6666666666666666,6.5
141765,1,4,4,0.0,2.5
141767,1,9,9,0.3333333333333333,5.0
141775,1,19,19,0.15789473684210525,10.0
141782,1,22,22,1.0,11.5
141798,1,8,8,0.75,4.5
141822,2,31,31,0.3225806451612903,8.32258064516129
141841,1,7,7,0.14285714285714285,4.0
141854,1,7,7,1.0,4.0
141858,1,6,6,1.0,3.5
141874,1,4,4,1.0,2.5
141875,2,14,14,0.5,5.785714285714286
141880,1,11,11,0.45454545454545453,6.0
141888,1,12,12,0.8333333333333334,6.5
141912,1,3,3,1.0,2.0
141918,1,7,7,0.5714285714285714,4.0
141936,1,10,10,0.6,5.5
141937,1,3,3,0.0,2.0
141945,1,2,2,1.0,1.5
141985,1,7,7,0.7142857142857143,4.0
141999,2,20,14,0.95,5.5
142011,1,5,5,0.2,3.0
142015,1,2,2,0.0,1.5
142019,2,9,9,0.7777777777777778,3.4444444444444446
142020,1,2,2,0.5,1.5
142025,2,18,18,0.7222222222222222,5.055555555555555
142031,1,5,5,0.0,3.0
142034,1,6,6,0.6666666666666666,3.5
142038,1,7,7,0.0,4.0
142040,1,3,3,0.3333333333333333,2.0
142090,2,29,26,0.9310344827586207,8.793103448275861
142095,1,13,13,0.5384615384615384,7.0
142131,4,137,115,0.7664233576642335,19.59124087591241
142149,1,6,6,0.6666666666666666,3.5
142150,1,17,17,0.058823529411764705,9.0
142152,1,4,4,0.75,2.5
142157,1,2,2,0.0,1.5
142160,1,7,7,0.42857142857142855,4.0
142176,1,18,18,0.2777777777777778,9.5
142185,1,3,3,0.6666666666666666,2.0
142186,2,16,15,0.625,4.5625
142187,1,3,3,0.3333333333333333,2.0
142222,1,2,2,1.0,1.5
142228,1,1,1,1.0,1.0
142234,1,10,10,0.7,5.5
142249,1,19,19,0.631578947368421,10.0
142254,2,17,14,0.23529411764705882,4.764705882352941
142277,1,2,2,0.0,1.5
142284,1,7,7,0.8571428571428571,4.0
142288,1,11,11,0.09090909090909091,6.0
142322,1,8,8,0.375,4.5
142331,1,10,10,0.4,5.5
142337,1,19,19,0.0,10.0
142345,1,8,8,0.875,4.5
142348,1,3,3,1.0,2.0
142371,1,7,7,0.5714285714285714,4.0
142372,1,14,14,0.0,7.5
142388,1,13,13,0.3076923076923077,7.0
142403,1,6,6,0.16666666666666666,3.5
142415,1,12,12,1.0,6.5
142427,1,5,5,0.6,3.0
142434,1,7,7,1.0,4.0
142445,2,21,21,0.2857142857142857,6.333333333333333
142452,1,5,5,0.2,3.0
142455,1,32,32,0.21875,16.5
142458,1,6,6,0.8333333333333334,3.5
142481,1,31,31,0.0,16.0
142485,1,24,24,0.7083333333333334,12.5
142496,1,4,4,0.75,2.5
142511,3,10,10,0.8,2.3
142517,1,9,9,0.6666666666666666,5.0
142521,1,6,6,1.0,3.5
142524,1,1,1,1.0,1.0
142532,1,8,8,0.625,4.5
142566,1,8,8,0.75,4.5
142567,1,10,10,0.3,5.5
142576,1,4,4,0.25,2.5
142585,1,3,3,1.0,2.0
142586,1,15,15,0.6,8.0
142595,1,6,6,0.8333333333333334,3.5
142603,1,8,8,0.25,4.5
142625,1,19,19,0.631578947368421,10.0
142626,1,2,2,1.0,1.5
142652,1,13,13,0.7692307692307693,7.0
142664,1,8,8,1.0,4.5
142669,1,25,25,0.92,13.0
142686,1,3,3,1.0,2.0
142701,1,13,13,0.7692307692307693,7.0
142728,1,34,34,0.8235294117647058,17.5
142741,1,3,3,0.0,2.0
142745,1,4,4,1.0,2.5
142767,1,4,4,0.0,2.5
142775,1,10,10,1.0,5.5
142780,1,4,4,1.0,2.5
142794,1,20,20,0.55,10.5
142801,1,4,4,0.75,2.5
142803,1,9,9,0.5555555555555556,5.0
142813,1,7,7,0.42857142857142855,4.0
142827,1,5,5,0.4,3.0
142841,1,2,2,1.0,1.5
142843,1,3,3,0.6666666666666666,2.0
142865,1,1,1,1.0,1.0
142872,1,10,10,0.8,5.5
142886,1,12,12,0.5,6.5
142892,1,19,19,0.21052631578947367,10.0
142899,1,7,7,0.5714285714285714,4.0
142903,2,3,3,0.3333333333333333,1.3333333333333333
142918,1,8,8,0.625,4.5
142932,1,16,16,0.75,8.5
142937,1,41,41,0.8780487804878049,21.0
142950,1,6,6,1.0,3.5
142964,1,16,16,0.25,8.5
143009,1,13,13,0.23076923076923078,7.0
143017,1,5,5,0.6,3.0
143024,1,5,5,0.8,3.0
143031,1,4,4,0.5,2.5
143036,2,5,3,0.4,1.8
143037,1,20,20,0.95,10.5
143038,1,2,2,0.0,1.5
143045,1,14,14,0.2857142857142857,7.5
143080,1,17,17,0.5294117647058824,9.0
143108,1,1,1,1.0,1.0
143111,1,7,7,0.0,4.0
143134,1,5,5,1.0,3.0
143135,2,47,47,0.574468085106383,12.51063829787234
143142,1,3,3,0.6666666666666666,2.0
143145,2,5,5,0.4,1.8
143153,1,3,3,1.0,2.0
143158,1,1,1,1.0,1.0
143177,1,8,8,0.625,4.5
143182,1,6,6,0.6666666666666666,3.5
143186,1,2,2,0.5,1.5
143196,1,13,13,0.7692307692307693,7.0
143198,1,1,1,1.0,1.0
143213,1,21,21,0.47619047619047616,11.0
143216,1,3,3,0.3333333333333333,2.0
143219,1,9,9,0.1111111111111111,5.0
143224,1,20,20,0.3,10.5
143244,1,3,3,1.0,2.0
143245,1,14,14,0.9285714285714286,7.5
143260,1,6,6,0.5,3.5
143266,1,15,15,0.5333333333333333,8.0
143268,1,7,7,0.0,4.0
143273,1,2,2,1.0,1.5
143274,1,6,6,0.16666666666666666,3.5
143283,1,20,20,0.4,10.5
143299,1,15,15,0.0,8.0
143314,1,8,8,0.0,4.5
143315,1,7,7,0.0,4.0
143316,1,14,14,0.35714285714285715,7.5
143320,1,5,5,1.0,3.0
143329,1,5,5,1.0,3.0
143334,1,6,6,0.6666666666666666,3.5
143352,1,31,31,0.7741935483870968,16.0
143356,1,8,8,0.75,4.5
143363,1,12,12,0.5,6.5
143367,1,6,6,1.0,3.5
143368,2,16,13,1.0,4.75
143369,1,16,16,0.625,8.5
143373,2,13,12,0.3076923076923077,4.230769230769231
143385,1,4,4,0.75,2.5
143401,1,8,8,0.5,4.5
143408,1,18,18,0.4444444444444444,9.5
143415,1,8,8,0.75,4.5
143416,1,2,2,1.0,1.5
143419,1,15,15,0.7333333333333333,8.0
143423,2,19,19,1.0,5.2631578947368425
143434,2,16,16,0.875,4.5
143439,1,14,14,0.2857142857142857,7.5
143447,1,15,15,0.8,8.0
143469,1,10,10,0.4,5.5
143481,1,1,1,1.0,1.0
143503,1,3,3,0.3333333333333333,2.0
143506,1,6,6,0.6666666666666666,3.5
143521,1,4,4,0.0,2.5
143526,1,5,5,0.0,3.0
143533,1,5,5,1.0,3.0
143537,1,17,17,0.8823529411764706,9.0
143538,1,10,10,0.7,5.5
143540,1,2,2,1.0,1.5
143562,1,5,5,1.0,3.0
143628,1,6,6,0.0,3.5
143647,1,4,4,0.75,2.5
143697,1,3,3,1.0,2.0
143707,2,16,16,0.1875,6.0625
143708,1,12,12,0.75,6.5
143710,1,5,5,1.0,3.0
143714,1,6,6,1.0,3.5
143735,1,3,3,0.6666666666666666,2.0
143742,1,5,5,1.0,3.0
143752,1,14,14,0.9285714285714286,7.5
143768,2,13,12,0.9230769230769231,4.6923076923076925
143788,1,17,17,0.23529411764705882,9.0
143790,1,1,1,0.0,1.0
143793,1,8,8,1.0,4.5
143825,1,10,10,0.8,5.5
143831,1,26,26,0.9615384615384616,13.5
143840,1,5,5,1.0,3.0
143854,1,14,14,0.7857142857142857,7.5
143878,1,9,9,0.1111111111111111,5.0
143882,2,20,14,0.7,5.5
143889,1,8,8,0.75,4.5
143906,1,9,9,0.2222222222222222,5.0
143923,1,11,11,0.7272727272727273,6.0
143924,1,5,5,0.6,3.0
143948,1,9,9,0.8888888888888888,5.0
143951,1,7,7,0.2857142857142857,4.0
143961,1,24,24,0.4166666666666667,12.5
143977,1,3,3,1.0,2.0
143984,1,7,7,0.42857142857142855,4.0
143986,2,50,50,0.8,13.98
143989,1,12,12,0.3333333333333333,6.5
143992,1,21,21,0.9523809523809523,11.0
144004,1,28,28,0.8571428571428571,14.5
144019,1,10,10,1.0,5.5
144022,1,5,5,0.2,3.0
144028,1,2,2,0.5,1.5
144043,1,12,12,0.5,6.5
144045,1,7,7,0.7142857142857143,4.0
144055,1,5,5,0.6,3.0
144086,1,10,10,0.9,5.5
144089,1,1,1,1.0,1.0
144107,1,13,13,0.46153846153846156,7.0
144116,1,7,7,0.42857142857142855,4.0
144119,1,18,18,0.0,9.5
144129,1,9,9,1.0,5.0
144139,1,8,8,0.625,4.5
144143,1,1,1,1.0,1.0
144148,1,4,4,1.0,2.5
144166,1,12,12,0.5,6.5
144170,1,11,11,0.5454545454545454,6.0
144175,1,10,10,0.8,5.5
144179,1,9,9,0.8888888888888888,5.0
144181,1,11,11,0.18181818181818182,6.0
144190,1,16,16,0.4375,8.5
144242,1,32,32,0.65625,16.5
144246,1,4,4,1.0,2.5
144266,1,6,6,0.16666666666666666,3.5
144267,1,3,3,1.0,2.0
144275,1,8,8,0.75,4.5
144303,1,8,8,0.875,4.5
144304,1,9,9,0.8888888888888888,5.0
144332,1,2,2,1.0,1.5
144335,1,4,4,0.5,2.5
144337,2,38,34,0.631578947368421,10.026315789473685
144354,2,10,10,0.9,4.6
144386,1,13,13,0.5384615384615384,7.0
144387,1,7,7,0.14285714285714285,4.0
144397,1,13,13,0.7692307692307693,7.0
144418,1,7,7,0.5714285714285714,4.0
144432,1,7,7,0.0,4.0
144435,2,29,29,0.4482758620689655,10.241379310344827
144456,1,9,9,0.8888888888888888,5.0
144458,1,8,8,1.0,4.5
144469,1,24,24,0.25,12.5
144475,1,9,9,0.7777777777777778,5.0
144479,1,23,23,0.21739130434782608,12.0
144483,1,8,8,0.0,4.5
144499,1,5,5,0.4,3.0
144505,1,15,15,0.5333333333333333,8.0
144535,1,7,7,0.0,4.0
144538,1,10,10,0.4,5.5
144556,1,4,4,0.0,2.5
144561,1,21,21,0.9523809523809523,11.0
144581,1,10,10,0.7,5.5
144582,1,1,1,1.0,1.0
144593,1,13,13,0.9230769230769231,7.0
144611,1,7,7,0.14285714285714285,4.0
144638,1,11,11,0.2727272727272727,6.0
144640,1,14,14,0.42857142857142855,7.5
144642,1,7,7,0.0,4.0
144651,1,5,5,0.2,3.0
144668,1,12,12,0.75,6.5
144697,1,13,13,0.7692307692307693,7.0
144734,1,5,5,0.0,3.0
144744,1,16,16,0.375,8.5
144774,1,9,9,1.0,5.0
144777,1,7,7,0.0,4.0
144784,2,19,18,0.8421052631578947,6.315789473684211
144794,1,4,4,0.75,2.5
144802,1,19,19,0.6842105263157895,10.0
144816,1,3,3,0.0,2.0
144833,1,5,5,0.0,3.0
144835,1,6,6,0.8333333333333334,3.5
144845,1,16,16,0.5,8.5
144873,1,5,5,0.0,3.0
144889,2,36,36,0.6111111111111112,9.75
144897,2,13,13,1.0,3.769230769230769
144902,1,14,14,0.9285714285714286,7.5
144904,1,5,5,0.4,3.0
144906,1,11,11,0.5454545454545454,6.0
144935,1,21,21,0.7142857142857143,11.0
144939,1,15,15,0.6666666666666666,8.0
144945,1,1,1,0.0,1.0
144952,1,8,8,0.375,4.5
144956,1,28,28,0.7857142857142857,14.5
144959,1,9,9,0.1111111111111111,5.0
144972,1,4,4,0.0,2.5
145001,1,6,6,0.3333333333333333,3.5
145010,1,6,6,0.8333333333333334,3.5
145015,1,25,25,0.24,13.0
145047,1,34,34,0.35294117647058826,17.5
145052,3,37,37,0.7567567567567568,8.864864864864865
145067,1,20,20,0.8,10.5
145081,1,10,10,0.8,5.5
145082,1,2,2,1.0,1.5
145084,1,5,5,0.0,3.0
145093,2,82,82,0.5365853658536586,21.048780487804876
145127,1,17,17,1.0,9.0
145136,1,14,14,0.7142857142857143,7.5
145164,1,24,24,0.4583333333333333,12.5
145181,1,13,13,0.5384615384615384,7.0
145199,1,6,6,0.0,3.5
145213,1,12,12,0.75,6.5
145217,1,3,3,0.0,2.0
145239,1,21,21,0.6190476190476191,11.0
145244,3,28,28,0.8928571428571429,5.321428571428571
145253,1,13,13,0.15384615384615385,7.0
145259,1,1,1,1.0,1.0
145283,1,6,6,0.8333333333333334,3.5
145304,1,13,13,0.8461538461538461,7.0
145315,1,3,3,0.3333333333333333,2.0
145327,2,13,12,0.3076923076923077,3.923076923076923
145338,1,2,2,0.0,1.5
145354,1,2,2,1.0,1.5
145364,1,7,7,1.0,4.0
145376,1,10,10,0.1,5.5
145385,1,16,16,0.875,8.5
145407,1,13,13,0.46153846153846156,7.0
145422,1,10,10,0.7,5.5
145425,1,4,4,1.0,2.5
145428,1,10,10,0.5,5.5
145451,1,7,7,0.5714285714285714,4.0
145454,2,23,23,1.0,6.521739130434782
145481,1,3,3,1.0,2.0
145500,1,1,1,1.0,1.0
145501,1,18,18,0.9444444444444444,9.5
145505,2,6,6,0.8333333333333334,2.1666666666666665
145513,1,7,7,1.0,4.0
145514,1,10,10,0.1,5.5
145518,2,17,17,0.8235294117647058,4.764705882352941
145520,2,39,35,0.28205128205128205,10.76923076923077
145528,1,3,3,0.3333333333333333,2.0
145549,1,14,14,0.9285714285714286,7.5
145553,1,5,5,0.2,3.0
145555,1,9,9,1.0,5.0
145563,1,7,7,1.0,4.0
145564,1,9,9,0.8888888888888888,5.0
145588,1,15,15,1.0,8.0
145592,1,3,3,0.3333333333333333,2.0
145596,1,8,8,0.375,4.5
145627,1,5,5,0.8,3.0
145628,2,26,26,0.7307692307692307,7.038461538461538
145630,1,3,3,1.0,2.0
145637,1,7,7,0.42857142857142855,4.0
145642,1,6,6,0.16666666666666666,3.5
145657,2,31,26,0.6774193548387096,8.64516129032258
145664,1,14,14,1.0,7.5
145667,1,7,7,0.0,4.0
145672,1,8,8,0.375,4.5
145674,1,18,18,0.8333333333333334,9.5
145676,1,6,6,0.8333333333333334,3.5
145678,1,12,12,0.6666666666666666,6.5
145680,1,8,8,0.125,4.5
145686,1,19,19,0.8947368421052632,10.0
145688,1,11,11,0.0,6.0
145692,1,20,20,0.0,10.5
145694,1,8,8,0.875,4.5
145695,1,15,15,0.7333333333333333,8.0
145699,1,11,11,1.0,6.0
145702,1,17,17,0.8235294117647058,9.0
145724,2,23,23,0.782608695652174,11.043478260869565
145731,1,8,8,0.25,4.5
145734,1,3,3,0.0,2.0
145735,1,13,13,0.3076923076923077,7.0
145754,1,9,9,0.1111111111111111,5.0
145761,1,21,21,0.047619047619047616,11.0
145764,1,9,9,0.5555555555555556,5.0
145822,2,8,8,0.375,3.0
145823,1,2,2,0.0,1.5
145850,1,6,6,1.0,3.5
145864,1,5,5,0.2,3.0
145874,1,9,9,0.4444444444444444,5.0
145905,1,2,2,1.0,1.5
145908,1,3,3,0.6666666666666666,2.0
145917,1,14,14,0.7857142857142857,7.5
145950,1,25,25,0.64,13.0
145955,1,12,12,0.6666666666666666,6.5
145974,1,13,13,0.6923076923076923,7.0
145986,1,6,6,1.0,3.5
145994,1,4,4,0.75,2.5
145996,1,11,11,0.36363636363636365,6.0
146001,1,4,4,1.0,2.5
146015,2,33,33,0.8787878787878788,10.030303030303031
146018,1,15,15,0.26666666666666666,8.0
146023,1,12,12,0.4166666666666667,6.5
146035,1,24,24,0.2916666666666667,12.5
146037,1,8,8,0.0,4.5
146044,2,29,24,0.8275862068965517,8.448275862068966
146054,1,12,12,0.25,6.5
146087,1,16,16,0.8125,8.5
146089,1,9,9,1.0,5.0
146119,1,6,6,0.5,3.5
146144,1,7,7,1.0,4.0
146145,1,13,13,0.8461538461538461,7.0
146147,1,19,19,0.7368421052631579,10.0
146188,1,1,1,1.0,1.0
146194,1,5,5,1.0,3.0
146199,1,2,2,0.0,1.5
146232,1,10,10,0.8,5.5
146234,1,11,11,0.7272727272727273,6.0
146241,1,4,4,0.75,2.5
146246,1,2,2,0.5,1.5
146257,1,6,6,0.16666666666666666,3.5
146262,1,9,9,0.8888888888888888,5.0
146263,1,16,16,0.9375,8.5
146296,1,8,8,0.25,4.5
146306,1,10,10,0.6,5.5
146312,1,1,1,0.0,1.0
146325,1,4,4,0.75,2.5
146338,1,6,6,1.0,3.5
146356,1,15,15,0.7333333333333333,8.0
146361,2,14,13,0.9285714285714286,4.285714285714286
146375,1,9,9,0.7777777777777778,5.0
146390,1,7,7,1.0,4.0
146392,1,6,6,1.0,3.5
146414,1,30,30,0.7333333333333333,15.5
146428,1,1,1,1.0,1.0
146443,1,10,10,0.0,5.5
146478,2,35,35,0.9428571428571428,11.314285714285715
146495,1,34,34,0.7941176470588235,17.5
146499,1,6,6,0.0,3.5
146513,1,4,4,0.5,2.5
146529,1,2,2,1.0,1.5
146540,1,9,9,0.4444444444444444,5.0
146546,1,11,11,1.0,6.0
146557,1,12,12,0.8333333333333334,6.5
146561,1,4,4,1.0,2.5
146600,1,1,1,1.0,1.0
146603,1,2,2,1.0,1.5
146608,1,11,11,0.09090909090909091,6.0
146613,1,12,12,1.0,6.5
146618,1,2,2,0.5,1.5
146619,1,12,12,0.3333333333333333,6.5
146625,1,1,1,1.0,1.0
146634,1,18,18,0.0,9.5
146639,1,8,8,1.0,4.5
146644,1,14,14,0.6428571428571429,7.5
146670,1,12,12,0.0,6.5
146671,1,16,16,0.625,8.5
146678,1,5,5,1.0,3.0
146684,1,5,5,0.0,3.0
146686,1,12,12,0.5833333333333334,6.5
146711,1,7,7,1.0,4.0
146718,1,6,6,0.5,3.5
146737,1,5,5,1.0,3.0
146748,1,15,15,0.8,8.0
146752,1,21,21,0.09523809523809523,11.0
146754,1,14,14,0.9285714285714286,7.5
146763,1,4,4,0.5,2.5
146802,1,5,5,0.8,3.0
146806,1,10,10,0.8,5.5
146822,1,9,9,0.5555555555555556,5.0
146830,1,3,3,0.0,2.0
146834,1,10,10,0.8,5.5
146835,1,8,8,0.125,4.5
146845,2,10,10,0.8,3.4
146850,1,6,6,0.0,3.5
146851,1,12,12,0.75,6.5
146872,2,9,9,0.1111111111111111,4.111111111111111
146875,1,9,9,1.0,5.0
146886,1,11,11,0.45454545454545453,6.0
146910,1,3,3,1.0,2.0
146917,1,5,5,0.0,3.0
146921,1,10,10,0.6,5.5
146933,1,14,14,0.2857142857142857,7.5
146945,1,7,7,0.5714285714285714,4.0
146964,1,15,15,0.3333333333333333,8.0
146969,1,12,12,0.25,6.5
146983,1,6,6,0.8333333333333334,3.5
146986,1,6,6,1.0,3.5
146988,1,6,6,1.0,3.5
146990,2,3,3,1.0,1.3333333333333333
146991,1,16,16,0.875,8.5
147003,1,9,9,0.0,5.0
147017,1,10,10,0.0,5.5
147018,1,13,13,0.46153846153846156,7.0
147024,1,11,11,0.0,6.0
147030,1,14,14,0.7857142857142857,7.5
147031,1,9,9,1.0,5.0
147065,1,12,12,0.0,6.5
147067,1,6,6,0.6666666666666666,3.5
147074,1,3,3,1.0,2.0
147095,2,40,40,0.425,11.4
147098,1,8,8,0.75,4.5
147102,1,12,12,0.6666666666666666,6.5
147105,1,5,5,0.6,3.0
147124,1,1,1,1.0,1.0
147130,1,6,6,0.3333333333333333,3.5
147145,1,7,7,0.5714285714285714,4.0
147153,1,5,5,0.4,3.0
147164,1,11,11,0.45454545454545453,6.0
147173,1,13,13,0.9230769230769231,7.0
147182,1,6,6,0.5,3.5
147194,1,18,18,0.7222222222222222,9.5
147197,1,12,12,1.0,6.5
147226,1,3,3,0.3333333333333333,2.0
147274,1,2,2,1.0,1.5
147279,1,11,11,0.8181818181818182,6.0
147281,1,8,8,1.0,4.5
147307,1,11,11,0.0,6.0
147309,1,7,7,0.8571428571428571,4.0
147322,1,5,5,1.0,3.0
147325,1,19,19,1.0,10.0
147333,1,6,6,0.16666666666666666,3.5
147342,1,15,15,1.0,8.0
147357,1,2,2,0.5,1.5
147372,1,6,6,0.8333333333333334,3.5
147374,1,5,5,1.0,3.0
147397,3,12,12,0.25,2.75
147443,1,24,24,0.25,12.5
147447,1,3,3,0.6666666666666666,2.0
147458,1,21,21,0.6666666666666666,11.0
147469,1,3,3,1.0,2.0
147495,1,2,2,1.0,1.5
147507,1,9,9,0.6666666666666666,5.0
147520,1,10,10,0.7,5.5
147541,1,5,5,0.0,3.0
147551,1,5,5,0.4,3.0
147552,2,29,29,0.7241379310344828,7.758620689655173
147570,1,17,17,0.5294117647058824,9.0
147578,1,5,5,0.4,3.0
147590,1,7,7,0.8571428571428571,4.0
147598,2,17,15,0.6470588235294118,5.9411764705882355
147618,1,8,8,0.0,4.5
147621,1,2,2,1.0,1.5
147626,1,14,14,0.9285714285714286,7.5
147650,1,11,11,0.5454545454545454,6.0
147665,1,12,12,0.3333333333333333,6.5
147668,1,6,6,0.5,3.5
147671,1,26,26,0.8461538461538461,13.5
147672,1,9,9,0.3333333333333333,5.0
147674,1,28,28,0.5357142857142857,14.5
147684,1,2,2,1.0,1.5
147709,1,4,4,0.75,2.5
147745,2,37,30,0.6756756756756757,9.81081081081081
147748,1,2,2,0.0,1.5
147752,1,22,22,0.36363636363636365,11.5
147758,1,8,8,1.0,4.5
147761,1,27,27,0.0,14.0
147765,2,36,36,0.7222222222222222,10.5
147770,1,6,6,0.8333333333333334,3.5
147785,1,11,11,0.36363636363636365,6.0
147792,1,28,28,0.7857142857142857,14.5
147801,1,3,3,1.0,2.0
147820,1,11,11,0.18181818181818182,6.0
147828,1,12,12,0.9166666666666666,6.5
147831,1,17,17,0.5294117647058824,9.0
147834,2,11,9,1.0,3.272727272727273
147848,1,11,11,0.2727272727272727,6.0
147854,1,14,14,0.0,7.5
147855,1,8,8,0.75,4.5
147872,1,45,45,0.8444444444444444,23.0
147879,1,5,5,0.6,3.0
147890,1,11,11,0.2727272727272727,6.0
147901,1,1,1,1.0,1.0
147908,1,22,22,0.36363636363636365,11.5
147936,1,6,6,1.0,3.5
147989,1,12,12,0.0,6.5
147995,1,14,14,1.0,7.5
148001,1,12,12,0.4166666666666667,6.5
148003,1,2,2,0.5,1.5
148028,1,16,16,0.8125,8.5
148040,1,8,8,0.75,4.5
148045,1,9,9,0.7777777777777778,5.0
148050,1,14,14,0.5,7.5
148054,1,8,8,0.75,4.5
148063,1,13,13,0.5384615384615384,7.0
148085,1,17,17,1.0,9.0
148100,1,3,3,1.0,2.0
148104,1,10,10,1.0,5.5
148105,1,9,9,0.4444444444444444,5.0
148112,1,8,8,0.875,4.5
148123,1,20,20,0.55,10.5
148126,1,4,4,0.75,2.5
148136,1,5,5,1.0,3.0
148155,1,5,5,1.0,3.0
148159,1,17,17,0.8823529411764706,9.0
148175,1,8,8,0.625,4.5
148177,1,5,5,0.0,3.0
148209,1,10,10,1.0,5.5
148225,1,1,1,1.0,1.0
148227,1,14,14,0.35714285714285715,7.5
148230,2,22,22,0.5,6.045454545454546
148233,2,12,12,0.9166666666666666,4.833333333333333
148240,1,8,8,0.0,4.5
148248,1,8,8,0.0,4.5
148249,1,17,17,0.6470588235294118,9.0
148252,1,6,6,0.0,3.5
148270,1,3,3,0.0,2.0
148272,1,5,5,1.0,3.0
148290,1,8,8,0.875,4.5
148306,1,5,5,1.0,3.0
148310,1,17,17,0.7058823529411765,9.0
148335,1,5,5,0.6,3.0
148345,1,4,4,0.75,2.5
148347,1,3,3,0.3333333333333333,2.0
148352,2,34,34,0.8529411764705882,10.882352941176471
148359,1,11,11,1.0,6.0
148365,1,20,20,0.55,10.5
148370,1,1,1,0.0,1.0
148375,1,4,4,0.75,2.5
148382,1,9,9,0.8888888888888888,5.0
148390,1,9,9,0.7777777777777778,5.0
148396,1,15,15,0.0,8.0
148419,1,4,4,0.0,2.5
148436,1,11,11,0.36363636363636365,6.0
148441,1,12,12,0.16666666666666666,6.5
148446,1,3,3,1.0,2.0
148452,1,12,12,0.25,6.5
148482,1,16,16,0.875,8.5
148510,1,19,19,0.631578947368421,10.0
148522,1,30,30,0.4666666666666667,15.5
148553,1,6,6,0.0,3.5
148566,1,10,10,0.4,5.5
148568,1,7,7,0.7142857142857143,4.0
148573,1,1,1,1.0,1.0
148576,1,12,12,0.5833333333333334,6.5
148588,1,4,4,1.0,2.5
148615,1,32,32,0.625,16.5
148618,1,33,33,0.6666666666666666,17.0
148619,1,15,15,0.5333333333333333,8.0
148639,1,11,11,0.18181818181818182,6.0
148656,1,1,1,1.0,1.0
148701,1,11,11,0.36363636363636365,6.0
148705,1,10,10,0.7,5.5
148715,1,3,3,0.6666666666666666,2.0
148718,1,11,11,0.2727272727272727,6.0
148724,1,17,17,0.11764705882352941,9.0
148725,1,10,10,0.1,5.5
148745,1,8,8,0.875,4.5
148770,2,9,9,0.7777777777777778,3.0
148772,1,18,18,0.3333333333333333,9.5
148774,1,3,3,0.6666666666666666,2.0
148784,1,7,7,1.0,4.0
148828,1,21,21,0.9047619047619048,11.0
148833,1,14,14,0.5,7.5
148856,1,18,18,0.7222222222222222,9.5
148867,1,23,23,0.391304347826087,12.0
148873,1,7,7,0.14285714285714285,4.0
148891,1,7,7,0.5714285714285714,4.0
148901,1,13,13,0.46153846153846156,7.0
148902,2,45,39,0.8,12.422222222222222
148910,1,8,8,0.375,4.5
148916,2,9,8,0.5555555555555556,2.7777777777777777
148917,3,24,24,0.7916666666666666,4.791666666666667
148943,1,16,16,0.25,8.5
148946,1,4,4,1.0,2.5
148972,1,3,3,0.6666666666666666,2.0
148973,1,13,13,0.5384615384615384,7.0
148978,1,2,2,1.0,1.5
148982,1,10,10,0.1,5.5
148993,1,18,18,1.0,9.5
148994,1,10,10,1.0,5.5
149009,1,2,2,1.0,1.5
149012,1,17,17,0.7058823529411765,9.0
149016,1,7,7,0.8571428571428571,4.0
149019,1,22,22,0.5454545454545454,11.5
149045,1,7,7,1.0,4.0
149057,1,10,10,0.6,5.5
149066,1,6,6,0.5,3.5
149069,1,9,9,0.0,5.0
149071,1,8,8,0.25,4.5
149074,1,1,1,1.0,1.0
149082,1,5,5,0.4,3.0
149085,1,8,8,0.75,4.5
149095,1,5,5,0.4,3.0
149121,1,14,14,0.2857142857142857,7.5
149134,1,12,12,0.5833333333333334,6.5
149136,1,26,26,0.8076923076923077,13.5
149143,1,13,13,0.6923076923076923,7.0
149150,1,10,10,0.7,5.5
149156,1,46,46,0.15217391304347827,23.5
149170,1,20,20,0.7,10.5
149187,1,6,6,0.6666666666666666,3.5
149189,1,2,2,0.0,1.5
149209,1,8,8,1.0,4.5
149220,1,15,15,0.4666666666666667,8.0
149222,1,9,9,1.0,5.0
149231,1,16,16,0.5625,8.5
149239,1,12,12,0.0,6.5
149240,1,4,4,0.75,2.5
149248,1,1,1,0.0,1.0
149276,2,7,7,0.2857142857142857,2.2857142857142856
149284,1,19,19,0.5263157894736842,10.0
149326,1,13,13,0.8461538461538461,7.0
149335,1,31,31,0.9032258064516129,16.0
149356,1,3,3,0.6666666666666666,2.0
149369,3,18,18,0.4444444444444444,4.388888888888889
149370,1,3,3,1.0,2.0
149377,1,4,4,0.5,2.5
149383,1,11,11,0.9090909090909091,6.0
149391,1,13,13,0.0,7.0
149393,1,2,2,1.0,1.5
149398,1,5,5,1.0,3.0
149401,1,12,12,0.08333333333333333,6.5
149408,1,7,7,0.2857142857142857,4.0
149409,1,12,12,0.0,6.5
149424,1,7,7,0.8571428571428571,4.0
149439,1,37,37,0.24324324324324326,19.0
149444,1,26,26,0.2692307692307692,13.5
149481,1,14,14,0.6428571428571429,7.5
149482,1,7,7,0.5714285714285714,4.0
149498,1,32,32,0.6875,16.5
149504,1,5,5,0.8,3.0
149516,2,10,10,0.4,3.1
149529,1,8,8,0.5,4.5
149535,1,6,6,0.8333333333333334,3.5
149546,1,19,19,0.47368421052631576,10.0
149547,1,7,7,0.2857142857142857,4.0
149556,1,7,7,1.0,4.0
149567,2,23,23,0.5652173913043478,7.565217391304348
149579,1,2,2,0.5,1.5
149582,1,20,20,0.9,10.5
149607,1,5,5,0.4,3.0
149637,1,4,4,0.5,2.5
149645,1,15,15,1.0,8.0
149646,1,17,17,0.0,9.0
149665,1,19,19,0.631578947368421,10.0
149677,1,2,2,0.5,1.5
149678,1,7,7,0.42857142857142855,4.0
149683,1,8,8,0.875,4.5
149693,1,16,16,0.625,8.5
149706,1,3,3,0.6666666666666666,2.0
149713,1,16,16,0.4375,8.5
149715,1,13,13,0.23076923076923078,7.0
149747,1,14,14,0.9285714285714286,7.5
149748,1,12,12,0.0,6.5
149760,1,13,13,0.9230769230769231,7.0
149766,1,19,19,0.7368421052631579,10.0
149790,1,2,2,0.5,1.5
149793,1,30,30,0.7666666666666667,15.5
149798,1,7,7,1.0,4.0
149809,2,30,22,1.0,8.3
149817,2,14,11,1.0,4.642857142857143
149823,1,4,4,0.5,2.5
149828,1,5,5,0.8,3.0
149844,1,12,12,0.9166666666666666,6.5
149853,1,7,7,0.0,4.0
149854,1,8,8,0.875,4.5
149858,1,3,3,0.3333333333333333,2.0
149859,1,3,3,1.0,2.0
149862,1,14,14,1.0,7.5
149863,1,33,33,0.8787878787878788,17.0
149871,1,7,7,0.8571428571428571,4.0
149882,1,1,1,1.0,1.0
149886,1,4,4,0.0,2.5
149908,1,1,1,0.0,1.0
149909,1,27,27,0.9259259259259259,14.0
149916,1,5,5,0.4,3.0
149928,1,23,23,0.34782608695652173,12.0
149933,1,5,5,0.4,3.0
149937,1,2,2,0.0,1.5
149942,2,45,37,0.8,12.688888888888888
149976,1,3,3,0.6666666666666666,2.0
150015,1,16,16,0.875,8.5
150026,1,3,3,1.0,2.0
150028,3,28,27,0.75,5.785714285714286
150048,1,8,8,0.5,4.5
150058,1,4,4,1.0,2.5
150063,1,8,8,0.875,4.5
150094,2,11,11,0.5454545454545454,3.272727272727273
150121,1,12,12,0.9166666666666666,6.5
150123,1,15,15,0.8666666666666667,8.0
150125,1,19,19,0.9473684210526315,10.0
150126,1,15,15,0.6666666666666666,8.0
150127,1,20,20,0.95,10.5
150167,1,4,4,1.0,2.5
150180,1,5,5,0.4,3.0
150183,1,3,3,0.3333333333333333,2.0
150212,1,7,7,1.0,4.0
150220,1,6,6,0.3333333333333333,3.5
150228,1,9,9,0.6666666666666666,5.0
150230,1,6,6,1.0,3.5
150239,1,14,14,0.35714285714285715,7.5
150252,1,5,5,0.2,3.0
150255,1,8,8,0.25,4.5
150268,1,2,2,0.5,1.5
150275,1,19,19,0.8947368421052632,10.0
150283,1,1,1,0.0,1.0
150285,1,13,13,0.7692307692307693,7.0
150289,1,3,3,0.0,2.0
150301,1,3,3,0.3333333333333333,2.0
150304,1,18,18,0.8333333333333334,9.5
150329,1,7,7,1.0,4.0
150330,1,1,1,0.0,1.0
150348,1,16,16,0.3125,8.5
150350,1,6,6,1.0,3.5
150357,1,8,8,0.625,4.5
150360,1,8,8,0.0,4.5
150371,1,10,10,0.8,5.5
150376,1,12,12,0.3333333333333333,6.5
150378,1,13,13,0.38461538461538464,7.0
150387,1,25,25,0.24,13.0
150394,2,38,38,0.5,10.947368421052632
150409,1,4,4,0.0,2.5
150415,1,1,1,1.0,1.0
150435,1,18,18,0.7777777777777778,9.5
150437,1,19,19,0.5789473684210527,10.0
150456,1,4,4,1.0,2.5
150467,1,19,19,0.631578947368421,10.0
150481,1,7,7,0.8571428571428571,4.0
150507,1,30,30,0.0,15.5
150518,1,9,9,0.7777777777777778,5.0
150532,2,11,10,0.18181818181818182,3.8181818181818183
150547,1,15,15,0.4,8.0
150552,1,6,6,0.5,3.5
150553,1,2,2,1.0,1.5
150555,1,9,9,0.6666666666666666,5.0
150569,1,12,12,0.3333333333333333,6.5
150570,1,17,17,0.8823529411764706,9.0
150585,1,15,15,0.4666666666666667,8.0
150593,1,3,3,0.3333333333333333,2.0
150599,1,3,3,0.6666666666666666,2.0
150600,1,9,9,0.6666666666666666,5.0
150616,1,2,2,0.0,1.5
150633,1,6,6,0.5,3.5
150640,2,28,24,0.7142857142857143,8.785714285714286
150641,1,6,6,0.5,3.5
150647,1,6,6,0.8333333333333334,3.5
150651,1,10,10,0.6,5.5
150661,1,4,4,0.25,2.5
150671,1,3,3,1.0,2.0
150677,1,14,14,1.0,7.5
150684,1,3,3,0.3333333333333333,2.0
150690,1,5,5,0.2,3.0
150691,1,7,7,0.8571428571428571,4.0
150693,1,8,8,0.5,4.5
150701,1,21,21,0.2857142857142857,11.0
150717,1,6,6,0.0,3.5
150723,1,5,5,0.6,3.0
150739,1,45,45,0.3333333333333333,23.0
150747,1,6,6,0.6666666666666666,3.5
150755,1,8,8,1.0,4.5
150757,2,26,25,0.8076923076923077,9.461538461538462
150759,1,16,16,0.0,8.5
150774,1,5,5,0.8,3.0
150784,1,8,8,0.625,4.5
150787,1,1,1,1.0,1.0
150809,1,14,14,0.9285714285714286,7.5
150812,1,3,3,0.3333333333333333,2.0
150828,1,2,2,1.0,1.5
150832,1,8,8,0.125,4.5
150840,1,12,12,1.0,6.5
150857,1,4,4,0.5,2.5
150858,1,15,15,0.0,8.0
150860,1,5,5,0.4,3.0
150873,1,7,7,0.8571428571428571,4.0
150888,1,11,11,0.09090909090909091,6.0
150913,1,7,7,0.2857142857142857,4.0
150917,1,5,5,0.4,3.0
150928,1,9,9,1.0,5.0
150929,1,3,3,0.3333333333333333,2.0
150941,1,24,24,0.08333333333333333,12.5
150951,1,6,6,0.6666666666666666,3.5
150952,1,10,10,0.5,5.5
150959,1,8,8,0.625,4.5
150964,1,6,6,1.0,3.5
150985,1,7,7,0.8571428571428571,4.0
150989,1,1,1,1.0,1.0
150998,1,6,6,0.3333333333333333,3.5
151001,1,7,7,1.0,4.0
151012,1,4,4,0.25,2.5
151016,1,5,5,0.4,3.0
151022,1,10,10,0.3,5.5
151030,1,9,9,0.4444444444444444,5.0
151045,1,9,9,0.8888888888888888,5.0
151058,1,2,2,0.5,1.5
151059,1,2,2,0.5,1.5
151061,1,8,8,1.0,4.5
151083,2,17,17,0.5294117647058824,5.117647058823529
151105,1,10,10,0.5,5.5
151113,2,64,64,0.875,17.265625
151119,1,9,9,0.7777777777777778,5.0
151123,1,1,1,1.0,1.0
151124,1,6,6,1.0,3.5
151126,2,39,39,0.48717948717948717,10.307692307692308
151165,1,7,7,0.2857142857142857,4.0
151200,1,5,5,0.4,3.0
151207,1,5,5,0.0,3.0
151223,1,10,10,0.0,5.5
151227,1,7,7,0.5714285714285714,4.0
151237,1,6,6,1.0,3.5
151250,1,9,9,0.4444444444444444,5.0
151259,1,27,27,0.8518518518518519,14.0
151262,1,6,6,0.3333333333333333,3.5
151277,1,16,16,0.0,8.5
151284,1,7,7,0.2857142857142857,4.0
151299,1,3,3,0.6666666666666666,2.0
151304,1,18,18,0.8888888888888888,9.5
151320,1,5,5,0.4,3.0
151323,1,7,7,0.0,4.0
151336,1,5,5,0.8,3.0
151339,1,12,12,1.0,6.5
151350,2,41,41,0.7804878048780488,11.487804878048781
151359,1,7,7,0.5714285714285714,4.0
151370,1,25,25,0.88,13.0
151371,1,29,29,1.0,15.0
151375,1,7,7,0.42857142857142855,4.0
151378,1,41,41,0.7317073170731707,21.0
151382,1,18,18,0.8888888888888888,9.5
151386,1,2,2,1.0,1.5
151403,1,10,10,1.0,5.5
151426,1,3,3,1.0,2.0
151430,2,34,34,0.9411764705882353,9.117647058823529
151437,1,10,10,0.9,5.5
151441,1,8,8,0.625,4.5
151450,1,1,1,1.0,1.0
151451,1,7,7,0.42857142857142855,4.0
151452,1,2,2,1.0,1.5
151453,1,25,25,0.68,13.0
151458,1,8,8,0.75,4.5
151466,1,17,17,0.4117647058823529,9.0
151470,1,6,6,0.8333333333333334,3.5
151474,1,4,4,0.25,2.5
151481,1,7,7,0.0,4.0
151489,2,8,8,0.375,2.625
151503,1,7,7,0.7142857142857143,4.0
151514,2,7,7,0.7142857142857143,2.5714285714285716
151516,1,18,18,0.0,9.5
151518,1,19,19,0.0,10.0
151519,1,5,5,0.8,3.0
151528,1,8,8,0.625,4.5
151544,1,4,4,0.75,2.5
151568,1,6,6,0.5,3.5
151570,1,13,13,0.15384615384615385,7.0
151603,1,13,13,0.6153846153846154,7.0
151606,2,9,8,1.0,2.7777777777777777
151613,1,10,10,0.2,5.5
151618,1,17,17,0.7647058823529411,9.0
151634,1,24,24,0.8333333333333334,12.5
151645,1,63,63,0.42857142857142855,32.0
151646,1,4,4,0.5,2.5
151647,1,23,23,0.4782608695652174,12.0
151667,1,1,1,1.0,1.0
151673,1,49,49,0.8571428571428571,25.0
151689,1,13,13,0.3076923076923077,7.0
151702,1,10,10,0.3,5.5
151703,1,19,19,0.0,10.0
151735,1,7,7,0.5714285714285714,4.0
151737,1,26,26,0.2692307692307692,13.5
151745,1,7,7,0.5714285714285714,4.0
151750,1,8,8,0.5,4.5
151785,1,17,17,0.5882352941176471,9.0
151797,1,7,7,0.2857142857142857,4.0
151800,1,3,3,0.3333333333333333,2.0
151822,1,29,29,0.6551724137931034,15.0
151837,1,12,12,0.75,6.5
151844,1,11,11,0.2727272727272727,6.0
151850,1,16,16,0.625,8.5
151854,1,14,14,0.21428571428571427,7.5
151862,1,16,16,0.9375,8.5
151880,1,1,1,1.0,1.0
151891,1,7,7,0.8571428571428571,4.0
151906,2,3,2,1.0,1.3333333333333333
151929,1,8,8,0.0,4.5
151930,1,7,7,0.0,4.0
151935,1,9,9,0.1111111111111111,5.0
151939,1,13,13,0.7692307692307693,7.0
151951,1,3,3,0.3333333333333333,2.0
151969,1,2,2,1.0,1.5
151973,1,11,11,1.0,6.0
151989,1,6,6,1.0,3.5
151993,1,5,5,1.0,3.0
151995,1,13,13,0.5384615384615384,7.0
152016,1,1,1,1.0,1.0
152017,1,4,4,1.0,2.5
152028,1,28,28,0.6071428571428571,14.5
152029,2,14,14,0.2857142857142857,4.642857142857143
152037,1,3,3,0.6666666666666666,2.0
152042,1,3,3,0.3333333333333333,2.0
152051,1,11,11,0.7272727272727273,6.0
152058,1,12,12,0.5,6.5
152063,1,9,9,1.0,5.0
152068,1,6,6,0.6666666666666666,3.5
152091,1,3,3,1.0,2.0
152098,1,20,20,0.85,10.5
152100,1,6,6,0.3333333333333333,3.5
152102,1,3,3,1.0,2.0
152103,1,4,4,0.75,2.5
152128,1,10,10,1.0,5.5
152139,1,13,13,0.38461538461538464,7.0
152152,2,13,11,0.7692307692307693,3.923076923076923
152160,1,6,6,0.0,3.5
152166,1,10,10,0.5,5.5
152193,1,5,5,1.0,3.0
152220,1,11,11,0.8181818181818182,6.0
152249,1,10,10,0.7,5.5
152250,1,9,9,0.0,5.0
152300,1,1,1,1.0,1.0
152310,1,8,8,0.5,4.5
152324,1,2,2,1.0,1.5
152340,2,11,11,0.9090909090909091,3.272727272727273
152348,1,11,11,0.7272727272727273,6.0
152360,1,6,6,0.16666666666666666,3.5
152363,1,15,15,0.2,8.0
152365,1,10,10,0.9,5.5
152379,1,12,12,0.75,6.5
152392,1,15,15,0.4,8.0
152401,1,7,7,0.2857142857142857,4.0
152406,1,29,29,0.9310344827586207,15.0
152409,1,9,9,0.5555555555555556,5.0
152416,2,34,28,0.7352941176470589,10.441176470588236
152436,1,7,7,0.5714285714285714,4.0
152443,1,12,12,0.6666666666666666,6.5
152450,1,9,9,0.0,5.0
152456,1,19,19,0.5789473684210527,10.0
152463,1,2,2,0.0,1.5
152465,1,4,4,0.5,2.5
152480,1,9,9,0.8888888888888888,5.0
152486,1,8,8,0.0,4.5
152489,1,5,5,0.0,3.0
152526,1,2,2,0.5,1.5
152529,1,17,17,0.5294117647058824,9.0
152536,1,5,5,0.4,3.0
152537,1,12,12,0.25,6.5
152538,1,12,12,0.25,6.5
152544,1,13,13,0.8461538461538461,7.0
152590,1,4,4,0.75,2.5
152610,1,15,15,0.4,8.0
152619,1,12,12,0.6666666666666666,6.5
152646,1,22,22,0.0,11.5
152654,1,13,13,0.38461538461538464,7.0
152665,1,1,1,1.0,1.0
152691,1,3,3,1.0,2.0
152707,1,13,13,0.9230769230769231,7.0
152711,1,12,12,0.4166666666666667,6.5
152729,1,6,6,0.5,3.5
152749,1,17,17,0.0,9.0
152759,1,4,4,1.0,2.5
152772,1,8,8,0.5,4.5
152797,1,40,40,0.7,20.5
152807,2,26,25,0.8461538461538461,7.153846153846154
152819,1,5,5,0.2,3.0
152821,1,10,10,0.5,5.5
152857,1,8,8,1.0,4.5
152877,2,22,19,0.9090909090909091,6.0
152889,1,9,9,0.4444444444444444,5.0
152899,1,8,8,1.0,4.5
152903,1,2,2,0.0,1.5
152922,1,11,11,0.5454545454545454,6.0
152929,1,17,17,0.8823529411764706,9.0
152931,2,20,16,0.9,5.95
152946,1,15,15,0.6666666666666666,8.0
152968,1,11,11,0.45454545454545453,6.0
152979,1,2,2,0.5,1.5
152985,1,5,5,0.0,3.0
152992,1,2,2,1.0,1.5
153024,1,5,5,1.0,3.0
153056,1,1,1,1.0,1.0
153069,1,13,13,0.0,7.0
153075,2,45,45,0.7555555555555555,11.88888888888889
153087,1,3,3,0.6666666666666666,2.0
153105,1,7,7,0.0,4.0
153133,1,29,29,0.4827586206896552,15.0
153139,1,20,20,0.2,10.5
153169,1,19,19,0.47368421052631576,10.0
153172,1,10,10,0.5,5.5
153214,1,15,15,0.4,8.0
153222,1,8,8,0.625,4.5
153226,1,4,4,0.25,2.5
153244,1,4,4,0.75,2.5
153249,1,3,3,0.6666666666666666,2.0
153264,2,6,5,0.5,2.1666666666666665
153274,1,1,1,1.0,1.0
153276,1,4,4,0.5,2.5
153285,1,10,10,0.4,5.5
153351,1,22,22,0.3181818181818182,11.5
153352,1,12,12,0.8333333333333334,6.5
153367,1,17,17,0.5882352941176471,9.0
153379,1,12,12,0.5833333333333334,6.5
153384,1,13,13,0.8461538461538461,7.0
153387,1,5,5,1.0,3.0
153394,1,22,22,0.7727272727272727,11.5
153404,1,8,8,0.25,4.5
153405,2,15,15,0.4666666666666667,4.266666666666667
153406,1,6,6,1.0,3.5
153407,1,25,25,0.56,13.0
153413,1,8,8,0.125,4.5
153416,1,15,15,1.0,8.0
153417,1,5,5,0.6,3.0
153422,1,23,23,0.13043478260869565,12.0
153424,1,7,7,0.0,4.0
153437,1,6,6,1.0,3.5
153445,1,3,3,1.0,2.0
153455,1,3,3,1.0,2.0
153460,1,18,18,0.1111111111111111,9.5
153465,1,6,6,0.5,3.5
153471,2,14,12,0.8571428571428571,4.642857142857143
153477,1,5,5,1.0,3.0
153481,1,2,2,1.0,1.5
153514,1,6,6,0.16666666666666666,3.5
153516,1,15,15,0.8666666666666667,8.0
153529,1,4,4,0.25,2.5
153543,1,10,10,0.8,5.5
153568,1,3,3,0.6666666666666666,2.0
153571,1,17,17,0.5882352941176471,9.0
153576,1,11,11,0.7272727272727273,6.0
153593,1,1,1,1.0,1.0
153604,1,3,3,1.0,2.0
153607,1,12,12,0.3333333333333333,6.5
153628,2,17,17,0.9411764705882353,4.882352941176471
153680,1,8,8,0.125,4.5
153706,2,47,47,0.7872340425531915,12.297872340425531
153721,1,8,8,0.75,4.5
153724,1,18,18,1.0,9.5
153736,1,10,10,0.0,5.5
153738,1,7,7,0.0,4.0
153817,1,10,10,0.4,5.5
153823,1,16,16,0.625,8.5
153850,1,14,14,0.5,7.5
153852,1,13,13,0.38461538461538464,7.0
153855,1,7,7,0.5714285714285714,4.0
153856,1,1,1,1.0,1.0
153862,2,10,7,1.0,3.1
153866,1,10,10,0.8,5.5
153869,1,8,8,0.75,4.5
153876,1,6,6,0.0,3.5
153895,1,10,10,0.0,5.5
153900,1,2,2,1.0,1.5
153902,1,20,20,0.95,10.5
153907,1,7,7,1.0,4.0
153910,1,7,7,0.7142857142857143,4.0
153962,1,17,17,0.8823529411764706,9.0
153972,1,18,18,0.2222222222222222,9.5
153981,1,19,19,0.3684210526315789,10.0
153989,1,19,19,0.0,10.0
153996,1,1,1,1.0,1.0
154000,1,24,24,0.625,12.5
154004,1,11,11,0.0,6.0
154014,1,15,15,1.0,8.0
154027,1,10,10,0.9,5.5
154040,1,2,2,0.0,1.5
154107,1,3,3,1.0,2.0
154162,1,7,7,0.5714285714285714,4.0
154183,1,4,4,0.5,2.5
154184,1,9,9,0.5555555555555556,5.0
154197,1,14,14,0.0,7.5
154201,1,4,4,0.75,2.5
154215,1,28,28,0.25,14.5
154273,1,2,2,0.5,1.5
154274,1,30,30,0.26666666666666666,15.5
154282,1,15,15,1.0,8.0
154286,1,6,6,0.16666666666666666,3.5
154287,1,3,3,0.3333333333333333,2.0
154298,1,12,12,0.4166666666666667,6.5
154311,1,10,10,0.4,5.5
154317,3,32,32,0.25,7.84375
154321,1,23,23,0.0,12.0
154331,1,18,18,0.5555555555555556,9.5
154361,1,2,2,1.0,1.5
154391,1,11,11,0.6363636363636364,6.0
154405,1,1,1,0.0,1.0
154412,2,10,10,0.5,3.4
154418,1,9,9,0.4444444444444444,5.0
154424,1,14,14,0.7857142857142857,7.5
154441,1,8,8,0.5,4.5
154442,1,7,7,0.5714285714285714,4.0
154464,1,18,18,0.2777777777777778,9.5
154465,1,16,16,0.75,8.5
154480,1,17,17,0.35294117647058826,9.0
154493,1,11,11,0.6363636363636364,6.0
154517,1,6,6,0.6666666666666666,3.5
154563,1,18,18,0.4444444444444444,9.5
154587,1,13,13,0.15384615384615385,7.0
154635,1,3,3,1.0,2.0
154636,1,1,1,0.0,1.0
154645,2,29,29,0.5862068965517241,11.551724137931034
154662,1,1,1,0.0,1.0
154663,1,6,6,0.8333333333333334,3.5
154667,1,6,6,0.8333333333333334,3.5
154678,1,12,12,0.5,6.5
154697,2,5,5,0.4,2.2
154699,1,9,9,0.0,5.0
154728,1,16,16,0.5625,8.5
154729,1,7,7,0.0,4.0
154734,1,4,4,0.5,2.5
154738,1,9,9,0.7777777777777778,5.0
154748,2,15,12,1.0,4.266666666666667
154766,1,1,1,0.0,1.0
154783,1,11,11,0.09090909090909091,6.0
154787,1,14,14,0.21428571428571427,7.5
154807,1,3,3,1.0,2.0
154827,1,17,17,0.5294117647058824,9.0
154832,1,10,10,0.9,5.5
154837,2,23,23,0.8695652173913043,6.521739130434782
154839,1,6,6,0.8333333333333334,3.5
154842,1,5,5,0.8,3.0
154860,1,9,9,0.6666666666666666,5.0
154880,1,9,9,0.4444444444444444,5.0
154881,1,11,11,0.45454545454545453,6.0
154895,1,4,4,0.75,2.5
154915,1,11,11,1.0,6.0
154921,1,9,9,0.2222222222222222,5.0
154926,1,9,9,0.3333333333333333,5.0
154934,1,9,9,0.0,5.0
154942,1,13,13,0.7692307692307693,7.0
154966,1,35,35,0.0,18.0
154977,1,4,4,1.0,2.5
154990,1,8,8,0.625,4.5
155017,1,17,17,0.9411764705882353,9.0
155022,2,18,18,0.5555555555555556,5.055555555555555
155027,2,30,29,0.5333333333333333,9.633333333333333
155032,1,6,6,1.0,3.5
155059,1,8,8,0.75,4.5
155061,1,10,10,0.9,5.5
155064,1,1,1,1.0,1.0
155075,1,12,12,0.5833333333333334,6.5
155077,1,10,10,1.0,5.5
155078,1,1,1,0.0,1.0
155080,1,18,18,0.7222222222222222,9.5
155087,1,1,1,1.0,1.0
155097,1,2,2,1.0,1.5
155154,1,12,12,0.6666666666666666,6.5
155155,1,10,10,0.0,5.5
155159,1,18,18,0.4444444444444444,9.5
155163,1,5,5,0.2,3.0
155173,1,15,15,0.0,8.0
155187,1,10,10,0.7,5.5
155188,1,25,25,0.4,13.0
155202,1,8,8,1.0,4.5
155209,1,5,5,0.8,3.0
155216,1,11,11,0.0,6.0
155229,1,14,14,0.9285714285714286,7.5
155234,1,16,16,0.4375,8.5
155246,1,6,6,0.6666666666666666,3.5
155252,2,29,28,0.6551724137931034,10.241379310344827
155262,1,3,3,0.0,2.0
155271,1,8,8,0.75,4.5
155276,1,3,3,0.3333333333333333,2.0
155280,1,6,6,0.6666666666666666,3.5
155314,1,5,5,0.2,3.0
155320,1,1,1,1.0,1.0
155344,1,8,8,0.25,4.5
155354,1,9,9,0.4444444444444444,5.0
155364,1,23,23,0.5217391304347826,12.0
155371,2,21,21,0.38095238095238093,6.0476190476190474
155376,1,13,13,0.46153846153846156,7.0
155379,1,7,7,0.14285714285714285,4.0
155412,1,2,2,0.5,1.5
155426,1,17,17,0.47058823529411764,9.0
155431,2,26,26,0.7692307692307693,7.153846153846154
155432,1,1,1,0.0,1.0
155441,1,18,18,0.6111111111111112,9.5
155468,1,3,3,1.0,2.0
155472,1,24,24,0.16666666666666666,12.5
155476,1,15,15,0.3333333333333333,8.0
155478,1,2,2,0.0,1.5
155496,1,6,6,0.3333333333333333,3.5
155497,1,9,9,0.7777777777777778,5.0
155501,1,12,12,0.75,6.5
155508,1,8,8,0.75,4.5
155513,1,2,2,1.0,1.5
155567,1,6,6,0.0,3.5
155588,1,5,5,0.8,3.0
155597,1,15,15,0.8,8.0
155608,1,22,22,0.7272727272727273,11.5
155612,1,6,6,1.0,3.5
155618,1,6,6,1.0,3.5
155621,1,35,35,0.8,18.0
155638,1,42,42,0.8809523809523809,21.5
155649,1,7,7,1.0,4.0
155658,1,18,18,0.5555555555555556,9.5
155674,1,4,4,1.0,2.5
155692,1,5,5,0.2,3.0
155694,1,8,8,0.375,4.5
155741,1,6,6,0.3333333333333333,3.5
155757,1,2,2,1.0,1.5
155763,1,1,1,1.0,1.0
155766,1,16,16,0.5,8.5
155773,1,12,12,0.5833333333333334,6.5
155777,1,4,4,0.75,2.5
155784,1,19,19,0.3684210526315789,10.0
155789,1,1,1,0.0,1.0
155801,1,2,2,0.0,1.5
155811,1,11,11,0.9090909090909091,6.0
155815,1,9,9,0.7777777777777778,5.0
155843,1,6,6,0.3333333333333333,3.5
155845,1,15,15,0.4666666666666667,8.0
155846,1,4,4,0.25,2.5
155858,1,11,11,0.5454545454545454,6.0
155875,1,32,32,0.5625,16.5
155891,1,16,16,0.8125,8.5
155941,1,8,8,0.875,4.5
155950,1,5,5,0.4,3.0
155985,1,17,17,0.9411764705882353,9.0
155992,1,17,17,0.7647058823529411,9.0
155997,1,2,2,0.5,1.5
156000,1,8,8,0.5,4.5
156007,1,9,9,1.0,5.0
156033,1,10,10,0.3,5.5
156042,1,4,4,0.75,2.5
156052,1,7,7,0.5714285714285714,4.0
156064,1,10,10,0.6,5.5
156069,1,13,13,0.8461538461538461,7.0
156103,1,8,8,0.625,4.5
156112,1,11,11,1.0,6.0
156116,1,13,13,0.6153846153846154,7.0
156122,1,26,26,0.8076923076923077,13.5
156130,1,8,8,0.375,4.5
156133,1,22,22,0.9090909090909091,11.5
156169,1,4,4,0.25,2.5
156182,1,6,6,0.5,3.5
156203,1,2,2,0.5,1.5
156213,2,20,19,0.55,5.55
156218,1,6,6,0.6666666666666666,3.5
156219,1,15,15,0.5333333333333333,8.0
156232,1,2,2,0.5,1.5
156235,1,9,9,1.0,5.0
156279,1,2,2,1.0,1.5
156292,1,7,7,1.0,4.0
156295,1,9,9,0.0,5.0
156311,2,22,22,0.6363636363636364,6.409090909090909
156327,1,3,3,0.0,2.0
156331,2,33,28,0.8181818181818182,10.93939393939394
156339,1,8,8,1.0,4.5
156344,1,11,11,0.9090909090909091,6.0
156350,1,17,17,0.8823529411764706,9.0
156359,1,16,16,0.8125,8.5
156366,2,8,8,0.75,3.0
156368,1,6,6,0.5,3.5
156376,1,9,9,0.7777777777777778,5.0
156395,1,6,6,1.0,3.5
156408,1,2,2,0.5,1.5
156413,1,6,6,0.6666666666666666,3.5
156418,1,2,2,1.0,1.5
156420,1,3,3,1.0,2.0
156422,1,24,24,0.75,12.5
156431,1,16,16,0.6875,8.5
156438,1,5,5,0.6,3.0
156439,1,12,12,0.5,6.5
156449,1,1,1,1.0,1.0
156454,1,2,2,0.5,1.5
156456,1,8,8,0.25,4.5
156462,1,31,31,0.4838709677419355,16.0
156467,1,12,12,1.0,6.5
156469,1,17,17,0.6470588235294118,9.0
156473,1,7,7,0.5714285714285714,4.0
156483,1,18,18,0.0,9.5
156500,1,11,11,0.09090909090909091,6.0
156505,2,62,62,0.8548387096774194,16.79032258064516
156511,1,7,7,0.2857142857142857,4.0
156520,1,3,3,0.0,2.0
156521,1,33,33,0.18181818181818182,17.0
156524,1,1,1,1.0,1.0
156531,1,8,8,1.0,4.5
156551,1,20,20,0.4,10.5
156554,1,12,12,0.6666666666666666,6.5
156555,1,6,6,1.0,3.5
156628,1,1,1,1.0,1.0
156633,1,24,24,0.25,12.5
156636,1,6,6,0.16666666666666666,3.5
156639,2,14,14,0.5,4.642857142857143
156645,1,9,9,0.8888888888888888,5.0
156652,1,20,20,0.35,10.5
156665,1,3,3,1.0,2.0
156700,2,25,22,0.88,7.24
156712,1,37,37,0.6216216216216216,19.0
156724,1,17,17,0.7058823529411765,9.0
156733,1,9,9,0.3333333333333333,5.0
156758,1,9,9,0.2222222222222222,5.0
156762,1,11,11,0.5454545454545454,6.0
156766,1,19,19,0.631578947368421,10.0
156770,1,4,4,0.75,2.5
156788,2,49,49,0.6938775510204082,12.755102040816327
156802,1,14,14,0.0,7.5
156807,2,13,13,0.07692307692307693,5.3076923076923075
156815,1,4,4,1.0,2.5
156817,1,21,21,0.9047619047619048,11.0
156831,1,8,8,0.625,4.5
156834,1,21,21,0.2857142857142857,11.0
156837,1,15,15,0.8,8.0
156876,1,10,10,0.8,5.5
156913,1,6,6,0.0,3.5
156916,1,14,14,0.7857142857142857,7.5
156927,1,12,12,0.6666666666666666,6.5
156936,1,25,25,0.0,13.0
156940,1,9,9,0.0,5.0
156949,1,9,9,0.3333333333333333,5.0
156953,2,6,6,0.6666666666666666,2.6666666666666665
156964,3,25,24,0.88,5.32
156975,1,15,15,0.9333333333333333,8.0
156980,1,18,18,0.7222222222222222,9.5
156989,1,5,5,0.2,3.0
157006,1,15,15,0.6,8.0
157016,1,18,18,0.6666666666666666,9.5
157026,1,8,8,0.875,4.5
157045,1,16,16,0.375,8.5
157072,1,1,1,1.0,1.0
157078,1,1,1,1.0,1.0
157084,1,1,1,1.0,1.0
157088,1,19,19,0.05263157894736842,10.0
157093,1,1,1,1.0,1.0
157094,1,24,24,0.6666666666666666,12.5
157129,1,6,6,0.3333333333333333,3.5
157142,1,8,8,0.875,4.5
157185,1,10,10,0.9,5.5
157226,1,8,8,0.875,4.5
157262,1,2,2,1.0,1.5
157295,1,7,7,0.8571428571428571,4.0
157318,1,3,3,0.0,2.0
157328,1,3,3,1.0,2.0
157339,1,4,4,0.25,2.5
157341,1,2,2,1.0,1.5
157346,1,2,2,1.0,1.5
157353,1,2,2,1.0,1.5
157357,1,21,21,0.5714285714285714,11.0
157392,1,37,37,0.0,19.0
157398,1,12,12,0.0,6.5
157419,1,8,8,0.75,4.5
157430,1,3,3,0.6666666666666666,2.0
157448,1,2,2,0.5,1.5
157481,1,10,10,1.0,5.5
157492,1,5,5,0.6,3.0
157506,1,2,2,1.0,1.5
157523,1,26,26,1.0,13.5
157556,1,6,6,0.8333333333333334,3.5
157564,1,10,10,0.6,5.5
157565,1,13,13,1.0,7.0
157575,1,4,4,1.0,2.5
157587,1,2,2,1.0,1.5
157593,1,4,4,1.0,2.5
157600,1,6,6,1.0,3.5
157607,1,16,16,0.9375,8.5
157616,2,5,5,0.8,1.8
157650,1,8,8,0.875,4.5
157655,1,13,13,0.07692307692307693,7.0
157658,1,3,3,1.0,2.0
157667,1,3,3,1.0,2.0
157670,1,3,3,1.0,2.0
157671,1,12,12,1.0,6.5
157673,1,9,9,0.2222222222222222,5.0
157687,1,3,3,0.3333333333333333,2.0
157696,1,2,2,0.5,1.5
157704,2,8,7,1.0,2.5
157710,1,23,23,0.08695652173913043,12.0
157715,1,24,24,0.6666666666666666,12.5
157719,1,21,21,1.0,11.0
157733,1,1,1,0.0,1.0
157759,1,1,1,1.0,1.0
157774,1,1,1,1.0,1.0
157786,1,15,15,0.13333333333333333,8.0
157790,1,1,1,0.0,1.0
157796,1,10,10,0.3,5.5
157805,1,6,6,0.5,3.5
157830,1,19,19,0.9473684210526315,10.0
157839,1,7,7,0.5714285714285714,4.0
157847,1,18,18,0.6666666666666666,9.5
157855,1,17,17,0.8823529411764706,9.0
157861,1,12,12,0.4166666666666667,6.5
157874,1,30,30,0.9333333333333333,15.5
157878,1,6,6,0.3333333333333333,3.5
157891,1,8,8,1.0,4.5
157906,1,8,8,0.5,4.5
157907,1,12,12,0.9166666666666666,6.5
157932,1,6,6,1.0,3.5
157936,1,4,4,0.75,2.5
157941,1,7,7,0.14285714285714285,4.0
157954,1,8,8,0.125,4.5
158000,1,6,6,1.0,3.5
158001,1,6,6,0.8333333333333334,3.5
158003,1,4,4,0.25,2.5
158077,1,12,12,0.08333333333333333,6.5
158084,1,1,1,1.0,1.0
158091,1,26,26,1.0,13.5
158094,1,10,10,0.2,5.5
158098,1,6,6,0.5,3.5
158125,1,7,7,0.14285714285714285,4.0
158145,1,11,11,0.9090909090909091,6.0
158156,1,12,12,0.5833333333333334,6.5
158164,1,4,4,1.0,2.5
158167,1,8,8,0.875,4.5
158202,1,7,7,0.8571428571428571,4.0
158216,1,5,5,0.0,3.0
158225,1,4,4,1.0,2.5
158251,1,10,10,0.0,5.5
158257,2,17,14,0.8823529411764706,4.764705882352941
158262,1,3,3,1.0,2.0
158268,1,12,12,0.4166666666666667,6.5
158276,1,6,6,0.16666666666666666,3.5
158302,1,6,6,1.0,3.5
158304,1,15,15,0.0,8.0
158318,1,1,1,0.0,1.0
158320,1,21,21,0.38095238095238093,11.0
158326,1,21,21,0.2857142857142857,11.0
158328,1,9,9,0.5555555555555556,5.0
158350,1,12,12,0.6666666666666666,6.5
158367,1,1,1,1.0,1.0
158376,1,14,14,1.0,7.5
158397,1,5,5,0.0,3.0
158411,1,9,9,0.3333333333333333,5.0
158412,1,5,5,0.6,3.0
158415,2,17,17,0.7647058823529411,5.117647058823529
158439,1,11,11,1.0,6.0
158441,1,22,22,0.36363636363636365,11.5
158444,1,1,1,1.0,1.0
158448,1,18,18,0.8333333333333334,9.5
158475,1,12,12,0.25,6.5
158482,2,30,24,0.9,8.133333333333333
158490,1,4,4,0.75,2.5
158494,1,7,7,1.0,4.0
158496,1,8,8,0.75,4.5
158497,1,6,6,0.3333333333333333,3.5
158513,1,4,4,1.0,2.5
158523,1,1,1,1.0,1.0
158524,2,25,24,0.24,7.96
158533,1,9,9,0.4444444444444444,5.0
158536,1,15,15,0.4666666666666667,8.0
158538,1,3,3,1.0,2.0
158542,1,13,13,0.8461538461538461,7.0
158543,1,5,5,0.8,3.0
158562,1,20,20,0.8,10.5
158572,1,7,7,0.8571428571428571,4.0
158575,1,8,8,0.0,4.5
158581,1,4,4,0.0,2.5
158603,1,1,1,0.0,1.0
158618,1,11,11,0.09090909090909091,6.0
158626,1,17,17,0.0,9.0
158631,2,11,11,0.2727272727272727,4.363636363636363
158635,1,5,5,0.8,3.0
158636,1,24,24,0.9166666666666666,12.5
158641,1,10,10,0.9,5.5
158648,1,23,23,1.0,12.0
158652,1,5,5,0.2,3.0
158655,1,20,20,0.6,10.5
158656,1,2,2,1.0,1.5
158663,1,19,19,0.7368421052631579,10.0
158668,1,43,43,0.13953488372093023,22.0
158669,1,5,5,0.8,3.0
158683,2,8,7,1.0,2.625
158689,1,11,11,0.45454545454545453,6.0
158695,1,7,7,0.14285714285714285,4.0
158697,1,11,11,0.5454545454545454,6.0
158707,1,9,9,0.5555555555555556,5.0
158728,1,7,7,0.2857142857142857,4.0
158735,1,1,1,1.0,1.0
158767,1,15,15,0.3333333333333333,8.0
158772,1,21,21,0.7619047619047619,11.0
158780,1,2,2,0.5,1.5
158791,1,20,20,0.6,10.5
158796,1,5,5,0.4,3.0
158806,1,2,2,1.0,1.5
158834,1,17,17,0.6470588235294118,9.0
158839,1,6,6,1.0,3.5
158881,1,10,10,0.9,5.5
158884,2,12,12,0.75,3.5
158890,1,12,12,0.16666666666666666,6.5
158894,2,8,8,0.625,3.625
158898,1,12,12,1.0,6.5
158906,1,9,9,1.0,5.0
158935,1,6,6,1.0,3.5
158936,1,3,3,1.0,2.0
158943,1,18,18,0.3333333333333333,9.5
158965,1,9,9,0.5555555555555556,5.0
158967,1,2,2,1.0,1.5
158972,1,6,6,0.5,3.5
158976,1,6,6,0.8333333333333334,3.5
159011,1,22,22,0.9090909090909091,11.5
159024,1,9,9,0.8888888888888888,5.0
159031,1,2,2,1.0,1.5
159033,2,6,6,0.16666666666666666,2.0
159043,2,5,5,0.4,1.8
159053,1,5,5,0.6,3.0
159057,1,6,6,0.8333333333333334,3.5
159091,1,5,5,0.6,3.0
159093,1,3,3,0.6666666666666666,2.0
159109,1,7,7,0.2857142857142857,4.0
159112,1,5,5,0.4,3.0
159136,1,5,5,1.0,3.0
159140,1,3,3,1.0,2.0
159152,1,2,2,1.0,1.5
159178,1,4,4,1.0,2.5
159183,1,5,5,1.0,3.0
159211,1,11,11,0.8181818181818182,6.0
159232,1,12,12,0.08333333333333333,6.5
159239,1,8,8,0.25,4.5
159243,1,12,12,0.5833333333333334,6.5
159262,1,5,5,0.0,3.0
159269,1,9,9,0.5555555555555556,5.0
159273,1,3,3,1.0,2.0
159280,1,15,15,0.8,8.0
159289,1,4,4,0.0,2.5
159329,2,27,27,0.5555555555555556,8.37037037037037
159336,1,1,1,0.0,1.0
159338,1,23,23,0.30434782608695654,12.0
159346,1,1,1,1.0,1.0
159349,1,9,9,0.4444444444444444,5.0
159377,1,9,9,0.6666666666666666,5.0
159379,1,5,5,0.4,3.0
159394,1,5,5,0.6,3.0
159397,2,37,32,0.6216216216216216,10.891891891891891
159402,1,35,35,0.7428571428571429,18.0
159419,1,5,5,0.8,3.0
159424,1,1,1,1.0,1.0
159446,1,19,19,0.21052631578947367,10.0
159475,1,16,16,1.0,8.5
159480,1,9,9,0.7777777777777778,5.0
159481,1,20,20,0.25,10.5
159487,1,9,9,0.3333333333333333,5.0
159527,1,6,6,0.5,3.5
159573,1,18,18,0.7777777777777778,9.5
159591,1,16,16,0.8125,8.5
159609,1,30,30,0.5666666666666667,15.5
159618,1,16,16,0.3125,8.5
159631,1,1,1,1.0,1.0
159648,1,12,12,0.5833333333333334,6.5
159651,1,14,14,0.7857142857142857,7.5
159689,1,6,6,0.8333333333333334,3.5
159690,1,15,15,0.5333333333333333,8.0
159694,1,13,13,0.6923076923076923,7.0
159695,1,7,7,1.0,4.0
159711,1,8,8,1.0,4.5
159747,1,16,16,0.0,8.5
159750,1,3,3,1.0,2.0
159756,2,6,6,0.8333333333333334,2.1666666666666665
159757,1,28,28,0.5357142857142857,14.5
159761,1,15,15,0.6,8.0
159768,1,4,4,1.0,2.5
159788,1,17,17,0.7058823529411765,9.0
159839,1,18,18,0.7777777777777778,9.5
159872,1,6,6,0.6666666666666666,3.5
159891,1,26,26,0.6923076923076923,13.5
159903,1,7,7,0.8571428571428571,4.0
159909,1,6,6,0.8333333333333334,3.5
159939,1,21,21,0.7619047619047619,11.0
159956,1,18,18,1.0,9.5
159978,1,12,12,0.25,6.5
159986,1,5,5,0.2,3.0
160007,1,7,7,0.2857142857142857,4.0
160011,2,13,13,0.6153846153846154,4.6923076923076925
160023,1,25,25,0.12,13.0
160053,1,11,11,0.0,6.0
160060,1,18,18,0.5555555555555556,9.5
160071,1,11,11,0.45454545454545453,6.0
160078,2,22,21,0.5,6.045454545454546
160090,1,16,16,0.8125,8.5
160092,1,11,11,0.18181818181818182,6.0
160098,1,9,9,1.0,5.0
160099,1,10,10,0.7,5.5
160116,1,4,4,0.25,2.5
160118,1,2,2,1.0,1.5
160132,1,4,4,1.0,2.5
160151,1,15,15,0.6,8.0
160167,2,2,2,0.0,1.0
160177,1,6,6,0.0,3.5
160194,1,11,11,0.2727272727272727,6.0
160223,1,15,15,0.26666666666666666,8.0
160226,2,13,13,0.7692307692307693,3.923076923076923
160339,1,5,5,0.0,3.0
160351,1,23,23,0.7391304347826086,12.0
160363,1,6,6,0.8333333333333334,3.5
160364,1,18,18,0.0,9.5
160381,1,9,9,1.0,5.0
160409,1,5,5,1.0,3.0
160418,1,5,5,0.0,3.0
160426,2,25,25,0.8,7.0
160441,1,10,10,0.4,5.5
160442,2,9,8,0.3333333333333333,2.7777777777777777
160452,1,4,4,1.0,2.5
160460,1,8,8,1.0,4.5
160475,1,7,7,0.0,4.0
160479,1,3,3,0.0,2.0
160502,1,11,11,1.0,6.0
160509,1,4,4,0.0,2.5
160519,1,9,9,0.1111111111111111,5.0
160521,1,27,27,0.2962962962962963,14.0
160530,1,5,5,0.0,3.0
160536,1,4,4,1.0,2.5
160538,1,9,9,1.0,5.0
160539,1,19,19,0.631578947368421,10.0
160546,1,6,6,0.3333333333333333,3.5
160548,1,18,18,0.5555555555555556,9.5
160553,2,29,23,0.7586206896551724,8.793103448275861
160556,1,23,23,0.4782608695652174,12.0
160559,1,8,8,0.0,4.5
160561,1,27,27,0.7037037037037037,14.0
160567,2,17,17,0.8823529411764706,4.882352941176471
160586,1,14,14,0.9285714285714286,7.5
160589,1,12,12,0.25,6.5
160599,1,4,4,0.5,2.5
160612,1,2,2,1.0,1.5
160617,2,26,25,0.7692307692307693,7.346153846153846
160625,2,6,5,0.8333333333333334,2.1666666666666665
160634,1,19,19,0.0,10.0
160646,1,11,11,0.9090909090909091,6.0
160648,1,5,5,0.4,3.0
160657,1,14,14,0.8571428571428571,7.5
160661,1,2,2,0.5,1.5
160667,1,14,14,0.35714285714285715,7.5
160699,1,20,20,1.0,10.5
160701,1,29,29,0.6896551724137931,15.0
160722,1,22,22,0.9090909090909091,11.5
160724,1,8,8,0.0,4.5
160727,1,2,2,0.5,1.5
160743,1,13,13,0.3076923076923077,7.0
160754,1,14,14,0.5,7.5
160773,2,58,46,0.8103448275862069,15.017241379310345
160776,1,4,4,0.0,2.5
160790,1,11,11,0.8181818181818182,6.0
160804,1,18,18,0.2777777777777778,9.5
160818,1,7,7,0.5714285714285714,4.0
160869,1,3,3,0.6666666666666666,2.0
160893,1,9,9,0.4444444444444444,5.0
160904,1,8,8,0.5,4.5
160913,1,1,1,1.0,1.0
160919,1,15,15,0.26666666666666666,8.0
160926,1,25,25,0.6,13.0
160959,1,9,9,0.3333333333333333,5.0
160960,1,7,7,0.5714285714285714,4.0
160961,1,23,23,0.7391304347826086,12.0
160964,1,3,3,0.0,2.0
160966,1,23,23,0.21739130434782608,12.0
160975,1,12,12,0.5833333333333334,6.5
160997,1,8,8,0.875,4.5
161002,2,9,9,1.0,4.111111111111111
161003,1,7,7,1.0,4.0
161043,4,27,24,0.8888888888888888,4.148148148148148
161065,1,13,13,1.0,7.0
161074,1,4,4,0.25,2.5
161096,1,18,18,0.9444444444444444,9.5
161106,1,13,13,0.7692307692307693,7.0
161119,1,1,1,0.0,1.0
161124,1,11,11,1.0,6.0
161131,3,27,26,0.8148148148148148,5.037037037037037
161137,1,6,6,0.6666666666666666,3.5
161140,1,7,7,0.14285714285714285,4.0
161148,2,22,19,0.18181818181818182,6.7272727272727275
161160,1,2,2,0.5,1.5
161181,1,2,2,1.0,1.5
161185,1,10,10,0.6,5.5
161208,1,14,14,0.6428571428571429,7.5
161209,1,27,27,0.8518518518518519,14.0
161214,1,34,34,0.7058823529411765,17.5
161232,1,4,4,1.0,2.5
161238,1,8,8,1.0,4.5
161245,1,5,5,0.0,3.0
161260,1,7,7,0.5714285714285714,4.0
161280,1,8,8,0.375,4.5
161290,2,17,16,0.8235294117647058,5.117647058823529
161298,1,6,6,0.5,3.5
161307,1,15,15,0.8,8.0
161332,1,7,7,0.5714285714285714,4.0
161333,1,14,14,0.35714285714285715,7.5
161343,2,18,17,0.8333333333333334,5.055555555555555
161353,1,4,4,1.0,2.5
161400,1,62,62,0.6451612903225806,31.5
161407,1,3,3,0.0,2.0
161427,1,14,14,0.5,7.5
161441,1,1,1,1.0,1.0
161446,1,12,12,0.5833333333333334,6.5
161451,1,6,6,0.8333333333333334,3.5
161469,1,25,25,0.32,13.0
161477,1,21,21,0.42857142857142855,11.0
161481,1,29,29,0.7931034482758621,15.0
161485,1,11,11,0.9090909090909091,6.0
161486,1,14,14,0.2857142857142857,7.5
161487,1,13,13,0.9230769230769231,7.0
161501,1,22,22,0.7727272727272727,11.5
161504,1,3,3,1.0,2.0
161507,1,20,20,0.15,10.5
161508,1,13,13,0.6153846153846154,7.0
161517,1,8,8,0.875,4.5
161537,1,16,16,0.4375,8.5
161543,1,30,30,0.06666666666666667,15.5
161549,1,16,16,0.25,8.5
161554,1,5,5,0.8,3.0
161556,1,16,16,0.9375,8.5
161563,1,33,33,0.6363636363636364,17.0
161568,1,11,11,1.0,6.0
161579,1,4,4,0.25,2.5
161585,1,12,12,0.8333333333333334,6.5
161617,1,5,5,0.8,3.0
161622,1,18,18,0.9444444444444444,9.5
161624,1,6,6,0.8333333333333334,3.5
161628,1,9,9,0.7777777777777778,5.0
161663,1,1,1,1.0,1.0
161670,1,15,15,0.6666666666666666,8.0
161686,1,19,19,0.631578947368421,10.0
161687,1,21,21,0.9523809523809523,11.0
161688,1,2,2,0.0,1.5
161695,1,26,26,0.46153846153846156,13.5
161700,1,3,3,0.6666666666666666,2.0
161711,1,1,1,1.0,1.0
161724,2,15,13,0.7333333333333333,4.4
161753,1,4,4,1.0,2.5
161762,1,9,9,0.6666666666666666,5.0
161787,1,6,6,0.6666666666666666,3.5
161788,2,4,4,1.0,1.5
161794,1,3,3,0.3333333333333333,2.0
161809,1,5,5,0.8,3.0
161826,1,5,5,0.8,3.0
161830,1,4,4,1.0,2.5
161837,1,9,9,0.8888888888888888,5.0
161856,1,23,23,0.30434782608695654,12.0
161860,1,3,3,0.6666666666666666,2.0
161861,1,6,6,1.0,3.5
161872,1,4,4,1.0,2.5
161873,1,12,12,0.25,6.5
161882,1,1,1,1.0,1.0
161885,2,31,31,0.6451612903225806,8.451612903225806
161886,1,12,12,0.25,6.5
161906,1,3,3,0.0,2.0
161912,1,17,17,0.23529411764705882,9.0
161925,1,15,15,0.7333333333333333,8.0
161928,1,8,8,0.5,4.5
161962,1,5,5,0.8,3.0
161968,2,49,44,0.8163265306122449,13.36734693877551
161994,1,7,7,0.8571428571428571,4.0
162029,1,4,4,0.75,2.5
162040,1,20,20,0.45,10.5
162047,1,11,11,0.9090909090909091,6.0
162054,1,18,18,0.16666666666666666,9.5
162058,1,3,3,1.0,2.0
162075,1,27,27,0.7407407407407407,14.0
162081,1,17,17,0.17647058823529413,9.0
162083,1,1,1,1.0,1.0
162085,1,2,2,1.0,1.5
162093,1,13,13,0.5384615384615384,7.0
162097,1,30,30,0.4666666666666667,15.5
162100,1,3,3,1.0,2.0
162101,1,7,7,0.5714285714285714,4.0
162137,1,21,21,0.8571428571428571,11.0
162140,1,10,10,0.8,5.5
162151,2,34,34,0.8823529411764706,9.029411764705882
162152,1,6,6,0.5,3.5
162153,1,21,21,0.09523809523809523,11.0
162178,1,8,8,0.375,4.5
162181,1,5,5,1.0,3.0
162189,1,9,9,0.3333333333333333,5.0
162196,1,10,10,0.5,5.5
162199,1,4,4,0.5,2.5
162205,1,7,7,1.0,4.0
162218,1,12,12,0.25,6.5
162224,2,12,12,0.8333333333333334,4.833333333333333
162230,1,6,6,0.0,3.5
162249,1,5,5,0.2,3.0
162310,1,6,6,1.0,3.5
162312,1,15,15,0.8,8.0
162329,1,9,9,0.6666666666666666,5.0
162331,1,10,10,0.8,5.5
162337,1,15,15,0.8,8.0
162340,1,5,5,1.0,3.0
162350,1,16,16,1.0,8.5
162360,1,15,15,0.3333333333333333,8.0
162363,1,7,7,0.8571428571428571,4.0
162374,1,10,10,0.6,5.5
162393,1,4,4,0.25,2.5
162397,1,8,8,1.0,4.5
162401,1,9,9,0.7777777777777778,5.0
162402,1,13,13,0.8461538461538461,7.0
162418,1,8,8,0.75,4.5
162421,1,1,1,0.0,1.0
162423,1,15,15,0.8666666666666667,8.0
162424,1,2,2,1.0,1.5
162439,1,8,8,0.125,4.5
162473,1,10,10,0.0,5.5
162476,1,5,5,0.2,3.0
162480,1,12,12,0.5,6.5
162484,1,14,14,0.5714285714285714,7.5
162488,1,24,24,0.7083333333333334,12.5
162518,1,6,6,0.6666666666666666,3.5
162529,1,8,8,0.5,4.5
162534,1,6,6,0.5,3.5
162544,1,3,3,0.0,2.0
162555,1,3,3,1.0,2.0
162572,1,9,9,0.8888888888888888,5.0
162584,1,7,7,1.0,4.0
162595,1,14,14,0.0,7.5
162598,1,9,9,0.4444444444444444,5.0
162611,1,18,18,0.8333333333333334,9.5
162625,1,4,4,0.75,2.5
162633,1,33,33,0.18181818181818182,17.0
162640,1,10,10,0.3,5.5
162652,1,4,4,0.75,2.5
162676,1,9,9,0.4444444444444444,5.0
162679,1,7,7,1.0,4.0
162681,1,8,8,0.875,4.5
162705,1,6,6,0.8333333333333334,3.5
162714,1,18,18,0.8888888888888888,9.5
162722,1,18,18,0.8888888888888888,9.5
162729,1,15,15,0.0,8.0
162731,2,13,13,0.8461538461538461,3.769230769230769
162741,1,12,12,0.9166666666666666,6.5
162744,1,5,5,1.0,3.0
162753,1,4,4,0.0,2.5
162754,1,9,9,0.7777777777777778,5.0
162759,2,37,36,0.4864864864864865,9.81081081081081
162762,1,10,10,0.8,5.5
162784,1,11,11,0.5454545454545454,6.0
162808,1,17,17,0.5294117647058824,9.0
162815,2,19,15,0.5263157894736842,5.368421052631579
162844,1,6,6,1.0,3.5
162860,1,21,21,0.8571428571428571,11.0
162888,1,6,6,0.8333333333333334,3.5
162889,1,17,17,0.7647058823529411,9.0
162894,1,6,6,0.6666666666666666,3.5
162902,1,10,10,0.0,5.5
162911,1,10,10,1.0,5.5
162920,1,3,3,0.0,2.0
162921,1,2,2,0.5,1.5
162923,1,3,3,0.0,2.0
162929,1,8,8,1.0,4.5
162940,2,30,29,0.9666666666666667,8.533333333333333
162954,1,15,15,0.8,8.0
162967,1,7,7,0.5714285714285714,4.0
162968,2,13,12,0.7692307692307693,4.230769230769231
162976,1,5,5,0.4,3.0
162980,1,4,4,0.75,2.5
162982,1,9,9,0.3333333333333333,5.0
162992,3,64,59,0.890625,11.1875
163003,1,8,8,0.875,4.5
163033,1,3,3,0.3333333333333333,2.0
163055,1,9,9,0.0,5.0
163059,1,1,1,1.0,1.0
163067,1,5,5,0.2,3.0
163072,1,7,7,0.2857142857142857,4.0
163078,1,5,5,0.0,3.0
163085,2,15,15,0.13333333333333333,4.266666666666667
163086,1,42,42,0.4523809523809524,21.5
163100,1,5,5,0.0,3.0
163101,1,4,4,0.5,2.5
163102,1,8,8,0.625,4.5
163105,1,3,3,1.0,2.0
163110,1,7,7,0.7142857142857143,4.0
163134,1,3,3,0.6666666666666666,2.0
163160,1,11,11,0.8181818181818182,6.0
163167,1,12,12,0.5833333333333334,6.5
163175,1,18,18,0.6666666666666666,9.5
163192,1,4,4,0.25,2.5
163197,1,5,5,0.0,3.0
163198,1,5,5,0.2,3.0
163200,1,12,12,0.8333333333333334,6.5
163217,1,18,18,0.5555555555555556,9.5
163220,1,2,2,0.0,1.5
163222,1,9,9,0.8888888888888888,5.0
163223,1,1,1,0.0,1.0
163228,2,25,25,0.8,8.44
163235,1,17,17,0.5294117647058824,9.0
163244,2,23,23,0.8260869565217391,6.782608695652174
163254,1,17,17,0.7647058823529411,9.0
163259,1,6,6,0.8333333333333334,3.5
163278,1,22,22,0.45454545454545453,11.5
163282,2,21,21,0.6190476190476191,7.190476190476191
163295,1,16,16,0.5625,8.5
163311,1,6,6,0.0,3.5
163314,2,12,11,0.16666666666666666,4.25
163322,1,5,5,0.8,3.0
163324,1,19,19,0.8947368421052632,10.0
163329,1,5,5,0.8,3.0
163333,1,15,15,0.6666666666666666,8.0
163336,2,5,5,1.0,1.8
163340,1,4,4,1.0,2.5
163348,1,6,6,1.0,3.5
163354,1,7,7,0.8571428571428571,4.0
163375,1,14,14,0.7142857142857143,7.5
163376,1,2,2,1.0,1.5
163383,1,19,19,0.6842105263157895,10.0
163395,1,23,23,1.0,12.0
163409,1,18,18,0.6666666666666666,9.5
163425,1,5,5,0.0,3.0
163438,1,10,10,0.2,5.5
163442,1,5,5,1.0,3.0
163460,1,13,13,0.46153846153846156,7.0
163473,1,21,21,0.5714285714285714,11.0
163484,1,18,18,0.05555555555555555,9.5
163506,1,32,32,0.875,16.5
163515,1,8,8,0.375,4.5
163535,1,16,16,0.0,8.5
163558,1,5,5,0.8,3.0
163562,1,9,9,0.2222222222222222,5.0
163579,1,11,11,0.8181818181818182,6.0
163606,1,14,14,0.5714285714285714,7.5
163618,1,7,7,1.0,4.0
163627,1,9,9,0.2222222222222222,5.0
163637,1,14,14,0.21428571428571427,7.5
163644,1,16,16,0.875,8.5
163656,1,6,6,0.8333333333333334,3.5
163662,2,10,10,0.4,3.1
163668,1,6,6,0.8333333333333334,3.5
163677,1,12,12,1.0,6.5
163678,1,3,3,0.0,2.0
163680,1,4,4,0.75,2.5
163690,1,8,8,0.875,4.5
163696,1,20,20,0.4,10.5
163731,1,6,6,0.5,3.5
163734,1,37,37,0.7027027027027027,19.0
163776,1,17,17,0.4117647058823529,9.0
163781,1,2,2,0.0,1.5
163789,1,28,28,0.75,14.5
163790,1,20,20,0.7,10.5
163791,1,32,32,0.65625,16.5
163794,1,11,11,0.7272727272727273,6.0
163795,1,14,14,0.5,7.5
163798,1,9,9,0.1111111111111111,5.0
163803,1,5,5,1.0,3.0
163819,1,15,15,0.9333333333333333,8.0
163822,1,7,7,0.42857142857142855,4.0
163831,1,12,12,0.0,6.5
163834,1,2,2,0.5,1.5
163836,1,3,3,0.6666666666666666,2.0
163837,1,4,4,1.0,2.5
163848,1,6,6,1.0,3.5
163857,2,27,27,0.6296296296296297,7.481481481481482
163860,1,6,6,1.0,3.5
163867,1,19,19,0.5263157894736842,10.0
163874,1,4,4,0.5,2.5
163895,1,24,24,0.9166666666666666,12.5
163907,1,11,11,0.18181818181818182,6.0
163919,1,2,2,1.0,1.5
163939,1,30,30,0.7333333333333333,15.5
163969,1,30,30,0.4,15.5
163993,1,9,9,1.0,5.0
164009,1,1,1,1.0,1.0
164019,1,8,8,0.0,4.5
164020,1,7,7,0.42857142857142855,4.0
164035,1,15,15,0.8,8.0
164038,1,14,14,0.0,7.5
164046,1,11,11,0.5454545454545454,6.0
164055,1,20,20,0.85,10.5
164056,1,1,1,1.0,1.0
164066,1,10,10,0.7,5.5
164070,1,3,3,0.0,2.0
164090,1,11,11,0.9090909090909091,6.0
164110,1,2,2,1.0,1.5
164113,1,5,5,0.6,3.0
164118,1,13,13,0.6923076923076923,7.0
164140,1,7,7,1.0,4.0
164141,1,8,8,0.875,4.5
164145,1,13,13,1.0,7.0
164176,1,6,6,0.5,3.5
164182,1,3,3,0.0,2.0
164271,1,13,13,0.38461538461538464,7.0
164292,1,11,11,0.45454545454545453,6.0
164298,1,4,4,0.5,2.5
164319,1,24,24,0.20833333333333334,12.5
164326,2,15,15,0.8666666666666667,4.4
164327,1,10,10,0.0,5.5
164359,1,9,9,0.5555555555555556,5.0
164360,1,2,2,0.5,1.5
164361,1,5,5,0.8,3.0
164364,1,15,15,0.6,8.0
164395,1,7,7,0.42857142857142855,4.0
164404,1,6,6,0.8333333333333334,3.5
164437,1,20,20,0.55,10.5
164465,1,21,21,0.19047619047619047,11.0
164469,1,2,2,1.0,1.5
164479,1,1,1,0.0,1.0
164484,1,17,17,0.4117647058823529,9.0
164494,1,9,9,1.0,5.0
164514,2,19,12,0.7368421052631579,5.2631578947368425
164517,1,1,1,1.0,1.0
164531,1,4,4,0.5,2.5
164542,1,6,6,0.8333333333333334,3.5
164576,1,14,14,0.42857142857142855,7.5
164581,1,10,10,0.8,5.5
164589,1,9,9,1.0,5.0
164612,1,15,15,0.9333333333333333,8.0
164622,1,10,10,0.5,5.5
164637,1,6,6,0.3333333333333333,3.5
164646,1,1,1,1.0,1.0
164650,1,18,18,0.05555555555555555,9.5
164657,2,54,50,0.5740740740740741,15.5
164668,1,8,8,0.0,4.5
164669,1,14,14,0.42857142857142855,7.5
164672,1,30,30,0.3,15.5
164674,1,13,13,0.6153846153846154,7.0
164699,2,19,18,0.631578947368421,5.368421052631579
164717,1,6,6,0.5,3.5
164721,1,2,2,1.0,1.5
164724,1,10,10,0.9,5.5
164732,1,2,2,0.5,1.5
164752,1,17,17,0.23529411764705882,9.0
164762,1,2,2,0.0,1.5
164764,1,4,4,1.0,2.5
164774,1,15,15,0.7333333333333333,8.0
164775,1,19,19,0.7894736842105263,10.0
164779,1,1,1,1.0,1.0
164785,1,2,2,0.5,1.5
164799,1,10,10,0.8,5.5
164806,1,10,10,0.1,5.5
164811,2,7,7,0.7142857142857143,3.142857142857143
164822,1,13,13,0.0,7.0
164823,1,12,12,0.4166666666666667,6.5
164847,1,9,9,1.0,5.0
164863,1,4,4,0.5,2.5
164868,2,9,8,0.2222222222222222,2.7777777777777777
164876,1,17,17,0.7058823529411765,9.0
164887,1,13,13,0.8461538461538461,7.0
164892,1,5,5,0.4,3.0
164894,1,5,5,0.8,3.0
164896,1,5,5,0.0,3.0
164908,1,15,15,0.8666666666666667,8.0
164921,1,1,1,1.0,1.0
164924,1,3,3,1.0,2.0
164941,2,25,21,0.92,6.76
164946,1,7,7,1.0,4.0
164949,1,14,14,0.8571428571428571,7.5
164956,2,57,57,0.21052631578947367,15.491228070175438
164962,1,2,2,0.0,1.5
164971,1,11,11,0.9090909090909091,6.0
164976,1,4,4,0.5,2.5
164991,1,11,11,1.0,6.0
165000,1,10,10,0.0,5.5
165005,1,9,9,1.0,5.0
165026,2,17,17,0.29411764705882354,5.470588235294118
165048,1,2,2,1.0,1.5
165049,1,4,4,1.0,2.5
165075,1,10,10,0.6,5.5
165076,2,29,29,0.9655172413793104,7.827586206896552
165094,1,3,3,0.6666666666666666,2.0
165106,1,10,10,0.1,5.5
165121,1,12,12,0.6666666666666666,6.5
165142,1,19,19,0.7894736842105263,10.0
165172,1,6,6,0.6666666666666666,3.5
165173,1,11,11,0.6363636363636364,6.0
165181,1,9,9,0.3333333333333333,5.0
165192,1,3,3,0.0,2.0
165194,1,1,1,1.0,1.0
165200,1,9,9,0.6666666666666666,5.0
165201,1,7,7,0.7142857142857143,4.0
165213,1,5,5,1.0,3.0
165222,1,32,32,0.71875,16.5
165230,1,11,11,0.5454545454545454,6.0
165233,1,6,6,1.0,3.5
165245,1,7,7,0.14285714285714285,4.0
165255,1,30,30,0.2,15.5
165258,1,4,4,0.0,2.5
165263,1,16,16,0.1875,8.5
165272,1,8,8,1.0,4.5
165275,1,11,11,0.8181818181818182,6.0
165287,1,3,3,1.0,2.0
165292,1,33,33,0.9393939393939394,17.0
165294,3,38,34,0.6842105263157895,7.815789473684211
165298,1,5,5,1.0,3.0
165302,1,11,11,0.8181818181818182,6.0
165317,1,15,15,0.9333333333333333,8.0
165337,1,35,35,0.8285714285714286,18.0
165347,1,1,1,1.0,1.0
165349,1,7,7,0.2857142857142857,4.0
165365,2,27,20,0.7407407407407407,7.703703703703703
165372,1,1,1,1.0,1.0
165375,1,11,11,1.0,6.0
165380,1,13,13,0.0,7.0
165398,1,1,1,1.0,1.0
165411,1,6,6,0.8333333333333334,3.5
165448,1,11,11,0.7272727272727273,6.0
165475,1,4,4,0.75,2.5
165488,1,1,1,1.0,1.0
165528,1,9,9,0.6666666666666666,5.0
165533,1,19,19,0.6842105263157895,10.0
165547,1,6,6,0.3333333333333333,3.5
165552,1,18,18,0.2222222222222222,9.5
165596,1,1,1,1.0,1.0
165606,1,10,10,0.9,5.5
165618,1,1,1,1.0,1.0
165654,1,10,10,0.6,5.5
165667,1,7,7,1.0,4.0
165671,1,7,7,0.5714285714285714,4.0
165684,1,3,3,0.6666666666666666,2.0
165704,1,18,18,0.9444444444444444,9.5
165709,1,1,1,1.0,1.0
165719,1,14,14,0.0,7.5
165735,1,13,13,0.6153846153846154,7.0
165777,1,7,7,0.42857142857142855,4.0
165796,1,9,9,0.8888888888888888,5.0
165810,1,17,17,1.0,9.0
165812,1,18,18,0.8888888888888888,9.5
165813,1,10,10,0.8,5.5
165814,1,7,7,1.0,4.0
165819,1,1,1,1.0,1.0
165820,1,9,9,1.0,5.0
165844,1,5,5,0.6,3.0
165851,1,7,7,1.0,4.0
165868,1,5,5,1.0,3.0
165873,1,19,19,0.0,10.0
165879,1,9,9,0.0,5.0
165925,1,8,8,0.0,4.5
165930,1,5,5,0.8,3.0
165953,1,6,6,1.0,3.5
165958,1,3,3,0.3333333333333333,2.0
165961,1,13,13,0.0,7.0
165966,1,8,8,0.0,4.5
166016,1,7,7,0.42857142857142855,4.0
166021,1,9,9,0.8888888888888888,5.0
166042,1,14,14,0.7142857142857143,7.5
166061,1,3,3,0.6666666666666666,2.0
166079,1,8,8,0.125,4.5
166086,1,8,8,0.0,4.5
166093,1,5,5,1.0,3.0
166102,1,12,12,0.6666666666666666,6.5
166118,1,9,9,0.2222222222222222,5.0
166125,1,11,11,0.36363636363636365,6.0
166136,2,21,21,0.9047619047619048,7.190476190476191
166141,2,9,9,0.4444444444444444,3.0
166157,1,5,5,1.0,3.0
166177,1,9,9,0.5555555555555556,5.0
166179,1,3,3,0.3333333333333333,2.0
166191,1,8,8,0.25,4.5
166208,1,2,2,1.0,1.5
166212,1,1,1,1.0,1.0
166220,1,6,6,0.3333333333333333,3.5
166226,1,17,17,0.4117647058823529,9.0
166231,1,6,6,1.0,3.5
166255,1,21,21,0.5238095238095238,11.0
166260,1,10,10,0.2,5.5
166270,1,31,31,0.22580645161290322,16.0
166292,1,6,6,0.6666666666666666,3.5
166301,1,16,16,0.375,8.5
166304,2,10,10,1.0,3.9
166310,1,8,8,0.625,4.5
166324,1,18,18,0.4444444444444444,9.5
166346,1,6,6,1.0,3.5
166348,1,5,5,0.0,3.0
166360,1,26,26,0.2692307692307692,13.5
166365,1,6,6,0.16666666666666666,3.5
166366,1,7,7,0.2857142857142857,4.0
166381,1,8,8,0.125,4.5
166385,1,1,1,1.0,1.0
166398,1,18,18,0.2222222222222222,9.5
166399,1,11,11,0.7272727272727273,6.0
166434,1,19,19,0.2631578947368421,10.0
166449,2,13,13,0.6923076923076923,3.923076923076923
166450,1,19,19,1.0,10.0
166458,1,4,4,0.0,2.5
166460,1,13,13,0.3076923076923077,7.0
166465,1,17,17,0.8823529411764706,9.0
166466,1,3,3,1.0,2.0
166469,1,6,6,0.16666666666666666,3.5
166492,2,15,14,0.4666666666666667,4.4
166512,1,9,9,1.0,5.0
166515,1,9,9,0.6666666666666666,5.0
166521,1,16,16,0.8125,8.5
166524,1,10,10,0.4,5.5
166534,2,45,45,0.6444444444444445,18.555555555555557
166538,1,5,5,0.0,3.0
166540,1,2,2,1.0,1.5
166548,1,18,18,1.0,9.5
166594,1,7,7,0.5714285714285714,4.0
166603,1,6,6,0.5,3.5
166608,1,4,4,1.0,2.5
166625,1,25,25,0.8,13.0
166632,1,5,5,0.6,3.0
166645,1,8,8,0.625,4.5
166654,1,34,34,0.9117647058823529,17.5
166655,2,31,24,0.967741935483871,8.32258064516129
166671,1,11,11,0.36363636363636365,6.0
166681,1,12,12,0.25,6.5
166694,1,8,8,0.0,4.5
166695,1,32,32,1.0,16.5
166700,1,4,4,1.0,2.5
166715,1,26,26,0.7307692307692307,13.5
166725,1,6,6,0.6666666666666666,3.5
166728,1,25,25,0.76,13.0
166743,1,43,43,0.5348837209302325,22.0
166748,1,21,21,0.19047619047619047,11.0
166785,2,13,13,0.5384615384615384,4.6923076923076925
166795,1,13,13,1.0,7.0
166804,1,2,2,1.0,1.5
166808,1,3,3,0.6666666666666666,2.0
166817,1,4,4,1.0,2.5
166828,1,11,11,0.36363636363636365,6.0
166835,1,11,11,0.45454545454545453,6.0
166836,1,19,19,0.631578947368421,10.0
166843,1,26,26,0.0,13.5
166866,2,18,17,0.6111111111111112,5.5
166894,1,21,21,0.47619047619047616,11.0
166902,1,9,9,0.4444444444444444,5.0
166905,1,3,3,0.3333333333333333,2.0
166908,1,12,12,0.4166666666666667,6.5
166917,1,11,11,0.45454545454545453,6.0
166919,1,6,6,0.5,3.5
166938,1,23,23,0.7391304347826086,12.0
166943,1,5,5,0.8,3.0
166959,1,6,6,0.0,3.5
166965,1,6,6,0.0,3.5
166968,1,22,22,0.7727272727272727,11.5
166980,1,6,6,0.6666666666666666,3.5
166982,1,1,1,1.0,1.0
166987,1,22,22,0.7272727272727273,11.5
167028,1,10,10,0.5,5.5
167030,1,11,11,0.9090909090909091,6.0
167037,1,20,20,0.45,10.5
167040,1,4,4,0.75,2.5
167046,1,10,10,0.7,5.5
167055,1,12,12,1.0,6.5
167088,1,29,29,0.6551724137931034,15.0
167114,1,18,18,0.16666666666666666,9.5
167125,1,3,3,0.6666666666666666,2.0
167139,1,8,8,0.75,4.5
167153,1,24,24,0.6666666666666666,12.5
167155,1,4,4,1.0,2.5
167156,1,13,13,0.9230769230769231,7.0
167159,1,4,4,0.25,2.5
167193,1,20,20,0.0,10.5
167208,1,5,5,1.0,3.0
167209,1,6,6,0.0,3.5
167224,1,20,20,0.85,10.5
167232,1,7,7,1.0,4.0
167233,1,7,7,1.0,4.0
167255,1,2,2,1.0,1.5
167262,1,1,1,1.0,1.0
167265,1,9,9,1.0,5.0
167267,1,12,12,1.0,6.5
167271,2,19,19,0.7894736842105263,5.368421052631579
167273,2,20,20,0.55,5.55
167275,1,7,7,0.5714285714285714,4.0
167284,1,1,1,0.0,1.0
167292,1,7,7,0.8571428571428571,4.0
167298,1,6,6,0.8333333333333334,3.5
167308,1,29,29,0.27586206896551724,15.0
167309,1,14,14,0.9285714285714286,7.5
167316,1,12,12,1.0,6.5
167325,1,8,8,0.125,4.5
167345,1,8,8,0.75,4.5
167350,1,10,10,0.4,5.5
167363,1,3,3,0.6666666666666666,2.0
167367,1,2,2,1.0,1.5
167372,1,11,11,0.8181818181818182,6.0
167386,1,2,2,1.0,1.5
167388,1,22,22,0.13636363636363635,11.5
167391,1,1,1,1.0,1.0
167392,1,10,10,0.2,5.5
167393,1,9,9,0.0,5.0
167410,1,6,6,0.5,3.5
167425,1,13,13,0.46153846153846156,7.0
167427,2,53,45,0.7924528301886793,13.79245283018868
167438,1,11,11,1.0,6.0
167449,1,17,17,0.7058823529411765,9.0
167461,2,27,27,0.8888888888888888,7.2592592592592595
167490,1,26,26,0.8846153846153846,13.5
167491,3,25,24,0.8,4.92
167495,1,16,16,0.9375,8.5
167504,1,18,18,0.7777777777777778,9.5
167506,1,2,2,0.5,1.5
167526,1,20,20,0.9,10.5
167532,1,6,6,0.16666666666666666,3.5
167548,1,4,4,1.0,2.5
167567,1,8,8,0.75,4.5
167586,1,4,4,0.0,2.5
167608,1,11,11,0.6363636363636364,6.0
167610,1,7,7,0.7142857142857143,4.0
167611,2,25,18,1.0,7.0
167613,1,24,24,0.20833333333333334,12.5
167628,1,20,20,0.0,10.5
167631,1,6,6,0.0,3.5
167641,1,11,11,0.7272727272727273,6.0
167649,1,13,13,0.7692307692307693,7.0
167664,1,2,2,0.5,1.5
167666,1,2,2,0.5,1.5
167671,1,4,4,1.0,2.5
167674,1,2,2,0.5,1.5
167677,1,6,6,0.8333333333333334,3.5
167689,1,2,2,1.0,1.5
167694,1,13,13,0.5384615384615384,7.0
167700,1,5,5,0.0,3.0
167717,1,2,2,1.0,1.5
167726,1,14,14,0.0,7.5
167728,1,2,2,0.0,1.5
167782,1,14,14,0.6428571428571429,7.5
167797,1,10,10,0.5,5.5
167804,1,1,1,0.0,1.0
167806,1,8,8,0.5,4.5
167817,1,7,7,0.5714285714285714,4.0
167874,1,3,3,1.0,2.0
167894,1,2,2,0.5,1.5
167899,2,10,10,0.8,3.0
167901,1,6,6,1.0,3.5
167932,1,12,12,0.8333333333333334,6.5
167951,1,1,1,0.0,1.0
167957,1,9,9,1.0,5.0
167970,1,8,8,0.0,4.5
167982,1,12,12,0.75,6.5
167990,1,2,2,1.0,1.5
168003,1,4,4,0.5,2.5
168005,1,11,11,0.6363636363636364,6.0
168006,2,23,22,0.043478260869565216,6.3478260869565215
168009,1,6,6,0.5,3.5
168014,1,33,33,0.6666666666666666,17.0
168033,1,10,10,0.1,5.5
168085,1,9,9,0.4444444444444444,5.0
168089,1,4,4,0.75,2.5
168134,1,15,15,0.4666666666666667,8.0
168155,1,4,4,1.0,2.5
168162,2,10,10,1.0,3.0
168164,1,9,9,0.3333333333333333,5.0
168173,1,27,27,0.5185185185185185,14.0
168180,1,22,22,0.36363636363636365,11.5
168186,1,23,23,0.5652173913043478,12.0
168187,1,8,8,0.5,4.5
168197,1,19,19,0.42105263157894735,10.0
168206,1,6,6,0.5,3.5
168208,1,22,22,0.45454545454545453,11.5
168219,1,3,3,0.3333333333333333,2.0
168223,1,2,2,0.5,1.5
168231,1,8,8,0.75,4.5
168274,2,15,15,0.3333333333333333,4.4
168312,1,6,6,0.0,3.5
168398,1,4,4,0.25,2.5
168403,1,5,5,1.0,3.0
168416,1,9,9,0.0,5.0
168424,1,11,11,0.8181818181818182,6.0
168426,1,5,5,0.0,3.0
168432,1,2,2,0.5,1.5
168436,1,19,19,0.6842105263157895,10.0
168438,1,5,5,1.0,3.0
168449,1,9,9,0.8888888888888888,5.0
168453,1,17,17,0.7058823529411765,9.0
168458,1,5,5,0.2,3.0
168463,1,3,3,0.0,2.0
168488,1,3,3,1.0,2.0
168493,1,5,5,0.4,3.0
168497,2,9,9,1.0,3.0
168508,1,12,12,0.9166666666666666,6.5
168542,1,8,8,0.875,4.5
168546,1,12,12,0.25,6.5
168565,1,12,12,0.5833333333333334,6.5
168570,1,22,22,0.9545454545454546,11.5
168588,1,2,2,0.0,1.5
168641,1,17,17,0.8823529411764706,9.0
168651,2,46,46,0.4782608695652174,15.130434782608695
168667,1,11,11,1.0,6.0
168673,1,4,4,0.0,2.5
168679,1,3,3,1.0,2.0
168706,1,18,18,0.6666666666666666,9.5
168708,1,6,6,0.6666666666666666,3.5
168721,1,4,4,0.25,2.5
168731,1,6,6,0.6666666666666666,3.5
168737,1,11,11,0.2727272727272727,6.0
168768,1,10,10,0.6,5.5
168799,2,15,14,0.5333333333333333,4.266666666666667
168811,1,15,15,0.7333333333333333,8.0
168818,1,8,8,1.0,4.5
168830,1,14,14,0.21428571428571427,7.5
168831,1,24,24,0.3333333333333333,12.5
168853,1,18,18,0.2222222222222222,9.5
168855,1,10,10,0.9,5.5
168862,1,11,11,0.6363636363636364,6.0
168864,1,16,16,0.0,8.5
168866,1,16,16,0.625,8.5
168879,1,6,6,0.5,3.5
168883,2,35,35,0.6285714285714286,9.314285714285715
168902,1,9,9,0.4444444444444444,5.0
168904,1,12,12,0.8333333333333334,6.5
168907,1,15,15,0.26666666666666666,8.0
168921,1,13,13,1.0,7.0
168925,1,4,4,1.0,2.5
168938,1,13,13,0.9230769230769231,7.0
168940,1,21,21,0.8571428571428571,11.0
168942,1,5,5,0.8,3.0
168985,2,7,7,0.5714285714285714,2.2857142857142856
168986,1,14,14,0.7142857142857143,7.5
169007,1,5,5,1.0,3.0
169009,1,6,6,0.16666666666666666,3.5
169032,1,24,24,0.9583333333333334,12.5
169036,1,8,8,0.375,4.5
169039,1,3,3,0.3333333333333333,2.0
169049,1,8,8,1.0,4.5
169068,1,6,6,0.3333333333333333,3.5
169071,1,13,13,0.8461538461538461,7.0
169080,1,4,4,0.5,2.5
169084,1,10,10,0.5,5.5
169098,1,18,18,0.2777777777777778,9.5
169114,1,3,3,0.3333333333333333,2.0
169148,1,6,6,0.3333333333333333,3.5
169163,1,6,6,0.5,3.5
169187,2,20,20,0.25,5.7
169198,1,19,19,0.3684210526315789,10.0
169199,1,4,4,1.0,2.5
169226,1,9,9,1.0,5.0
169231,1,6,6,0.6666666666666666,3.5
169246,1,8,8,0.25,4.5
169247,1,6,6,0.3333333333333333,3.5
169248,1,3,3,0.6666666666666666,2.0
169259,1,3,3,1.0,2.0
169266,1,39,39,0.46153846153846156,20.0
169271,1,6,6,0.5,3.5
169275,1,27,27,0.5925925925925926,14.0
169288,1,4,4,1.0,2.5
169290,1,18,18,0.8888888888888888,9.5
169292,1,9,9,0.3333333333333333,5.0
169302,1,6,6,0.6666666666666666,3.5
169314,1,20,20,0.0,10.5
169324,1,14,14,0.35714285714285715,7.5
169326,1,5,5,0.0,3.0
169329,1,11,11,0.18181818181818182,6.0
169338,1,7,7,0.8571428571428571,4.0
169344,1,5,5,1.0,3.0
169352,1,11,11,1.0,6.0
169368,2,19,19,0.6842105263157895,5.578947368421052
169380,1,28,28,0.5714285714285714,14.5
169384,1,7,7,0.0,4.0
169392,1,1,1,1.0,1.0
169398,2,4,4,0.75,1.75
169403,1,8,8,0.625,4.5
169404,1,1,1,0.0,1.0
169431,1,12,12,0.0,6.5
169444,1,11,11,0.0,6.0
169459,1,10,10,0.7,5.5
169467,1,18,18,0.5555555555555556,9.5
169474,1,6,6,0.6666666666666666,3.5
169480,1,19,19,0.631578947368421,10.0
169487,1,7,7,0.0,4.0
169500,1,3,3,1.0,2.0
169506,1,9,9,0.7777777777777778,5.0
169517,2,7,7,0.5714285714285714,2.5714285714285716
169542,1,2,2,1.0,1.5
169550,4,123,113,0.7723577235772358,16.195121951219512
169567,1,7,7,0.42857142857142855,4.0
169585,1,9,9,0.1111111111111111,5.0
169586,5,40,40,0.475,10.2
169597,1,12,12,0.5833333333333334,6.5
169598,1,12,12,0.0,6.5
169600,1,13,13,0.6153846153846154,7.0
169621,3,28,28,0.5714285714285714,5.75
169629,1,15,15,0.8,8.0
169638,2,23,23,0.782608695652174,7.130434782608695
169644,1,9,9,0.4444444444444444,5.0
169654,2,11,11,0.7272727272727273,3.272727272727273
169708,1,11,11,0.7272727272727273,6.0
169712,1,23,23,0.7391304347826086,12.0
169713,1,9,9,0.8888888888888888,5.0
169731,1,21,21,0.9523809523809523,11.0
169792,1,13,13,0.9230769230769231,7.0
169803,1,2,2,1.0,1.5
169816,1,16,16,0.5625,8.5
169818,1,19,19,0.7894736842105263,10.0
169832,2,13,13,0.6153846153846154,3.923076923076923
169845,1,3,3,0.3333333333333333,2.0
169857,2,53,48,0.5849056603773585,17.71698113207547
169912,1,20,20,0.0,10.5
169948,1,11,11,0.45454545454545453,6.0
169954,1,2,2,0.0,1.5
169956,1,26,26,0.0,13.5
169988,1,11,11,0.45454545454545453,6.0
169990,1,7,7,0.8571428571428571,4.0
169991,1,16,16,0.8125,8.5
169997,1,10,10,0.0,5.5
170007,2,21,21,0.6666666666666666,6.333333333333333
170010,1,12,12,0.0,6.5
170012,1,5,5,0.6,3.0
170023,1,1,1,0.0,1.0
170028,1,7,7,0.42857142857142855,4.0
170030,1,5,5,1.0,3.0
170039,1,7,7,1.0,4.0
170068,1,21,21,0.9047619047619048,11.0
170069,1,1,1,1.0,1.0
170071,1,10,10,0.7,5.5
170096,2,12,11,0.75,3.5
170100,2,23,19,0.8260869565217391,6.3478260869565215
170114,1,28,28,0.8214285714285714,14.5
170119,1,10,10,1.0,5.5
170157,1,7,7,0.8571428571428571,4.0
170202,1,21,21,0.42857142857142855,11.0
170217,1,15,15,1.0,8.0
170224,1,6,6,0.8333333333333334,3.5
170228,1,3,3,1.0,2.0
170233,1,13,13,0.5384615384615384,7.0
170242,1,9,9,0.5555555555555556,5.0
170243,1,6,6,0.0,3.5
170244,1,2,2,0.0,1.5
170246,1,3,3,1.0,2.0
170248,3,30,30,0.5,7.533333333333333
170261,1,10,10,0.0,5.5
170280,2,32,25,1.0,9.28125
170325,1,2,2,1.0,1.5
170363,1,10,10,0.3,5.5
170382,1,28,28,0.0,14.5
170383,1,10,10,0.3,5.5
170404,2,13,13,0.9230769230769231,3.769230769230769
170406,1,9,9,1.0,5.0
170433,1,11,11,0.0,6.0
170435,1,7,7,0.8571428571428571,4.0
170451,1,7,7,0.2857142857142857,4.0
170459,1,5,5,0.4,3.0
170461,1,10,10,0.8,5.5
170482,1,2,2,0.5,1.5
170494,1,17,17,0.6470588235294118,9.0
170504,1,1,1,1.0,1.0
170511,1,11,11,0.6363636363636364,6.0
170527,1,17,17,0.9411764705882353,9.0
170533,1,7,7,1.0,4.0
170536,1,3,3,1.0,2.0
170539,2,16,13,0.875,5.0625
170542,1,8,8,0.75,4.5
170548,2,36,36,0.6944444444444444,11.75
170552,1,20,20,0.65,10.5
170580,1,16,16,0.3125,8.5
170581,1,14,14,1.0,7.5
170588,1,2,2,1.0,1.5
170591,1,3,3,1.0,2.0
170615,1,25,25,0.76,13.0
170634,1,4,4,0.0,2.5
170664,1,1,1,1.0,1.0
170674,1,1,1,1.0,1.0
170679,1,10,10,0.8,5.5
170687,1,9,9,0.8888888888888888,5.0
170693,1,5,5,0.8,3.0
170700,1,47,47,0.9361702127659575,24.0
170703,1,11,11,0.6363636363636364,6.0
170704,1,16,16,0.5625,8.5
170711,1,9,9,0.0,5.0
170716,1,8,8,0.25,4.5
170722,1,6,6,1.0,3.5
170729,1,27,27,0.4444444444444444,14.0
170758,1,28,28,0.5357142857142857,14.5
170768,2,35,30,0.7142857142857143,9.314285714285715
170821,1,9,9,0.7777777777777778,5.0
170822,1,7,7,1.0,4.0
170824,1,28,28,0.8571428571428571,14.5
170825,1,3,3,0.3333333333333333,2.0
170829,1,24,24,0.0,12.5
170830,1,30,30,0.36666666666666664,15.5
170847,1,28,28,0.6428571428571429,14.5
170857,1,7,7,0.8571428571428571,4.0
170867,1,11,11,0.8181818181818182,6.0
170882,1,12,12,0.9166666666666666,6.5
170884,1,38,38,0.868421052631579,19.5
170887,1,11,11,1.0,6.0
170892,1,3,3,0.6666666666666666,2.0
170893,1,4,4,0.75,2.5
170906,1,27,27,0.18518518518518517,14.0
170909,1,15,15,0.4666666666666667,8.0
170911,1,6,6,0.16666666666666666,3.5
170918,1,6,6,0.8333333333333334,3.5
170930,1,10,10,0.1,5.5
170937,1,9,9,1.0,5.0
170941,1,30,30,0.8666666666666667,15.5
170946,1,1,1,0.0,1.0
170962,1,1,1,1.0,1.0
170975,1,18,18,0.7777777777777778,9.5
170977,1,20,20,0.9,10.5
170987,1,15,15,0.4,8.0
170996,1,5,5,0.2,3.0
170998,1,13,13,0.8461538461538461,7.0
171018,1,11,11,0.8181818181818182,6.0
171019,1,7,7,0.5714285714285714,4.0
171039,1,14,14,0.0,7.5
171041,1,3,3,1.0,2.0
171042,1,4,4,0.5,2.5
171046,1,16,16,0.5,8.5
171060,1,11,11,0.2727272727272727,6.0
171067,1,28,28,0.5,14.5
171075,1,10,10,0.3,5.5
171083,1,8,8,0.375,4.5
171096,1,8,8,0.875,4.5
171102,1,9,9,0.0,5.0
171109,2,15,15,0.7333333333333333,4.266666666666667
171125,1,17,17,0.8235294117647058,9.0
171143,1,7,7,1.0,4.0
171162,1,12,12,0.08333333333333333,6.5
171188,1,11,11,0.7272727272727273,6.0
171191,1,2,2,0.0,1.5
171195,1,4,4,0.0,2.5
171199,1,8,8,0.125,4.5
171207,1,1,1,1.0,1.0
171236,2,24,24,0.8333333333333334,6.666666666666667
171240,1,1,1,1.0,1.0
171244,1,12,12,0.16666666666666666,6.5
171248,1,12,12,0.75,6.5
171255,1,15,15,0.8666666666666667,8.0
171296,1,2,2,1.0,1.5
171301,1,7,7,0.0,4.0
171305,1,14,14,0.42857142857142855,7.5
171309,1,8,8,0.75,4.5
171318,2,15,14,0.26666666666666666,5.6
171337,1,24,24,0.6666666666666666,12.5
171338,1,6,6,1.0,3.5
171349,1,15,15,0.7333333333333333,8.0
171358,1,18,18,0.3333333333333333,9.5
171375,1,4,4,0.5,2.5
171380,1,12,12,0.5,6.5
171383,1,8,8,0.625,4.5
171398,1,2,2,1.0,1.5
171400,1,9,9,0.3333333333333333,5.0
171407,2,4,4,0.5,1.75
171416,1,13,13,0.6153846153846154,7.0
171417,2,13,10,0.7692307692307693,3.923076923076923
171433,1,9,9,0.1111111111111111,5.0
171441,1,20,20,0.55,10.5
171465,1,7,7,0.7142857142857143,4.0
171470,1,6,6,0.5,3.5
171480,1,9,9,0.6666666666666666,5.0
171485,1,14,14,0.0,7.5
171512,1,2,2,1.0,1.5
171519,1,4,4,0.0,2.5
171540,1,10,10,1.0,5.5
171542,1,11,11,0.9090909090909091,6.0
171551,1,10,10,0.6,5.5
171563,1,1,1,1.0,1.0
171566,1,15,15,0.6,8.0
171573,1,13,13,0.6923076923076923,7.0
171579,1,13,13,0.38461538461538464,7.0
171586,1,20,20,0.9,10.5
171596,1,2,2,0.5,1.5
171599,1,6,6,1.0,3.5
171603,1,5,5,0.0,3.0
171605,1,4,4,1.0,2.5
171615,1,4,4,0.75,2.5
171624,1,7,7,0.5714285714285714,4.0
171626,1,29,29,0.7931034482758621,15.0
171661,1,24,24,0.875,12.5
171666,1,7,7,1.0,4.0
171667,1,25,25,0.12,13.0
171671,1,9,9,0.5555555555555556,5.0
171676,1,6,6,0.5,3.5
171677,1,11,11,0.9090909090909091,6.0
171684,1,5,5,1.0,3.0
171699,1,21,21,0.14285714285714285,11.0
171703,1,6,6,0.5,3.5
171704,1,1,1,1.0,1.0
171712,1,10,10,0.0,5.5
171723,1,14,14,0.6428571428571429,7.5
171731,1,9,9,0.8888888888888888,5.0
171736,1,28,28,0.75,14.5
171747,1,3,3,0.6666666666666666,2.0
171756,1,2,2,1.0,1.5
171757,1,19,19,0.0,10.0
171771,2,35,35,0.7142857142857143,9.6
171781,1,11,11,0.36363636363636365,6.0
171782,1,7,7,0.14285714285714285,4.0
171785,2,8,8,0.625,3.625
171790,1,2,2,0.0,1.5
171807,1,4,4,1.0,2.5
171820,1,6,6,0.5,3.5
171836,1,7,7,0.2857142857142857,4.0
171850,2,14,14,0.8571428571428571,4.642857142857143
171861,1,12,12,0.75,6.5
171888,1,14,14,0.8571428571428571,7.5
171905,1,29,29,0.7241379310344828,15.0
171918,1,11,11,1.0,6.0
171931,1,5,5,0.4,3.0
171945,1,8,8,0.0,4.5
171956,1,18,18,1.0,9.5
171969,1,9,9,0.7777777777777778,5.0
171971,1,10,10,0.0,5.5
171972,1,2,2,0.0,1.5
171983,1,8,8,1.0,4.5
171999,1,12,12,0.25,6.5
172004,1,6,6,0.0,3.5
172032,1,33,33,0.696969696969697,17.0
172034,1,15,15,0.8666666666666667,8.0
172036,1,14,14,0.7142857142857143,7.5
172065,2,45,45,0.6888888888888889,11.755555555555556
172070,1,26,26,0.7692307692307693,13.5
172071,1,7,7,0.2857142857142857,4.0
172083,1,9,9,0.0,5.0
172088,2,43,40,0.7441860465116279,11.953488372093023
172096,1,4,4,1.0,2.5
172098,1,8,8,1.0,4.5
172134,1,1,1,1.0,1.0
172140,1,5,5,0.0,3.0
172155,1,15,15,0.3333333333333333,8.0
172170,1,3,3,0.0,2.0
172171,1,3,3,0.6666666666666666,2.0
172204,1,28,28,0.9642857142857143,14.5
172223,1,4,4,1.0,2.5
172226,1,19,19,0.5789473684210527,10.0
172259,1,4,4,0.75,2.5
172275,1,1,1,1.0,1.0
172302,1,11,11,0.09090909090909091,6.0
172325,1,7,7,0.5714285714285714,4.0
172327,1,8,8,0.75,4.5
172340,1,18,18,0.8333333333333334,9.5
172345,1,9,9,1.0,5.0
172384,1,7,7,0.14285714285714285,4.0
172387,1,6,6,0.8333333333333334,3.5
172391,1,4,4,0.25,2.5
172407,1,2,2,1.0,1.5
172410,1,12,12,1.0,6.5
172418,1,1,1,0.0,1.0
172420,2,30,30,0.13333333333333333,8.533333333333333
172427,1,16,16,0.3125,8.5
172432,1,4,4,0.25,2.5
172481,1,18,18,0.8333333333333334,9.5
172491,1,7,7,0.5714285714285714,4.0
172509,1,5,5,0.4,3.0
172522,1,14,14,0.7142857142857143,7.5
172548,1,17,17,0.8235294117647058,9.0
172558,1,7,7,0.8571428571428571,4.0
172572,1,3,3,1.0,2.0
172607,1,21,21,0.9047619047619048,11.0
172610,1,6,6,0.0,3.5
172621,2,13,11,0.23076923076923078,4.6923076923076925
172633,1,18,18,0.0,9.5
172642,3,22,18,0.9545454545454546,4.181818181818182
172653,1,11,11,1.0,6.0
172656,1,19,19,0.7894736842105263,10.0
172660,1,4,4,0.0,2.5
172673,1,9,9,0.6666666666666666,5.0
172697,1,20,20,0.0,10.5
172702,1,7,7,0.2857142857142857,4.0
172715,1,4,4,0.0,2.5
172721,1,5,5,1.0,3.0
172736,1,5,5,0.8,3.0
172748,1,7,7,0.8571428571428571,4.0
172752,1,7,7,1.0,4.0
172760,1,19,19,0.42105263157894735,10.0
172775,1,11,11,0.18181818181818182,6.0
172780,1,8,8,0.5,4.5
172786,1,8,8,0.25,4.5
172788,1,4,4,0.25,2.5
172789,1,31,31,0.5483870967741935,16.0
172793,1,10,10,0.3,5.5
172801,1,8,8,0.75,4.5
172810,1,6,6,0.8333333333333334,3.5
172828,1,14,14,0.42857142857142855,7.5
172855,1,35,35,0.34285714285714286,18.0
172866,1,13,13,0.8461538461538461,7.0
172867,1,3,3,0.6666666666666666,2.0
172868,1,3,3,1.0,2.0
172872,1,5,5,0.8,3.0
172883,1,6,6,1.0,3.5
172885,1,8,8,1.0,4.5
172890,1,6,6,0.5,3.5
172891,1,4,4,1.0,2.5
172900,1,1,1,0.0,1.0
172904,1,9,9,0.3333333333333333,5.0
172909,2,7,7,1.0,2.2857142857142856
172925,1,1,1,1.0,1.0
172935,1,1,1,1.0,1.0
172955,1,7,7,1.0,4.0
172959,1,6,6,1.0,3.5
173004,1,12,12,0.75,6.5
173018,1,10,10,0.2,5.5
173020,2,4,4,1.0,1.75
173027,1,10,10,1.0,5.5
173029,1,17,17,0.6470588235294118,9.0
173054,1,9,9,0.3333333333333333,5.0
173056,1,5,5,0.2,3.0
173079,2,28,26,0.7142857142857143,8.392857142857142
173092,1,15,15,0.4,8.0
173105,1,7,7,0.0,4.0
173132,2,4,4,0.5,1.75
173133,1,23,23,0.6086956521739131,12.0
173137,1,23,23,0.0,12.0
173138,2,21,21,0.9047619047619048,5.761904761904762
173144,1,17,17,0.11764705882352941,9.0
173145,1,4,4,0.5,2.5
173152,1,2,2,1.0,1.5
173155,1,25,25,0.52,13.0
173158,1,12,12,0.5833333333333334,6.5
173186,1,40,40,1.0,20.5
173187,1,17,17,0.7647058823529411,9.0
173213,1,40,40,0.925,20.5
173214,1,15,15,1.0,8.0
173242,1,8,8,0.5,4.5
173247,1,26,26,0.0,13.5
173284,1,7,7,0.2857142857142857,4.0
173318,1,7,7,0.8571428571428571,4.0
173328,1,11,11,0.45454545454545453,6.0
173329,1,10,10,0.7,5.5
173339,1,12,12,0.0,6.5
173344,1,4,4,0.5,2.5
173376,1,8,8,0.375,4.5
173379,1,10,10,0.5,5.5
173381,1,19,19,1.0,10.0
173401,1,1,1,1.0,1.0
173413,1,21,21,0.19047619047619047,11.0
173442,1,8,8,0.5,4.5
173447,1,3,3,0.0,2.0
173450,1,10,10,0.9,5.5
173453,1,19,19,0.5789473684210527,10.0
173501,1,9,9,1.0,5.0
173504,1,13,13,0.8461538461538461,7.0
173509,1,2,2,1.0,1.5
173520,2,16,16,0.1875,5.0625
173524,2,27,24,0.7037037037037037,7.2592592592592595
173598,1,12,12,0.5833333333333334,6.5
173603,1,11,11,1.0,6.0
173605,1,19,19,0.3684210526315789,10.0
173624,1,7,7,1.0,4.0
173632,1,2,2,0.0,1.5
173664,1,16,16,0.0,8.5
173679,1,8,8,0.75,4.5
173692,1,12,12,0.25,6.5
173699,1,17,17,0.5294117647058824,9.0
173708,1,6,6,0.5,3.5
173714,1,20,20,0.55,10.5
173721,1,11,11,0.45454545454545453,6.0
173723,1,7,7,0.8571428571428571,4.0
173731,1,5,5,0.4,3.0
173737,1,5,5,0.6,3.0
173750,1,9,9,0.8888888888888888,5.0
173759,1,12,12,0.8333333333333334,6.5
173775,1,10,10,0.7,5.5
173779,1,6,6,0.6666666666666666,3.5
173812,1,15,15,0.6666666666666666,8.0
173842,1,2,2,1.0,1.5
173850,1,14,14,0.35714285714285715,7.5
173861,1,23,23,0.6521739130434783,12.0
173867,1,16,16,0.5,8.5
173871,1,7,7,0.8571428571428571,4.0
173874,1,12,12,1.0,6.5
173883,1,3,3,1.0,2.0
173884,1,10,10,0.9,5.5
173886,1,4,4,0.5,2.5
173893,1,13,13,0.38461538461538464,7.0
173909,1,4,4,1.0,2.5
173913,1,9,9,0.0,5.0
173924,1,10,10,0.6,5.5
173927,3,9,8,0.8888888888888888,2.111111111111111
173946,1,27,27,0.48148148148148145,14.0
174019,1,15,15,0.6,8.0
174028,1,4,4,1.0,2.5
174039,1,2,2,0.5,1.5
174041,1,4,4,0.75,2.5
174044,1,4,4,1.0,2.5
174063,2,29,27,0.7931034482758621,9.206896551724139
174065,1,18,18,0.8888888888888888,9.5
174066,1,43,43,0.8604651162790697,22.0
174072,1,6,6,0.8333333333333334,3.5
174084,1,6,6,1.0,3.5
174089,1,7,7,0.2857142857142857,4.0
174092,1,6,6,0.5,3.5
174117,1,3,3,1.0,2.0
174133,2,20,16,0.65,5.95
174147,1,1,1,0.0,1.0
174162,1,11,11,0.0,6.0
174194,1,4,4,0.75,2.5
174195,1,6,6,0.0,3.5
174206,1,10,10,0.8,5.5
174207,1,7,7,1.0,4.0
174219,1,11,11,0.45454545454545453,6.0
174221,1,2,2,0.0,1.5
174230,1,3,3,0.6666666666666666,2.0
174233,1,1,1,0.0,1.0
174240,1,10,10,0.7,5.5
174245,1,14,14,0.42857142857142855,7.5
174253,1,3,3,0.0,2.0
174262,1,5,5,0.6,3.0
174264,1,14,14,0.21428571428571427,7.5
174276,1,16,16,0.1875,8.5
174277,1,5,5,0.2,3.0
174279,1,21,21,0.5238095238095238,11.0
174301,1,30,30,0.7333333333333333,15.5
174321,1,5,5,0.6,3.0
174335,1,6,6,1.0,3.5
174342,1,9,9,0.1111111111111111,5.0
174358,1,13,13,0.23076923076923078,7.0
174363,1,1,1,1.0,1.0
174384,1,4,4,0.75,2.5
174388,1,2,2,0.0,1.5
174389,1,6,6,0.6666666666666666,3.5
174400,2,25,25,0.8,7.56
174407,1,15,15,0.2,8.0
174412,1,42,42,0.7857142857142857,21.5
174416,1,11,11,0.45454545454545453,6.0
174428,1,8,8,0.75,4.5
174439,1,6,6,0.6666666666666666,3.5
174440,1,1,1,1.0,1.0
174445,1,11,11,0.09090909090909091,6.0
174448,1,21,21,0.6190476190476191,11.0
174451,1,21,21,0.0,11.0
174454,1,10,10,0.9,5.5
174461,2,15,15,0.13333333333333333,5.6
174464,1,3,3,0.6666666666666666,2.0
174496,1,3,3,1.0,2.0
174508,1,7,7,0.7142857142857143,4.0
174517,1,5,5,1.0,3.0
174534,1,17,17,0.5882352941176471,9.0
174545,1,3,3,0.6666666666666666,2.0
174555,2,17,17,0.6470588235294118,5.9411764705882355
174569,1,3,3,0.3333333333333333,2.0
174573,1,7,7,1.0,4.0
174586,1,1,1,1.0,1.0
174598,1,3,3,1.0,2.0
174617,1,5,5,1.0,3.0
174622,1,12,12,0.16666666666666666,6.5
174628,1,4,4,1.0,2.5
174647,2,16,9,0.75,4.5
174649,1,6,6,0.16666666666666666,3.5
174652,1,4,4,0.5,2.5
174664,1,10,10,0.9,5.5
174680,2,12,12,0.5833333333333334,3.5
174683,3,32,32,1.0,7.84375
174684,1,8,8,0.375,4.5
174700,1,1,1,1.0,1.0
174705,1,5,5,0.0,3.0
174706,1,6,6,0.8333333333333334,3.5
174708,2,10,10,0.7,3.1
174741,1,18,18,1.0,9.5
174778,1,8,8,0.875,4.5
174785,1,17,17,0.9411764705882353,9.0
174802,2,11,11,1.0,3.272727272727273
174807,1,18,18,0.0,9.5
174819,1,18,18,0.7222222222222222,9.5
174827,1,33,33,0.5757575757575758,17.0
174840,1,3,3,0.3333333333333333,2.0
174846,1,13,13,0.7692307692307693,7.0
174847,1,6,6,0.6666666666666666,3.5
174860,1,11,11,0.18181818181818182,6.0
174861,1,3,3,1.0,2.0
174869,1,17,17,0.7058823529411765,9.0
174871,1,4,4,0.5,2.5
174880,1,8,8,0.125,4.5
174921,1,12,12,0.6666666666666666,6.5
174923,1,5,5,0.0,3.0
174934,2,57,51,0.6842105263157895,14.964912280701755
174943,1,2,2,0.0,1.5
174948,1,22,22,0.9545454545454546,11.5
174955,1,8,8,0.0,4.5
174957,1,8,8,0.25,4.5
174966,1,1,1,0.0,1.0
174975,1,27,27,0.7777777777777778,14.0
175003,1,6,6,0.8333333333333334,3.5
175015,1,7,7,0.2857142857142857,4.0
175023,1,25,25,0.88,13.0
175026,1,2,2,1.0,1.5
175033,1,7,7,0.2857142857142857,4.0
175057,1,8,8,1.0,4.5
175087,1,36,36,0.3611111111111111,18.5
175090,1,8,8,0.375,4.5
175099,2,12,12,0.9166666666666666,3.8333333333333335
175108,1,11,11,0.9090909090909091,6.0
175112,1,9,9,0.4444444444444444,5.0
175139,1,7,7,0.5714285714285714,4.0
175147,1,19,19,0.6842105263157895,10.0
175158,1,2,2,1.0,1.5
175162,1,3,3,1.0,2.0
175166,1,6,6,0.8333333333333334,3.5
175167,1,8,8,1.0,4.5
175168,1,9,9,0.5555555555555556,5.0
175182,1,15,15,0.26666666666666666,8.0
175214,1,2,2,1.0,1.5
175216,2,8,8,0.75,2.625
175224,1,14,14,1.0,7.5
175232,1,17,17,0.47058823529411764,9.0
175234,1,8,8,0.5,4.5
175237,1,6,6,0.6666666666666666,3.5
175242,2,14,14,0.5714285714285714,4.071428571428571
175245,1,4,4,0.75,2.5
175250,1,1,1,1.0,1.0
175251,1,17,17,1.0,9.0
175288,1,8,8,0.5,4.5
175294,1,28,28,1.0,14.5
175298,1,17,17,0.9411764705882353,9.0
175299,1,17,17,0.0,9.0
175304,1,14,14,0.8571428571428571,7.5
175306,1,7,7,0.42857142857142855,4.0
175312,1,11,11,0.09090909090909091,6.0
175316,1,2,2,0.0,1.5
175323,1,29,29,0.3448275862068966,15.0
175326,1,12,12,0.6666666666666666,6.5
175330,1,15,15,0.0,8.0
175344,1,15,15,0.2,8.0
175349,1,10,10,0.3,5.5
175353,1,26,26,0.9230769230769231,13.5
175356,1,7,7,0.8571428571428571,4.0
175361,1,2,2,0.5,1.5
175365,1,10,10,0.6,5.5
175382,1,4,4,0.0,2.5
175410,1,2,2,1.0,1.5
175441,1,3,3,0.6666666666666666,2.0
175448,1,9,9,0.5555555555555556,5.0
175450,1,26,26,0.6153846153846154,13.5
175451,1,12,12,0.9166666666666666,6.5
175453,1,13,13,0.3076923076923077,7.0
175456,1,1,1,0.0,1.0
175472,1,5,5,0.8,3.0
175475,1,4,4,0.0,2.5
175491,1,26,26,0.6538461538461539,13.5
175519,1,4,4,1.0,2.5
175523,1,7,7,0.2857142857142857,4.0
175533,1,4,4,0.5,2.5
175536,1,4,4,1.0,2.5
175546,1,15,15,0.6,8.0
175560,1,18,18,0.9444444444444444,9.5
175565,1,14,14,0.8571428571428571,7.5
175598,1,3,3,1.0,2.0
175611,1,4,4,1.0,2.5
175629,1,12,12,0.0,6.5
175635,1,24,24,0.5416666666666666,12.5
175643,1,17,17,0.9411764705882353,9.0
175647,1,13,13,0.6923076923076923,7.0
175656,1,8,8,0.875,4.5
175659,1,12,12,0.25,6.5
175707,2,6,6,1.0,2.1666666666666665
175724,2,20,19,0.95,6.3
175729,1,6,6,0.8333333333333334,3.5
175732,1,11,11,0.2727272727272727,6.0
175734,1,10,10,0.4,5.5
175742,1,6,6,1.0,3.5
175744,1,3,3,1.0,2.0
175765,1,17,17,0.47058823529411764,9.0
175768,2,36,33,0.8888888888888888,9.61111111111111
175771,1,18,18,0.8888888888888888,9.5
175786,1,3,3,1.0,2.0
175790,1,8,8,0.75,4.5
175809,1,8,8,0.0,4.5
175810,1,11,11,0.6363636363636364,6.0
175812,1,3,3,0.3333333333333333,2.0
175813,2,13,13,0.5384615384615384,3.769230769230769
175817,1,4,4,0.25,2.5
175831,1,8,8,0.75,4.5
175836,1,5,5,0.0,3.0
175839,1,3,3,1.0,2.0
175887,1,4,4,0.0,2.5
175903,1,4,4,1.0,2.5
175913,1,1,1,1.0,1.0
175918,1,27,27,0.7037037037037037,14.0
175936,1,4,4,0.5,2.5
175958,1,3,3,1.0,2.0
175965,1,22,22,0.45454545454545453,11.5
175970,1,9,9,0.7777777777777778,5.0
175980,1,30,30,0.9333333333333333,15.5
175995,1,2,2,1.0,1.5
176010,2,29,26,0.7586206896551724,8.172413793103448
176039,2,103,88,0.6407766990291263,26.271844660194176
176040,1,16,16,0.5625,8.5
176055,1,12,12,0.8333333333333334,6.5
176067,1,12,12,0.75,6.5
176093,1,10,10,1.0,5.5
176101,1,5,5,0.0,3.0
176108,2,14,14,0.9285714285714286,4.071428571428571
176117,1,13,13,0.15384615384615385,7.0
176152,1,9,9,0.2222222222222222,5.0
176158,1,5,5,1.0,3.0
176182,1,33,33,0.3333333333333333,17.0
176195,1,20,20,0.7,10.5
176211,1,28,28,0.17857142857142858,14.5
176212,3,22,21,0.6818181818181818,4.590909090909091
176228,1,9,9,0.8888888888888888,5.0
176232,1,10,10,0.7,5.5
176246,1,1,1,1.0,1.0
176261,1,6,6,1.0,3.5
176272,1,17,17,0.0,9.0
176278,1,8,8,1.0,4.5
176281,1,5,5,0.0,3.0
176284,1,13,13,0.3076923076923077,7.0
176290,1,3,3,0.3333333333333333,2.0
176295,1,1,1,1.0,1.0
176297,1,9,9,0.0,5.0
176310,1,19,19,0.5263157894736842,10.0
176369,1,1,1,0.0,1.0
176386,1,18,18,0.9444444444444444,9.5
176388,1,9,9,0.8888888888888888,5.0
176408,1,3,3,0.6666666666666666,2.0
176417,2,12,10,0.9166666666666666,3.5833333333333335
176436,1,1,1,1.0,1.0
176449,1,29,29,0.5172413793103449,15.0
176465,1,3,3,0.6666666666666666,2.0
176475,1,19,19,0.631578947368421,10.0
176477,1,8,8,0.5,4.5
176497,1,9,9,0.5555555555555556,5.0
176504,1,14,14,0.7857142857142857,7.5
176509,1,4,4,0.0,2.5
176517,1,10,10,0.8,5.5
176528,1,3,3,1.0,2.0
176560,1,13,13,0.5384615384615384,7.0
176570,1,17,17,0.29411764705882354,9.0
176571,1,3,3,0.0,2.0
176576,1,8,8,0.875,4.5
176580,1,18,18,0.8333333333333334,9.5
176604,1,9,9,0.8888888888888888,5.0
176605,1,6,6,0.0,3.5
176615,2,12,12,0.5,3.8333333333333335
176622,1,21,21,0.3333333333333333,11.0
176638,2,28,28,0.7142857142857143,7.5
176640,1,4,4,1.0,2.5
176646,1,4,4,0.25,2.5
176649,1,5,5,0.4,3.0
176662,1,6,6,0.16666666666666666,3.5
176664,1,13,13,1.0,7.0
176677,1,25,25,0.12,13.0
176698,1,25,25,0.48,13.0
176704,2,12,12,1.0,3.8333333333333335
176710,1,7,7,0.8571428571428571,4.0
176714,1,10,10,0.5,5.5
176719,2,8,8,0.625,2.625
176720,1,4,4,0.75,2.5
176736,1,1,1,0.0,1.0
176737,1,1,1,0.0,1.0
176738,1,11,11,0.36363636363636365,6.0
176741,1,7,7,0.5714285714285714,4.0
176750,1,11,11,0.7272727272727273,6.0
176763,1,3,3,0.0,2.0
176776,1,11,11,0.8181818181818182,6.0
176781,1,6,6,0.8333333333333334,3.5
176785,1,7,7,0.5714285714285714,4.0
176855,1,19,19,0.5263157894736842,10.0
176865,1,6,6,1.0,3.5
176866,1,42,42,0.5952380952380952,21.5
176869,1,15,15,0.8666666666666667,8.0
176886,1,15,15,0.4,8.0
176896,1,7,7,1.0,4.0
176906,1,21,21,0.2857142857142857,11.0
176946,1,3,3,0.6666666666666666,2.0
176951,2,13,9,1.0,3.769230769230769
176959,1,7,7,1.0,4.0
176977,1,2,2,1.0,1.5
177001,1,12,12,0.5833333333333334,6.5
177004,1,2,2,0.5,1.5
177031,1,8,8,0.75,4.5
177032,2,13,12,0.9230769230769231,4.6923076923076925
177063,1,9,9,0.1111111111111111,5.0
177097,1,6,6,1.0,3.5
177100,1,1,1,0.0,1.0
177110,2,21,17,0.9047619047619048,5.857142857142857
177113,1,10,10,0.3,5.5
177115,1,1,1,0.0,1.0
177122,1,14,14,0.5,7.5
177129,1,2,2,1.0,1.5
177138,1,24,24,0.5416666666666666,12.5
177162,1,3,3,0.3333333333333333,2.0
177179,1,6,6,1.0,3.5
177201,2,23,18,0.9565217391304348,6.782608695652174
177216,1,2,2,1.0,1.5
177238,1,11,11,1.0,6.0
177244,2,19,19,0.5263157894736842,6.315789473684211
177310,1,6,6,1.0,3.5
177319,1,3,3,0.3333333333333333,2.0
177324,1,5,5,1.0,3.0
177336,1,15,15,1.0,8.0
177337,1,7,7,1.0,4.0
177340,1,14,14,0.42857142857142855,7.5
177370,1,4,4,0.0,2.5
177388,2,12,11,0.3333333333333333,3.8333333333333335
177405,1,9,9,0.7777777777777778,5.0
177411,1,7,7,1.0,4.0
177418,1,15,15,0.4666666666666667,8.0
177438,1,8,8,1.0,4.5
177458,1,2,2,1.0,1.5
177470,1,9,9,0.7777777777777778,5.0
177494,2,20,19,0.8,5.55
177513,2,14,14,0.9285714285714286,5.785714285714286
177518,1,18,18,0.6111111111111112,9.5
177537,1,5,5,1.0,3.0
177562,1,8,8,0.875,4.5
177570,1,8,8,0.125,4.5
177610,1,11,11,0.7272727272727273,6.0
177632,1,3,3,0.0,2.0
177661,1,5,5,0.8,3.0
177663,1,10,10,0.1,5.5
177677,1,26,26,0.8461538461538461,13.5
177710,1,4,4,1.0,2.5
177718,1,16,16,0.75,8.5
177719,1,3,3,0.6666666666666666,2.0
177777,1,5,5,0.6,3.0
177780,1,10,10,1.0,5.5
177787,1,3,3,1.0,2.0
177789,1,8,8,0.25,4.5
177808,1,6,6,0.6666666666666666,3.5
177810,1,3,3,0.6666666666666666,2.0
177821,1,9,9,0.2222222222222222,5.0
177822,1,6,6,1.0,3.5
177827,1,2,2,0.5,1.5
177830,1,16,16,0.4375,8.5
177846,1,12,12,0.0,6.5
177849,1,5,5,0.2,3.0
177851,1,2,2,0.0,1.5
177853,1,2,2,1.0,1.5
177855,1,10,10,0.4,5.5
177863,1,14,14,0.2857142857142857,7.5
177870,1,4,4,1.0,2.5
177873,1,10,10,0.9,5.5
177879,1,4,4,0.5,2.5
177885,1,2,2,0.5,1.5
177891,1,7,7,0.2857142857142857,4.0
177896,1,7,7,0.7142857142857143,4.0
177907,1,15,15,0.0,8.0
177909,1,1,1,0.0,1.0
177922,1,15,15,0.4,8.0
177940,1,11,11,0.36363636363636365,6.0
177943,1,14,14,0.7142857142857143,7.5
177947,1,9,9,0.0,5.0
177950,1,10,10,0.0,5.5
177971,1,3,3,0.0,2.0
177976,1,17,17,0.7058823529411765,9.0
178006,1,4,4,0.0,2.5
178021,1,6,6,1.0,3.5
178030,2,11,10,0.9090909090909091,3.272727272727273
178034,1,5,5,0.4,3.0
178055,1,33,33,0.8787878787878788,17.0
178060,1,7,7,0.14285714285714285,4.0
178065,1,9,9,0.2222222222222222,5.0
178074,1,1,1,1.0,1.0
178101,2,12,12,0.5833333333333334,3.5833333333333335
178107,1,9,9,1.0,5.0
178116,1,2,2,1.0,1.5
178139,1,24,24,0.8333333333333334,12.5
178144,1,11,11,0.5454545454545454,6.0
178145,1,13,13,0.46153846153846156,7.0
178175,1,6,6,1.0,3.5
178188,1,21,21,0.3333333333333333,11.0
178209,3,21,21,0.5714285714285714,7.0
178236,1,4,4,0.75,2.5
178247,1,7,7,0.2857142857142857,4.0
178252,1,2,2,1.0,1.5
178268,1,7,7,0.14285714285714285,4.0
178273,1,10,10,0.8,5.5
178279,1,10,10,0.9,5.5
178298,1,12,12,0.0,6.5
178323,1,7,7,0.42857142857142855,4.0
178325,1,28,28,0.9642857142857143,14.5
178339,1,6,6,1.0,3.5
178341,1,1,1,0.0,1.0
178356,1,4,4,0.0,2.5
178357,1,21,21,0.14285714285714285,11.0
178359,1,3,3,0.6666666666666666,2.0
178380,1,3,3,0.6666666666666666,2.0
178395,1,14,14,0.6428571428571429,7.5
178407,1,16,16,1.0,8.5
178435,1,4,4,0.0,2.5
178460,1,2,2,1.0,1.5
178465,1,2,2,1.0,1.5
178483,1,11,11,0.0,6.0
178503,1,19,19,0.0,10.0
178511,1,10,10,0.1,5.5
178520,1,13,13,0.9230769230769231,7.0
178532,1,4,4,1.0,2.5
178540,1,8,8,1.0,4.5
178546,1,16,16,0.4375,8.5
178562,1,5,5,0.2,3.0
178573,1,6,6,1.0,3.5
178578,1,1,1,0.0,1.0
178590,1,6,6,1.0,3.5
178601,1,9,9,0.5555555555555556,5.0
178610,1,3,3,1.0,2.0
178618,1,12,12,0.9166666666666666,6.5
178630,1,13,13,0.38461538461538464,7.0
178667,1,17,17,0.5882352941176471,9.0
178686,1,7,7,1.0,4.0
178736,1,27,27,0.8888888888888888,14.0
178750,1,15,15,0.3333333333333333,8.0
178753,1,2,2,0.5,1.5
178761,1,15,15,0.6,8.0
178785,1,19,19,0.42105263157894735,10.0
178797,1,32,32,0.46875,16.5
178811,1,2,2,0.0,1.5
178819,1,10,10,0.4,5.5
178821,2,15,14,1.0,7.066666666666666
178824,1,28,28,0.9642857142857143,14.5
178827,1,1,1,1.0,1.0
178831,2,47,47,0.5106382978723404,12.297872340425531
178838,1,1,1,1.0,1.0
178842,1,6,6,1.0,3.5
178850,1,4,4,1.0,2.5
178852,1,7,7,0.14285714285714285,4.0
178860,1,30,30,0.6666666666666666,15.5
178864,1,20,20,0.5,10.5
178866,1,24,24,0.8333333333333334,12.5
178889,2,17,17,0.7647058823529411,4.764705882352941
178894,1,10,10,0.5,5.5
178899,1,7,7,0.8571428571428571,4.0
178906,1,10,10,0.7,5.5
178914,1,3,3,0.3333333333333333,2.0
178916,1,5,5,0.8,3.0
178918,1,37,37,0.9459459459459459,19.0
178920,1,3,3,1.0,2.0
178931,1,10,10,0.5,5.5
178948,1,19,19,0.5789473684210527,10.0
178958,1,12,12,0.6666666666666666,6.5
178966,2,17,17,0.35294117647058826,5.117647058823529
178971,1,5,5,0.6,3.0
178974,1,8,8,0.875,4.5
178979,1,6,6,0.0,3.5
178981,1,19,19,0.42105263157894735,10.0
178989,1,5,5,1.0,3.0
179033,1,7,7,0.8571428571428571,4.0
179043,1,9,9,0.2222222222222222,5.0
179062,1,3,3,1.0,2.0
179084,1,5,5,0.8,3.0
179123,2,18,16,0.7777777777777778,5.222222222222222
179131,1,16,16,0.6875,8.5
179133,1,16,16,0.375,8.5
179138,1,5,5,0.0,3.0
179158,1,5,5,1.0,3.0
179163,1,7,7,0.7142857142857143,4.0
179171,1,3,3,1.0,2.0
179175,1,20,20,0.3,10.5
179187,1,6,6,0.8333333333333334,3.5
179192,1,3,3,1.0,2.0
179211,1,27,27,0.8518518518518519,14.0
179220,1,4,4,1.0,2.5
179228,1,8,8,1.0,4.5
179269,1,20,20,0.9,10.5
179284,1,2,2,1.0,1.5
179294,1,16,16,0.0,8.5
179300,2,20,19,0.55,6.3
179304,1,11,11,0.5454545454545454,6.0
179306,2,17,17,0.47058823529411764,4.882352941176471
179307,1,7,7,0.5714285714285714,4.0
179314,2,3,2,0.3333333333333333,1.3333333333333333
179324,1,2,2,0.5,1.5
179333,1,14,14,0.14285714285714285,7.5
179340,1,5,5,0.4,3.0
179342,3,21,18,0.8095238095238095,4.142857142857143
179347,1,44,44,0.5454545454545454,22.5
179348,2,14,14,0.5,5.142857142857143
179358,1,22,22,0.4090909090909091,11.5
179373,2,9,8,0.4444444444444444,3.0
179379,1,32,32,0.8125,16.5
179391,1,6,6,0.5,3.5
179406,1,20,20,0.0,10.5
179408,1,2,2,0.5,1.5
179410,1,7,7,1.0,4.0
179413,1,1,1,1.0,1.0
179431,1,8,8,0.75,4.5
179433,1,25,25,0.4,13.0
179435,1,12,12,0.0,6.5
179437,1,6,6,1.0,3.5
179448,1,2,2,0.5,1.5
179469,1,21,21,0.047619047619047616,11.0
179477,1,2,2,1.0,1.5
179481,1,10,10,0.2,5.5
179488,1,16,16,0.5,8.5
179508,1,10,10,0.3,5.5
179516,1,5,5,0.8,3.0
179519,1,8,8,0.0,4.5
179520,1,5,5,0.4,3.0
179526,2,34,33,0.7352941176470589,13.235294117647058
179528,2,24,23,0.08333333333333333,6.541666666666667
179529,1,22,22,0.9090909090909091,11.5
179548,1,8,8,0.875,4.5
179554,1,4,4,0.25,2.5
179560,1,1,1,1.0,1.0
179569,1,13,13,0.23076923076923078,7.0
179588,1,24,24,0.9166666666666666,12.5
179595,1,3,3,1.0,2.0
179598,1,6,6,0.5,3.5
179601,1,15,15,0.6,8.0
179606,1,24,24,0.9166666666666666,12.5
179610,1,1,1,1.0,1.0
179616,1,4,4,0.0,2.5
179624,1,6,6,1.0,3.5
179629,1,14,14,0.6428571428571429,7.5
179640,2,22,21,0.7272727272727273,6.181818181818182
179651,1,4,4,0.75,2.5
179653,1,11,11,0.8181818181818182,6.0
179661,1,3,3,1.0,2.0
179667,1,8,8,1.0,4.5
179684,1,35,35,0.0,18.0
179685,1,16,16,0.625,8.5
179687,1,23,23,1.0,12.0
179715,1,16,16,0.5625,8.5
179730,1,7,7,0.5714285714285714,4.0
179752,2,8,8,1.0,2.625
179756,1,8,8,0.625,4.5
179762,1,6,6,1.0,3.5
179765,1,1,1,1.0,1.0
179774,1,3,3,0.3333333333333333,2.0
179778,1,19,19,0.8947368421052632,10.0
179779,1,3,3,0.6666666666666666,2.0
179790,1,10,10,0.8,5.5
179792,1,6,6,0.8333333333333334,3.5
179806,1,2,2,0.0,1.5
179827,1,11,11,0.2727272727272727,6.0
179835,1,8,8,1.0,4.5
179837,1,5,5,1.0,3.0
179839,1,12,12,0.6666666666666666,6.5
179842,1,11,11,0.36363636363636365,6.0
179845,1,11,11,1.0,6.0
179886,1,12,12,0.5833333333333334,6.5
179895,2,34,30,0.11764705882352941,12.558823529411764
179905,1,15,15,1.0,8.0
179912,1,7,7,0.42857142857142855,4.0
179929,1,7,7,1.0,4.0
179931,1,25,25,0.28,13.0
179935,1,2,2,1.0,1.5
179937,1,10,10,0.8,5.5
179942,1,15,15,0.8,8.0
179958,1,7,7,0.42857142857142855,4.0
179960,1,8,8,0.125,4.5
179961,1,8,8,0.125,4.5
179965,2,15,12,0.7333333333333333,4.4
179966,1,7,7,0.7142857142857143,4.0
179968,1,19,19,0.42105263157894735,10.0
179973,1,12,12,0.08333333333333333,6.5
180010,1,15,15,0.13333333333333333,8.0
180013,1,6,6,0.0,3.5
180019,1,12,12,0.0,6.5
180023,1,10,10,0.9,5.5
180031,1,3,3,0.0,2.0
180032,1,9,9,0.1111111111111111,5.0
180039,1,8,8,0.125,4.5
180059,1,30,30,0.0,15.5
180074,1,11,11,0.7272727272727273,6.0
180075,1,13,13,0.6923076923076923,7.0
180095,1,1,1,0.0,1.0
180098,1,10,10,0.5,5.5
180103,1,13,13,1.0,7.0
180135,1,7,7,0.8571428571428571,4.0
180141,2,17,12,1.0,4.764705882352941
180167,2,22,19,0.9090909090909091,6.181818181818182
180175,1,5,5,0.0,3.0
180188,1,11,11,0.18181818181818182,6.0
180191,1,2,2,0.5,1.5
180205,1,22,22,0.5,11.5
180214,1,9,9,1.0,5.0
180231,1,1,1,0.0,1.0
180237,1,4,4,1.0,2.5
180266,1,9,9,0.6666666666666666,5.0
180267,1,14,14,0.2857142857142857,7.5
180275,1,4,4,0.75,2.5
180301,1,5,5,0.4,3.0
180310,1,11,11,0.45454545454545453,6.0
180314,1,6,6,1.0,3.5
180332,1,18,18,0.7777777777777778,9.5
180342,1,16,16,0.1875,8.5
180348,1,19,19,0.5263157894736842,10.0
180351,1,33,33,0.6666666666666666,17.0
180352,1,10,10,0.8,5.5
180353,1,26,26,0.8461538461538461,13.5
180365,1,18,18,0.2222222222222222,9.5
180397,1,4,4,0.75,2.5
180414,1,16,16,1.0,8.5
180419,1,14,14,0.5714285714285714,7.5
180426,1,4,4,0.0,2.5
180444,1,4,4,0.5,2.5
180453,1,13,13,0.5384615384615384,7.0
180454,2,29,29,0.6206896551724138,10.241379310344827
180461,1,5,5,1.0,3.0
180480,1,4,4,0.5,2.5
180489,1,10,10,0.5,5.5
180515,1,11,11,0.9090909090909091,6.0
180518,1,4,4,0.75,2.5
180543,1,4,4,0.75,2.5
180544,1,8,8,0.375,4.5
180551,2,9,9,0.3333333333333333,3.0
180562,1,1,1,0.0,1.0
180563,1,25,25,0.88,13.0
180570,1,11,11,0.2727272727272727,6.0
180583,2,5,5,0.2,2.2
180621,1,5,5,1.0,3.0
180624,1,6,6,0.0,3.5
180635,1,12,12,0.5833333333333334,6.5
180640,1,9,9,0.0,5.0
180649,2,45,45,0.6222222222222222,12.2
180717,1,3,3,1.0,2.0
180719,1,14,14,0.8571428571428571,7.5
180724,1,7,7,0.5714285714285714,4.0
180734,1,12,12,0.8333333333333334,6.5
180735,2,17,15,0.7647058823529411,4.764705882352941
180785,1,6,6,0.8333333333333334,3.5
180788,1,16,16,0.5,8.5
180793,2,10,9,1.0,4.6
180796,1,5,5,0.6,3.0
180797,1,23,23,0.8260869565217391,12.0
180800,1,12,12,1.0,6.5
180825,1,9,9,0.7777777777777778,5.0
180826,1,25,25,0.64,13.0
180828,1,14,14,0.5,7.5
180838,1,3,3,1.0,2.0
180849,1,13,13,0.46153846153846156,7.0
180851,2,13,13,0.6923076923076923,3.923076923076923
180855,1,1,1,1.0,1.0
180877,1,5,5,0.4,3.0
180882,1,2,2,0.5,1.5
180886,1,13,13,0.38461538461538464,7.0
180891,1,7,7,1.0,4.0
180895,1,21,21,0.0,11.0
180905,2,53,47,0.22641509433962265,16.245283018867923
180912,1,3,3,0.0,2.0
180914,1,8,8,0.125,4.5
180919,1,10,10,0.2,5.5
180962,1,8,8,0.875,4.5
180985,1,10,10,1.0,5.5
181004,1,11,11,0.5454545454545454,6.0
181035,1,16,16,0.375,8.5
181039,1,4,4,0.75,2.5
181049,1,5,5,0.0,3.0
181050,1,19,19,0.47368421052631576,10.0
181051,2,11,10,0.45454545454545453,3.4545454545454546
181055,1,25,25,0.44,13.0
181067,1,4,4,0.0,2.5
181070,1,2,2,0.5,1.5
181086,1,14,14,0.9285714285714286,7.5
181111,1,7,7,0.2857142857142857,4.0
181116,2,12,12,0.9166666666666666,3.5
181121,2,30,30,0.6333333333333333,8.533333333333333
181127,1,10,10,0.9,5.5
181134,1,2,2,1.0,1.5
181137,1,14,14,0.5,7.5
181153,1,5,5,1.0,3.0
181163,1,5,5,0.6,3.0
181167,1,26,26,0.19230769230769232,13.5
181176,1,1,1,1.0,1.0
181193,1,6,6,0.8333333333333334,3.5
181206,1,7,7,0.8571428571428571,4.0
181210,1,10,10,0.8,5.5
181225,1,15,15,0.7333333333333333,8.0
181263,1,15,15,0.7333333333333333,8.0
181265,1,24,24,0.9166666666666666,12.5
181267,1,19,19,0.5263157894736842,10.0
181324,1,3,3,1.0,2.0
181327,1,12,12,0.5,6.5
181330,1,5,5,0.2,3.0
181342,1,4,4,1.0,2.5
181348,1,7,7,0.5714285714285714,4.0
181350,1,13,13,0.46153846153846156,7.0
181360,1,8,8,0.375,4.5
181365,1,14,14,0.7857142857142857,7.5
181385,1,12,12,0.5833333333333334,6.5
181402,1,21,21,0.23809523809523808,11.0
181406,1,23,23,0.0,12.0
181443,1,5,5,1.0,3.0
181456,1,9,9,0.8888888888888888,5.0
181472,1,2,2,0.0,1.5
181476,1,4,4,1.0,2.5
181484,1,12,12,0.3333333333333333,6.5
181492,1,6,6,0.8333333333333334,3.5
181548,1,1,1,0.0,1.0
181552,1,10,10,0.9,5.5
181555,1,7,7,1.0,4.0
181563,2,14,14,0.2857142857142857,4.285714285714286
181566,2,16,16,0.75,4.5
181567,1,1,1,0.0,1.0
181574,1,23,23,0.5217391304347826,12.0
181596,2,12,12,0.4166666666666667,5.583333333333333
181630,1,2,2,0.0,1.5
181653,1,19,19,0.6842105263157895,10.0
181663,1,6,6,0.16666666666666666,3.5
181667,1,14,14,0.5,7.5
181671,1,21,21,0.7619047619047619,11.0
181678,1,16,16,1.0,8.5
181681,2,51,51,0.7450980392156863,13.372549019607844
181687,1,5,5,1.0,3.0
181691,1,10,10,0.5,5.5
181700,3,12,12,0.5833333333333334,2.5833333333333335
181719,1,23,23,0.2608695652173913,12.0
181729,1,11,11,0.9090909090909091,6.0
181747,1,5,5,1.0,3.0
181754,1,17,17,0.47058823529411764,9.0
181765,2,10,10,0.6,3.0
181773,1,5,5,1.0,3.0
181774,1,20,20,0.25,10.5
181778,2,13,8,0.8461538461538461,3.769230769230769
181787,1,14,14,0.42857142857142855,7.5
181791,1,16,16,0.8125,8.5
181796,2,6,6,0.8333333333333334,2.1666666666666665
181815,1,3,3,0.6666666666666666,2.0
181819,1,21,21,0.0,11.0
181833,1,10,10,0.3,5.5
181841,1,8,8,0.875,4.5
181857,1,4,4,1.0,2.5
181862,2,16,15,0.375,4.5
181873,3,19,16,0.6842105263157895,3.8947368421052633
181881,1,24,24,0.9583333333333334,12.5
181910,1,6,6,0.16666666666666666,3.5
181935,1,23,23,0.34782608695652173,12.0
181936,1,10,10,0.6,5.5
181942,1,1,1,1.0,1.0
181943,2,19,19,0.8947368421052632,5.2631578947368425
181944,1,10,10,1.0,5.5
181970,1,9,9,1.0,5.0
182004,1,1,1,1.0,1.0
182009,1,4,4,0.0,2.5
182020,1,3,3,0.0,2.0
182041,2,4,4,0.75,1.75
182042,1,2,2,0.5,1.5
182061,1,8,8,0.625,4.5
182067,2,24,21,0.5,6.666666666666667
182080,1,5,5,0.6,3.0
182090,1,23,23,0.34782608695652173,12.0
182105,1,5,5,0.2,3.0
182109,1,6,6,0.3333333333333333,3.5
182129,1,13,13,0.46153846153846156,7.0
182130,2,8,8,0.875,2.5
182159,1,2,2,0.5,1.5
182179,2,38,28,0.8947368421052632,10.105263157894736
182183,1,15,15,0.9333333333333333,8.0
182193,1,11,11,0.6363636363636364,6.0
182205,1,30,30,0.8333333333333334,15.5
182212,1,11,11,1.0,6.0
182215,1,16,16,0.875,8.5
182217,1,19,19,0.9473684210526315,10.0
182261,1,6,6,0.6666666666666666,3.5
182265,1,24,24,0.9166666666666666,12.5
182290,1,9,9,0.6666666666666666,5.0
182306,2,11,11,0.8181818181818182,3.8181818181818183
182313,1,7,7,0.5714285714285714,4.0
182318,1,3,3,0.0,2.0
182324,1,2,2,1.0,1.5
182325,1,3,3,0.0,2.0
182327,1,5,5,1.0,3.0
182328,1,1,1,1.0,1.0
182331,1,6,6,0.16666666666666666,3.5
182332,1,9,9,1.0,5.0
182345,1,14,14,0.0,7.5
182350,1,23,23,0.8695652173913043,12.0
182368,1,8,8,0.25,4.5
182397,1,20,20,0.6,10.5
182399,1,3,3,1.0,2.0
182455,1,20,20,0.25,10.5
182458,1,16,16,0.9375,8.5
182461,1,3,3,0.0,2.0
182463,1,13,13,0.7692307692307693,7.0
182506,1,12,12,1.0,6.5
182530,2,32,29,0.8125,10.03125
182537,1,6,6,0.5,3.5
182561,2,9,9,0.7777777777777778,3.0
182566,1,5,5,0.4,3.0
182574,1,7,7,0.0,4.0
182586,1,7,7,1.0,4.0
182595,1,11,11,1.0,6.0
182599,1,11,11,0.0,6.0
182612,1,12,12,0.75,6.5
182616,1,8,8,0.875,4.5
182641,1,3,3,1.0,2.0
182642,3,24,22,0.9583333333333334,4.625
182644,1,15,15,0.4666666666666667,8.0
182652,2,8,8,1.0,3.0
182658,1,4,4,1.0,2.5
182671,1,8,8,0.0,4.5
182689,2,19,19,0.6842105263157895,5.578947368421052
182706,1,4,4,0.75,2.5
182749,1,18,18,1.0,9.5
182757,1,4,4,0.5,2.5
182765,1,7,7,0.14285714285714285,4.0
182772,1,14,14,0.7857142857142857,7.5
182778,2,36,35,0.4444444444444444,10.194444444444445
182780,1,16,16,0.6875,8.5
182784,1,10,10,0.5,5.5
182792,1,4,4,0.5,2.5
182817,1,6,6,0.16666666666666666,3.5
182821,1,31,31,0.41935483870967744,16.0
182851,1,3,3,0.0,2.0
182912,1,8,8,0.0,4.5
182914,2,13,13,0.3076923076923077,3.769230769230769
182915,1,8,8,0.625,4.5
182939,1,2,2,0.0,1.5
182942,1,8,8,0.125,4.5
182949,1,2,2,1.0,1.5
182957,1,3,3,0.3333333333333333,2.0
182958,1,1,1,1.0,1.0
182964,1,5,5,0.6,3.0
183006,1,2,2,0.0,1.5
183022,1,2,2,0.5,1.5
183024,1,14,14,0.5714285714285714,7.5
183036,1,4,4,1.0,2.5
183044,1,8,8,0.375,4.5
183045,1,2,2,0.0,1.5
183051,1,25,25,0.56,13.0
183076,1,24,24,0.125,12.5
183077,1,12,12,0.75,6.5
183080,1,25,25,0.84,13.0
183117,1,6,6,0.0,3.5
183126,1,10,10,1.0,5.5
183139,1,4,4,0.75,2.5
183143,1,11,11,0.8181818181818182,6.0
183146,2,12,12,0.8333333333333334,3.8333333333333335
183151,2,18,16,0.8888888888888888,5.888888888888889
183158,1,30,30,0.6,15.5
183173,1,18,18,0.7222222222222222,9.5
183175,1,10,10,0.7,5.5
183176,1,6,6,0.3333333333333333,3.5
183181,1,13,13,0.5384615384615384,7.0
183267,1,3,3,0.6666666666666666,2.0
183286,1,13,13,0.38461538461538464,7.0
183288,1,9,9,0.6666666666666666,5.0
183299,1,18,18,1.0,9.5
183302,1,17,17,0.7058823529411765,9.0
183305,1,2,2,1.0,1.5
183329,1,8,8,0.75,4.5
183333,1,6,6,0.5,3.5
183334,1,15,15,0.8,8.0
183354,1,41,41,0.1951219512195122,21.0
183379,1,18,18,0.4444444444444444,9.5
183399,1,32,32,0.90625,16.5
183402,1,6,6,1.0,3.5
183419,1,6,6,0.0,3.5
183425,2,9,9,0.6666666666666666,3.0
183430,1,13,13,0.9230769230769231,7.0
183433,1,15,15,0.26666666666666666,8.0
183436,2,34,34,0.6470588235294118,9.117647058823529
183475,1,2,2,0.0,1.5
183489,1,5,5,1.0,3.0
183497,1,19,19,0.631578947368421,10.0
183499,1,11,11,0.8181818181818182,6.0
183519,2,13,13,0.5384615384615384,4.6923076923076925
183532,1,33,33,0.3333333333333333,17.0
183535,1,6,6,0.3333333333333333,3.5
183539,2,12,12,0.8333333333333334,3.5833333333333335
183546,1,11,11,0.6363636363636364,6.0
183550,1,7,7,0.42857142857142855,4.0
183552,1,17,17,0.8235294117647058,9.0
183565,2,8,8,0.125,3.625
183568,1,5,5,0.4,3.0
183569,1,20,20,0.8,10.5
183587,1,4,4,0.0,2.5
183595,1,2,2,1.0,1.5
183604,1,13,13,0.6923076923076923,7.0
183606,2,13,13,0.7692307692307693,3.923076923076923
183613,1,6,6,0.8333333333333334,3.5
183620,1,10,10,0.3,5.5
183623,1,14,14,0.7142857142857143,7.5
183636,1,2,2,1.0,1.5
183638,1,6,6,0.6666666666666666,3.5
183641,1,15,15,0.4666666666666667,8.0
183659,1,1,1,0.0,1.0
183663,1,6,6,0.8333333333333334,3.5
183670,1,11,11,0.0,6.0
183695,1,5,5,0.0,3.0
183697,1,1,1,1.0,1.0
183736,1,10,10,0.9,5.5
183742,1,7,7,0.14285714285714285,4.0
183765,1,15,15,0.6,8.0
183768,2,29,25,0.7241379310344828,7.758620689655173
183780,1,6,6,0.6666666666666666,3.5
183781,1,9,9,0.5555555555555556,5.0
183791,1,16,16,0.375,8.5
183800,1,5,5,0.0,3.0
183833,1,10,10,0.3,5.5
183836,1,13,13,0.23076923076923078,7.0
183838,1,9,9,1.0,5.0
183844,1,3,3,1.0,2.0
183849,1,5,5,0.8,3.0
183865,1,26,26,0.8846153846153846,13.5
183871,1,6,6,0.3333333333333333,3.5
183882,1,17,17,0.23529411764705882,9.0
183887,1,8,8,0.875,4.5
183890,1,3,3,0.6666666666666666,2.0
183906,1,5,5,0.8,3.0
183918,1,2,2,1.0,1.5
183926,1,6,6,1.0,3.5
183945,1,4,4,0.75,2.5
183953,2,27,25,0.6296296296296297,7.2592592592592595
183968,1,11,11,0.9090909090909091,6.0
183969,1,2,2,0.0,1.5
183971,1,7,7,0.5714285714285714,4.0
183972,1,5,5,0.8,3.0
183981,1,11,11,0.9090909090909091,6.0
183991,1,10,10,0.8,5.5
184011,1,6,6,0.8333333333333334,3.5
184014,1,9,9,0.8888888888888888,5.0
184017,1,6,6,0.6666666666666666,3.5
184020,1,13,13,1.0,7.0
184021,3,18,18,0.7222222222222222,4.555555555555555
184024,1,10,10,0.8,5.5
184027,1,10,10,0.2,5.5
184048,1,1,1,0.0,1.0
184051,1,7,7,0.8571428571428571,4.0
184054,1,9,9,0.8888888888888888,5.0
184061,1,7,7,1.0,4.0
184079,2,13,13,0.46153846153846156,4.6923076923076925
184085,1,4,4,1.0,2.5
184089,1,4,4,0.5,2.5
184091,1,14,14,0.0,7.5
184111,1,23,23,0.17391304347826086,12.0
184112,1,4,4,1.0,2.5
184119,1,10,10,0.9,5.5
184135,1,3,3,0.0,2.0
184175,2,11,11,0.7272727272727273,4.363636363636363
184183,1,2,2,1.0,1.5
184200,1,9,9,0.7777777777777778,5.0
184203,1,6,6,0.16666666666666666,3.5
184205,1,9,9,0.1111111111111111,5.0
184215,1,4,4,1.0,2.5
184216,1,4,4,0.75,2.5
184224,1,17,17,0.5882352941176471,9.0
184232,1,19,19,0.6842105263157895,10.0
184235,1,3,3,0.3333333333333333,2.0
184248,1,11,11,1.0,6.0
184251,1,4,4,1.0,2.5
184277,1,3,3,0.0,2.0
184284,1,7,7,0.42857142857142855,4.0
184296,1,15,15,0.7333333333333333,8.0
184304,1,6,6,0.5,3.5
184328,1,18,18,0.6666666666666666,9.5
184353,1,8,8,0.875,4.5
184355,1,4,4,0.0,2.5
184360,1,3,3,1.0,2.0
184364,1,5,5,0.2,3.0
184371,1,5,5,0.8,3.0
184382,1,11,11,0.6363636363636364,6.0
184385,1,24,24,0.625,12.5
184410,1,15,15,0.0,8.0
184415,1,9,9,0.4444444444444444,5.0
184426,1,6,6,0.8333333333333334,3.5
184451,1,13,13,0.9230769230769231,7.0
184452,1,13,13,0.0,7.0
184498,1,1,1,1.0,1.0
184501,1,4,4,1.0,2.5
184517,3,9,6,1.0,2.0
184522,1,9,9,0.0,5.0
184524,1,4,4,0.75,2.5
184536,1,5,5,1.0,3.0
184567,1,11,11,1.0,6.0
184598,1,15,15,0.6,8.0
184606,1,4,4,0.5,2.5
184607,1,15,15,0.0,8.0
184625,1,12,12,1.0,6.5
184628,1,6,6,1.0,3.5
184635,1,1,1,1.0,1.0
184658,1,7,7,1.0,4.0
184663,1,3,3,0.3333333333333333,2.0
184674,1,3,3,1.0,2.0
184689,1,35,35,0.0,18.0
184691,2,13,13,0.9230769230769231,3.769230769230769
184695,1,22,22,0.5909090909090909,11.5
184699,1,14,14,0.7857142857142857,7.5
184705,1,6,6,0.8333333333333334,3.5
184721,1,3,3,1.0,2.0
184723,1,10,10,0.0,5.5
184735,1,18,18,1.0,9.5
184755,1,7,7,1.0,4.0
184763,1,9,9,0.0,5.0
184769,1,20,20,0.95,10.5
184771,1,7,7,1.0,4.0
184773,1,6,6,0.16666666666666666,3.5
184776,1,17,17,0.8235294117647058,9.0
184797,1,14,14,0.7142857142857143,7.5
184803,1,8,8,0.0,4.5
184815,1,1,1,0.0,1.0
184837,1,13,13,0.8461538461538461,7.0
184851,1,20,20,0.75,10.5
184855,1,15,15,0.4666666666666667,8.0
184858,1,4,4,0.75,2.5
184879,1,6,6,1.0,3.5
184886,1,5,5,0.2,3.0
184913,1,10,10,0.9,5.5
184924,1,1,1,1.0,1.0
184938,1,5,5,0.8,3.0
184962,1,2,2,0.5,1.5
184971,1,24,24,0.7083333333333334,12.5
184972,1,5,5,0.0,3.0
184974,2,27,22,0.8518518518518519,8.37037037037037
184991,1,21,21,0.14285714285714285,11.0
184992,1,2,2,1.0,1.5
184996,1,6,6,0.0,3.5
184998,1,13,13,0.9230769230769231,7.0
185000,1,11,11,0.8181818181818182,6.0
185004,1,6,6,0.6666666666666666,3.5
185013,1,5,5,0.8,3.0
185023,1,1,1,1.0,1.0
185031,1,11,11,1.0,6.0
185032,1,14,14,0.7857142857142857,7.5
185041,1,8,8,0.125,4.5
185049,1,8,8,1.0,4.5
185050,1,22,22,0.0,11.5
185082,2,15,15,0.0,4.666666666666667
185084,2,17,17,0.47058823529411764,4.764705882352941
185104,1,18,18,0.8888888888888888,9.5
185111,1,14,14,0.5,7.5
185114,1,15,15,0.4,8.0
185128,2,25,21,0.84,7.96
185136,1,7,7,0.5714285714285714,4.0
185148,1,2,2,0.5,1.5
185164,1,3,3,0.0,2.0
185174,1,4,4,1.0,2.5
185178,1,13,13,0.5384615384615384,7.0
185187,1,11,11,0.36363636363636365,6.0
185196,1,2,2,0.5,1.5
185205,1,16,16,0.0,8.5
185208,1,5,5,1.0,3.0
185209,1,6,6,0.0,3.5
185230,1,3,3,1.0,2.0
185247,1,24,24,0.7083333333333334,12.5
185271,1,13,13,0.46153846153846156,7.0
185286,1,6,6,0.8333333333333334,3.5
185289,1,5,5,1.0,3.0
185298,1,8,8,0.625,4.5
185301,1,6,6,0.8333333333333334,3.5
185304,1,16,16,0.25,8.5
185318,1,5,5,1.0,3.0
185334,1,5,5,0.8,3.0
185341,1,2,2,1.0,1.5
185345,1,11,11,0.2727272727272727,6.0
185360,1,12,12,0.25,6.5
185363,1,5,5,0.8,3.0
185374,1,5,5,0.2,3.0
185406,2,7,7,1.0,3.142857142857143
185420,1,11,11,0.8181818181818182,6.0
185428,1,6,6,1.0,3.5
185432,2,32,24,0.9375,8.53125
185440,1,8,8,0.125,4.5
185441,1,10,10,0.7,5.5
185452,2,8,8,0.625,2.625
185454,1,10,10,0.8,5.5
185457,1,6,6,0.0,3.5
185460,1,10,10,0.8,5.5
185479,1,10,10,0.8,5.5
185488,1,9,9,0.6666666666666666,5.0
185491,1,25,25,0.76,13.0
185493,1,19,19,0.3157894736842105,10.0
185502,1,1,1,0.0,1.0
185516,1,21,21,0.9047619047619048,11.0
185517,2,17,17,0.5294117647058824,4.882352941176471
185524,1,4,4,0.75,2.5
185537,1,7,7,0.2857142857142857,4.0
185560,1,14,14,0.0,7.5
185562,1,17,17,1.0,9.0
185565,1,4,4,1.0,2.5
185576,1,7,7,0.0,4.0
185577,1,13,13,0.6153846153846154,7.0
185581,1,11,11,0.7272727272727273,6.0
185583,1,9,9,0.5555555555555556,5.0
185591,1,2,2,0.5,1.5
185594,2,35,35,0.6285714285714286,9.6
185629,1,4,4,0.25,2.5
185632,1,34,34,0.5588235294117647,17.5
185634,1,27,27,0.4444444444444444,14.0
185641,2,15,15,0.8,4.266666666666667
185677,1,7,7,1.0,4.0
185692,2,30,24,0.9333333333333333,10.133333333333333
185694,1,12,12,0.6666666666666666,6.5
185698,1,14,14,0.6428571428571429,7.5
185706,1,9,9,0.0,5.0
185711,1,19,19,0.3157894736842105,10.0
185730,1,4,4,1.0,2.5
185758,1,11,11,0.0,6.0
185763,1,12,12,0.6666666666666666,6.5
185769,1,8,8,0.875,4.5
185777,1,20,20,0.75,10.5
185789,1,4,4,0.0,2.5
185797,1,5,5,0.0,3.0
185801,1,6,6,0.6666666666666666,3.5
185804,1,1,1,0.0,1.0
185813,1,2,2,1.0,1.5
185815,1,17,17,0.7058823529411765,9.0
185820,1,10,10,0.0,5.5
185828,1,3,3,0.0,2.0
185843,1,9,9,0.0,5.0
185845,1,9,9,0.7777777777777778,5.0
185852,1,3,3,1.0,2.0
185857,1,4,4,0.25,2.5
185877,1,8,8,0.375,4.5
185884,1,6,6,0.8333333333333334,3.5
185894,2,7,5,1.0,2.5714285714285716
185919,1,35,35,0.8571428571428571,18.0
185953,1,3,3,0.0,2.0
185970,1,8,8,0.0,4.5
185977,1,26,26,0.11538461538461539,13.5
185999,1,8,8,0.5,4.5
186000,1,13,13,0.7692307692307693,7.0
186001,1,14,14,0.42857142857142855,7.5
186006,1,3,3,1.0,2.0
186009,1,15,15,0.5333333333333333,8.0
186021,1,8,8,1.0,4.5
186033,1,11,11,0.0,6.0
186034,1,3,3,0.0,2.0
186044,1,11,11,0.2727272727272727,6.0
186051,1,8,8,0.25,4.5
186053,1,10,10,0.2,5.5
186065,1,10,10,0.6,5.5
186078,1,12,12,0.4166666666666667,6.5
186129,2,11,11,0.8181818181818182,3.272727272727273
186133,1,7,7,0.2857142857142857,4.0
186138,1,5,5,0.8,3.0
186142,1,15,15,0.5333333333333333,8.0
186155,1,16,16,0.5625,8.5
186161,1,18,18,0.7777777777777778,9.5
186164,1,11,11,0.0,6.0
186214,1,3,3,0.0,2.0
186224,1,3,3,0.6666666666666666,2.0
186227,1,18,18,0.7777777777777778,9.5
186231,1,4,4,0.25,2.5
186233,1,29,29,0.8275862068965517,15.0
186234,1,8,8,0.875,4.5
186236,2,9,9,0.2222222222222222,2.7777777777777777
186260,2,10,7,0.8,3.4
186271,2,19,19,0.6842105263157895,6.315789473684211
186274,1,12,12,0.6666666666666666,6.5
186279,1,11,11,0.09090909090909091,6.0
186291,1,8,8,0.5,4.5
186331,1,20,20,1.0,10.5
186333,1,8,8,0.0,4.5
186335,1,12,12,0.8333333333333334,6.5
186337,1,11,11,0.8181818181818182,6.0
186338,1,13,13,0.7692307692307693,7.0
186362,1,13,13,0.15384615384615385,7.0
186377,1,9,9,0.8888888888888888,5.0
186379,1,11,11,0.6363636363636364,6.0
186383,1,15,15,0.26666666666666666,8.0
186406,1,3,3,1.0,2.0
186407,1,4,4,0.0,2.5
186408,1,4,4,0.75,2.5
186410,1,6,6,0.5,3.5
186412,1,1,1,0.0,1.0
186419,2,14,14,0.5714285714285714,4.071428571428571
186442,2,6,6,0.6666666666666666,2.1666666666666665
186444,1,11,11,0.8181818181818182,6.0
186448,1,4,4,1.0,2.5
186450,1,8,8,0.5,4.5
186453,1,4,4,1.0,2.5
186464,1,20,20,0.0,10.5
186478,1,16,16,0.9375,8.5
186480,1,3,3,0.6666666666666666,2.0
186493,1,9,9,0.7777777777777778,5.0
186507,1,7,7,0.8571428571428571,4.0
186524,2,11,11,0.18181818181818182,3.4545454545454546
186558,1,4,4,0.0,2.5
186559,1,29,29,0.6551724137931034,15.0
186568,1,9,9,0.0,5.0
186570,1,23,23,0.391304347826087,12.0
186576,1,13,13,0.46153846153846156,7.0
186595,1,7,7,0.7142857142857143,4.0
186597,1,8,8,0.0,4.5
186601,1,8,8,0.375,4.5
186603,1,8,8,1.0,4.5
186605,1,8,8,0.875,4.5
186610,1,6,6,1.0,3.5
186616,1,7,7,1.0,4.0
186623,1,6,6,1.0,3.5
186630,1,6,6,1.0,3.5
186648,1,18,18,0.9444444444444444,9.5
186663,1,6,6,0.3333333333333333,3.5
186666,1,2,2,1.0,1.5
186671,1,11,11,0.0,6.0
186693,1,4,4,0.0,2.5
186721,1,7,7,0.14285714285714285,4.0
186739,1,16,16,0.0,8.5
186747,1,8,8,0.5,4.5
186751,1,6,6,0.6666666666666666,3.5
186753,1,7,7,0.14285714285714285,4.0
186762,1,6,6,0.5,3.5
186764,1,2,2,0.0,1.5
186792,1,8,8,0.375,4.5
186815,1,1,1,1.0,1.0
186816,1,27,27,0.7777777777777778,14.0
186836,2,12,12,0.75,4.833333333333333
186841,1,25,25,0.68,13.0
186847,1,5,5,0.8,3.0
186854,1,4,4,0.5,2.5
186859,1,1,1,0.0,1.0
186873,1,4,4,0.75,2.5
186883,1,12,12,0.08333333333333333,6.5
186945,1,13,13,0.8461538461538461,7.0
186968,1,7,7,0.14285714285714285,4.0
186986,1,13,13,0.38461538461538464,7.0
187018,1,1,1,1.0,1.0
187020,1,12,12,0.0,6.5
187027,1,7,7,0.14285714285714285,4.0
187029,1,7,7,1.0,4.0
187038,1,4,4,0.5,2.5
187046,1,7,7,0.8571428571428571,4.0
187052,1,8,8,0.625,4.5
187056,1,13,13,1.0,7.0
187059,1,5,5,0.4,3.0
187075,1,17,17,0.7058823529411765,9.0
187083,1,12,12,0.8333333333333334,6.5
187100,1,6,6,0.5,3.5
187108,1,13,13,0.8461538461538461,7.0
187118,1,3,3,1.0,2.0
187156,1,2,2,1.0,1.5
187157,2,8,6,0.875,2.625
187188,1,5,5,0.4,3.0
187190,1,3,3,0.0,2.0
187191,1,9,9,0.0,5.0
187208,1,4,4,0.25,2.5
187209,1,9,9,0.5555555555555556,5.0
187232,1,8,8,0.625,4.5
187244,2,20,19,0.7,5.7
187247,1,22,22,0.8636363636363636,11.5
187261,1,2,2,1.0,1.5
187286,1,8,8,0.625,4.5
187288,1,16,16,0.4375,8.5
187293,1,12,12,0.5833333333333334,6.5
187296,1,7,7,0.7142857142857143,4.0
187305,1,13,13,0.9230769230769231,7.0
187324,1,3,3,1.0,2.0
187334,1,2,2,1.0,1.5
187335,1,12,12,0.9166666666666666,6.5
187362,1,6,6,1.0,3.5
187364,1,5,5,0.4,3.0
187378,1,19,19,0.9473684210526315,10.0
187387,1,3,3,0.3333333333333333,2.0
187400,1,4,4,0.75,2.5
187404,1,14,14,0.35714285714285715,7.5
187426,1,13,13,0.0,7.0
187431,1,10,10,0.5,5.5
187445,1,6,6,0.5,3.5
187458,1,9,9,0.8888888888888888,5.0
187459,1,6,6,1.0,3.5
187464,1,9,9,0.2222222222222222,5.0
187490,1,6,6,0.5,3.5
187500,1,1,1,0.0,1.0
187504,1,18,18,1.0,9.5
187539,1,11,11,0.6363636363636364,6.0
187556,1,6,6,0.5,3.5
187558,1,4,4,1.0,2.5
187560,2,29,29,0.20689655172413793,8.448275862068966
187567,1,7,7,0.5714285714285714,4.0
187572,1,12,12,0.9166666666666666,6.5
187585,1,24,24,0.3333333333333333,12.5
187589,2,37,32,0.7567567567567568,9.81081081081081
187599,1,3,3,0.6666666666666666,2.0
187605,1,4,4,1.0,2.5
187609,1,6,6,1.0,3.5
187619,1,8,8,0.25,4.5
187620,1,15,15,0.7333333333333333,8.0
187637,1,4,4,0.75,2.5
187653,1,14,14,0.2857142857142857,7.5
187657,1,17,17,0.4117647058823529,9.0
187665,1,13,13,1.0,7.0
187671,1,17,17,0.11764705882352941,9.0
187684,1,6,6,0.0,3.5
187689,1,10,10,0.9,5.5
187697,1,11,11,0.7272727272727273,6.0
187706,2,23,23,0.6521739130434783,6.521739130434782
187712,1,10,10,1.0,5.5
187724,1,1,1,1.0,1.0
187726,1,19,19,1.0,10.0
187729,1,13,13,0.15384615384615385,7.0
187742,1,14,14,0.8571428571428571,7.5
187743,1,6,6,0.0,3.5
187747,1,4,4,1.0,2.5
187750,1,12,12,0.4166666666666667,6.5
187753,1,3,3,0.0,2.0
187757,1,4,4,0.5,2.5
187760,1,18,18,0.6111111111111112,9.5
187764,2,12,10,0.75,4.25
187817,1,16,16,0.0,8.5
187825,1,3,3,0.6666666666666666,2.0
187843,1,10,10,0.4,5.5
187848,1,19,19,0.6842105263157895,10.0
187853,2,24,24,0.75,6.541666666666667
187854,1,20,20,0.7,10.5
187864,1,31,31,0.41935483870967744,16.0
187865,1,26,26,0.46153846153846156,13.5
187873,1,8,8,0.0,4.5
187900,1,10,10,0.8,5.5
187910,1,14,14,0.6428571428571429,7.5
187915,1,6,6,0.5,3.5
187930,1,10,10,0.9,5.5
187932,1,15,15,0.8,8.0
187952,1,9,9,0.5555555555555556,5.0
187966,1,2,2,0.5,1.5
188004,1,7,7,1.0,4.0
188008,1,11,11,0.8181818181818182,6.0
188014,1,10,10,1.0,5.5
188017,1,7,7,1.0,4.0
188020,1,13,13,0.7692307692307693,7.0
188031,1,1,1,0.0,1.0
188045,1,15,15,0.6666666666666666,8.0
188062,1,7,7,0.7142857142857143,4.0
188067,2,20,20,0.8,5.7
188068,1,19,19,0.10526315789473684,10.0
188071,1,7,7,0.7142857142857143,4.0
188108,1,2,2,0.0,1.5
188112,1,10,10,0.6,5.5
188138,1,5,5,0.8,3.0
188141,1,12,12,0.5,6.5
188153,1,9,9,0.0,5.0
188156,1,37,37,0.8918918918918919,19.0
188178,1,33,33,0.9696969696969697,17.0
188187,1,15,15,0.0,8.0
188192,3,14,12,0.9285714285714286,3.142857142857143
188194,1,8,8,0.375,4.5
188222,1,2,2,1.0,1.5
188236,1,23,23,0.6086956521739131,12.0
188246,1,1,1,1.0,1.0
188255,1,5,5,1.0,3.0
188259,1,15,15,0.3333333333333333,8.0
188264,1,13,13,0.0,7.0
188272,1,12,12,0.9166666666666666,6.5
188278,1,23,23,0.6086956521739131,12.0
188279,1,15,15,0.13333333333333333,8.0
188291,2,27,27,0.5925925925925926,7.2592592592592595
188300,1,23,23,0.34782608695652173,12.0
188307,1,4,4,0.25,2.5
188318,1,13,13,0.7692307692307693,7.0
188346,1,13,13,0.6923076923076923,7.0
188349,1,9,9,0.8888888888888888,5.0
188360,1,8,8,0.625,4.5
188386,1,3,3,0.0,2.0
188390,1,15,15,0.4666666666666667,8.0
188398,1,17,17,0.5882352941176471,9.0
188405,2,24,24,0.9166666666666666,6.541666666666667
188409,1,4,4,0.25,2.5
188413,2,15,14,0.8666666666666667,4.266666666666667
188417,1,5,5,0.6,3.0
188446,1,9,9,0.7777777777777778,5.0
188447,1,17,17,0.17647058823529413,9.0
188454,1,17,17,0.0,9.0
188494,1,2,2,1.0,1.5
188521,1,26,26,0.0,13.5
188525,2,10,10,1.0,3.1
188528,1,45,45,0.6666666666666666,23.0
188532,1,9,9,1.0,5.0
188534,2,15,14,0.6666666666666666,4.666666666666667
188560,1,20,20,0.0,10.5
188561,1,23,23,0.6521739130434783,12.0
188562,1,2,2,0.5,1.5
188587,1,20,20,0.15,10.5
188598,1,19,19,0.2631578947368421,10.0
188602,1,4,4,0.25,2.5
188603,1,5,5,0.0,3.0
188608,1,24,24,0.0,12.5
188633,1,1,1,0.0,1.0
188635,1,11,11,0.0,6.0
188659,1,7,7,1.0,4.0
188671,1,13,13,0.3076923076923077,7.0
188677,2,40,37,0.575,15.4
188687,2,22,22,0.8636363636363636,6.0
188715,1,1,1,0.0,1.0
188727,2,26,24,0.8461538461538461,7.961538461538462
188741,1,12,12,0.4166666666666667,6.5
188750,1,2,2,1.0,1.5
188776,1,20,20,0.9,10.5
188781,1,10,10,1.0,5.5
188782,1,10,10,0.1,5.5
188792,1,19,19,0.2631578947368421,10.0
188839,1,24,24,0.7083333333333334,12.5
188841,1,9,9,0.3333333333333333,5.0
188860,1,2,2,1.0,1.5
188924,1,6,6,0.0,3.5
188973,1,11,11,0.36363636363636365,6.0
188977,1,21,21,0.7142857142857143,11.0
188982,1,12,12,0.8333333333333334,6.5
188998,2,26,26,0.8461538461538461,9.461538461538462
189003,1,4,4,0.75,2.5
189015,1,6,6,0.8333333333333334,3.5
189025,1,15,15,0.9333333333333333,8.0
189034,1,6,6,0.8333333333333334,3.5
189051,1,9,9,0.5555555555555556,5.0
189062,1,8,8,0.75,4.5
189063,1,14,14,0.35714285714285715,7.5
189078,1,3,3,0.6666666666666666,2.0
189089,2,14,14,0.42857142857142855,4.285714285714286
189099,1,2,2,0.0,1.5
189109,1,24,24,0.375,12.5
189116,1,33,33,0.7878787878787878,17.0
189125,1,5,5,0.8,3.0
189134,1,12,12,0.75,6.5
189144,1,26,26,0.8076923076923077,13.5
189157,1,11,11,0.09090909090909091,6.0
189175,1,20,20,0.3,10.5
189187,1,6,6,0.3333333333333333,3.5
189220,1,13,13,1.0,7.0
189234,1,7,7,0.42857142857142855,4.0
189237,1,6,6,0.3333333333333333,3.5
189246,1,14,14,0.9285714285714286,7.5
189247,1,12,12,0.3333333333333333,6.5
189258,1,23,23,0.5652173913043478,12.0
189274,1,9,9,0.7777777777777778,5.0
189282,1,8,8,0.0,4.5
189297,1,6,6,1.0,3.5
189302,1,12,12,0.6666666666666666,6.5
189304,1,5,5,0.8,3.0
189312,1,8,8,0.125,4.5
189315,1,2,2,0.0,1.5
189319,1,15,15,0.5333333333333333,8.0
189336,1,17,17,0.058823529411764705,9.0
189337,1,2,2,0.5,1.5
189338,1,9,9,0.0,5.0
189348,1,1,1,0.0,1.0
189351,2,5,5,0.4,1.8
189365,1,20,20,0.05,10.5
189367,1,6,6,0.16666666666666666,3.5
189401,1,33,33,0.0,17.0
189402,1,16,16,0.25,8.5
189408,1,17,17,1.0,9.0
189409,1,5,5,0.0,3.0
189413,1,23,23,0.6086956521739131,12.0
189424,1,21,21,0.38095238095238093,11.0
189427,1,26,26,0.9230769230769231,13.5
189430,1,1,1,1.0,1.0
189438,1,22,22,0.9545454545454546,11.5
189460,1,10,10,0.9,5.5
189471,1,1,1,1.0,1.0
189496,1,4,4,0.75,2.5
189499,1,7,7,0.7142857142857143,4.0
189500,1,5,5,0.2,3.0
189531,1,6,6,0.0,3.5
189545,1,8,8,0.75,4.5
189546,1,11,11,1.0,6.0
189552,1,19,19,0.6842105263157895,10.0
189557,1,9,9,1.0,5.0
189560,1,1,1,1.0,1.0
189565,1,6,6,0.6666666666666666,3.5
189576,1,10,10,0.6,5.5
189632,1,13,13,0.6923076923076923,7.0
189640,1,33,33,0.45454545454545453,17.0
189641,1,6,6,0.6666666666666666,3.5
189651,1,9,9,0.3333333333333333,5.0
189669,1,13,13,0.46153846153846156,7.0
189696,1,1,1,0.0,1.0
189737,1,11,11,0.9090909090909091,6.0
189753,1,4,4,0.5,2.5
189762,1,2,2,1.0,1.5
189766,1,1,1,1.0,1.0
189782,1,7,7,0.7142857142857143,4.0
189808,1,15,15,0.6666666666666666,8.0
189829,1,16,16,0.375,8.5
189831,1,1,1,1.0,1.0
189838,1,3,3,1.0,2.0
189858,1,12,12,1.0,6.5
189870,1,23,23,0.782608695652174,12.0
189925,1,2,2,1.0,1.5
189943,1,7,7,0.2857142857142857,4.0
189949,1,17,17,0.0,9.0
189954,1,15,15,0.4666666666666667,8.0
189955,1,13,13,0.6923076923076923,7.0
189974,1,8,8,0.875,4.5
189993,1,19,19,0.7368421052631579,10.0
190024,1,28,28,0.42857142857142855,14.5
190054,1,10,10,0.0,5.5
190055,1,6,6,0.5,3.5
190059,1,2,2,0.0,1.5
190098,1,21,21,0.5238095238095238,11.0
190103,1,10,10,0.5,5.5
190126,1,4,4,1.0,2.5
190132,1,7,7,0.8571428571428571,4.0
190133,1,5,5,1.0,3.0
190158,1,15,15,0.9333333333333333,8.0
190162,1,21,21,0.3333333333333333,11.0
190181,1,9,9,0.8888888888888888,5.0
190184,1,9,9,0.7777777777777778,5.0
190205,1,13,13,0.8461538461538461,7.0
190207,2,54,54,0.9444444444444444,14.074074074074074
190230,1,14,14,0.2857142857142857,7.5
190231,1,4,4,0.75,2.5
190232,1,6,6,0.0,3.5
190234,1,2,2,1.0,1.5
190239,1,26,26,0.07692307692307693,13.5
190248,1,2,2,0.5,1.5
190269,1,14,14,1.0,7.5
190294,1,2,2,0.0,1.5
190301,1,2,2,1.0,1.5
190310,1,9,9,0.3333333333333333,5.0
190318,1,17,17,0.0,9.0
190321,1,4,4,0.5,2.5
190322,2,22,22,0.6363636363636364,6.045454545454546
190326,1,4,4,1.0,2.5
190338,1,8,8,0.0,4.5
190339,1,15,15,0.5333333333333333,8.0
190349,1,15,15,0.9333333333333333,8.0
190389,1,4,4,0.5,2.5
190391,1,7,7,0.42857142857142855,4.0
190409,1,18,18,1.0,9.5
190414,1,10,10,0.9,5.5
190416,1,4,4,0.5,2.5
190428,1,1,1,1.0,1.0
190431,1,5,5,1.0,3.0
190433,1,7,7,0.8571428571428571,4.0
190445,1,6,6,1.0,3.5
190463,2,33,33,0.8787878787878788,10.030303030303031
190474,1,1,1,1.0,1.0
190496,1,2,2,0.0,1.5
190502,1,9,9,0.4444444444444444,5.0
190516,2,7,7,1.0,2.5714285714285716
190519,1,4,4,1.0,2.5
190529,1,2,2,0.0,1.5
190542,2,34,32,0.6764705882352942,10.882352941176471
190558,1,1,1,0.0,1.0
190560,1,3,3,1.0,2.0
190561,1,11,11,0.6363636363636364,6.0
190581,1,7,7,0.7142857142857143,4.0
190584,1,8,8,0.375,4.5
190592,1,16,16,0.875,8.5
190593,1,17,17,0.35294117647058826,9.0
190599,2,13,13,0.6923076923076923,3.769230769230769
190615,1,6,6,1.0,3.5
190652,1,13,13,0.5384615384615384,7.0
190662,1,2,2,0.0,1.5
190667,1,7,7,0.7142857142857143,4.0
190670,1,4,4,0.0,2.5
190673,1,11,11,0.5454545454545454,6.0
190678,1,2,2,0.5,1.5
190688,1,10,10,0.4,5.5
190709,1,3,3,1.0,2.0
190713,1,6,6,0.6666666666666666,3.5
190726,1,5,5,0.6,3.0
190732,1,2,2,1.0,1.5
190736,1,43,43,0.9302325581395349,22.0
190742,1,22,22,0.8636363636363636,11.5
190746,1,6,6,0.8333333333333334,3.5
190761,1,17,17,0.29411764705882354,9.0
190797,1,7,7,0.8571428571428571,4.0
190813,1,3,3,0.6666666666666666,2.0
190816,1,6,6,0.6666666666666666,3.5
190853,1,6,6,0.6666666666666666,3.5
190854,1,20,20,0.45,10.5
190870,1,5,5,0.2,3.0
190883,2,20,14,0.8,5.95
190898,1,15,15,1.0,8.0
190899,1,4,4,0.5,2.5
190923,1,16,16,1.0,8.5
190930,2,30,30,0.9333333333333333,10.7
190937,1,11,11,0.9090909090909091,6.0
190945,1,7,7,0.2857142857142857,4.0
190953,1,5,5,0.8,3.0
190964,1,16,16,0.5,8.5
190990,1,3,3,0.0,2.0
190994,1,5,5,0.4,3.0
191003,1,9,9,0.0,5.0
191025,1,9,9,0.3333333333333333,5.0
191042,1,6,6,0.3333333333333333,3.5
191054,1,12,12,1.0,6.5
191063,1,15,15,0.13333333333333333,8.0
191064,1,26,26,0.8076923076923077,13.5
191070,1,11,11,0.09090909090909091,6.0
191084,1,5,5,0.0,3.0
191102,1,12,12,0.25,6.5
191106,1,8,8,0.75,4.5
191112,1,3,3,0.6666666666666666,2.0
191124,1,15,15,0.9333333333333333,8.0
191131,1,6,6,0.3333333333333333,3.5
191132,1,4,4,0.5,2.5
191140,1,5,5,0.8,3.0
191170,1,3,3,0.6666666666666666,2.0
191181,1,1,1,0.0,1.0
191185,1,18,18,0.2222222222222222,9.5
191191,1,9,9,0.4444444444444444,5.0
191198,1,5,5,0.6,3.0
191199,1,11,11,0.9090909090909091,6.0
191233,2,11,11,0.45454545454545453,3.272727272727273
191242,1,14,14,0.0,7.5
191250,1,31,31,0.7741935483870968,16.0
191277,1,9,9,0.6666666666666666,5.0
191278,1,13,13,0.9230769230769231,7.0
191280,1,6,6,0.6666666666666666,3.5
191283,1,4,4,0.25,2.5
191299,1,6,6,0.8333333333333334,3.5
191301,1,26,26,0.9230769230769231,13.5
191302,1,11,11,0.8181818181818182,6.0
191318,1,5,5,1.0,3.0
191319,1,15,15,0.4666666666666667,8.0
191324,1,10,10,0.7,5.5
191326,1,24,24,0.7083333333333334,12.5
191334,3,70,60,0.7857142857142857,15.4
191343,1,11,11,0.2727272727272727,6.0
191375,1,2,2,0.5,1.5
191377,1,14,14,0.21428571428571427,7.5
191381,1,7,7,0.42857142857142855,4.0
191383,1,11,11,0.45454545454545453,6.0
191401,2,10,10,0.4,3.1
191410,2,10,10,0.8,4.6
191447,1,12,12,1.0,6.5
191460,1,29,29,0.3793103448275862,15.0
191465,2,19,16,1.0,5.578947368421052
191489,1,11,11,0.6363636363636364,6.0
191511,2,38,37,0.8157894736842105,10.657894736842104
191528,1,1,1,1.0,1.0
191535,1,7,7,0.0,4.0
191571,1,7,7,0.8571428571428571,4.0
191593,1,15,15,0.4,8.0
191597,1,5,5,0.6,3.0
191605,1,12,12,0.5,6.5
191631,2,24,24,0.375,6.875
191672,3,33,31,0.7878787878787878,6.393939393939394
191675,1,3,3,0.6666666666666666,2.0
191704,1,6,6,0.6666666666666666,3.5
191710,1,2,2,1.0,1.5
191711,1,19,19,0.9473684210526315,10.0
191715,1,8,8,1.0,4.5
191729,1,8,8,0.0,4.5
191750,1,19,19,0.7894736842105263,10.0
191755,1,23,23,0.8260869565217391,12.0
191762,1,18,18,0.5,9.5
191763,1,19,19,0.47368421052631576,10.0
191767,1,2,2,1.0,1.5
191773,1,13,13,0.0,7.0
191811,1,7,7,1.0,4.0
191814,1,8,8,0.375,4.5
191817,1,11,11,0.2727272727272727,6.0
191821,1,15,15,0.9333333333333333,8.0
191838,1,4,4,0.0,2.5
191847,1,2,2,0.0,1.5
191853,1,6,6,1.0,3.5
191876,1,9,9,0.3333333333333333,5.0
191877,1,14,14,0.5714285714285714,7.5
191886,2,3,3,0.3333333333333333,1.3333333333333333
191890,1,13,13,0.15384615384615385,7.0
191894,1,14,14,0.0,7.5
191912,2,11,10,0.7272727272727273,3.272727272727273
191916,1,13,13,1.0,7.0
191934,1,12,12,0.6666666666666666,6.5
191937,1,20,20,0.0,10.5
191950,1,11,11,0.9090909090909091,6.0
191959,1,3,3,0.0,2.0
191961,1,9,9,0.5555555555555556,5.0
191962,1,14,14,0.42857142857142855,7.5
191973,1,6,6,0.16666666666666666,3.5
192010,1,9,9,0.1111111111111111,5.0
192015,1,9,9,0.3333333333333333,5.0
192029,1,10,10,0.6,5.5
192056,1,6,6,0.16666666666666666,3.5
192059,1,2,2,0.5,1.5
192073,1,45,45,0.4222222222222222,23.0
192081,1,10,10,0.2,5.5
192083,3,42,37,0.9523809523809523,7.666666666666667
192122,1,2,2,0.5,1.5
192127,1,14,14,1.0,7.5
192128,1,6,6,0.5,3.5
192130,1,6,6,0.0,3.5
192144,1,20,20,0.45,10.5
192171,1,16,16,0.4375,8.5
192194,1,5,5,0.8,3.0
192210,1,2,2,1.0,1.5
192223,1,11,11,0.7272727272727273,6.0
192245,1,2,2,1.0,1.5
192264,1,3,3,0.6666666666666666,2.0
192267,1,24,24,0.5,12.5
192287,1,38,38,1.0,19.5
192347,1,9,9,0.4444444444444444,5.0
192372,1,13,13,0.0,7.0
192382,1,5,5,0.2,3.0
192396,1,23,23,0.7391304347826086,12.0
192398,1,26,26,0.8846153846153846,13.5
192430,1,12,12,0.25,6.5
192439,1,17,17,0.9411764705882353,9.0
192444,2,14,14,0.9285714285714286,4.285714285714286
192485,1,7,7,1.0,4.0
192507,1,3,3,0.3333333333333333,2.0
192550,1,7,7,0.42857142857142855,4.0
192551,1,10,10,0.7,5.5
192552,1,14,14,0.6428571428571429,7.5
192589,1,5,5,0.6,3.0
192596,3,9,9,0.6666666666666666,2.4444444444444446
192612,1,9,9,0.5555555555555556,5.0
192626,1,19,19,0.47368421052631576,10.0
192631,1,4,4,0.25,2.5
192647,1,1,1,1.0,1.0
192657,1,14,14,0.14285714285714285,7.5
192672,1,5,5,0.8,3.0
192691,2,2,2,0.0,1.0
192692,1,4,4,1.0,2.5
192695,1,2,2,1.0,1.5
192698,1,9,9,0.4444444444444444,5.0
192725,1,9,9,0.8888888888888888,5.0
192727,1,6,6,0.0,3.5
192734,2,34,28,0.7352941176470589,10.058823529411764
192747,1,17,17,0.7647058823529411,9.0
192752,1,4,4,1.0,2.5
192756,1,18,18,0.1111111111111111,9.5
192795,2,4,4,0.75,1.75
192803,2,14,14,0.7857142857142857,4.071428571428571
192812,1,6,6,0.6666666666666666,3.5
192816,1,9,9,0.7777777777777778,5.0
192819,1,14,14,0.21428571428571427,7.5
192821,1,4,4,0.25,2.5
192831,1,28,28,1.0,14.5
192836,1,16,16,0.3125,8.5
192868,1,2,2,0.5,1.5
192906,1,9,9,0.6666666666666666,5.0
192932,1,12,12,0.5833333333333334,6.5
192934,1,7,7,0.5714285714285714,4.0
192948,1,13,13,0.8461538461538461,7.0
192953,1,17,17,0.5882352941176471,9.0
192962,1,10,10,0.0,5.5
192963,1,5,5,0.0,3.0
192971,1,13,13,0.0,7.0
192992,1,3,3,1.0,2.0
193003,1,4,4,0.75,2.5
193008,1,2,2,0.0,1.5
193012,3,16,15,0.6875,3.75
193016,1,15,15,1.0,8.0
193056,2,46,40,0.9782608695652174,13.065217391304348
193063,1,5,5,0.0,3.0
193074,1,4,4,0.5,2.5
193075,1,7,7,0.0,4.0
193089,1,6,6,0.3333333333333333,3.5
193090,1,8,8,0.125,4.5
193104,2,17,17,0.6470588235294118,5.117647058823529
193111,1,10,10,0.8,5.5
193112,1,16,16,0.8125,8.5
193125,1,5,5,0.4,3.0
193126,1,3,3,1.0,2.0
193164,2,18,13,1.0,5.055555555555555
193173,1,20,20,0.65,10.5
193177,1,16,16,0.9375,8.5
193181,1,4,4,0.25,2.5
193189,1,17,17,0.47058823529411764,9.0
193200,1,15,15,0.0,8.0
193210,1,6,6,0.16666666666666666,3.5
193212,1,18,18,0.5,9.5
193223,2,36,36,0.4444444444444444,9.944444444444445
193226,1,6,6,0.6666666666666666,3.5
193232,1,1,1,0.0,1.0
193236,1,6,6,0.0,3.5
193238,1,8,8,1.0,4.5
193263,1,24,24,0.7083333333333334,12.5
193268,1,25,25,0.8,13.0
193273,1,24,24,0.4583333333333333,12.5
193282,1,33,33,0.8484848484848485,17.0
193321,1,8,8,0.875,4.5
193347,1,2,2,0.5,1.5
193352,1,14,14,0.5,7.5
193369,1,10,10,1.0,5.5
193372,1,11,11,0.7272727272727273,6.0
193382,1,9,9,0.8888888888888888,5.0
193397,1,5,5,0.8,3.0
193398,1,9,9,1.0,5.0
193408,1,4,4,1.0,2.5
193442,1,3,3,1.0,2.0
193446,1,12,12,0.0,6.5
193451,1,15,15,0.7333333333333333,8.0
193453,1,18,18,0.5555555555555556,9.5
193461,1,4,4,0.0,2.5
193462,1,16,16,0.1875,8.5
193480,1,2,2,0.0,1.5
193481,1,20,20,0.7,10.5
193488,1,9,9,0.8888888888888888,5.0
193508,1,5,5,0.6,3.0
193521,1,4,4,1.0,2.5
193535,1,18,18,0.0,9.5
193539,1,5,5,0.6,3.0
193549,1,7,7,0.42857142857142855,4.0
193550,1,13,13,0.6923076923076923,7.0
193551,1,8,8,0.625,4.5
193557,1,2,2,1.0,1.5
193562,1,8,8,0.875,4.5
193591,1,3,3,0.6666666666666666,2.0
193602,1,28,28,0.6071428571428571,14.5
193606,2,43,36,0.7441860465116279,11.255813953488373
193626,1,11,11,0.18181818181818182,6.0
193635,1,3,3,0.0,2.0
193653,2,24,23,0.375,8.541666666666666
193672,1,5,5,1.0,3.0
193676,1,6,6,1.0,3.5
193686,1,7,7,0.2857142857142857,4.0
193689,1,11,11,0.0,6.0
193700,1,12,12,0.8333333333333334,6.5
193730,1,3,3,1.0,2.0
193748,1,8,8,0.875,4.5
193777,1,9,9,0.6666666666666666,5.0
193784,1,1,1,1.0,1.0
193796,1,19,19,0.6842105263157895,10.0
193798,1,7,7,0.2857142857142857,4.0
193808,1,15,15,1.0,8.0
193815,2,9,8,1.0,3.4444444444444446
193817,1,6,6,0.6666666666666666,3.5
193819,1,2,2,0.0,1.5
193842,1,10,10,0.2,5.5
193843,1,6,6,1.0,3.5
193844,1,25,25,0.0,13.0
193852,1,3,3,1.0,2.0
193873,1,6,6,1.0,3.5
193876,1,14,14,0.6428571428571429,7.5
193879,1,16,16,0.75,8.5
193905,2,16,15,0.375,4.5625
193909,1,16,16,0.5625,8.5
193914,1,5,5,0.4,3.0
193919,1,8,8,1.0,4.5
193938,1,7,7,1.0,4.0
193939,1,7,7,0.8571428571428571,4.0
193962,1,15,15,0.13333333333333333,8.0
193963,1,24,24,0.3333333333333333,12.5
193971,1,3,3,0.6666666666666666,2.0
193972,1,11,11,0.36363636363636365,6.0
193977,1,47,47,0.6595744680851063,24.0
193980,1,19,19,0.7894736842105263,10.0
193981,1,7,7,0.42857142857142855,4.0
194012,1,24,24,0.5416666666666666,12.5
194023,1,24,24,0.125,12.5
194025,1,3,3,0.3333333333333333,2.0
194026,2,33,33,0.48484848484848486,8.93939393939394
194031,1,16,16,1.0,8.5
194040,1,1,1,1.0,1.0
194042,1,7,7,0.8571428571428571,4.0
194044,1,18,18,0.2222222222222222,9.5
194072,1,8,8,0.125,4.5
194075,1,8,8,0.25,4.5
194081,1,6,6,0.3333333333333333,3.5
194089,1,10,10,0.6,5.5
194109,2,21,20,0.9523809523809523,5.857142857142857
194112,1,3,3,1.0,2.0
194118,1,19,19,0.42105263157894735,10.0
194128,1,16,16,0.4375,8.5
194132,1,3,3,0.6666666666666666,2.0
194162,1,14,14,1.0,7.5
194166,1,2,2,1.0,1.5
194173,1,10,10,0.6,5.5
194178,1,13,13,0.38461538461538464,7.0
194187,1,16,16,0.75,8.5
194216,1,6,6,0.16666666666666666,3.5
194218,1,26,26,0.07692307692307693,13.5
194230,1,4,4,0.0,2.5
194232,1,24,24,0.9166666666666666,12.5
194290,1,2,2,0.5,1.5
194301,1,5,5,0.4,3.0
194309,1,3,3,0.6666666666666666,2.0
194310,1,2,2,1.0,1.5
194316,1,9,9,0.6666666666666666,5.0
194339,1,9,9,0.5555555555555556,5.0
194370,1,9,9,0.4444444444444444,5.0
194375,1,17,17,0.7058823529411765,9.0
194394,1,5,5,1.0,3.0
194400,1,14,14,0.35714285714285715,7.5
194401,1,12,12,0.5,6.5
194408,1,14,14,0.42857142857142855,7.5
194440,2,7,5,1.0,2.2857142857142856
194445,1,2,2,0.0,1.5
194466,1,7,7,0.14285714285714285,4.0
194491,1,14,14,0.07142857142857142,7.5
194495,2,10,8,0.7,3.9
194499,1,6,6,0.3333333333333333,3.5
194503,1,25,25,0.76,13.0
194505,1,13,13,0.6153846153846154,7.0
194507,1,13,13,0.6153846153846154,7.0
194533,1,15,15,0.6,8.0
194559,1,8,8,0.875,4.5
194562,1,23,23,0.6086956521739131,12.0
194567,1,3,3,0.6666666666666666,2.0
194573,1,15,15,0.7333333333333333,8.0
194575,1,13,13,0.5384615384615384,7.0
194587,1,7,7,1.0,4.0
194605,1,5,5,1.0,3.0
194615,1,9,9,1.0,5.0
194618,1,7,7,0.0,4.0
194620,1,18,18,0.9444444444444444,9.5
194628,2,24,24,0.4166666666666667,7.166666666666667
194629,1,5,5,0.6,3.0
194639,1,11,11,0.36363636363636365,6.0
194653,1,6,6,0.6666666666666666,3.5
194661,1,7,7,0.8571428571428571,4.0
194685,1,4,4,0.0,2.5
194704,1,17,17,0.0,9.0
194708,1,18,18,0.3333333333333333,9.5
194744,1,13,13,0.7692307692307693,7.0
194758,2,24,20,0.7916666666666666,7.541666666666667
194762,1,1,1,1.0,1.0
194799,1,14,14,0.7857142857142857,7.5
194805,1,9,9,0.4444444444444444,5.0
194812,1,2,2,0.5,1.5
194824,1,2,2,0.0,1.5
194831,1,9,9,0.3333333333333333,5.0
194861,1,9,9,0.0,5.0
194864,1,20,20,0.35,10.5
194896,1,12,12,0.0,6.5
194899,1,6,6,0.6666666666666666,3.5
194902,1,2,2,1.0,1.5
194906,1,7,7,0.2857142857142857,4.0
194908,1,22,22,0.2727272727272727,11.5
194914,1,15,15,0.3333333333333333,8.0
194917,1,4,4,0.0,2.5
194925,1,2,2,1.0,1.5
194931,1,6,6,1.0,3.5
194934,1,11,11,0.9090909090909091,6.0
194935,1,11,11,0.45454545454545453,6.0
194943,2,12,12,0.08333333333333333,4.833333333333333
194956,1,16,16,0.4375,8.5
194964,1,5,5,1.0,3.0
194974,1,12,12,0.5833333333333334,6.5
194995,1,13,13,0.8461538461538461,7.0
195040,1,4,4,1.0,2.5
195043,1,7,7,0.7142857142857143,4.0
195071,1,11,11,1.0,6.0
195080,1,15,15,1.0,8.0
195096,1,2,2,0.5,1.5
195112,1,13,13,0.3076923076923077,7.0
195126,1,4,4,0.25,2.5
195138,1,21,21,0.047619047619047616,11.0
195142,1,13,13,0.8461538461538461,7.0
195147,1,10,10,0.7,5.5
195148,1,3,3,0.6666666666666666,2.0
195168,1,8,8,1.0,4.5
195172,1,3,3,0.0,2.0
195186,1,8,8,1.0,4.5
195187,1,5,5,0.4,3.0
195228,1,10,10,1.0,5.5
195229,1,4,4,0.0,2.5
195237,1,11,11,1.0,6.0
195253,2,10,10,1.0,3.1
195259,1,6,6,0.0,3.5
195268,1,12,12,0.6666666666666666,6.5
195289,1,15,15,0.4,8.0
195304,1,9,9,0.5555555555555556,5.0
195323,1,2,2,1.0,1.5
195331,1,3,3,0.6666666666666666,2.0
195377,1,4,4,0.75,2.5
195391,1,10,10,0.1,5.5
195392,1,3,3,0.6666666666666666,2.0
195399,1,20,20,0.95,10.5
195423,1,6,6,0.0,3.5
195426,1,6,6,0.6666666666666666,3.5
195443,2,9,8,0.8888888888888888,3.0
195444,1,1,1,0.0,1.0
195456,1,9,9,0.7777777777777778,5.0
195472,1,1,1,0.0,1.0
195485,1,1,1,0.0,1.0
195500,1,22,22,0.8181818181818182,11.5
195543,1,4,4,0.75,2.5
195560,1,20,20,0.95,10.5
195586,1,5,5,0.2,3.0
195608,1,4,4,1.0,2.5
195613,1,11,11,0.2727272727272727,6.0
195650,1,8,8,1.0,4.5
195657,1,26,26,0.8461538461538461,13.5
195673,1,22,22,0.3181818181818182,11.5
195683,1,7,7,0.2857142857142857,4.0
195701,1,8,8,0.25,4.5
195705,1,7,7,0.7142857142857143,4.0
195709,1,7,7,0.0,4.0
195734,1,10,10,0.7,5.5
195738,1,3,3,1.0,2.0
195760,1,8,8,0.375,4.5
195762,1,13,13,0.9230769230769231,7.0
195769,1,16,16,0.0,8.5
195804,1,6,6,1.0,3.5
195811,1,7,7,1.0,4.0
195841,1,2,2,1.0,1.5
195846,1,15,15,0.6,8.0
195868,1,14,14,0.9285714285714286,7.5
195877,1,21,21,0.6190476190476191,11.0
195878,1,3,3,0.3333333333333333,2.0
195889,1,14,14,0.8571428571428571,7.5
195892,1,11,11,0.5454545454545454,6.0
195901,1,6,6,0.3333333333333333,3.5
195916,1,12,12,0.5,6.5
195922,1,6,6,0.3333333333333333,3.5
195928,1,30,30,0.43333333333333335,15.5
195941,1,10,10,0.2,5.5
195978,1,18,18,0.8888888888888888,9.5
196002,1,12,12,1.0,6.5
196015,1,6,6,0.16666666666666666,3.5
196028,1,12,12,0.5,6.5
196038,1,9,9,0.7777777777777778,5.0
196043,1,8,8,1.0,4.5
196055,1,5,5,0.6,3.0
196057,1,2,2,0.5,1.5
196065,1,3,3,0.6666666666666666,2.0
196072,2,2,2,1.0,1.0
196075,1,8,8,0.25,4.5
196080,2,30,30,0.7666666666666667,8.0
196082,2,7,7,0.14285714285714285,3.142857142857143
196088,1,29,29,0.1724137931034483,15.0
196099,2,10,10,0.6,3.4
196104,1,8,8,0.375,4.5
196122,2,25,25,0.76,6.76
196132,1,24,24,0.375,12.5
196148,2,15,14,0.8666666666666667,5.066666666666666
196163,1,5,5,0.8,3.0
196174,2,22,22,0.45454545454545453,7.136363636363637
196177,1,3,3,0.0,2.0
196185,1,21,21,0.0,11.0
196204,1,4,4,1.0,2.5
196208,1,3,3,0.3333333333333333,2.0
196209,1,14,14,0.5,7.5
196224,3,12,11,0.9166666666666666,3.0833333333333335
196227,1,20,20,0.4,10.5
196239,1,2,2,1.0,1.5
196271,2,56,47,0.6964285714285714,14.785714285714286
196296,1,16,16,0.0,8.5
196307,1,4,4,0.25,2.5
196314,1,9,9,0.4444444444444444,5.0
196317,1,12,12,0.6666666666666666,6.5
196331,1,3,3,1.0,2.0
196341,1,11,11,0.0,6.0
196344,1,13,13,0.9230769230769231,7.0
196355,1,6,6,1.0,3.5
196369,1,1,1,1.0,1.0
196396,1,2,2,1.0,1.5
196408,1,15,15,0.6666666666666666,8.0
196415,1,7,7,1.0,4.0
196418,1,20,20,0.9,10.5
196421,1,13,13,0.8461538461538461,7.0
196423,1,9,9,0.5555555555555556,5.0
196436,1,21,21,0.42857142857142855,11.0
196456,1,3,3,1.0,2.0
196472,1,16,16,0.8125,8.5
196481,1,10,10,0.3,5.5
196488,1,12,12,0.4166666666666667,6.5
196504,1,6,6,0.0,3.5
196518,1,11,11,0.6363636363636364,6.0
196526,1,10,10,0.4,5.5
196548,1,2,2,0.5,1.5
196573,1,6,6,0.16666666666666666,3.5
196585,1,6,6,1.0,3.5
196588,1,29,29,0.41379310344827586,15.0
196591,1,8,8,0.25,4.5
196595,1,12,12,0.6666666666666666,6.5
196604,1,2,2,1.0,1.5
196622,1,2,2,1.0,1.5
196626,1,4,4,0.0,2.5
196665,1,10,10,0.6,5.5
196692,1,9,9,0.5555555555555556,5.0
196710,2,54,54,0.7962962962962963,14.296296296296296
196712,2,9,9,0.7777777777777778,3.4444444444444446
196714,1,2,2,1.0,1.5
196736,1,15,15,0.06666666666666667,8.0
196758,1,3,3,1.0,2.0
196760,1,3,3,1.0,2.0
196761,1,16,16,0.1875,8.5
196766,1,13,13,0.15384615384615385,7.0
196769,1,12,12,0.5833333333333334,6.5
196770,1,4,4,0.75,2.5
196772,1,26,26,0.038461538461538464,13.5
196788,1,2,2,0.5,1.5
196804,1,6,6,0.3333333333333333,3.5
196836,4,47,41,0.7446808510638298,7.0638297872340425
196875,1,9,9,1.0,5.0
196877,2,19,19,0.47368421052631576,5.894736842105263
196890,1,17,17,0.0,9.0
196893,1,2,2,1.0,1.5
196898,1,12,12,0.0,6.5
196912,1,5,5,0.0,3.0
196913,1,33,33,0.8787878787878788,17.0
196915,1,7,7,0.7142857142857143,4.0
196929,1,16,16,1.0,8.5
196941,2,14,13,0.9285714285714286,4.0
196953,1,15,15,0.4666666666666667,8.0
196968,1,15,15,0.6666666666666666,8.0
197006,1,25,25,0.68,13.0
197007,1,6,6,1.0,3.5
197011,1,28,28,0.5714285714285714,14.5
197022,2,7,7,0.7142857142857143,2.2857142857142856
197029,3,10,9,0.9,2.4
197036,1,4,4,0.0,2.5
197040,1,6,6,0.0,3.5
197056,1,5,5,0.0,3.0
197060,1,9,9,0.4444444444444444,5.0
197067,1,1,1,1.0,1.0
197075,2,33,32,0.6060606060606061,8.757575757575758
197085,1,11,11,0.5454545454545454,6.0
197103,1,8,8,0.75,4.5
197110,1,2,2,1.0,1.5
197113,1,5,5,0.0,3.0
197127,1,9,9,0.1111111111111111,5.0
197129,3,47,43,0.40425531914893614,10.46808510638298
197151,1,11,11,0.45454545454545453,6.0
197155,1,12,12,0.0,6.5
197161,1,7,7,0.0,4.0
197162,1,9,9,0.7777777777777778,5.0
197171,1,8,8,0.375,4.5
197205,1,6,6,1.0,3.5
197262,1,13,13,0.46153846153846156,7.0
197263,1,1,1,1.0,1.0
197300,1,19,19,0.9473684210526315,10.0
197303,1,19,19,0.9473684210526315,10.0
197306,1,2,2,1.0,1.5
197328,1,25,25,1.0,13.0
197332,1,5,5,0.0,3.0
197356,1,10,10,0.4,5.5
197381,1,9,9,1.0,5.0
197402,1,5,5,0.2,3.0
197422,1,6,6,0.8333333333333334,3.5
197426,1,14,14,0.5,7.5
197427,2,30,30,0.8333333333333334,8.133333333333333
197432,2,21,21,0.42857142857142855,6.333333333333333
197433,1,4,4,0.5,2.5
197483,1,15,15,0.06666666666666667,8.0
197505,1,10,10,0.6,5.5
197520,1,7,7,0.0,4.0
197521,1,16,16,0.8125,8.5
197523,2,9,9,0.7777777777777778,3.4444444444444446
197527,1,5,5,1.0,3.0
197533,1,6,6,1.0,3.5
197560,1,1,1,0.0,1.0
197581,1,6,6,0.0,3.5
197585,1,6,6,0.8333333333333334,3.5
197591,1,6,6,0.6666666666666666,3.5
197599,1,10,10,0.0,5.5
197610,2,15,14,0.8,5.066666666666666
197612,1,8,8,0.875,4.5
197624,1,5,5,0.0,3.0
197640,1,25,25,0.72,13.0
197658,1,24,24,0.5,12.5
197669,1,10,10,0.5,5.5
197673,1,13,13,0.5384615384615384,7.0
197686,1,19,19,0.2631578947368421,10.0
197703,1,24,24,0.7916666666666666,12.5
197726,1,6,6,0.6666666666666666,3.5
197740,1,6,6,0.0,3.5
197745,2,12,9,0.9166666666666666,3.8333333333333335
197767,1,12,12,0.4166666666666667,6.5
197781,1,3,3,0.0,2.0
197792,1,11,11,0.45454545454545453,6.0
197798,1,11,11,0.45454545454545453,6.0
197799,1,18,18,0.5,9.5
197827,1,4,4,0.75,2.5
197832,1,20,20,0.9,10.5
197835,1,13,13,0.07692307692307693,7.0
197842,1,9,9,1.0,5.0
197857,1,12,12,0.9166666666666666,6.5
197870,1,14,14,0.35714285714285715,7.5
197900,1,28,28,0.8571428571428571,14.5
197905,1,12,12,0.0,6.5
197919,1,6,6,0.3333333333333333,3.5
197949,1,4,4,0.0,2.5
197956,1,23,23,0.30434782608695654,12.0
197962,1,2,2,0.0,1.5
197984,1,10,10,0.4,5.5
197994,1,23,23,0.6086956521739131,12.0
197996,1,4,4,0.0,2.5
198004,1,9,9,0.5555555555555556,5.0
198015,1,6,6,1.0,3.5
198021,1,8,8,0.25,4.5
198029,1,5,5,1.0,3.0
198043,1,19,19,0.42105263157894735,10.0
198045,2,18,18,0.7777777777777778,5.5
198065,1,9,9,0.8888888888888888,5.0
198071,1,5,5,0.2,3.0
198085,4,33,27,0.6363636363636364,5.363636363636363
198103,2,11,7,1.0,3.272727272727273
198106,1,17,17,0.35294117647058826,9.0
198113,1,14,14,0.5714285714285714,7.5
198120,2,14,14,0.7857142857142857,4.071428571428571
198151,1,6,6,0.8333333333333334,3.5
198153,1,9,9,0.6666666666666666,5.0
198157,1,19,19,0.631578947368421,10.0
198159,1,6,6,0.5,3.5
198165,2,10,10,0.9,3.1
198169,1,9,9,0.2222222222222222,5.0
198180,1,19,19,0.8421052631578947,10.0
198183,1,23,23,0.4782608695652174,12.0
198191,1,9,9,1.0,5.0
198205,1,12,12,0.75,6.5
198222,1,11,11,0.2727272727272727,6.0
198240,1,3,3,0.6666666666666666,2.0
198251,1,42,42,0.8809523809523809,21.5
198263,1,34,34,0.4411764705882353,17.5
198305,1,24,24,0.9583333333333334,12.5
198342,1,4,4,1.0,2.5
198349,1,10,10,0.0,5.5
198354,1,6,6,1.0,3.5
198363,1,18,18,0.6666666666666666,9.5
198396,1,23,23,0.9565217391304348,12.0
198397,1,1,1,0.0,1.0
198405,1,13,13,0.8461538461538461,7.0
198428,1,15,15,0.0,8.0
198434,1,8,8,0.875,4.5
198444,1,2,2,1.0,1.5
198453,1,22,22,0.5,11.5
198454,1,10,10,0.5,5.5
198456,1,12,12,0.75,6.5
198488,1,34,34,0.7941176470588235,17.5
198496,1,2,2,1.0,1.5
198500,1,34,34,0.7941176470588235,17.5
198502,2,3,3,1.0,1.3333333333333333
198536,1,10,10,0.7,5.5
198542,1,16,16,0.6875,8.5
198543,1,18,18,0.8333333333333334,9.5
198555,1,1,1,1.0,1.0
198557,1,29,29,0.20689655172413793,15.0
198559,1,4,4,0.75,2.5
198563,1,21,21,0.7619047619047619,11.0
198567,2,20,18,0.8,5.7
198571,1,9,9,0.7777777777777778,5.0
198584,1,8,8,0.375,4.5
198597,2,23,23,0.4782608695652174,6.782608695652174
198614,1,12,12,0.4166666666666667,6.5
198621,1,4,4,1.0,2.5
198626,1,17,17,1.0,9.0
198690,1,12,12,0.0,6.5
198691,1,13,13,0.5384615384615384,7.0
198708,1,3,3,1.0,2.0
198709,1,7,7,0.42857142857142855,4.0
198729,1,9,9,0.8888888888888888,5.0
198770,1,7,7,0.7142857142857143,4.0
198806,1,6,6,0.0,3.5
198823,1,13,13,0.9230769230769231,7.0
198824,1,4,4,0.5,2.5
198832,1,8,8,0.375,4.5
198839,1,2,2,0.5,1.5
198844,1,14,14,0.2857142857142857,7.5
198846,1,6,6,0.8333333333333334,3.5
198854,1,6,6,0.6666666666666666,3.5
198862,1,13,13,0.46153846153846156,7.0
198873,2,36,36,0.7222222222222222,10.86111111111111
198884,1,6,6,0.8333333333333334,3.5
198885,1,7,7,0.7142857142857143,4.0
198887,1,13,13,0.23076923076923078,7.0
198888,1,36,36,0.5555555555555556,18.5
198896,1,3,3,1.0,2.0
198910,1,4,4,1.0,2.5
198921,1,15,15,0.7333333333333333,8.0
198930,2,15,15,0.2,4.666666666666667
198948,1,8,8,0.25,4.5
199004,1,4,4,0.25,2.5
199005,2,24,24,0.375,7.166666666666667
199027,1,13,13,0.7692307692307693,7.0
199125,1,14,14,0.07142857142857142,7.5
199143,1,19,19,0.21052631578947367,10.0
199149,1,8,8,0.125,4.5
199163,1,12,12,0.9166666666666666,6.5
199182,1,2,2,0.0,1.5
199212,1,9,9,1.0,5.0
199224,1,9,9,0.7777777777777778,5.0
199241,1,3,3,0.0,2.0
199259,1,4,4,0.5,2.5
199275,1,13,13,0.0,7.0
199280,1,4,4,0.5,2.5
199306,1,7,7,0.8571428571428571,4.0
199311,1,25,25,0.44,13.0
199333,1,10,10,0.3,5.5
199349,1,4,4,0.5,2.5
199366,1,2,2,1.0,1.5
199379,1,8,8,0.875,4.5
199382,1,24,24,0.5416666666666666,12.5
199393,1,15,15,0.06666666666666667,8.0
199399,1,20,20,0.2,10.5
199417,1,1,1,0.0,1.0
199432,1,9,9,1.0,5.0
199439,1,15,15,0.3333333333333333,8.0
199454,3,52,52,0.21153846153846154,10.557692307692308
199470,1,6,6,0.3333333333333333,3.5
199491,1,4,4,1.0,2.5
199505,1,22,22,0.2727272727272727,11.5
199519,1,4,4,0.75,2.5
199522,1,11,11,0.7272727272727273,6.0
199528,1,3,3,1.0,2.0
199532,1,3,3,0.6666666666666666,2.0
199539,1,10,10,0.8,5.5
199594,1,8,8,0.375,4.5
199597,2,7,5,0.8571428571428571,2.2857142857142856
199614,1,7,7,0.0,4.0
199625,1,4,4,1.0,2.5
199630,1,2,2,0.5,1.5
199634,1,22,22,1.0,11.5
199659,1,7,7,0.42857142857142855,4.0
199664,1,12,12,0.6666666666666666,6.5
199675,1,4,4,0.75,2.5
199688,2,20,17,0.85,5.55
199690,1,4,4,0.75,2.5
199705,1,4,4,0.25,2.5
199709,1,8,8,0.875,4.5
199714,1,2,2,1.0,1.5
199715,1,6,6,1.0,3.5
199735,1,5,5,0.8,3.0
199752,1,2,2,1.0,1.5
199763,1,22,22,0.9090909090909091,11.5
199780,2,37,37,0.8108108108108109,11.27027027027027
199796,1,17,17,0.8823529411764706,9.0
199800,2,14,14,0.7142857142857143,4.0
199802,1,6,6,1.0,3.5
199803,1,5,5,0.8,3.0
199805,1,7,7,0.42857142857142855,4.0
199808,1,2,2,1.0,1.5
199817,1,12,12,0.75,6.5
199824,1,13,13,0.23076923076923078,7.0
199850,1,2,2,0.5,1.5
199854,1,14,14,0.9285714285714286,7.5
199861,1,2,2,0.5,1.5
199862,1,65,65,0.3076923076923077,33.0
199885,1,6,6,1.0,3.5
199886,1,4,4,0.5,2.5
199892,1,7,7,0.2857142857142857,4.0
199894,1,5,5,0.2,3.0
199895,1,9,9,1.0,5.0
199896,1,1,1,1.0,1.0
199902,1,9,9,0.3333333333333333,5.0
199918,1,5,5,1.0,3.0
199940,1,7,7,0.42857142857142855,4.0
199951,1,3,3,1.0,2.0
199959,1,3,3,1.0,2.0
199963,1,5,5,0.8,3.0
199969,2,7,7,0.14285714285714285,2.2857142857142856
199973,1,7,7,0.42857142857142855,4.0
199989,1,14,14,0.8571428571428571,7.5
199997,1,8,8,0.5,4.5
200002,1,10,10,0.8,5.5
200005,1,1,1,1.0,1.0
200008,1,10,10,0.2,5.5
200013,1,7,7,0.7142857142857143,4.0
200021,2,10,9,0.8,4.6
200034,1,21,21,0.8095238095238095,11.0
200041,1,6,6,0.5,3.5
200062,3,26,26,0.8846153846153846,5.461538461538462
200065,1,12,12,0.4166666666666667,6.5
200105,1,3,3,0.6666666666666666,2.0
200112,2,26,26,0.6153846153846154,7.153846153846154
200118,1,3,3,1.0,2.0
200154,1,23,23,0.6521739130434783,12.0
200156,2,21,21,0.8571428571428571,6.714285714285714
200178,1,16,16,0.4375,8.5
200185,1,9,9,0.4444444444444444,5.0
200193,1,13,13,0.3076923076923077,7.0
200203,1,3,3,0.0,2.0
200222,1,6,6,0.5,3.5
200245,1,14,14,0.8571428571428571,7.5
200246,1,13,13,0.23076923076923078,7.0
200249,1,2,2,0.0,1.5
200277,1,6,6,0.6666666666666666,3.5
200287,1,6,6,0.16666666666666666,3.5
200297,1,6,6,1.0,3.5
200310,1,1,1,0.0,1.0
200316,1,10,10,0.9,5.5
200318,2,26,26,0.07692307692307693,7.038461538461538
200352,1,3,3,0.3333333333333333,2.0
200356,1,3,3,0.6666666666666666,2.0
200367,1,10,10,0.0,5.5
200394,2,15,15,0.26666666666666666,6.266666666666667
200407,1,13,13,1.0,7.0
200408,1,8,8,0.0,4.5
200418,1,6,6,0.5,3.5
200427,1,6,6,1.0,3.5
200429,1,3,3,0.6666666666666666,2.0
200434,1,22,22,0.22727272727272727,11.5
200447,1,9,9,1.0,5.0
200470,1,1,1,1.0,1.0
200502,1,5,5,0.8,3.0
200504,1,6,6,0.5,3.5
200507,1,4,4,0.5,2.5
200509,1,4,4,0.75,2.5
200519,1,3,3,0.6666666666666666,2.0
200531,1,4,4,1.0,2.5
200546,1,8,8,0.0,4.5
200556,1,9,9,0.4444444444444444,5.0
200563,1,10,10,1.0,5.5
200577,1,16,16,1.0,8.5
200619,1,1,1,1.0,1.0
200634,1,2,2,1.0,1.5
200688,1,7,7,0.0,4.0
200701,1,6,6,0.6666666666666666,3.5
200705,1,8,8,0.5,4.5
200727,1,11,11,0.9090909090909091,6.0
200739,1,4,4,0.0,2.5
200747,1,13,13,0.9230769230769231,7.0
200755,1,5,5,0.8,3.0
200790,1,6,6,0.6666666666666666,3.5
200793,1,8,8,0.5,4.5
200800,2,3,3,1.0,1.3333333333333333
200807,1,13,13,0.9230769230769231,7.0
200840,1,3,3,0.0,2.0
200860,1,17,17,0.8235294117647058,9.0
200866,1,7,7,0.42857142857142855,4.0
200898,1,7,7,0.7142857142857143,4.0
200901,1,3,3,0.0,2.0
200904,1,12,12,0.8333333333333334,6.5
200907,1,8,8,0.375,4.5
200922,1,14,14,0.0,7.5
200940,2,26,26,0.7692307692307693,8.884615384615385
200942,1,7,7,0.2857142857142857,4.0
201006,1,12,12,0.5,6.5
201012,1,16,16,0.5625,8.5
201022,1,12,12,0.4166666666666667,6.5
201026,2,9,9,0.7777777777777778,2.7777777777777777
201033,2,19,16,0.631578947368421,6.315789473684211
201034,1,1,1,1.0,1.0
201039,1,8,8,0.25,4.5
201081,1,2,2,1.0,1.5
201085,1,5,5,1.0,3.0
201099,1,1,1,0.0,1.0
201102,1,6,6,0.8333333333333334,3.5
201122,1,8,8,1.0,4.5
201135,2,9,9,0.3333333333333333,2.7777777777777777
201162,1,7,7,0.5714285714285714,4.0
201183,2,7,6,0.7142857142857143,2.5714285714285716
201201,1,4,4,1.0,2.5
201210,1,9,9,1.0,5.0
201221,1,1,1,1.0,1.0
201226,1,3,3,0.6666666666666666,2.0
201229,1,12,12,1.0,6.5
201242,1,3,3,1.0,2.0
201248,1,15,15,1.0,8.0
201274,1,7,7,0.7142857142857143,4.0
201330,1,13,13,0.8461538461538461,7.0
201358,1,8,8,1.0,4.5
201359,1,13,13,0.8461538461538461,7.0
201385,1,6,6,0.6666666666666666,3.5
201412,2,19,19,0.9473684210526315,5.578947368421052
201414,1,14,14,0.21428571428571427,7.5
201430,1,10,10,1.0,5.5
201435,1,5,5,0.4,3.0
201446,2,5,5,0.4,1.8
201453,1,2,2,0.5,1.5
201498,1,2,2,1.0,1.5
201517,1,6,6,0.0,3.5
201528,1,2,2,0.5,1.5
201547,1,6,6,0.0,3.5
201554,1,12,12,0.25,6.5
201561,1,6,6,0.16666666666666666,3.5
201572,1,9,9,0.0,5.0
201587,1,3,3,0.6666666666666666,2.0
201593,1,2,2,1.0,1.5
201612,1,3,3,1.0,2.0
201623,3,71,67,0.9577464788732394,14.929577464788732
201629,2,17,17,0.8235294117647058,5.117647058823529
201639,1,15,15,0.26666666666666666,8.0
201640,1,11,11,0.2727272727272727,6.0
201648,1,5,5,1.0,3.0
201652,1,31,31,0.25806451612903225,16.0
201665,1,5,5,0.0,3.0
201679,1,13,13,0.9230769230769231,7.0
201680,1,13,13,0.3076923076923077,7.0
201684,1,4,4,0.25,2.5
201724,1,8,8,0.75,4.5
201741,1,24,24,1.0,12.5
201744,1,10,10,0.9,5.5
201748,1,10,10,0.0,5.5
201770,1,10,10,0.1,5.5
201779,1,12,12,0.6666666666666666,6.5
201788,1,1,1,1.0,1.0
201799,1,17,17,0.7058823529411765,9.0
201818,1,7,7,0.5714285714285714,4.0
201845,1,11,11,0.36363636363636365,6.0
201850,1,12,12,0.5,6.5
201852,1,2,2,1.0,1.5
201861,1,8,8,0.75,4.5
201869,1,11,11,0.0,6.0
201885,1,11,11,0.0,6.0
201887,1,1,1,1.0,1.0
201891,2,5,5,0.2,1.8
201913,1,29,29,0.7586206896551724,15.0
201918,1,3,3,1.0,2.0
201923,1,5,5,0.2,3.0
201962,1,1,1,1.0,1.0
201966,1,23,23,0.9130434782608695,12.0
201968,1,4,4,0.5,2.5
201980,1,10,10,0.3,5.5
201982,1,13,13,0.38461538461538464,7.0
201988,1,13,13,0.8461538461538461,7.0
202002,1,5,5,1.0,3.0
202035,1,11,11,0.8181818181818182,6.0
202045,1,5,5,0.8,3.0
202059,1,23,23,0.6086956521739131,12.0
202090,1,9,9,0.4444444444444444,5.0
202101,1,13,13,0.46153846153846156,7.0
202108,1,7,7,0.0,4.0
202132,1,4,4,0.0,2.5
202158,1,4,4,0.25,2.5
202159,2,41,40,0.8780487804878049,15.195121951219512
202163,2,5,5,0.8,2.2
202166,1,11,11,0.6363636363636364,6.0
202169,1,7,7,0.7142857142857143,4.0
202209,1,6,6,1.0,3.5
202214,1,15,15,0.7333333333333333,8.0
202217,1,34,34,0.20588235294117646,17.5
202223,1,13,13,1.0,7.0
202229,1,1,1,1.0,1.0
202255,1,5,5,0.6,3.0
202276,1,1,1,0.0,1.0
202279,1,9,9,0.6666666666666666,5.0
202282,1,13,13,0.8461538461538461,7.0
202290,1,4,4,0.75,2.5
202292,1,8,8,1.0,4.5
202293,1,16,16,0.9375,8.5
202303,1,11,11,0.5454545454545454,6.0
202304,2,9,9,0.4444444444444444,3.4444444444444446
202313,1,15,15,0.9333333333333333,8.0
202319,1,1,1,1.0,1.0
202321,1,2,2,1.0,1.5
202322,1,3,3,0.0,2.0
202334,1,4,4,0.0,2.5
202343,1,10,10,0.5,5.5
202347,1,1,1,1.0,1.0
202349,1,7,7,1.0,4.0
202359,1,3,3,1.0,2.0
202364,1,15,15,0.6666666666666666,8.0
202373,1,10,10,0.3,5.5
202392,1,8,8,0.75,4.5
202394,2,6,6,1.0,2.1666666666666665
202432,1,16,16,0.0,8.5
202434,1,7,7,0.5714285714285714,4.0
202447,1,8,8,0.0,4.5
202448,1,5,5,1.0,3.0
202451,1,4,4,0.25,2.5
202464,1,2,2,1.0,1.5
202465,1,5,5,1.0,3.0
202478,1,2,2,1.0,1.5
202496,1,8,8,0.75,4.5
202521,1,6,6,1.0,3.5
202527,1,5,5,0.0,3.0
202530,1,1,1,1.0,1.0
202532,1,11,11,0.18181818181818182,6.0
202555,1,14,14,0.9285714285714286,7.5
202580,1,7,7,0.42857142857142855,4.0
202616,1,5,5,1.0,3.0
202640,1,14,14,0.5,7.5
202641,1,16,16,0.5,8.5
202642,1,12,12,0.0,6.5
202650,1,8,8,0.875,4.5
202657,1,10,10,0.8,5.5
202658,1,6,6,0.3333333333333333,3.5
202663,1,7,7,0.0,4.0
202676,1,12,12,0.8333333333333334,6.5
202689,1,1,1,1.0,1.0
202697,1,1,1,1.0,1.0
202713,2,29,29,0.7586206896551724,7.9655172413793105
202733,1,11,11,0.7272727272727273,6.0
202735,1,8,8,0.5,4.5
202736,1,1,1,1.0,1.0
202741,1,1,1,1.0,1.0
202773,1,8,8,0.0,4.5
202775,1,19,19,0.0,10.0
202779,1,3,3,0.6666666666666666,2.0
202833,1,25,25,0.76,13.0
202867,1,1,1,1.0,1.0
202872,1,17,17,0.4117647058823529,9.0
202885,1,6,6,1.0,3.5
202890,1,6,6,0.5,3.5
202896,1,6,6,0.8333333333333334,3.5
202902,1,16,16,0.375,8.5
202939,1,1,1,1.0,1.0
202947,1,10,10,0.4,5.5
202989,1,5,5,1.0,3.0
203002,1,8,8,0.5,4.5
203019,1,1,1,1.0,1.0
203020,1,6,6,0.5,3.5
203025,1,14,14,0.0,7.5
203031,1,7,7,0.8571428571428571,4.0
203035,1,7,7,0.2857142857142857,4.0
203072,1,10,10,0.7,5.5
203077,1,5,5,0.8,3.0
203083,1,13,13,1.0,7.0
203085,2,17,16,0.9411764705882353,4.764705882352941
203098,1,5,5,0.6,3.0
203115,1,1,1,1.0,1.0
203121,1,6,6,1.0,3.5
203125,1,10,10,0.3,5.5
203126,1,16,16,0.4375,8.5
203143,1,1,1,1.0,1.0
203159,1,12,12,0.5833333333333334,6.5
203166,1,20,20,0.5,10.5
203167,1,21,21,0.19047619047619047,11.0
203173,1,25,25,0.88,13.0
203178,1,15,15,0.4,8.0
203183,1,11,11,0.8181818181818182,6.0
203185,1,9,9,0.4444444444444444,5.0
203186,1,23,23,0.21739130434782608,12.0
203194,2,41,38,0.8292682926829268,11.487804878048781
203195,1,8,8,0.375,4.5
203202,1,9,9,0.0,5.0
203218,1,25,25,0.24,13.0
203241,1,19,19,0.7894736842105263,10.0
203251,2,28,28,0.35714285714285715,7.821428571428571
203256,1,14,14,0.7142857142857143,7.5
203259,1,6,6,0.3333333333333333,3.5
203264,1,14,14,0.14285714285714285,7.5
203266,1,9,9,0.8888888888888888,5.0
203270,1,13,13,0.7692307692307693,7.0
203271,1,3,3,1.0,2.0
203287,1,16,16,0.5,8.5
203300,1,3,3,1.0,2.0
203325,1,11,11,0.8181818181818182,6.0
203326,2,26,17,0.8461538461538461,7.346153846153846
203353,1,6,6,0.3333333333333333,3.5
203356,1,5,5,1.0,3.0
203360,2,6,6,1.0,2.0
203381,1,13,13,0.7692307692307693,7.0
203404,1,16,16,1.0,8.5
203412,1,12,12,0.3333333333333333,6.5
203421,1,23,23,0.6521739130434783,12.0
203443,1,5,5,0.0,3.0
203450,1,8,8,0.75,4.5
203455,1,2,2,1.0,1.5
203463,1,16,16,0.5625,8.5
203473,1,20,20,0.55,10.5
203482,1,28,28,0.6071428571428571,14.5
203490,1,7,7,0.0,4.0
203503,1,9,9,0.8888888888888888,5.0
203512,2,38,31,0.868421052631579,11.68421052631579
203540,1,9,9,0.3333333333333333,5.0
203543,1,20,20,0.75,10.5
203545,1,5,5,0.8,3.0
203552,1,5,5,0.6,3.0
203557,1,29,29,0.4482758620689655,15.0
203575,1,3,3,0.0,2.0
203588,1,4,4,0.75,2.5
203589,1,16,16,0.375,8.5
203595,1,12,12,0.4166666666666667,6.5
203614,1,7,7,0.5714285714285714,4.0
203650,1,15,15,0.9333333333333333,8.0
203656,1,13,13,0.15384615384615385,7.0
203673,2,6,6,1.0,2.0
203687,1,1,1,1.0,1.0
203698,1,8,8,0.5,4.5
203714,1,21,21,0.5714285714285714,11.0
203720,1,15,15,0.3333333333333333,8.0
203734,1,9,9,0.2222222222222222,5.0
203773,1,7,7,0.14285714285714285,4.0
203779,1,6,6,1.0,3.5
203785,1,5,5,0.8,3.0
203787,1,2,2,1.0,1.5
203794,1,7,7,0.0,4.0
203804,1,24,24,0.041666666666666664,12.5
203811,1,2,2,1.0,1.5
203815,1,8,8,0.5,4.5
203838,1,24,24,0.16666666666666666,12.5
203843,1,11,11,0.18181818181818182,6.0
203849,1,2,2,1.0,1.5
203858,1,4,4,1.0,2.5
203868,1,4,4,0.5,2.5
203870,1,10,10,0.5,5.5
203884,1,3,3,1.0,2.0
203896,1,15,15,0.7333333333333333,8.0
203909,1,1,1,1.0,1.0
203911,1,2,2,0.0,1.5
203914,1,6,6,0.6666666666666666,3.5
203919,1,16,16,1.0,8.5
203927,1,21,21,0.9047619047619048,11.0
203931,1,14,14,0.7857142857142857,7.5
203952,2,21,21,0.7142857142857143,6.0476190476190474
203958,1,1,1,1.0,1.0
203969,1,3,3,1.0,2.0
203976,1,4,4,0.0,2.5
203977,1,6,6,0.3333333333333333,3.5
204007,1,21,21,0.8095238095238095,11.0
204012,1,5,5,0.8,3.0
204023,1,11,11,0.36363636363636365,6.0
204039,1,14,14,0.8571428571428571,7.5
204040,1,5,5,0.6,3.0
204048,1,5,5,0.4,3.0
204057,1,13,13,0.46153846153846156,7.0
204063,1,13,13,0.0,7.0
204069,2,27,21,0.9629629629629629,7.703703703703703
204086,2,5,4,0.6,1.8
204099,2,6,6,0.16666666666666666,2.6666666666666665
204108,1,9,9,0.7777777777777778,5.0
204111,1,8,8,0.375,4.5
204112,1,34,34,0.9705882352941176,17.5
204114,1,5,5,0.0,3.0
204142,1,13,13,0.6153846153846154,7.0
204159,1,2,2,1.0,1.5
204184,1,2,2,0.0,1.5
204204,1,10,10,0.0,5.5
204211,1,14,14,0.5714285714285714,7.5
204233,1,8,8,0.875,4.5
204249,1,21,21,0.7142857142857143,11.0
204257,1,15,15,0.0,8.0
204271,1,11,11,0.36363636363636365,6.0
204305,1,7,7,0.5714285714285714,4.0
204312,1,18,18,0.1111111111111111,9.5
204313,1,1,1,0.0,1.0
204314,1,10,10,1.0,5.5
204317,1,3,3,0.0,2.0
204322,1,7,7,0.8571428571428571,4.0
204327,1,16,16,0.4375,8.5
204335,1,20,20,0.3,10.5
204342,1,25,25,0.12,13.0
204345,1,1,1,1.0,1.0
204354,2,24,24,0.8333333333333334,7.541666666666667
204358,1,11,11,0.9090909090909091,6.0
204366,1,4,4,0.75,2.5
204375,1,18,18,0.7777777777777778,9.5
204378,1,4,4,0.75,2.5
204384,1,9,9,0.3333333333333333,5.0
204401,1,11,11,0.6363636363636364,6.0
204446,1,10,10,0.7,5.5
204447,1,14,14,0.2857142857142857,7.5
204457,1,3,3,0.3333333333333333,2.0
204462,1,6,6,0.3333333333333333,3.5
204467,1,2,2,0.0,1.5
204484,2,16,10,0.9375,4.5625
204486,1,6,6,0.6666666666666666,3.5
204495,1,3,3,1.0,2.0
204548,1,31,31,0.5483870967741935,16.0
204555,1,12,12,1.0,6.5
204560,1,4,4,0.75,2.5
204571,1,8,8,0.875,4.5
204584,1,8,8,0.5,4.5
204605,1,15,15,0.8666666666666667,8.0
204612,1,24,24,0.75,12.5
204630,1,9,9,0.4444444444444444,5.0
204633,1,11,11,0.9090909090909091,6.0
204652,1,19,19,0.2631578947368421,10.0
204675,1,11,11,0.8181818181818182,6.0
204681,1,10,10,1.0,5.5
204721,1,16,16,0.125,8.5
204726,1,13,13,0.5384615384615384,7.0
204751,1,8,8,0.125,4.5
204752,1,8,8,0.0,4.5
204778,1,10,10,0.3,5.5
204793,2,10,9,0.6,3.1
204802,1,13,13,0.6153846153846154,7.0
204829,1,16,16,0.0,8.5
204848,1,37,37,0.5945945945945946,19.0
204853,1,17,17,0.29411764705882354,9.0
204854,2,15,13,0.8,4.4
204858,1,21,21,0.5714285714285714,11.0
204863,1,14,14,0.21428571428571427,7.5
204868,1,11,11,0.09090909090909091,6.0
204886,1,4,4,0.0,2.5
204912,1,4,4,0.75,2.5
204919,2,30,27,0.7666666666666667,8.033333333333333
204944,1,7,7,0.7142857142857143,4.0
204962,1,2,2,1.0,1.5
204967,2,5,4,1.0,1.8
204999,1,13,13,0.15384615384615385,7.0
205031,1,5,5,0.0,3.0
205060,1,12,12,0.4166666666666667,6.5
205062,1,2,2,1.0,1.5
205064,1,1,1,1.0,1.0
205084,1,3,3,0.6666666666666666,2.0
205096,1,16,16,0.75,8.5
205097,1,1,1,1.0,1.0
205101,1,15,15,0.0,8.0
205102,1,11,11,0.2727272727272727,6.0
205107,1,12,12,1.0,6.5
205123,1,22,22,0.22727272727272727,11.5
205139,1,11,11,1.0,6.0
205147,1,7,7,1.0,4.0
205151,1,7,7,0.7142857142857143,4.0
205156,1,16,16,0.0,8.5
205173,1,4,4,1.0,2.5
205177,2,22,22,0.6363636363636364,8.227272727272727
205181,1,1,1,0.0,1.0
205200,1,9,9,0.5555555555555556,5.0
205218,1,7,7,0.14285714285714285,4.0
205228,1,3,3,1.0,2.0
205233,1,3,3,0.0,2.0
205237,1,12,12,0.5833333333333334,6.5
205262,1,16,16,0.8125,8.5
205264,1,10,10,0.0,5.5
205267,2,5,5,0.8,1.8
205287,1,12,12,0.8333333333333334,6.5
205321,1,33,33,0.6060606060606061,17.0
205326,1,8,8,1.0,4.5
205369,1,9,9,0.2222222222222222,5.0
205388,2,13,13,0.15384615384615385,3.923076923076923
205398,1,2,2,0.5,1.5
205442,1,21,21,0.38095238095238093,11.0
205454,2,16,15,1.0,4.5625
205459,1,1,1,0.0,1.0
205471,1,13,13,0.7692307692307693,7.0
205517,1,18,18,0.9444444444444444,9.5
205543,1,13,13,0.15384615384615385,7.0
205550,1,11,11,0.0,6.0
205552,1,2,2,0.5,1.5
205557,1,26,26,0.38461538461538464,13.5
205619,1,8,8,0.25,4.5
205647,1,6,6,0.8333333333333334,3.5
205650,1,20,20,0.8,10.5
205684,1,9,9,0.8888888888888888,5.0
205691,1,2,2,1.0,1.5
205695,1,13,13,0.9230769230769231,7.0
205700,1,2,2,1.0,1.5
205709,1,8,8,0.875,4.5
205713,1,12,12,0.3333333333333333,6.5
205729,2,26,26,0.9615384615384616,7.038461538461538
205741,1,18,18,0.0,9.5
205745,1,12,12,0.3333333333333333,6.5
205754,1,37,37,0.8648648648648649,19.0
205761,1,11,11,0.5454545454545454,6.0
205767,1,12,12,0.16666666666666666,6.5
205780,1,8,8,0.75,4.5
205784,2,16,16,0.75,6.0625
205787,2,16,15,1.0,4.5625
205794,1,3,3,1.0,2.0
205801,1,21,21,0.23809523809523808,11.0
205811,1,23,23,0.5217391304347826,12.0
205852,1,10,10,0.5,5.5
205853,1,4,4,0.0,2.5
205878,1,8,8,1.0,4.5
205888,1,5,5,0.8,3.0
205908,1,4,4,1.0,2.5
205943,1,5,5,1.0,3.0
205947,1,15,15,0.0,8.0
205968,1,4,4,1.0,2.5
205970,1,8,8,1.0,4.5
205990,1,5,5,0.8,3.0
206043,2,27,24,0.48148148148148145,7.481481481481482
206045,1,11,11,0.36363636363636365,6.0
206052,1,7,7,0.14285714285714285,4.0
206082,1,20,20,0.6,10.5
206084,1,2,2,0.0,1.5
206104,1,18,18,0.8333333333333334,9.5
206105,2,8,8,1.0,2.625
206158,1,4,4,0.75,2.5
206162,1,8,8,0.875,4.5
206187,1,14,14,0.9285714285714286,7.5
206206,1,4,4,1.0,2.5
206207,1,8,8,0.875,4.5
206208,1,16,16,0.75,8.5
